property_id,rental_address,amenity_type,amenity_name,lat,lon
4002065802,"Bläsiring 10, 4057 Basel",pub,Buvette Dreirosen,47.5694909,7.5863581
4002065802,"Bläsiring 10, 4057 Basel",restaurant,RiiBistro,47.5705632,7.5868666
4002065802,"Bläsiring 10, 4057 Basel",atm,n/a,47.568672,7.5897794
4002065802,"Bläsiring 10, 4057 Basel",bar,Oetlinger-Buvette,47.5670666,7.58652
4002039809,"Erlenmattstr. 75, 4058 Basel",pharmacy,Coop Vitality,47.5697544,7.6036227
4002039809,"Erlenmattstr. 75, 4058 Basel",cafe,Finkmüller Erlenmatt Ost,47.5720995,7.6014317
4002039809,"Erlenmattstr. 75, 4058 Basel",restaurant,SILO soulfood.,47.5720403,7.6020549
4002039809,"Erlenmattstr. 75, 4058 Basel",restaurant,Matt & Elly Brewery & Kitchen,47.56969,7.6034296
4002039809,"Erlenmattstr. 75, 4058 Basel",restaurant,ROBA BUONA,47.5719494,7.6016523
4002080979,"Fahrnstrasse 25, 9402 Mörschwil",parking,n/a,47.4628197,9.4336961
4002077272,"weidstrasse 11, 8620 Wetzikon ZH",parking,n/a,47.3292923,8.7987887
4002058756,"Volkmarstrasse 15, 8006 Zürich",restaurant,Pizzeria Corallo,47.3865398,8.5414596
4002058756,"Volkmarstrasse 15, 8006 Zürich",restaurant,Kreis 6,47.3861132,8.5452851
4002058756,"Volkmarstrasse 15, 8006 Zürich",cafe,Sorell Rex,47.3847859,8.5431484
4002058756,"Volkmarstrasse 15, 8006 Zürich",restaurant,Zam Dapor,47.3857107,8.5420014
4002058756,"Volkmarstrasse 15, 8006 Zürich",school,Stiftung m.a.c. – Sonderpädagogische Schule,47.3854719,8.5419658
4002058756,"Volkmarstrasse 15, 8006 Zürich",school,Schule Talenta Zürich,47.3858578,8.5418353
4002058756,"Volkmarstrasse 15, 8006 Zürich",restaurant,Mesa Madrid,47.3833749,8.5431961
4002053936,"Niklaus Konrad-Strasse 4, 4500 Solothurn",atm,UBS,47.2048431,7.5407604
4002053936,"Niklaus Konrad-Strasse 4, 4500 Solothurn",fast_food,Efem Imbiss & Café,47.2046306,7.5405994
4002053936,"Niklaus Konrad-Strasse 4, 4500 Solothurn",cafe,Vorstadt Bistro,47.2048838,7.5408996
4002053936,"Niklaus Konrad-Strasse 4, 4500 Solothurn",pharmacy,Medbase Apotheke Solothurn,47.2051064,7.5405056
4002053936,"Niklaus Konrad-Strasse 4, 4500 Solothurn",restaurant,Akropolis,47.2048882,7.5389356
4002053936,"Niklaus Konrad-Strasse 4, 4500 Solothurn",fast_food,Solo Imbiss,47.2048779,7.5368448
4002053936,"Niklaus Konrad-Strasse 4, 4500 Solothurn",restaurant,Trattoria Napoli,47.2045375,7.5362046
4002053936,"Niklaus Konrad-Strasse 4, 4500 Solothurn",restaurant,Notausgang,47.2044483,7.5363896
4002053936,"Niklaus Konrad-Strasse 4, 4500 Solothurn",restaurant,Adler,47.2047763,7.5361643
4002053936,"Niklaus Konrad-Strasse 4, 4500 Solothurn",restaurant,Sonne,47.2047854,7.5363896
4002053936,"Niklaus Konrad-Strasse 4, 4500 Solothurn",restaurant,Vini-Al Grappolo,47.2049778,7.5368094
4002053936,"Niklaus Konrad-Strasse 4, 4500 Solothurn",pub,Steinbock,47.2046387,7.5379426
4002053936,"Niklaus Konrad-Strasse 4, 4500 Solothurn",restaurant,Fragale,47.2046861,7.5375537
4002053936,"Niklaus Konrad-Strasse 4, 4500 Solothurn",restaurant,Fu-Lin,47.2037603,7.5390531
4002053936,"Niklaus Konrad-Strasse 4, 4500 Solothurn",fast_food,McDonald's,47.2040461,7.5415408
4002053936,"Niklaus Konrad-Strasse 4, 4500 Solothurn",restaurant,Thai Sunshine,47.2047013,7.5364428
4002053936,"Niklaus Konrad-Strasse 4, 4500 Solothurn",cafe,Steiner,47.2049949,7.5407086
4002053936,"Niklaus Konrad-Strasse 4, 4500 Solothurn",parking,n/a,47.2037855,7.5398567
4002053936,"Niklaus Konrad-Strasse 4, 4500 Solothurn",school,Kaufmännische Berufsschule,47.2049253,7.5382655
4002053936,"Niklaus Konrad-Strasse 4, 4500 Solothurn",fast_food,Tavola Calda,47.2051584,7.5409779
4002053936,"Niklaus Konrad-Strasse 4, 4500 Solothurn",fast_food,Amun Take-Away,47.2049508,7.540494
4002053936,"Niklaus Konrad-Strasse 4, 4500 Solothurn",bar,Hafebar,47.2056468,7.5384611
4002053936,"Niklaus Konrad-Strasse 4, 4500 Solothurn",fast_food,Subway,47.2041251,7.5416014
4002053936,"Niklaus Konrad-Strasse 4, 4500 Solothurn",cafe,McCafé,47.2040292,7.5416204
4002053936,"Niklaus Konrad-Strasse 4, 4500 Solothurn",restaurant,Thung Thong,47.2047057,7.537415
4002053936,"Niklaus Konrad-Strasse 4, 4500 Solothurn",restaurant,così Ristorante & Pizzeria,47.2047969,7.5370633
4002053936,"Niklaus Konrad-Strasse 4, 4500 Solothurn",cafe,Stadtrösterei,47.2049559,7.5414198
4002053936,"Niklaus Konrad-Strasse 4, 4500 Solothurn",atm,n/a,47.2042566,7.5387939
4002053936,"Niklaus Konrad-Strasse 4, 4500 Solothurn",bar,Argileh,47.2046631,7.5376706
4002053936,"Niklaus Konrad-Strasse 4, 4500 Solothurn",atm,n/a,47.2042644,7.5422564
4002053936,"Niklaus Konrad-Strasse 4, 4500 Solothurn",fast_food,n/a,47.2045897,7.541447
4002053936,"Niklaus Konrad-Strasse 4, 4500 Solothurn",bar,Weinstüberl & Weinverkauf,47.2053474,7.5367652
4002053936,"Niklaus Konrad-Strasse 4, 4500 Solothurn",restaurant,Solo Fresh & fast Crispy Chicken,47.2041652,7.5388339
4001668530,"Via Sasso Corbaro 23, 6593 Cadenazzo",pharmacy,Pharmacia Centrale,46.1517314,8.9461626
4001668530,"Via Sasso Corbaro 23, 6593 Cadenazzo",bank,Raiffeisen,46.1518588,8.9452132
4001668530,"Via Sasso Corbaro 23, 6593 Cadenazzo",pub,Leilo Bar,46.1516511,8.9458343
4001668530,"Via Sasso Corbaro 23, 6593 Cadenazzo",restaurant,Pizzeria Bar CLUB,46.1507227,8.9431726
4002053939,"Niklaus Konrad-Strasse 4, 4500 Solothurn",atm,UBS,47.2048431,7.5407604
4002053939,"Niklaus Konrad-Strasse 4, 4500 Solothurn",fast_food,Efem Imbiss & Café,47.2046306,7.5405994
4002053939,"Niklaus Konrad-Strasse 4, 4500 Solothurn",cafe,Vorstadt Bistro,47.2048838,7.5408996
4002053939,"Niklaus Konrad-Strasse 4, 4500 Solothurn",pharmacy,Medbase Apotheke Solothurn,47.2051064,7.5405056
4002053939,"Niklaus Konrad-Strasse 4, 4500 Solothurn",restaurant,Akropolis,47.2048882,7.5389356
4002053939,"Niklaus Konrad-Strasse 4, 4500 Solothurn",fast_food,Solo Imbiss,47.2048779,7.5368448
4002053939,"Niklaus Konrad-Strasse 4, 4500 Solothurn",restaurant,Trattoria Napoli,47.2045375,7.5362046
4002053939,"Niklaus Konrad-Strasse 4, 4500 Solothurn",restaurant,Notausgang,47.2044483,7.5363896
4002053939,"Niklaus Konrad-Strasse 4, 4500 Solothurn",restaurant,Adler,47.2047763,7.5361643
4002053939,"Niklaus Konrad-Strasse 4, 4500 Solothurn",restaurant,Sonne,47.2047854,7.5363896
4002053939,"Niklaus Konrad-Strasse 4, 4500 Solothurn",restaurant,Vini-Al Grappolo,47.2049778,7.5368094
4002053939,"Niklaus Konrad-Strasse 4, 4500 Solothurn",pub,Steinbock,47.2046387,7.5379426
4002053939,"Niklaus Konrad-Strasse 4, 4500 Solothurn",restaurant,Fragale,47.2046861,7.5375537
4002053939,"Niklaus Konrad-Strasse 4, 4500 Solothurn",restaurant,Fu-Lin,47.2037603,7.5390531
4002053939,"Niklaus Konrad-Strasse 4, 4500 Solothurn",fast_food,McDonald's,47.2040461,7.5415408
4002053939,"Niklaus Konrad-Strasse 4, 4500 Solothurn",restaurant,Thai Sunshine,47.2047013,7.5364428
4002053939,"Niklaus Konrad-Strasse 4, 4500 Solothurn",cafe,Steiner,47.2049949,7.5407086
4002053939,"Niklaus Konrad-Strasse 4, 4500 Solothurn",parking,n/a,47.2037855,7.5398567
4002053939,"Niklaus Konrad-Strasse 4, 4500 Solothurn",school,Kaufmännische Berufsschule,47.2049253,7.5382655
4002053939,"Niklaus Konrad-Strasse 4, 4500 Solothurn",fast_food,Tavola Calda,47.2051584,7.5409779
4002053939,"Niklaus Konrad-Strasse 4, 4500 Solothurn",fast_food,Amun Take-Away,47.2049508,7.540494
4002053939,"Niklaus Konrad-Strasse 4, 4500 Solothurn",bar,Hafebar,47.2056468,7.5384611
4002053939,"Niklaus Konrad-Strasse 4, 4500 Solothurn",fast_food,Subway,47.2041251,7.5416014
4002053939,"Niklaus Konrad-Strasse 4, 4500 Solothurn",cafe,McCafé,47.2040292,7.5416204
4002053939,"Niklaus Konrad-Strasse 4, 4500 Solothurn",restaurant,Thung Thong,47.2047057,7.537415
4002053939,"Niklaus Konrad-Strasse 4, 4500 Solothurn",restaurant,così Ristorante & Pizzeria,47.2047969,7.5370633
4002053939,"Niklaus Konrad-Strasse 4, 4500 Solothurn",cafe,Stadtrösterei,47.2049559,7.5414198
4002053939,"Niklaus Konrad-Strasse 4, 4500 Solothurn",atm,n/a,47.2042566,7.5387939
4002053939,"Niklaus Konrad-Strasse 4, 4500 Solothurn",bar,Argileh,47.2046631,7.5376706
4002053939,"Niklaus Konrad-Strasse 4, 4500 Solothurn",atm,n/a,47.2042644,7.5422564
4002053939,"Niklaus Konrad-Strasse 4, 4500 Solothurn",fast_food,n/a,47.2045897,7.541447
4002053939,"Niklaus Konrad-Strasse 4, 4500 Solothurn",bar,Weinstüberl & Weinverkauf,47.2053474,7.5367652
4002053939,"Niklaus Konrad-Strasse 4, 4500 Solothurn",restaurant,Solo Fresh & fast Crispy Chicken,47.2041652,7.5388339
4002039822,"Seeblickstr. 12, 9010 St. Gallen",parking,n/a,47.4395953,9.3809115
4002039822,"Seeblickstr. 12, 9010 St. Gallen",parking,n/a,47.4394536,9.3806368
4002039822,"Seeblickstr. 12, 9010 St. Gallen",parking,n/a,47.439389,9.3805741
4002033013,"Bellerivestrasse 49, 8008 Zürich",parking,Parkhaus Zürichhorn,47.3557489,8.5531163
4002033013,"Bellerivestrasse 49, 8008 Zürich",fast_food,Chinagarten Take Away,47.3545576,8.5519589
4002033013,"Bellerivestrasse 49, 8008 Zürich",atm,Postfinance,47.3577163,8.5540421
4002033013,"Bellerivestrasse 49, 8008 Zürich",pharmacy,TopPharm Apotheke Höschgasse,47.3577116,8.5547536
4002033013,"Bellerivestrasse 49, 8008 Zürich",restaurant,Totò,47.3580896,8.5538491
4002033013,"Bellerivestrasse 49, 8008 Zürich",cafe,Maison 33,47.3572728,8.5526229
4002033013,"Bellerivestrasse 49, 8008 Zürich",restaurant,Weera Pura,47.3571792,8.5531184
4002028634,"Ludwigstr. 5, 9010 St. Gallen",parking,n/a,47.4380156,9.3765338
4002028634,"Ludwigstr. 5, 9010 St. Gallen",parking,n/a,47.4395953,9.3809115
4002028634,"Ludwigstr. 5, 9010 St. Gallen",parking,n/a,47.4394536,9.3806368
4002028634,"Ludwigstr. 5, 9010 St. Gallen",parking,n/a,47.439389,9.3805741
4001979018,"Via Sasso Corbaro 19, 6593 Cadenazzo",pharmacy,Pharmacia Centrale,46.1517314,8.9461626
4001979018,"Via Sasso Corbaro 19, 6593 Cadenazzo",bank,Raiffeisen,46.1518588,8.9452132
4001979018,"Via Sasso Corbaro 19, 6593 Cadenazzo",pub,Leilo Bar,46.1516511,8.9458343
4001979018,"Via Sasso Corbaro 19, 6593 Cadenazzo",restaurant,Pizzeria Bar CLUB,46.1507227,8.9431726
4002064944,"Zentralstrasse 7, 5627 Besenbüren",restaurant,Frohsinn,47.3131055,8.3416721
4002064922,"Zentralstrasse 7, 5627 Besenbüren",restaurant,Frohsinn,47.3131055,8.3416721
4002064878,"Zentralstrasse 7, 5627 Besenbüren",restaurant,Frohsinn,47.3131055,8.3416721
4002062461,"Anna-Heer-Strasse 16, 8057 Zürich",restaurant,Il Postino,47.400103,8.5436425
4002062461,"Anna-Heer-Strasse 16, 8057 Zürich",pharmacy,Hirschwiesen-Apotheke,47.4003419,8.5439647
4002062461,"Anna-Heer-Strasse 16, 8057 Zürich",restaurant,Restaurant Bar Anna,47.3992912,8.5401245
4002062455,"Anna-Heer-Strasse 14, 8057 Zürich",restaurant,Il Postino,47.400103,8.5436425
4002062455,"Anna-Heer-Strasse 14, 8057 Zürich",pharmacy,Hirschwiesen-Apotheke,47.4003419,8.5439647
4002062455,"Anna-Heer-Strasse 14, 8057 Zürich",restaurant,Restaurant Bar Anna,47.3992912,8.5401245
4002053937,"Niklaus Konrad-Strasse 4, 4500 Solothurn",atm,UBS,47.2048431,7.5407604
4002053937,"Niklaus Konrad-Strasse 4, 4500 Solothurn",fast_food,Efem Imbiss & Café,47.2046306,7.5405994
4002053937,"Niklaus Konrad-Strasse 4, 4500 Solothurn",cafe,Vorstadt Bistro,47.2048838,7.5408996
4002053937,"Niklaus Konrad-Strasse 4, 4500 Solothurn",pharmacy,Medbase Apotheke Solothurn,47.2051064,7.5405056
4002053937,"Niklaus Konrad-Strasse 4, 4500 Solothurn",restaurant,Akropolis,47.2048882,7.5389356
4002053937,"Niklaus Konrad-Strasse 4, 4500 Solothurn",fast_food,Solo Imbiss,47.2048779,7.5368448
4002053937,"Niklaus Konrad-Strasse 4, 4500 Solothurn",restaurant,Trattoria Napoli,47.2045375,7.5362046
4002053937,"Niklaus Konrad-Strasse 4, 4500 Solothurn",restaurant,Notausgang,47.2044483,7.5363896
4002053937,"Niklaus Konrad-Strasse 4, 4500 Solothurn",restaurant,Adler,47.2047763,7.5361643
4002053937,"Niklaus Konrad-Strasse 4, 4500 Solothurn",restaurant,Sonne,47.2047854,7.5363896
4002053937,"Niklaus Konrad-Strasse 4, 4500 Solothurn",restaurant,Vini-Al Grappolo,47.2049778,7.5368094
4002053937,"Niklaus Konrad-Strasse 4, 4500 Solothurn",pub,Steinbock,47.2046387,7.5379426
4002053937,"Niklaus Konrad-Strasse 4, 4500 Solothurn",restaurant,Fragale,47.2046861,7.5375537
4002053937,"Niklaus Konrad-Strasse 4, 4500 Solothurn",restaurant,Fu-Lin,47.2037603,7.5390531
4002053937,"Niklaus Konrad-Strasse 4, 4500 Solothurn",fast_food,McDonald's,47.2040461,7.5415408
4002053937,"Niklaus Konrad-Strasse 4, 4500 Solothurn",restaurant,Thai Sunshine,47.2047013,7.5364428
4002053937,"Niklaus Konrad-Strasse 4, 4500 Solothurn",cafe,Steiner,47.2049949,7.5407086
4002053937,"Niklaus Konrad-Strasse 4, 4500 Solothurn",parking,n/a,47.2037855,7.5398567
4002053937,"Niklaus Konrad-Strasse 4, 4500 Solothurn",school,Kaufmännische Berufsschule,47.2049253,7.5382655
4002053937,"Niklaus Konrad-Strasse 4, 4500 Solothurn",fast_food,Tavola Calda,47.2051584,7.5409779
4002053937,"Niklaus Konrad-Strasse 4, 4500 Solothurn",fast_food,Amun Take-Away,47.2049508,7.540494
4002053937,"Niklaus Konrad-Strasse 4, 4500 Solothurn",bar,Hafebar,47.2056468,7.5384611
4002053937,"Niklaus Konrad-Strasse 4, 4500 Solothurn",fast_food,Subway,47.2041251,7.5416014
4002053937,"Niklaus Konrad-Strasse 4, 4500 Solothurn",cafe,McCafé,47.2040292,7.5416204
4002053937,"Niklaus Konrad-Strasse 4, 4500 Solothurn",restaurant,Thung Thong,47.2047057,7.537415
4002053937,"Niklaus Konrad-Strasse 4, 4500 Solothurn",restaurant,così Ristorante & Pizzeria,47.2047969,7.5370633
4002053937,"Niklaus Konrad-Strasse 4, 4500 Solothurn",cafe,Stadtrösterei,47.2049559,7.5414198
4002053937,"Niklaus Konrad-Strasse 4, 4500 Solothurn",atm,n/a,47.2042566,7.5387939
4002053937,"Niklaus Konrad-Strasse 4, 4500 Solothurn",bar,Argileh,47.2046631,7.5376706
4002053937,"Niklaus Konrad-Strasse 4, 4500 Solothurn",atm,n/a,47.2042644,7.5422564
4002053937,"Niklaus Konrad-Strasse 4, 4500 Solothurn",fast_food,n/a,47.2045897,7.541447
4002053937,"Niklaus Konrad-Strasse 4, 4500 Solothurn",bar,Weinstüberl & Weinverkauf,47.2053474,7.5367652
4002053937,"Niklaus Konrad-Strasse 4, 4500 Solothurn",restaurant,Solo Fresh & fast Crispy Chicken,47.2041652,7.5388339
4002038494,"Sägestr. 78, 3098 Köniz",restaurant,Migros Restaurant,46.9235585,7.4144033
4002038494,"Sägestr. 78, 3098 Köniz",pharmacy,Amavita,46.923288,7.4140898
4002038494,"Sägestr. 78, 3098 Köniz",atm,n/a,46.9231844,7.4150791
4002038494,"Sägestr. 78, 3098 Köniz",bank,Berner Kantonalbank,46.9231683,7.4150168
4002038494,"Sägestr. 78, 3098 Köniz",cafe,Bistro Scherz,46.9234687,7.4146314
4002038494,"Sägestr. 78, 3098 Köniz",restaurant,Sternen,46.9226143,7.4142513
4002038494,"Sägestr. 78, 3098 Köniz",library,PTT-Archiv,46.9240144,7.4140105
4002038494,"Sägestr. 78, 3098 Köniz",cafe,Dany’s Bar & Bistro,46.922331,7.4124333
4002038494,"Sägestr. 78, 3098 Köniz",atm,n/a,46.9234902,7.4143417
4002038494,"Sägestr. 78, 3098 Köniz",fast_food,Swiss Güggeli,46.922862,7.4147256
4002038494,"Sägestr. 78, 3098 Köniz",restaurant,Indian Kitchen,46.9215285,7.4122292
4002037903,"Hermann-Lienhardstrasse, 2502 Biel, 2504 Biel",parking,n/a,47.1516192,7.2661794
4002037903,"Hermann-Lienhardstrasse, 2502 Biel, 2504 Biel",atm,BEKB BCBE,47.1524659,7.266587
4002037903,"Hermann-Lienhardstrasse, 2502 Biel, 2504 Biel",restaurant,n/a,47.1526499,7.2671404
4002037903,"Hermann-Lienhardstrasse, 2502 Biel, 2504 Biel",atm,n/a,47.1525492,7.2669467
4002037903,"Hermann-Lienhardstrasse, 2502 Biel, 2504 Biel",pharmacy,Dr. Hysek,47.1525027,7.2669534
4002037903,"Hermann-Lienhardstrasse, 2502 Biel, 2504 Biel",restaurant,zur Brücke,47.1542232,7.2683482
4002037903,"Hermann-Lienhardstrasse, 2502 Biel, 2504 Biel",restaurant,Restaurant Bierhalle,47.1521732,7.2665735
4002037903,"Hermann-Lienhardstrasse, 2502 Biel, 2504 Biel",parking,n/a,47.15187,7.267312
4002037903,"Hermann-Lienhardstrasse, 2502 Biel, 2504 Biel",cafe,Café Timeout,47.1525745,7.2670361
4002026835,"Anna-Heer-Strasse 14, 8057 Zürich",restaurant,Il Postino,47.400103,8.5436425
4002026835,"Anna-Heer-Strasse 14, 8057 Zürich",pharmacy,Hirschwiesen-Apotheke,47.4003419,8.5439647
4002026835,"Anna-Heer-Strasse 14, 8057 Zürich",restaurant,Restaurant Bar Anna,47.3992912,8.5401245
4002026834,"Anna-Heer-Strasse 16, 8057 Zürich",restaurant,Il Postino,47.400103,8.5436425
4002026834,"Anna-Heer-Strasse 16, 8057 Zürich",pharmacy,Hirschwiesen-Apotheke,47.4003419,8.5439647
4002026834,"Anna-Heer-Strasse 16, 8057 Zürich",restaurant,Restaurant Bar Anna,47.3992912,8.5401245
4001923964,"Anna-Heer-Strasse 14, 8057 Zürich",restaurant,Il Postino,47.400103,8.5436425
4001923964,"Anna-Heer-Strasse 14, 8057 Zürich",pharmacy,Hirschwiesen-Apotheke,47.4003419,8.5439647
4001923964,"Anna-Heer-Strasse 14, 8057 Zürich",restaurant,Restaurant Bar Anna,47.3992912,8.5401245
4001516464,"Schwendetalstrasse 13, 9057 Schwende",bank,Appenzeller Kantonalbank,47.3087582,9.4345514
4001516464,"Schwendetalstrasse 13, 9057 Schwende",atm,n/a,47.3088175,9.4345899
4002075486,"Hubenstrasse 19, 8057 Zürich",restaurant,Apollo Taverna,47.4040325,8.5571397
4002070837,"11 rue neuve du Molard, 1204 Genève",fast_food,McDonald's,46.2038651,6.1465341
4002070837,"11 rue neuve du Molard, 1204 Genève",restaurant,rooftop°42,46.2041891,6.1470323
4002070837,"11 rue neuve du Molard, 1204 Genève",restaurant,SMOK'ED,46.2022402,6.1485222
4002070837,"11 rue neuve du Molard, 1204 Genève",restaurant,Le Baroque,46.2040528,6.1476351
4002070837,"11 rue neuve du Molard, 1204 Genève",cafe,Street Gourmet,46.2026118,6.1508541
4002070837,"11 rue neuve du Molard, 1204 Genève",bank,n/a,46.2030959,6.149838
4002070837,"11 rue neuve du Molard, 1204 Genève",parking,Parking du Mont-Blanc,46.204477,6.1504001
4002070837,"11 rue neuve du Molard, 1204 Genève",restaurant,Le Flore,46.2015715,6.1498006
4002070837,"11 rue neuve du Molard, 1204 Genève",restaurant,Le Perron,46.2021786,6.1482005
4002070837,"11 rue neuve du Molard, 1204 Genève",restaurant,Sushi Train,46.203264,6.1498128
4002070837,"11 rue neuve du Molard, 1204 Genève",cafe,Starbucks,46.2028995,6.1497964
4002070837,"11 rue neuve du Molard, 1204 Genève",restaurant,Le Thermomètre,46.2031549,6.1496272
4002070837,"11 rue neuve du Molard, 1204 Genève",restaurant,Spaghetti Factory,46.201446,6.1497645
4002070837,"11 rue neuve du Molard, 1204 Genève",bar,Le Pilier,46.2031496,6.1479418
4002070837,"11 rue neuve du Molard, 1204 Genève",restaurant,L'interdit,46.2026761,6.1473434
4002070837,"11 rue neuve du Molard, 1204 Genève",restaurant,Café du Centre,46.2035138,6.1481189
4002070837,"11 rue neuve du Molard, 1204 Genève",bar,Brasserie du Molard,46.2032374,6.1479971
4002070837,"11 rue neuve du Molard, 1204 Genève",cafe,Nero's,46.2032614,6.147019
4002070837,"11 rue neuve du Molard, 1204 Genève",restaurant,Molino Pizzeria Ristorante,46.2033515,6.1480286
4002070837,"11 rue neuve du Molard, 1204 Genève",restaurant,Thaï,46.203444,6.1484993
4002070837,"11 rue neuve du Molard, 1204 Genève",restaurant,Globus,46.2034135,6.1476746
4002070837,"11 rue neuve du Molard, 1204 Genève",parking,n/a,46.2046409,6.1495433
4002070837,"11 rue neuve du Molard, 1204 Genève",restaurant,Ariston Bar Restaurant,46.2029138,6.1506426
4002070837,"11 rue neuve du Molard, 1204 Genève",cafe,La Bergamote Genève,46.2023363,6.1493127
4002070837,"11 rue neuve du Molard, 1204 Genève",cafe,Le Comptoir Woodward,46.2034133,6.148715
4002070837,"11 rue neuve du Molard, 1204 Genève",fast_food,Döner kebap,46.2023213,6.1509912
4002070837,"11 rue neuve du Molard, 1204 Genève",restaurant,F.P. Journe,46.2035349,6.151009
4002066542,"Kirchgasse 4, 8524 Uesslingen",restaurant,Frohsinn,47.580425,8.8315183
4002065355,"Sonneggstr. 41, 8006 Zürich",restaurant,Ristorante Culmann,47.3794422,8.5470198
4002065355,"Sonneggstr. 41, 8006 Zürich",restaurant,La Fontana,47.3797201,8.5469255
4002065355,"Sonneggstr. 41, 8006 Zürich",restaurant,Luigi,47.3789263,8.5444555
4002065355,"Sonneggstr. 41, 8006 Zürich",restaurant,Bocuci: Bottega & Cucina,47.3791435,8.545208
4002065355,"Sonneggstr. 41, 8006 Zürich",restaurant,Restaurant Haldenbach,47.3799672,8.5469246
4002065355,"Sonneggstr. 41, 8006 Zürich",fast_food,Züri Bistro,47.38053,8.5479785
4002065355,"Sonneggstr. 41, 8006 Zürich",restaurant,Hot Pasta,47.3786854,8.547952
4002065355,"Sonneggstr. 41, 8006 Zürich",pub,The Alehouse Palmhof,47.3790827,8.5478805
4002065355,"Sonneggstr. 41, 8006 Zürich",fast_food,Lemon Grass,47.3796283,8.5479597
4002065355,"Sonneggstr. 41, 8006 Zürich",restaurant,Bamboo Inn,47.3804786,8.5472423
4002065355,"Sonneggstr. 41, 8006 Zürich",cafe,Kleine Freiheit,47.379135,8.5445168
4002065355,"Sonneggstr. 41, 8006 Zürich",library,GESS-Bibliothek,47.3802178,8.5447287
4002065355,"Sonneggstr. 41, 8006 Zürich",restaurant,Bombay Karachi,47.3793233,8.5435476
4002065355,"Sonneggstr. 41, 8006 Zürich",library,Bibliothek Erdwissenschaften,47.3785235,8.5473008
4002065355,"Sonneggstr. 41, 8006 Zürich",cafe,Cafe Takeaway,47.378856,8.5438982
4002065355,"Sonneggstr. 41, 8006 Zürich",restaurant,Didi's Frieden,47.3792128,8.5435914
4002065355,"Sonneggstr. 41, 8006 Zürich",fast_food,Klara's Kitchen,47.3787999,8.5479501
4002065355,"Sonneggstr. 41, 8006 Zürich",restaurant,Kebi,47.378683,8.5437382
4002065355,"Sonneggstr. 41, 8006 Zürich",restaurant,Orient Catering,47.3789518,8.5447211
4002065355,"Sonneggstr. 41, 8006 Zürich",restaurant,Mensa Institut Minerva,47.3819656,8.5455532
4002065355,"Sonneggstr. 41, 8006 Zürich",fast_food,Orient Catering,47.3789144,8.5448353
4002065355,"Sonneggstr. 41, 8006 Zürich",cafe,Natural Bites,47.3803426,8.5478344
4002065355,"Sonneggstr. 41, 8006 Zürich",school,Schule Minerva Zürich,47.3818918,8.5455529
4002065355,"Sonneggstr. 41, 8006 Zürich",fast_food,Tiny Fish,47.3784125,8.5478096
4002065355,"Sonneggstr. 41, 8006 Zürich",restaurant,Orient World,47.3788419,8.545135
4002065355,"Sonneggstr. 41, 8006 Zürich",restaurant,mi-te,47.3791998,8.5479282
4002065355,"Sonneggstr. 41, 8006 Zürich",school,Lernstudio,47.3819111,8.5456909
4002038690,"Centralstrasse 25, 2540 Grenchen",pub,Baracoa,47.1928349,7.3960856
4002038690,"Centralstrasse 25, 2540 Grenchen",pharmacy,n/a,47.1927234,7.3969981
4002038690,"Centralstrasse 25, 2540 Grenchen",restaurant,Metzgerhalle,47.1942997,7.3950991
4002038690,"Centralstrasse 25, 2540 Grenchen",restaurant,Roy,47.1934259,7.3951969
4002038690,"Centralstrasse 25, 2540 Grenchen",restaurant,Bambi,47.1936253,7.3977055
4002038690,"Centralstrasse 25, 2540 Grenchen",restaurant,Grenchnerhof,47.1917024,7.3957622
4002038690,"Centralstrasse 25, 2540 Grenchen",school,Sonderschule,47.1915448,7.3950816
4002038690,"Centralstrasse 25, 2540 Grenchen",restaurant,Chok Dee,47.1925643,7.3954977
4002038690,"Centralstrasse 25, 2540 Grenchen",restaurant,Restaurant Centro Lounge,47.1925659,7.3968083
4002038690,"Centralstrasse 25, 2540 Grenchen",restaurant,Restaurant Antonio Gonzales,47.1935146,7.3963731
4002038690,"Centralstrasse 25, 2540 Grenchen",cafe,Café Märet,47.1931314,7.3964998
4002038690,"Centralstrasse 25, 2540 Grenchen",pub,Britannia Pub,47.1939502,7.3955483
4002021063,"Saumackerstrasse 28, 8048 Zürich",fast_food,Big Baba's,47.3878129,8.4868415
4002021063,"Saumackerstrasse 28, 8048 Zürich",bank,Migros Bank,47.3877156,8.4869909
4002021063,"Saumackerstrasse 28, 8048 Zürich",restaurant,Taj Mahal,47.386998,8.4893909
4002021063,"Saumackerstrasse 28, 8048 Zürich",cafe,bar zueri west,47.3885319,8.4865979
4002021063,"Saumackerstrasse 28, 8048 Zürich",bank,Zürcher Kantonalbank,47.388297,8.4865668
4002021063,"Saumackerstrasse 28, 8048 Zürich",restaurant,Sir Andrew's,47.3871353,8.4884291
4002021063,"Saumackerstrasse 28, 8048 Zürich",restaurant,Musti Grill,47.3874759,8.4881408
4002021063,"Saumackerstrasse 28, 8048 Zürich",restaurant,Molino,47.3887608,8.4870226
4002021063,"Saumackerstrasse 28, 8048 Zürich",restaurant,QIRIN,47.38915,8.4881385
4002021063,"Saumackerstrasse 28, 8048 Zürich",restaurant,Kormasutra Indian Restaurant,47.3891818,8.4865395
4002021063,"Saumackerstrasse 28, 8048 Zürich",restaurant,Samurai VII,47.3870425,8.4890636
4002021063,"Saumackerstrasse 28, 8048 Zürich",parking,Altstetten Neumarkt,47.3891353,8.4874433
4002021063,"Saumackerstrasse 28, 8048 Zürich",parking,Solidapark,47.3877109,8.4889673
4002021063,"Saumackerstrasse 28, 8048 Zürich",restaurant,Migros Restaurant,47.3882191,8.4871306
4002021063,"Saumackerstrasse 28, 8048 Zürich",pharmacy,Neumarkt Apotheke Drogerie,47.388597,8.4874205
4002021063,"Saumackerstrasse 28, 8048 Zürich",fast_food,Kaimug,47.3881041,8.4869078
4002021063,"Saumackerstrasse 28, 8048 Zürich",atm,Migros Bank Bancomat,47.3884817,8.4872408
4002021063,"Saumackerstrasse 28, 8048 Zürich",restaurant,Suan Long,47.389644,8.4865708
4002021063,"Saumackerstrasse 28, 8048 Zürich",fast_food,Momomo,47.3888769,8.4887759
4002021063,"Saumackerstrasse 28, 8048 Zürich",restaurant,Rashim's Kitchen,47.3872533,8.4876631
4002021063,"Saumackerstrasse 28, 8048 Zürich",cafe,Kesslers Club Social,47.3895438,8.4869308
4002021063,"Saumackerstrasse 28, 8048 Zürich",restaurant,Ristorante Passione Italiana,47.3872401,8.4877586
4002021063,"Saumackerstrasse 28, 8048 Zürich",atm,TiBc Crypto ATM,47.3871105,8.4886765
4002007176,"Seestrasse 623, 8706 Meilen",restaurant,Thai Orchid,47.2678861,8.6450038
4002007176,"Seestrasse 623, 8706 Meilen",parking,n/a,47.2681716,8.645171
4002007176,"Seestrasse 623, 8706 Meilen",restaurant,Migros Restaurant,47.2681481,8.6453203
4002007176,"Seestrasse 623, 8706 Meilen",bank,Zürcher Kantonalbank,47.268805,8.6437823
4002007176,"Seestrasse 623, 8706 Meilen",school,Tagesschule Fähre,47.268002,8.6436972
4002002381,"Föhrlibuckstrasse 7, 8304 Wallisellen",fast_food,Dieci Pizzakurier,47.4091518,8.6004746
4001983883,"Sonneggstr. 41, 8006 Zürich",restaurant,Ristorante Culmann,47.3794422,8.5470198
4001983883,"Sonneggstr. 41, 8006 Zürich",restaurant,La Fontana,47.3797201,8.5469255
4001983883,"Sonneggstr. 41, 8006 Zürich",restaurant,Luigi,47.3789263,8.5444555
4001983883,"Sonneggstr. 41, 8006 Zürich",restaurant,Bocuci: Bottega & Cucina,47.3791435,8.545208
4001983883,"Sonneggstr. 41, 8006 Zürich",restaurant,Restaurant Haldenbach,47.3799672,8.5469246
4001983883,"Sonneggstr. 41, 8006 Zürich",fast_food,Züri Bistro,47.38053,8.5479785
4001983883,"Sonneggstr. 41, 8006 Zürich",restaurant,Hot Pasta,47.3786854,8.547952
4001983883,"Sonneggstr. 41, 8006 Zürich",pub,The Alehouse Palmhof,47.3790827,8.5478805
4001983883,"Sonneggstr. 41, 8006 Zürich",fast_food,Lemon Grass,47.3796283,8.5479597
4001983883,"Sonneggstr. 41, 8006 Zürich",restaurant,Bamboo Inn,47.3804786,8.5472423
4001983883,"Sonneggstr. 41, 8006 Zürich",cafe,Kleine Freiheit,47.379135,8.5445168
4001983883,"Sonneggstr. 41, 8006 Zürich",library,GESS-Bibliothek,47.3802178,8.5447287
4001983883,"Sonneggstr. 41, 8006 Zürich",restaurant,Bombay Karachi,47.3793233,8.5435476
4001983883,"Sonneggstr. 41, 8006 Zürich",library,Bibliothek Erdwissenschaften,47.3785235,8.5473008
4001983883,"Sonneggstr. 41, 8006 Zürich",cafe,Cafe Takeaway,47.378856,8.5438982
4001983883,"Sonneggstr. 41, 8006 Zürich",restaurant,Didi's Frieden,47.3792128,8.5435914
4001983883,"Sonneggstr. 41, 8006 Zürich",fast_food,Klara's Kitchen,47.3787999,8.5479501
4001983883,"Sonneggstr. 41, 8006 Zürich",restaurant,Kebi,47.378683,8.5437382
4001983883,"Sonneggstr. 41, 8006 Zürich",restaurant,Orient Catering,47.3789518,8.5447211
4001983883,"Sonneggstr. 41, 8006 Zürich",restaurant,Mensa Institut Minerva,47.3819656,8.5455532
4001983883,"Sonneggstr. 41, 8006 Zürich",fast_food,Orient Catering,47.3789144,8.5448353
4001983883,"Sonneggstr. 41, 8006 Zürich",cafe,Natural Bites,47.3803426,8.5478344
4001983883,"Sonneggstr. 41, 8006 Zürich",school,Schule Minerva Zürich,47.3818918,8.5455529
4001983883,"Sonneggstr. 41, 8006 Zürich",fast_food,Tiny Fish,47.3784125,8.5478096
4001983883,"Sonneggstr. 41, 8006 Zürich",restaurant,Orient World,47.3788419,8.545135
4001983883,"Sonneggstr. 41, 8006 Zürich",restaurant,mi-te,47.3791998,8.5479282
4001983883,"Sonneggstr. 41, 8006 Zürich",school,Lernstudio,47.3819111,8.5456909
4001972093,"Hauptstrasse 24, 8114 Dänikon ZH",atm,n/a,47.4457406,8.4058228
4001972093,"Hauptstrasse 24, 8114 Dänikon ZH",restaurant,Frohsinn,47.4456624,8.4048565
4001964230,"Siewerdtstrasse 75, 8050 Zürich",parking,KEBO,47.4120809,8.5556159
4001964230,"Siewerdtstrasse 75, 8050 Zürich",atm,Bancomat ZKB,47.4110398,8.5531737
4001964230,"Siewerdtstrasse 75, 8050 Zürich",restaurant,Restaurant Stadiönli,47.4120998,8.5550208
4001963201,"Passage Perdonnet 1, 1005 Lausanne",restaurant,Le Java,46.5205713,6.6385134
4001963201,"Passage Perdonnet 1, 1005 Lausanne",fast_food,Nihao,46.5212049,6.6399286
4001963201,"Passage Perdonnet 1, 1005 Lausanne",bar,Les Boucaniers,46.5195172,6.6382225
4001963201,"Passage Perdonnet 1, 1005 Lausanne",bar,Pin-Up Bar,46.5213528,6.6399007
4001963201,"Passage Perdonnet 1, 1005 Lausanne",fast_food,Mauro Traiteur,46.521073,6.6390236
4001963201,"Passage Perdonnet 1, 1005 Lausanne",restaurant,Lucha Libre,46.521409,6.6401097
4001963201,"Passage Perdonnet 1, 1005 Lausanne",restaurant,Sopoong,46.5211441,6.6386319
4001963201,"Passage Perdonnet 1, 1005 Lausanne",restaurant,Thai Duo Sushi,46.5223975,6.6413035
4001963201,"Passage Perdonnet 1, 1005 Lausanne",school,Gymnase cantonal du Bugnon,46.5224231,6.6401763
4001963201,"Passage Perdonnet 1, 1005 Lausanne",restaurant,Aki,46.5213278,6.6396421
4001963201,"Passage Perdonnet 1, 1005 Lausanne",fast_food,Marterey 56 Cuisine Vapeur,46.5211787,6.6396952
4001963201,"Passage Perdonnet 1, 1005 Lausanne",fast_food,NonSolo,46.5196937,6.6381476
4001963201,"Passage Perdonnet 1, 1005 Lausanne",library,Bibliomedia,46.5219004,6.6394799
4001963201,"Passage Perdonnet 1, 1005 Lausanne",restaurant,LongHorn Steakhouse,46.519648,6.6379745
4001963201,"Passage Perdonnet 1, 1005 Lausanne",cafe,ChuChu Bubblea Tea Taiwan,46.5213012,6.641581
4001963201,"Passage Perdonnet 1, 1005 Lausanne",bar,Vintage Wine Bar,46.5201661,6.6382079
4001963201,"Passage Perdonnet 1, 1005 Lausanne",fast_food,Babouchka,46.5213633,6.6399766
4001963201,"Passage Perdonnet 1, 1005 Lausanne",restaurant,Belga,46.5215345,6.6400779
4001963201,"Passage Perdonnet 1, 1005 Lausanne",restaurant,Doki Doki,46.5200064,6.6401877
4001963201,"Passage Perdonnet 1, 1005 Lausanne",restaurant,Cut Pizza,46.5205523,6.6400467
4001963201,"Passage Perdonnet 1, 1005 Lausanne",cafe,Acarré,46.5207265,6.6388172
4001963201,"Passage Perdonnet 1, 1005 Lausanne",restaurant,Maza,46.5213557,6.6398106
4001961027,"Rotwandstrasse 66, 8004 Zürich",atm,Postfinance,47.3765515,8.5273634
4001961027,"Rotwandstrasse 66, 8004 Zürich",restaurant,Fribourger Stübli,47.375039,8.5281814
4001961027,"Rotwandstrasse 66, 8004 Zürich",restaurant,Ristorante Italia,47.3763729,8.5292946
4001961027,"Rotwandstrasse 66, 8004 Zürich",restaurant,The Bite,47.3773121,8.5277904
4001961027,"Rotwandstrasse 66, 8004 Zürich",restaurant,Volkshaus,47.3755766,8.5271252
4001961027,"Rotwandstrasse 66, 8004 Zürich",restaurant,Bossa Nova,47.3770748,8.5274942
4001961027,"Rotwandstrasse 66, 8004 Zürich",bar,raedli,47.3772164,8.5276576
4001961027,"Rotwandstrasse 66, 8004 Zürich",fast_food,Biergarten,47.3769346,8.5272308
4001961027,"Rotwandstrasse 66, 8004 Zürich",cafe,Kiosk Semal,47.376537,8.5282242
4001961027,"Rotwandstrasse 66, 8004 Zürich",bar,Egoist Cabaret Nightclub,47.3764297,8.5280245
4001961027,"Rotwandstrasse 66, 8004 Zürich",restaurant,Brasserie Café de Paris,47.376328,8.527878
4001961027,"Rotwandstrasse 66, 8004 Zürich",restaurant,Ach'i,47.3770439,8.5287783
4001961027,"Rotwandstrasse 66, 8004 Zürich",restaurant,Thai-Food-Corner,47.3769262,8.5284802
4001961027,"Rotwandstrasse 66, 8004 Zürich",bar,Norden,47.3767507,8.5284977
4001961027,"Rotwandstrasse 66, 8004 Zürich",restaurant,Trübli Bar,47.3765636,8.5290029
4001961027,"Rotwandstrasse 66, 8004 Zürich",bar,Red Light,47.3774727,8.5273976
4001961027,"Rotwandstrasse 66, 8004 Zürich",bar,Monroe,47.3774661,8.5279076
4001961027,"Rotwandstrasse 66, 8004 Zürich",restaurant,Don Leone,47.3746589,8.5290969
4001961027,"Rotwandstrasse 66, 8004 Zürich",restaurant,Convivio,47.3757244,8.5292515
4001961027,"Rotwandstrasse 66, 8004 Zürich",restaurant,Accademia del Gusto,47.375334,8.5286575
4001961027,"Rotwandstrasse 66, 8004 Zürich",bar,E.X. 4,47.3757372,8.5288666
4001961027,"Rotwandstrasse 66, 8004 Zürich",restaurant,Ikoo,47.3748928,8.5287964
4001961027,"Rotwandstrasse 66, 8004 Zürich",restaurant,D'Aurora,47.3751694,8.528416
4001961027,"Rotwandstrasse 66, 8004 Zürich",bar,Daniel H.,47.3754267,8.5293032
4001961027,"Rotwandstrasse 66, 8004 Zürich",restaurant,Osteria Santo Bevitore,47.3754803,8.5284806
4001961027,"Rotwandstrasse 66, 8004 Zürich",bar,Vasco's Bar,47.3744297,8.5298014
4001961027,"Rotwandstrasse 66, 8004 Zürich",restaurant,Meat Me,47.3742016,8.5307896
4001961027,"Rotwandstrasse 66, 8004 Zürich",bar,Sherif's Bar,47.3742758,8.5299844
4001961027,"Rotwandstrasse 66, 8004 Zürich",restaurant,Sweet Basil,47.3743454,8.5295536
4001961027,"Rotwandstrasse 66, 8004 Zürich",restaurant,Real,47.3743453,8.5306087
4001961027,"Rotwandstrasse 66, 8004 Zürich",restaurant,Akaraka,47.3746892,8.5294759
4001961027,"Rotwandstrasse 66, 8004 Zürich",restaurant,Bunzai,47.3746427,8.5302421
4001961027,"Rotwandstrasse 66, 8004 Zürich",bar,After Dark,47.3765798,8.5281669
4001961027,"Rotwandstrasse 66, 8004 Zürich",bar,Kanonaegass,47.3772915,8.5291113
4001961027,"Rotwandstrasse 66, 8004 Zürich",bar,Art 4 Bar,47.3774238,8.5292763
4001961027,"Rotwandstrasse 66, 8004 Zürich",bar,Love Story,47.3764724,8.5284217
4001961027,"Rotwandstrasse 66, 8004 Zürich",restaurant,The Sacred,47.3760618,8.5288696
4001961027,"Rotwandstrasse 66, 8004 Zürich",restaurant,Neela,47.3779493,8.5298119
4001961027,"Rotwandstrasse 66, 8004 Zürich",restaurant,Hongxi,47.3777904,8.5296685
4001961027,"Rotwandstrasse 66, 8004 Zürich",bar,Don Miguel,47.3761788,8.5286665
4001961027,"Rotwandstrasse 66, 8004 Zürich",cafe,Summergarte im Zeughausareal,47.3772237,8.5305291
4001961027,"Rotwandstrasse 66, 8004 Zürich",restaurant,Tabula Rasa,47.377911,8.5294772
4001961027,"Rotwandstrasse 66, 8004 Zürich",restaurant,Zeughaushof,47.3778272,8.5304532
4001961027,"Rotwandstrasse 66, 8004 Zürich",restaurant,Ah-Hua,47.3760904,8.5278522
4001961027,"Rotwandstrasse 66, 8004 Zürich",bar,The Mixt,47.3755383,8.529159
4001961027,"Rotwandstrasse 66, 8004 Zürich",restaurant,Don Leone,47.3749163,8.5291408
4001961027,"Rotwandstrasse 66, 8004 Zürich",restaurant,Centro,47.3760181,8.5277705
4001961027,"Rotwandstrasse 66, 8004 Zürich",fast_food,Bilo Bistro,47.3764202,8.5283268
4001961027,"Rotwandstrasse 66, 8004 Zürich",restaurant,Bund 39,47.3749607,8.5287161
4001961027,"Rotwandstrasse 66, 8004 Zürich",restaurant,Veganitas,47.3775824,8.5276791
4001961027,"Rotwandstrasse 66, 8004 Zürich",bar,Barizzi,47.3776951,8.5274497
4001961027,"Rotwandstrasse 66, 8004 Zürich",restaurant,Cima Curry,47.3776729,8.5295685
4001961027,"Rotwandstrasse 66, 8004 Zürich",restaurant,Pho Mai,47.3755405,8.528631
4001961027,"Rotwandstrasse 66, 8004 Zürich",bar,Milieu,47.3776185,8.5275974
4001961027,"Rotwandstrasse 66, 8004 Zürich",bar,Glamour Bar,47.3758798,8.5294424
4001961027,"Rotwandstrasse 66, 8004 Zürich",clinic,Ambulatorium Kanonengasse,47.3775007,8.5296854
4001961027,"Rotwandstrasse 66, 8004 Zürich",clinic,Ambulatorium Kanonengasse,47.3776645,8.5299678
4001961027,"Rotwandstrasse 66, 8004 Zürich",restaurant,The Yard,47.3759287,8.5276269
4001961027,"Rotwandstrasse 66, 8004 Zürich",restaurant,Tsukada Gaijin Izakaya,47.3778441,8.5295709
4001961027,"Rotwandstrasse 66, 8004 Zürich",bar,Campo,47.3762866,8.5270834
4001961027,"Rotwandstrasse 66, 8004 Zürich",fast_food,Zürich Fried Chicken,47.3751013,8.5285248
4001961027,"Rotwandstrasse 66, 8004 Zürich",bar,Carol,47.3778553,8.5284761
4001961027,"Rotwandstrasse 66, 8004 Zürich",fast_food,Huncho,47.3771779,8.5290073
4001961027,"Rotwandstrasse 66, 8004 Zürich",bar,Rasputin,47.3768356,8.5274675
4001961027,"Rotwandstrasse 66, 8004 Zürich",atm,n/a,47.3769288,8.5273742
4001961027,"Rotwandstrasse 66, 8004 Zürich",cafe,kafi babar,47.3744709,8.5297287
4001961027,"Rotwandstrasse 66, 8004 Zürich",restaurant,Ristorante Italia,47.3764793,8.5291319
4001869489,"Hinterbergstrasse 106, 8044 Zürich",parking,n/a,47.3843575,8.5599678
4001765417,"Spindelstrasse 9, 8041 Zürich",cafe,Ristorante La Filanda,47.3390452,8.5200657
4001765417,"Spindelstrasse 9, 8041 Zürich",cafe,Olive,47.3389108,8.5193151
4001731221,"Kreuzstrasse 3a, 3052 Zollikofen",bar,Cheers Bar,46.9974435,7.4593118
4001731221,"Kreuzstrasse 3a, 3052 Zollikofen",parking,n/a,46.997448,7.4601873
4001731221,"Kreuzstrasse 3a, 3052 Zollikofen",fast_food,Hady,46.9970204,7.4593924
4001731221,"Kreuzstrasse 3a, 3052 Zollikofen",bank,Berner Kantonalbank,46.9967242,7.4586281
4001731221,"Kreuzstrasse 3a, 3052 Zollikofen",parking,n/a,46.9970623,7.4634751
4001731221,"Kreuzstrasse 3a, 3052 Zollikofen",restaurant,Coop Restaurant,46.9971443,7.4588701
4001731221,"Kreuzstrasse 3a, 3052 Zollikofen",restaurant,Grill...and more,46.9956312,7.4631561
4001731221,"Kreuzstrasse 3a, 3052 Zollikofen",pharmacy,Kreuz Apotheke,46.9973059,7.4597159
4001731221,"Kreuzstrasse 3a, 3052 Zollikofen",parking,n/a,46.9973807,7.4584755
4001731221,"Kreuzstrasse 3a, 3052 Zollikofen",atm,Valiant,46.9961336,7.4583599
4001731221,"Kreuzstrasse 3a, 3052 Zollikofen",restaurant,Casa Lana,46.9983987,7.4600934
4001731221,"Kreuzstrasse 3a, 3052 Zollikofen",restaurant,La Rocca,46.9974833,7.4593784
4001731221,"Kreuzstrasse 3a, 3052 Zollikofen",parking,Zentrum Zollikofen,46.9980739,7.4596095
4001731198,"Kreuzstrasse 5, 3052 Zollikofen",bar,Cheers Bar,46.9974435,7.4593118
4001731198,"Kreuzstrasse 5, 3052 Zollikofen",parking,n/a,46.997448,7.4601873
4001731198,"Kreuzstrasse 5, 3052 Zollikofen",fast_food,Hady,46.9970204,7.4593924
4001731198,"Kreuzstrasse 5, 3052 Zollikofen",restaurant,Coop Restaurant,46.9971443,7.4588701
4001731198,"Kreuzstrasse 5, 3052 Zollikofen",library,Gemeindebibliothek Zollikofen,46.9984116,7.459504
4001731198,"Kreuzstrasse 5, 3052 Zollikofen",pharmacy,Kreuz Apotheke,46.9973059,7.4597159
4001731198,"Kreuzstrasse 5, 3052 Zollikofen",restaurant,Casa Lana,46.9983987,7.4600934
4001731198,"Kreuzstrasse 5, 3052 Zollikofen",restaurant,La Rocca,46.9974833,7.4593784
4001731198,"Kreuzstrasse 5, 3052 Zollikofen",parking,Zentrum Zollikofen,46.9980739,7.4596095
4001671881,"Grabenweg 15, 8484 Weisslingen",parking,n/a,47.4264076,8.7698392
4001671881,"Grabenweg 15, 8484 Weisslingen",parking,n/a,47.4271339,8.7706964
4001671881,"Grabenweg 15, 8484 Weisslingen",parking,n/a,47.4275384,8.7692151
4001213834,"Asylstrasse 14, 8953 Dietikon",parking,n/a,47.4036522,8.4059154
4001213834,"Asylstrasse 14, 8953 Dietikon",bank,Raiffeisen,47.402892,8.4049258
4002080956,"Nauengasse 14, 8427 Rorbas",parking,n/a,47.5332324,8.5777617
4002080956,"Nauengasse 14, 8427 Rorbas",parking,n/a,47.5333055,8.5760019
4002076708,6353 Weggis,school,n/a,47.0328872,8.4349023
4002076708,6353 Weggis,library,Gemeindebibliothek Weggis,47.0324537,8.4349346
4002076708,6353 Weggis,restaurant,Restaurant Oliv,47.0319747,8.4337372
4002076708,6353 Weggis,fast_food,Mameli's,47.031981,8.4318405
4002076708,6353 Weggis,bar,Liquid Soul,47.0320102,8.432855
4002065576,"Käsereistrasse 2 / 4 / 6, 8919 Rottenschwil",school,Schule Rottenschwil,47.3142538,8.3625271
4002059679,"Rue des Epinettes, 1227 Carouge",bar,Bar à Thym,46.1882725,6.13706
4002059679,"Rue des Epinettes, 1227 Carouge",school,École de Montfalcon,46.1867096,6.1378889
4002059679,"Rue des Epinettes, 1227 Carouge",pharmacy,Pharmacie Populaire Epinettes,46.1888413,6.1367879
4002059679,"Rue des Epinettes, 1227 Carouge",restaurant,Bang Yai,46.18982,6.1366939
4002059679,"Rue des Epinettes, 1227 Carouge",fast_food,Domino's,46.1881113,6.1385525
4002059679,"Rue des Epinettes, 1227 Carouge",cafe,Pirojki,46.1878072,6.1370935
4002059679,"Rue des Epinettes, 1227 Carouge",restaurant,Maison L'Orélic,46.189575,6.1349649
4002059679,"Rue des Epinettes, 1227 Carouge",restaurant,Mama cantina,46.1896485,6.1349093
4002059679,"Rue des Epinettes, 1227 Carouge",restaurant,La Ruota,46.1895303,6.1345911
4002059679,"Rue des Epinettes, 1227 Carouge",restaurant,La maison rouge,46.188979,6.1349597
4002059679,"Rue des Epinettes, 1227 Carouge",restaurant,L'Appart,46.1899479,6.1370361
4002059679,"Rue des Epinettes, 1227 Carouge",cafe,L'Echoppe d'Awen,46.1900197,6.135687
4002049676,"Böndlerstrasse 54, 8802 Kilchberg ZH",parking,n/a,47.3169269,8.5482716
4002045481,"Grossfeldstrasse 7, 6010 Kriens",parking,n/a,47.0336529,8.2817633
4002045481,"Grossfeldstrasse 7, 6010 Kriens",library,Stadtbibliothek Kriens,47.033292,8.28231
4002045481,"Grossfeldstrasse 7, 6010 Kriens",restaurant,Restaurant Hofmatt,47.0333679,8.2827101
4002045481,"Grossfeldstrasse 7, 6010 Kriens",pharmacy,Medicus Apotheke,47.0336217,8.282681
4002045481,"Grossfeldstrasse 7, 6010 Kriens",bar,Barock Bar,47.0341413,8.2843703
4002045481,"Grossfeldstrasse 7, 6010 Kriens",restaurant,Al Forno,47.0343357,8.2842354
4002045481,"Grossfeldstrasse 7, 6010 Kriens",restaurant,Migros Restaurant,47.033903,8.2829323
4002028503,"Gmeindrütistrasse 11, 8630 Rüti ZH",parking,n/a,47.2606154,8.8659285
4002028503,"Gmeindrütistrasse 11, 8630 Rüti ZH",restaurant,Taverne Laufenbach,47.2620298,8.865904
4001983884,"Sonneggstr. 41, 8006 Zürich",restaurant,Ristorante Culmann,47.3794422,8.5470198
4001983884,"Sonneggstr. 41, 8006 Zürich",restaurant,La Fontana,47.3797201,8.5469255
4001983884,"Sonneggstr. 41, 8006 Zürich",restaurant,Luigi,47.3789263,8.5444555
4001983884,"Sonneggstr. 41, 8006 Zürich",restaurant,Bocuci: Bottega & Cucina,47.3791435,8.545208
4001983884,"Sonneggstr. 41, 8006 Zürich",restaurant,Restaurant Haldenbach,47.3799672,8.5469246
4001983884,"Sonneggstr. 41, 8006 Zürich",fast_food,Züri Bistro,47.38053,8.5479785
4001983884,"Sonneggstr. 41, 8006 Zürich",restaurant,Hot Pasta,47.3786854,8.547952
4001983884,"Sonneggstr. 41, 8006 Zürich",pub,The Alehouse Palmhof,47.3790827,8.5478805
4001983884,"Sonneggstr. 41, 8006 Zürich",fast_food,Lemon Grass,47.3796283,8.5479597
4001983884,"Sonneggstr. 41, 8006 Zürich",restaurant,Bamboo Inn,47.3804786,8.5472423
4001983884,"Sonneggstr. 41, 8006 Zürich",cafe,Kleine Freiheit,47.379135,8.5445168
4001983884,"Sonneggstr. 41, 8006 Zürich",library,GESS-Bibliothek,47.3802178,8.5447287
4001983884,"Sonneggstr. 41, 8006 Zürich",restaurant,Bombay Karachi,47.3793233,8.5435476
4001983884,"Sonneggstr. 41, 8006 Zürich",library,Bibliothek Erdwissenschaften,47.3785235,8.5473008
4001983884,"Sonneggstr. 41, 8006 Zürich",cafe,Cafe Takeaway,47.378856,8.5438982
4001983884,"Sonneggstr. 41, 8006 Zürich",restaurant,Didi's Frieden,47.3792128,8.5435914
4001983884,"Sonneggstr. 41, 8006 Zürich",fast_food,Klara's Kitchen,47.3787999,8.5479501
4001983884,"Sonneggstr. 41, 8006 Zürich",restaurant,Kebi,47.378683,8.5437382
4001983884,"Sonneggstr. 41, 8006 Zürich",restaurant,Orient Catering,47.3789518,8.5447211
4001983884,"Sonneggstr. 41, 8006 Zürich",restaurant,Mensa Institut Minerva,47.3819656,8.5455532
4001983884,"Sonneggstr. 41, 8006 Zürich",fast_food,Orient Catering,47.3789144,8.5448353
4001983884,"Sonneggstr. 41, 8006 Zürich",cafe,Natural Bites,47.3803426,8.5478344
4001983884,"Sonneggstr. 41, 8006 Zürich",school,Schule Minerva Zürich,47.3818918,8.5455529
4001983884,"Sonneggstr. 41, 8006 Zürich",fast_food,Tiny Fish,47.3784125,8.5478096
4001983884,"Sonneggstr. 41, 8006 Zürich",restaurant,Orient World,47.3788419,8.545135
4001983884,"Sonneggstr. 41, 8006 Zürich",restaurant,mi-te,47.3791998,8.5479282
4001983884,"Sonneggstr. 41, 8006 Zürich",school,Lernstudio,47.3819111,8.5456909
4001979979,"Weiherweg 38, 4054 Basel",restaurant,Schützenhaus,47.5537008,7.5774585
4001979979,"Weiherweg 38, 4054 Basel",restaurant,Marmaris,47.5562558,7.5752419
4001979979,"Weiherweg 38, 4054 Basel",pharmacy,Schützenmatt Apotheke,47.554322,7.576056
4001979979,"Weiherweg 38, 4054 Basel",restaurant,Royal Palace,47.5541247,7.576166
4001979979,"Weiherweg 38, 4054 Basel",restaurant,Bayleaf Gourmet Indian Restaurant,47.5541429,7.5767109
4001979979,"Weiherweg 38, 4054 Basel",fast_food,Dieci Pizzakurier,47.5540677,7.5767785
4001979979,"Weiherweg 38, 4054 Basel",restaurant,Bistrot Crescenda,47.5525464,7.576938
4001979979,"Weiherweg 38, 4054 Basel",restaurant,Rossini,47.5555234,7.5754589
4001979979,"Weiherweg 38, 4054 Basel",pharmacy,Rosen-Apotheke & Drogerie,47.5557391,7.5747211
4001979979,"Weiherweg 38, 4054 Basel",restaurant,Restaurant La Gondola,47.5560239,7.575814
4001979979,"Weiherweg 38, 4054 Basel",restaurant,L’étang,47.5537552,7.575558
4001979979,"Weiherweg 38, 4054 Basel",restaurant,Yu-Lin Qin,47.554266,7.5736798
4001979979,"Weiherweg 38, 4054 Basel",fast_food,Punjabi Shop,47.5557962,7.5759312
4001950379,"Rotwandstrasse 66, 8004 Zürich",atm,Postfinance,47.3765515,8.5273634
4001950379,"Rotwandstrasse 66, 8004 Zürich",restaurant,Fribourger Stübli,47.375039,8.5281814
4001950379,"Rotwandstrasse 66, 8004 Zürich",restaurant,Ristorante Italia,47.3763729,8.5292946
4001950379,"Rotwandstrasse 66, 8004 Zürich",restaurant,The Bite,47.3773121,8.5277904
4001950379,"Rotwandstrasse 66, 8004 Zürich",restaurant,Volkshaus,47.3755766,8.5271252
4001950379,"Rotwandstrasse 66, 8004 Zürich",restaurant,Bossa Nova,47.3770748,8.5274942
4001950379,"Rotwandstrasse 66, 8004 Zürich",bar,raedli,47.3772164,8.5276576
4001950379,"Rotwandstrasse 66, 8004 Zürich",fast_food,Biergarten,47.3769346,8.5272308
4001950379,"Rotwandstrasse 66, 8004 Zürich",cafe,Kiosk Semal,47.376537,8.5282242
4001950379,"Rotwandstrasse 66, 8004 Zürich",bar,Egoist Cabaret Nightclub,47.3764297,8.5280245
4001950379,"Rotwandstrasse 66, 8004 Zürich",restaurant,Brasserie Café de Paris,47.376328,8.527878
4001950379,"Rotwandstrasse 66, 8004 Zürich",restaurant,Ach'i,47.3770439,8.5287783
4001950379,"Rotwandstrasse 66, 8004 Zürich",restaurant,Thai-Food-Corner,47.3769262,8.5284802
4001950379,"Rotwandstrasse 66, 8004 Zürich",bar,Norden,47.3767507,8.5284977
4001950379,"Rotwandstrasse 66, 8004 Zürich",restaurant,Trübli Bar,47.3765636,8.5290029
4001950379,"Rotwandstrasse 66, 8004 Zürich",bar,Red Light,47.3774727,8.5273976
4001950379,"Rotwandstrasse 66, 8004 Zürich",bar,Monroe,47.3774661,8.5279076
4001950379,"Rotwandstrasse 66, 8004 Zürich",restaurant,Don Leone,47.3746589,8.5290969
4001950379,"Rotwandstrasse 66, 8004 Zürich",restaurant,Convivio,47.3757244,8.5292515
4001950379,"Rotwandstrasse 66, 8004 Zürich",restaurant,Accademia del Gusto,47.375334,8.5286575
4001950379,"Rotwandstrasse 66, 8004 Zürich",bar,E.X. 4,47.3757372,8.5288666
4001950379,"Rotwandstrasse 66, 8004 Zürich",restaurant,Ikoo,47.3748928,8.5287964
4001950379,"Rotwandstrasse 66, 8004 Zürich",restaurant,D'Aurora,47.3751694,8.528416
4001950379,"Rotwandstrasse 66, 8004 Zürich",bar,Daniel H.,47.3754267,8.5293032
4001950379,"Rotwandstrasse 66, 8004 Zürich",restaurant,Osteria Santo Bevitore,47.3754803,8.5284806
4001950379,"Rotwandstrasse 66, 8004 Zürich",bar,Vasco's Bar,47.3744297,8.5298014
4001950379,"Rotwandstrasse 66, 8004 Zürich",restaurant,Meat Me,47.3742016,8.5307896
4001950379,"Rotwandstrasse 66, 8004 Zürich",bar,Sherif's Bar,47.3742758,8.5299844
4001950379,"Rotwandstrasse 66, 8004 Zürich",restaurant,Sweet Basil,47.3743454,8.5295536
4001950379,"Rotwandstrasse 66, 8004 Zürich",restaurant,Real,47.3743453,8.5306087
4001950379,"Rotwandstrasse 66, 8004 Zürich",restaurant,Akaraka,47.3746892,8.5294759
4001950379,"Rotwandstrasse 66, 8004 Zürich",restaurant,Bunzai,47.3746427,8.5302421
4001950379,"Rotwandstrasse 66, 8004 Zürich",bar,After Dark,47.3765798,8.5281669
4001950379,"Rotwandstrasse 66, 8004 Zürich",bar,Kanonaegass,47.3772915,8.5291113
4001950379,"Rotwandstrasse 66, 8004 Zürich",bar,Art 4 Bar,47.3774238,8.5292763
4001950379,"Rotwandstrasse 66, 8004 Zürich",bar,Love Story,47.3764724,8.5284217
4001950379,"Rotwandstrasse 66, 8004 Zürich",restaurant,The Sacred,47.3760618,8.5288696
4001950379,"Rotwandstrasse 66, 8004 Zürich",restaurant,Neela,47.3779493,8.5298119
4001950379,"Rotwandstrasse 66, 8004 Zürich",restaurant,Hongxi,47.3777904,8.5296685
4001950379,"Rotwandstrasse 66, 8004 Zürich",bar,Don Miguel,47.3761788,8.5286665
4001950379,"Rotwandstrasse 66, 8004 Zürich",cafe,Summergarte im Zeughausareal,47.3772237,8.5305291
4001950379,"Rotwandstrasse 66, 8004 Zürich",restaurant,Tabula Rasa,47.377911,8.5294772
4001950379,"Rotwandstrasse 66, 8004 Zürich",restaurant,Zeughaushof,47.3778272,8.5304532
4001950379,"Rotwandstrasse 66, 8004 Zürich",restaurant,Ah-Hua,47.3760904,8.5278522
4001950379,"Rotwandstrasse 66, 8004 Zürich",bar,The Mixt,47.3755383,8.529159
4001950379,"Rotwandstrasse 66, 8004 Zürich",restaurant,Don Leone,47.3749163,8.5291408
4001950379,"Rotwandstrasse 66, 8004 Zürich",restaurant,Centro,47.3760181,8.5277705
4001950379,"Rotwandstrasse 66, 8004 Zürich",fast_food,Bilo Bistro,47.3764202,8.5283268
4001950379,"Rotwandstrasse 66, 8004 Zürich",restaurant,Bund 39,47.3749607,8.5287161
4001950379,"Rotwandstrasse 66, 8004 Zürich",restaurant,Veganitas,47.3775824,8.5276791
4001950379,"Rotwandstrasse 66, 8004 Zürich",bar,Barizzi,47.3776951,8.5274497
4001950379,"Rotwandstrasse 66, 8004 Zürich",restaurant,Cima Curry,47.3776729,8.5295685
4001950379,"Rotwandstrasse 66, 8004 Zürich",restaurant,Pho Mai,47.3755405,8.528631
4001950379,"Rotwandstrasse 66, 8004 Zürich",bar,Milieu,47.3776185,8.5275974
4001950379,"Rotwandstrasse 66, 8004 Zürich",bar,Glamour Bar,47.3758798,8.5294424
4001950379,"Rotwandstrasse 66, 8004 Zürich",clinic,Ambulatorium Kanonengasse,47.3775007,8.5296854
4001950379,"Rotwandstrasse 66, 8004 Zürich",clinic,Ambulatorium Kanonengasse,47.3776645,8.5299678
4001950379,"Rotwandstrasse 66, 8004 Zürich",restaurant,The Yard,47.3759287,8.5276269
4001950379,"Rotwandstrasse 66, 8004 Zürich",restaurant,Tsukada Gaijin Izakaya,47.3778441,8.5295709
4001950379,"Rotwandstrasse 66, 8004 Zürich",bar,Campo,47.3762866,8.5270834
4001950379,"Rotwandstrasse 66, 8004 Zürich",fast_food,Zürich Fried Chicken,47.3751013,8.5285248
4001950379,"Rotwandstrasse 66, 8004 Zürich",bar,Carol,47.3778553,8.5284761
4001950379,"Rotwandstrasse 66, 8004 Zürich",fast_food,Huncho,47.3771779,8.5290073
4001950379,"Rotwandstrasse 66, 8004 Zürich",bar,Rasputin,47.3768356,8.5274675
4001950379,"Rotwandstrasse 66, 8004 Zürich",atm,n/a,47.3769288,8.5273742
4001950379,"Rotwandstrasse 66, 8004 Zürich",cafe,kafi babar,47.3744709,8.5297287
4001950379,"Rotwandstrasse 66, 8004 Zürich",restaurant,Ristorante Italia,47.3764793,8.5291319
4001840960,"Grabenweg 17, 8484 Weisslingen",parking,n/a,47.4275384,8.7692151
4001840960,"Grabenweg 17, 8484 Weisslingen",parking,n/a,47.4294809,8.7677048
4002078840,"Motorenstrasse, 8005 Zürich",restaurant,Dar,47.3835914,8.5283234
4002078840,"Motorenstrasse, 8005 Zürich",restaurant,LILY'S,47.3825398,8.5296036
4002078840,"Motorenstrasse, 8005 Zürich",pub,Matahari Bar,47.3840524,8.5309307
4002078840,"Motorenstrasse, 8005 Zürich",restaurant,Tibetasia,47.3844648,8.5278368
4002078840,"Motorenstrasse, 8005 Zürich",pub,St. Joseph's Pub,47.3863612,8.5280176
4002078840,"Motorenstrasse, 8005 Zürich",pharmacy,Medbase Apotheke Industrie,47.3863905,8.5295503
4002078840,"Motorenstrasse, 8005 Zürich",restaurant,Damas,47.384599,8.5275777
4002078840,"Motorenstrasse, 8005 Zürich",restaurant,Eisenhof,47.3836276,8.5287302
4002078840,"Motorenstrasse, 8005 Zürich",bar,Kasheme,47.3827935,8.5295411
4002078840,"Motorenstrasse, 8005 Zürich",restaurant,a fatt,47.3863054,8.5289489
4002078840,"Motorenstrasse, 8005 Zürich",restaurant,Don’t Worry Eat Curry,47.3828582,8.5307697
4002078840,"Motorenstrasse, 8005 Zürich",restaurant,Co Chin Chin,47.3837599,8.5284695
4002078840,"Motorenstrasse, 8005 Zürich",restaurant,Amigos Tapas,47.3839003,8.5307988
4002078840,"Motorenstrasse, 8005 Zürich",restaurant,Cucina,47.384162,8.5304006
4002078840,"Motorenstrasse, 8005 Zürich",restaurant,Cinque,47.383294,8.5301807
4002078840,"Motorenstrasse, 8005 Zürich",restaurant,Molino,47.3840714,8.5291751
4002078840,"Motorenstrasse, 8005 Zürich",restaurant,Manjaal,47.3843311,8.5286143
4002078840,"Motorenstrasse, 8005 Zürich",cafe,Lycka,47.3837629,8.5298256
4002078840,"Motorenstrasse, 8005 Zürich",restaurant,4Leoni Firenze,47.3843323,8.5302362
4002078840,"Motorenstrasse, 8005 Zürich",restaurant,Valentin's,47.3846382,8.5297901
4002078840,"Motorenstrasse, 8005 Zürich",restaurant,La Contrada,47.384832,8.5295929
4002078840,"Motorenstrasse, 8005 Zürich",restaurant,Friends Corner,47.3847907,8.5277141
4002078840,"Motorenstrasse, 8005 Zürich",restaurant,Josef,47.3838905,8.5289598
4002078840,"Motorenstrasse, 8005 Zürich",restaurant,Chimy's,47.3832801,8.528361
4002078840,"Motorenstrasse, 8005 Zürich",bar,Barrio 5,47.3865408,8.5287954
4002078840,"Motorenstrasse, 8005 Zürich",restaurant,Maneez,47.3841944,8.5284377
4002078840,"Motorenstrasse, 8005 Zürich",fast_food,Hanswurst,47.3840062,8.5311406
4002078840,"Motorenstrasse, 8005 Zürich",bar,The International Beer Bar,47.3828872,8.5287112
4002078840,"Motorenstrasse, 8005 Zürich",restaurant,MeiXin,47.3834555,8.5303841
4002078840,"Motorenstrasse, 8005 Zürich",restaurant,Santa Lucia,47.3838555,8.5295871
4002078840,"Motorenstrasse, 8005 Zürich",cafe,Diwan Shisha,47.3827024,8.5300338
4002078840,"Motorenstrasse, 8005 Zürich",bar,Chicago Bar,47.3825931,8.5299484
4002078840,"Motorenstrasse, 8005 Zürich",bar,Vineria Centrale,47.3825403,8.5300127
4002078840,"Motorenstrasse, 8005 Zürich",cafe,MAME,47.3849227,8.5273599
4002078840,"Motorenstrasse, 8005 Zürich",fast_food,McDonald's,47.3829117,8.529958
4002078840,"Motorenstrasse, 8005 Zürich",fast_food,Big Burger,47.383026,8.5300509
4002078840,"Motorenstrasse, 8005 Zürich",fast_food,Best,47.3827549,8.5300757
4002078840,"Motorenstrasse, 8005 Zürich",cafe,XYLO,47.3828676,8.5293614
4002078840,"Motorenstrasse, 8005 Zürich",fast_food,Cibus,47.3844486,8.5283789
4002078840,"Motorenstrasse, 8005 Zürich",fast_food,Baba Food Station,47.38229,8.5294034
4002078840,"Motorenstrasse, 8005 Zürich",cafe,flavour coffee & plants,47.3824213,8.5297861
4002078840,"Motorenstrasse, 8005 Zürich",restaurant,Thali House,47.3831028,8.5301347
4002078840,"Motorenstrasse, 8005 Zürich",fast_food,Vegitat,47.3822487,8.5296459
4002078840,"Motorenstrasse, 8005 Zürich",cafe,McCafé,47.3829101,8.5299568
4002078840,"Motorenstrasse, 8005 Zürich",fast_food,Napulé,47.382953,8.5307653
4002078840,"Motorenstrasse, 8005 Zürich",restaurant,Riviera,47.3830089,8.5303012
4002078840,"Motorenstrasse, 8005 Zürich",restaurant,Casa Aurelio,47.3831405,8.5297441
4002078840,"Motorenstrasse, 8005 Zürich",restaurant,JIAOZI,47.3823411,8.5300095
4002078840,"Motorenstrasse, 8005 Zürich",atm,n/a,47.382825,8.5301239
4002078840,"Motorenstrasse, 8005 Zürich",fast_food,3 Sushi Momo,47.3839455,8.5307226
4002078840,"Motorenstrasse, 8005 Zürich",atm,Värdex Crypto ATM,47.3842118,8.5310402
4002078647,"St. Alban-Anlage 58, 4052 Basel",restaurant,Restaurant Murano,47.5521616,7.6007922
4002078647,"St. Alban-Anlage 58, 4052 Basel",bank,CA next bank,47.5524658,7.6037907
4002064667,"Seefeldstrasse 104, 8008 Zürich",restaurant,Yooji's,47.3582879,8.5541672
4002064667,"Seefeldstrasse 104, 8008 Zürich",parking,Parkhaus Feldegg,47.3603851,8.5536988
4002064667,"Seefeldstrasse 104, 8008 Zürich",restaurant,NA081,47.3597536,8.5524861
4002064667,"Seefeldstrasse 104, 8008 Zürich",cafe,Valentino,47.3601706,8.550781
4002064667,"Seefeldstrasse 104, 8008 Zürich",restaurant,Escoffier,47.3605504,8.5524597
4002064667,"Seefeldstrasse 104, 8008 Zürich",restaurant,Stripped Pizza,47.3602524,8.5521363
4002064667,"Seefeldstrasse 104, 8008 Zürich",atm,Postfinance,47.3577163,8.5540421
4002064667,"Seefeldstrasse 104, 8008 Zürich",pub,D-Vino,47.3584615,8.553987
4002064667,"Seefeldstrasse 104, 8008 Zürich",atm,CS Bancomat,47.3601542,8.5524501
4002064667,"Seefeldstrasse 104, 8008 Zürich",pharmacy,TopPharm Apotheke Höschgasse,47.3577116,8.5547536
4002064667,"Seefeldstrasse 104, 8008 Zürich",library,PBZ Bibliothek Riesbach,47.3592693,8.5539566
4002064667,"Seefeldstrasse 104, 8008 Zürich",restaurant,Totò,47.3580896,8.5538491
4002064667,"Seefeldstrasse 104, 8008 Zürich",restaurant,Iroquois,47.3582918,8.5537364
4002064667,"Seefeldstrasse 104, 8008 Zürich",restaurant,Pizzeria Capri,47.3604176,8.5501478
4002064667,"Seefeldstrasse 104, 8008 Zürich",cafe,GZ Riesbach Cafeteria,47.359245,8.5540563
4002064667,"Seefeldstrasse 104, 8008 Zürich",bar,Razzia Bar,47.3609151,8.5515444
4002064667,"Seefeldstrasse 104, 8008 Zürich",school,"Tandem IMS, Zürich",47.3585537,8.5542336
4002064667,"Seefeldstrasse 104, 8008 Zürich",cafe,Monocle Café,47.3596826,8.5507962
4002064667,"Seefeldstrasse 104, 8008 Zürich",restaurant,Razzia Restaurant,47.3608124,8.5516525
4002064533,"Karl Stauffer-Strasse, 8008 Zürich",atm,Bancomat ZKB,47.3543382,8.5748945
4002064533,"Karl Stauffer-Strasse, 8008 Zürich",clinic,Universitäres Zentrum für Prävention und Sportmedizin,47.3552764,8.5747218
4002055225,"Dorfstrasse 31, 5244 Birrhard",restaurant,Zur Halde,47.4327579,8.245599
4002073081,"Rue de Contamines 16, 1206 Genève",restaurant,Chez Kei,46.1984634,6.1571076
4002073081,"Rue de Contamines 16, 1206 Genève",pharmacy,Parmacie de Florissant,46.195767,6.1561049
4002073081,"Rue de Contamines 16, 1206 Genève",bank,La Banque MERRILL LYNCH,46.1964258,6.1562573
4002073081,"Rue de Contamines 16, 1206 Genève",cafe,Beau Coffee,46.1957459,6.1569165
4002073081,"Rue de Contamines 16, 1206 Genève",restaurant,n/a,46.1960586,6.1554375
4002070890,"Landenbergstrasse 3a, 6005 Lucerne",parking,Parkhaus Eiszentrum,47.0415585,8.3216401
4002070890,"Landenbergstrasse 3a, 6005 Lucerne",restaurant,N'ICE,47.0411821,8.3213345
4002070890,"Landenbergstrasse 3a, 6005 Lucerne",fast_food,Mensa Kantonsschule Alpenquai Luzern,47.0428396,8.322315
4002067868,"Allée Charles Edouard Guillaume 5, 1723 Marly",parking,n/a,46.7767468,7.156668
4002067868,"Allée Charles Edouard Guillaume 5, 1723 Marly",parking,n/a,46.7775838,7.1530891
4002065892,"Gaissbergstrasse 49, 8280 Kreuzlingen",parking,n/a,47.6419011,9.1741744
4002065159,"Ergatenweg 25, 8583 Sulgen",restaurant,Freihof,47.5332498,9.1881556
4002057192,"Badenerstrasse 12, 8953 Dietikon",restaurant,Migros Restaurant,47.4052072,8.4013786
4002057192,"Badenerstrasse 12, 8953 Dietikon",fast_food,El Pablo,47.4054721,8.3987591
4002057192,"Badenerstrasse 12, 8953 Dietikon",pharmacy,Amavita Dietikon,47.405637,8.3982172
4002057192,"Badenerstrasse 12, 8953 Dietikon",restaurant,Molino,47.4060643,8.3971433
4002057192,"Badenerstrasse 12, 8953 Dietikon",restaurant,Taverne zur Krone,47.4057501,8.400649
4002057192,"Badenerstrasse 12, 8953 Dietikon",parking,n/a,47.4048831,8.4005551
4002057192,"Badenerstrasse 12, 8953 Dietikon",parking,n/a,47.4053642,8.4013984
4002057192,"Badenerstrasse 12, 8953 Dietikon",fast_food,Spice Flavour,47.4056661,8.3989168
4002057192,"Badenerstrasse 12, 8953 Dietikon",restaurant,Pad-Thai,47.4052611,8.3996154
4002057192,"Badenerstrasse 12, 8953 Dietikon",fast_food,Pizza Pasta,47.4055522,8.3991171
4002057192,"Badenerstrasse 12, 8953 Dietikon",fast_food,Burek King,47.4047982,8.4005664
4002057192,"Badenerstrasse 12, 8953 Dietikon",fast_food,Royal Önder,47.4056015,8.3990154
4002057189,"Seestrasse, 6204 Sempach",restaurant,Oasis Baan Thai,47.1365105,8.1915385
4002057189,"Seestrasse, 6204 Sempach",restaurant,Adler,47.1360838,8.1912433
4002057189,"Seestrasse, 6204 Sempach",bank,Luzerner Kantonalbank,47.1367963,8.1910961
4002057189,"Seestrasse, 6204 Sempach",bar,Bistrot Minigolf Sempach,47.1367852,8.1896056
4002057165,"Rue Mauborget 6, 1003 Lausanne",fast_food,McDonald's,46.5224653,6.6306119
4002057165,"Rue Mauborget 6, 1003 Lausanne",fast_food,KFC,46.5211647,6.6299392
4002057165,"Rue Mauborget 6, 1003 Lausanne",fast_food,McDonald's,46.5222245,6.6259932
4002057165,"Rue Mauborget 6, 1003 Lausanne",fast_food,Au Monopole,46.5235075,6.626732
4002057165,"Rue Mauborget 6, 1003 Lausanne",restaurant,Thaï Orchidée,46.5221288,6.6264987
4002057165,"Rue Mauborget 6, 1003 Lausanne",pub,King Size pub,46.5219023,6.6269377
4002057165,"Rue Mauborget 6, 1003 Lausanne",bar,Movida,46.5231277,6.625985
4002057165,"Rue Mauborget 6, 1003 Lausanne",restaurant,PocoLoco,46.5229422,6.6259368
4002057165,"Rue Mauborget 6, 1003 Lausanne",cafe,Starbucks,46.5225223,6.6302652
4002057165,"Rue Mauborget 6, 1003 Lausanne",pharmacy,Pharmacie Amavita Saint-Laurent,46.5224093,6.6303349
4002057165,"Rue Mauborget 6, 1003 Lausanne",restaurant,La Pinte Besson,46.5232853,6.6296038
4002057165,"Rue Mauborget 6, 1003 Lausanne",bar,Mombassa Island,46.5234405,6.6278242
4002057165,"Rue Mauborget 6, 1003 Lausanne",restaurant,Le Cygne,46.523876,6.6274562
4002057165,"Rue Mauborget 6, 1003 Lausanne",pharmacy,Pharmacie Populaire de la Tour,46.5236548,6.6279578
4002057165,"Rue Mauborget 6, 1003 Lausanne",restaurant,Pizzeria La Torre,46.5236987,6.6277798
4002057165,"Rue Mauborget 6, 1003 Lausanne",restaurant,L'Orchidée,46.5232854,6.628513
4002057165,"Rue Mauborget 6, 1003 Lausanne",restaurant,Lotus Bleu Club,46.523276,6.6285481
4002057165,"Rue Mauborget 6, 1003 Lausanne",restaurant,Brasserie de Chaudron,46.5235794,6.6275916
4002057165,"Rue Mauborget 6, 1003 Lausanne",fast_food,Giga Tacos,46.5233068,6.6297126
4002057165,"Rue Mauborget 6, 1003 Lausanne",restaurant,Le National,46.5231056,6.6298388
4002057165,"Rue Mauborget 6, 1003 Lausanne",bar,The Spirit Bar,46.5235145,6.6296246
4002057165,"Rue Mauborget 6, 1003 Lausanne",atm,BCV,46.52266,6.627441
4002057165,"Rue Mauborget 6, 1003 Lausanne",restaurant,Forbici,46.5209365,6.6297501
4002057165,"Rue Mauborget 6, 1003 Lausanne",fast_food,Manora,46.5221223,6.6312833
4002057165,"Rue Mauborget 6, 1003 Lausanne",restaurant,Red Sea,46.5235895,6.6288881
4002057165,"Rue Mauborget 6, 1003 Lausanne",fast_food,Holy Cow,46.5226883,6.6282137
4002057165,"Rue Mauborget 6, 1003 Lausanne",restaurant,La Coccinelle,46.5216295,6.6307171
4002057165,"Rue Mauborget 6, 1003 Lausanne",fast_food,Burger King,46.5216317,6.6303121
4002057165,"Rue Mauborget 6, 1003 Lausanne",restaurant,Aux Trois Tonneaux,46.5215882,6.6311846
4002057165,"Rue Mauborget 6, 1003 Lausanne",fast_food,McDonald's,46.523125,6.6271238
4002057165,"Rue Mauborget 6, 1003 Lausanne",pharmacy,Sun Store,46.5226226,6.6271508
4002057165,"Rue Mauborget 6, 1003 Lausanne",cafe,Xpresso Cafe,46.5224577,6.6273559
4002057165,"Rue Mauborget 6, 1003 Lausanne",restaurant,Taco's Bar,46.5213585,6.628565
4002057165,"Rue Mauborget 6, 1003 Lausanne",fast_food,COOP to go,46.5225787,6.6304686
4002057165,"Rue Mauborget 6, 1003 Lausanne",restaurant,La Croquignole,46.5232886,6.6291632
4002057165,"Rue Mauborget 6, 1003 Lausanne",bank,Cler,46.5226406,6.6301381
4002057165,"Rue Mauborget 6, 1003 Lausanne",pharmacy,Sunstore,46.5218545,6.6300254
4002057165,"Rue Mauborget 6, 1003 Lausanne",restaurant,Brasserie Saint-Laurent,46.522396,6.6312908
4002057165,"Rue Mauborget 6, 1003 Lausanne",restaurant,Hoa Sen,46.5239331,6.6300943
4002057165,"Rue Mauborget 6, 1003 Lausanne",restaurant,Nihao,46.5228252,6.6294072
4002057165,"Rue Mauborget 6, 1003 Lausanne",fast_food,Le Charlot,46.5220563,6.630536
4002057165,"Rue Mauborget 6, 1003 Lausanne",cafe,Downtown Lausanne,46.5215056,6.6300601
4002057165,"Rue Mauborget 6, 1003 Lausanne",cafe,La cuisine,46.5239689,6.629754
4002057165,"Rue Mauborget 6, 1003 Lausanne",restaurant,Le Cazard,46.524162,6.6295793
4002057165,"Rue Mauborget 6, 1003 Lausanne",restaurant,Gambatte,46.5240899,6.6296596
4002057165,"Rue Mauborget 6, 1003 Lausanne",clinic,Permanence Unisanté du Flon,46.5210051,6.629443
4002057165,"Rue Mauborget 6, 1003 Lausanne",bar,Bulldog Bar & Resto,46.5216154,6.6266718
4002057165,"Rue Mauborget 6, 1003 Lausanne",restaurant,Les Saveurs du Monde,46.5219989,6.6299497
4002057165,"Rue Mauborget 6, 1003 Lausanne",fast_food,Le 7ème Délice,46.5219354,6.6299603
4002057165,"Rue Mauborget 6, 1003 Lausanne",cafe,Le Pointu,46.5233736,6.6306313
4002057165,"Rue Mauborget 6, 1003 Lausanne",restaurant,Cipriano Bar,46.5213192,6.627827
4002057165,"Rue Mauborget 6, 1003 Lausanne",atm,BCV,46.5216936,6.6269881
4002057165,"Rue Mauborget 6, 1003 Lausanne",restaurant,Pizza Fratel,46.5236313,6.6293485
4002057165,"Rue Mauborget 6, 1003 Lausanne",library,Bibliothèque Sonore Romande,46.5215952,6.6286515
4002057165,"Rue Mauborget 6, 1003 Lausanne",bar,Punk Bar,46.5210941,6.6299053
4002057165,"Rue Mauborget 6, 1003 Lausanne",restaurant,The Green Van Company,46.5214227,6.6283063
4002057165,"Rue Mauborget 6, 1003 Lausanne",bar,Barberousse,46.5214885,6.6281704
4002057165,"Rue Mauborget 6, 1003 Lausanne",atm,Bity Crypto ATM,46.5228567,6.6267654
4002057165,"Rue Mauborget 6, 1003 Lausanne",pub,La Mise en Bière,46.5237337,6.6288049
4002057165,"Rue Mauborget 6, 1003 Lausanne",fast_food,Ephese,46.523387,6.6304337
4002057165,"Rue Mauborget 6, 1003 Lausanne",fast_food,Snack du Marché,46.5234945,6.6305181
4002057165,"Rue Mauborget 6, 1003 Lausanne",fast_food,Easyfood,46.5219433,6.6299498
4002057165,"Rue Mauborget 6, 1003 Lausanne",restaurant,Wawa’s Asian Kitchen,46.521433,6.6282506
4002057165,"Rue Mauborget 6, 1003 Lausanne",restaurant,CrazyWolf,46.5225537,6.6313244
4002057165,"Rue Mauborget 6, 1003 Lausanne",bank,Banque Alternative Suisse SA (BAS),46.5212928,6.6281985
4002057165,"Rue Mauborget 6, 1003 Lausanne",pub,Rhino Féroce,46.5212954,6.6279722
4002057165,"Rue Mauborget 6, 1003 Lausanne",cafe,À côté de la plaque,46.5239189,6.6297852
4002057165,"Rue Mauborget 6, 1003 Lausanne",restaurant,Mizūmiy - Japan super food,46.5214227,6.6306248
4002057165,"Rue Mauborget 6, 1003 Lausanne",restaurant,Tartares & Co,46.5214144,6.6295369
4002057165,"Rue Mauborget 6, 1003 Lausanne",restaurant,Le Levant,46.5234443,6.6287181
4002057165,"Rue Mauborget 6, 1003 Lausanne",fast_food,Bamee Bistro,46.5228048,6.6309482
4002057165,"Rue Mauborget 6, 1003 Lausanne",restaurant,Royal India,46.5229894,6.6311228
4002057165,"Rue Mauborget 6, 1003 Lausanne",cafe,Café Barath,46.5220506,6.630516
4002057165,"Rue Mauborget 6, 1003 Lausanne",pharmacy,Amavita,46.5218395,6.630654
4002057165,"Rue Mauborget 6, 1003 Lausanne",fast_food,Krispy Kreme,46.5217838,6.6307023
4002057165,"Rue Mauborget 6, 1003 Lausanne",cafe,GreenGorilla,46.5217086,6.6302409
4002057165,"Rue Mauborget 6, 1003 Lausanne",bank,Raiffeisen,46.5208996,6.6288035
4002057165,"Rue Mauborget 6, 1003 Lausanne",bar,Le Cylure,46.5235053,6.6296545
4002057165,"Rue Mauborget 6, 1003 Lausanne",restaurant,La Siesta,46.5216734,6.6310251
4002057165,"Rue Mauborget 6, 1003 Lausanne",restaurant,Racines,46.5232723,6.630242
4002057165,"Rue Mauborget 6, 1003 Lausanne",cafe,Bel-Air Coffee,46.5228103,6.6285098
4002057165,"Rue Mauborget 6, 1003 Lausanne",fast_food,Fresco,46.521137,6.631085
4002057165,"Rue Mauborget 6, 1003 Lausanne",fast_food,Planet Bowl,46.5230471,6.6298595
4002057165,"Rue Mauborget 6, 1003 Lausanne",fast_food,Giga Tacos,46.5226765,6.6293002
4002057165,"Rue Mauborget 6, 1003 Lausanne",bar,Le Manhattan,46.5213672,6.6286692
4002057165,"Rue Mauborget 6, 1003 Lausanne",bar,Nolf,46.5213284,6.6280548
4002057165,"Rue Mauborget 6, 1003 Lausanne",bar,Officine,46.5211317,6.6278756
4002057165,"Rue Mauborget 6, 1003 Lausanne",restaurant,Le Leonardo,46.5210406,6.6292189
4002057165,"Rue Mauborget 6, 1003 Lausanne",restaurant,Ti Kréyol,46.523572,6.6295825
4002057165,"Rue Mauborget 6, 1003 Lausanne",restaurant,Sushi Express,46.5225878,6.6285252
4002057165,"Rue Mauborget 6, 1003 Lausanne",fast_food,The Pancakes Mafia,46.5226132,6.62847
4002057165,"Rue Mauborget 6, 1003 Lausanne",restaurant,Aux sapeurs pompiers,46.5232778,6.6304205
4002057165,"Rue Mauborget 6, 1003 Lausanne",restaurant,La Caleta,46.5232707,6.6286622
4002057165,"Rue Mauborget 6, 1003 Lausanne",bank,Postfinance,46.5215953,6.6277962
4002057165,"Rue Mauborget 6, 1003 Lausanne",pub,Brasserie Belleville,46.521629,6.6274437
4002057165,"Rue Mauborget 6, 1003 Lausanne",restaurant,Açai concept,46.5232658,6.6295335
4002057165,"Rue Mauborget 6, 1003 Lausanne",fast_food,Crrsp,46.5214105,6.6283621
4002057165,"Rue Mauborget 6, 1003 Lausanne",fast_food,Bibibowl,46.5218195,6.6313348
4002057165,"Rue Mauborget 6, 1003 Lausanne",bar,Lily,46.5229137,6.6310481
4002053590,"Rainweg 1A, 4713 Matzendorf",parking,n/a,47.3064863,7.6290301
4002053590,"Rainweg 1A, 4713 Matzendorf",parking,n/a,47.3066341,7.6286032
4002049788,8107 Buchs ZH,restaurant,Restaurant Frohsinn,47.4580728,8.4392823
4002049788,8107 Buchs ZH,atm,n/a,47.4579723,8.4365691
4002049788,8107 Buchs ZH,bank,Bezirks-Sparkasse Dielsdorf,47.4580182,8.4365613
4002039400,"Maurerweg 12, 2503 Biel",fast_food,Bravo Pizza,47.1343076,7.255173
4002039400,"Maurerweg 12, 2503 Biel",parking,n/a,47.1329241,7.2567841
4002039400,"Maurerweg 12, 2503 Biel",parking,n/a,47.1337612,7.2568258
4002039400,"Maurerweg 12, 2503 Biel",parking,n/a,47.1337863,7.2559719
4002039400,"Maurerweg 12, 2503 Biel",parking,n/a,47.133918,7.2541349
4002039400,"Maurerweg 12, 2503 Biel",school,École primaire Madretsch - Primarschule Madretsch,47.1352806,7.2560845
4002039400,"Maurerweg 12, 2503 Biel",restaurant,Ristorante Pizzeria da Piano,47.1349092,7.2560281
4002024740,8272 Ermatingen,school,n/a,47.6677473,9.0836051
4002024740,8272 Ermatingen,pub,Linde,47.669779,9.0844003
4002024740,8272 Ermatingen,restaurant,Adler,47.669131,9.0797018
4002024740,8272 Ermatingen,bank,Raiffeisenbank Tägerwilen,47.6688011,9.0839994
4002024740,8272 Ermatingen,library,Gemeinde- und Schulbibliothek,47.6687963,9.0803689
4002024740,8272 Ermatingen,school,Primarschule Ermatingen,47.6682364,9.0816215
4002024740,8272 Ermatingen,school,Sekundarschule Ermatingen,47.668707,9.0807892
4002024740,8272 Ermatingen,parking,n/a,47.6696835,9.0828749
4002024740,8272 Ermatingen,restaurant,Buurebeizli Ermatingen,47.6703969,9.080253
4002017354,"Route du Chasseur 30 bis, 1008 Prilly",fast_food,Speed Food,46.5348372,6.6046665
4002017354,"Route du Chasseur 30 bis, 1008 Prilly",library,Bibliothèque de la Ville de Prilly,46.5353478,6.6047308
4002017354,"Route du Chasseur 30 bis, 1008 Prilly",restaurant,Coop Restaurant,46.5344621,6.6059901
4002017354,"Route du Chasseur 30 bis, 1008 Prilly",fast_food,Food,46.5347974,6.6059542
4002017354,"Route du Chasseur 30 bis, 1008 Prilly",restaurant,iSushi,46.5375912,6.6067067
4001987343,3780 Gstaad,restaurant,MEGU,46.4762371,7.2886395
4001987343,3780 Gstaad,restaurant,Sommet by Martin Göschel,46.4762698,7.2884595
4001978241,"Dorfstrasse 14, 4206 Seewen SO",restaurant,Sonne,47.435175,7.657876
4001978241,"Dorfstrasse 14, 4206 Seewen SO",restaurant,Rössli,47.4345013,7.6586577
4001978241,"Dorfstrasse 14, 4206 Seewen SO",atm,n/a,47.4346766,7.6584069
4001915132,"Rotwandstrasse 66, 8004 Zürich",atm,Postfinance,47.3765515,8.5273634
4001915132,"Rotwandstrasse 66, 8004 Zürich",restaurant,Fribourger Stübli,47.375039,8.5281814
4001915132,"Rotwandstrasse 66, 8004 Zürich",restaurant,Ristorante Italia,47.3763729,8.5292946
4001915132,"Rotwandstrasse 66, 8004 Zürich",restaurant,The Bite,47.3773121,8.5277904
4001915132,"Rotwandstrasse 66, 8004 Zürich",restaurant,Volkshaus,47.3755766,8.5271252
4001915132,"Rotwandstrasse 66, 8004 Zürich",restaurant,Bossa Nova,47.3770748,8.5274942
4001915132,"Rotwandstrasse 66, 8004 Zürich",bar,raedli,47.3772164,8.5276576
4001915132,"Rotwandstrasse 66, 8004 Zürich",fast_food,Biergarten,47.3769346,8.5272308
4001915132,"Rotwandstrasse 66, 8004 Zürich",cafe,Kiosk Semal,47.376537,8.5282242
4001915132,"Rotwandstrasse 66, 8004 Zürich",bar,Egoist Cabaret Nightclub,47.3764297,8.5280245
4001915132,"Rotwandstrasse 66, 8004 Zürich",restaurant,Brasserie Café de Paris,47.376328,8.527878
4001915132,"Rotwandstrasse 66, 8004 Zürich",restaurant,Ach'i,47.3770439,8.5287783
4001915132,"Rotwandstrasse 66, 8004 Zürich",restaurant,Thai-Food-Corner,47.3769262,8.5284802
4001915132,"Rotwandstrasse 66, 8004 Zürich",bar,Norden,47.3767507,8.5284977
4001915132,"Rotwandstrasse 66, 8004 Zürich",restaurant,Trübli Bar,47.3765636,8.5290029
4001915132,"Rotwandstrasse 66, 8004 Zürich",bar,Red Light,47.3774727,8.5273976
4001915132,"Rotwandstrasse 66, 8004 Zürich",bar,Monroe,47.3774661,8.5279076
4001915132,"Rotwandstrasse 66, 8004 Zürich",restaurant,Don Leone,47.3746589,8.5290969
4001915132,"Rotwandstrasse 66, 8004 Zürich",restaurant,Convivio,47.3757244,8.5292515
4001915132,"Rotwandstrasse 66, 8004 Zürich",restaurant,Accademia del Gusto,47.375334,8.5286575
4001915132,"Rotwandstrasse 66, 8004 Zürich",bar,E.X. 4,47.3757372,8.5288666
4001915132,"Rotwandstrasse 66, 8004 Zürich",restaurant,Ikoo,47.3748928,8.5287964
4001915132,"Rotwandstrasse 66, 8004 Zürich",restaurant,D'Aurora,47.3751694,8.528416
4001915132,"Rotwandstrasse 66, 8004 Zürich",bar,Daniel H.,47.3754267,8.5293032
4001915132,"Rotwandstrasse 66, 8004 Zürich",restaurant,Osteria Santo Bevitore,47.3754803,8.5284806
4001915132,"Rotwandstrasse 66, 8004 Zürich",bar,Vasco's Bar,47.3744297,8.5298014
4001915132,"Rotwandstrasse 66, 8004 Zürich",restaurant,Meat Me,47.3742016,8.5307896
4001915132,"Rotwandstrasse 66, 8004 Zürich",bar,Sherif's Bar,47.3742758,8.5299844
4001915132,"Rotwandstrasse 66, 8004 Zürich",restaurant,Sweet Basil,47.3743454,8.5295536
4001915132,"Rotwandstrasse 66, 8004 Zürich",restaurant,Real,47.3743453,8.5306087
4001915132,"Rotwandstrasse 66, 8004 Zürich",restaurant,Akaraka,47.3746892,8.5294759
4001915132,"Rotwandstrasse 66, 8004 Zürich",restaurant,Bunzai,47.3746427,8.5302421
4001915132,"Rotwandstrasse 66, 8004 Zürich",bar,After Dark,47.3765798,8.5281669
4001915132,"Rotwandstrasse 66, 8004 Zürich",bar,Kanonaegass,47.3772915,8.5291113
4001915132,"Rotwandstrasse 66, 8004 Zürich",bar,Art 4 Bar,47.3774238,8.5292763
4001915132,"Rotwandstrasse 66, 8004 Zürich",bar,Love Story,47.3764724,8.5284217
4001915132,"Rotwandstrasse 66, 8004 Zürich",restaurant,The Sacred,47.3760618,8.5288696
4001915132,"Rotwandstrasse 66, 8004 Zürich",restaurant,Neela,47.3779493,8.5298119
4001915132,"Rotwandstrasse 66, 8004 Zürich",restaurant,Hongxi,47.3777904,8.5296685
4001915132,"Rotwandstrasse 66, 8004 Zürich",bar,Don Miguel,47.3761788,8.5286665
4001915132,"Rotwandstrasse 66, 8004 Zürich",cafe,Summergarte im Zeughausareal,47.3772237,8.5305291
4001915132,"Rotwandstrasse 66, 8004 Zürich",restaurant,Tabula Rasa,47.377911,8.5294772
4001915132,"Rotwandstrasse 66, 8004 Zürich",restaurant,Zeughaushof,47.3778272,8.5304532
4001915132,"Rotwandstrasse 66, 8004 Zürich",restaurant,Ah-Hua,47.3760904,8.5278522
4001915132,"Rotwandstrasse 66, 8004 Zürich",bar,The Mixt,47.3755383,8.529159
4001915132,"Rotwandstrasse 66, 8004 Zürich",restaurant,Don Leone,47.3749163,8.5291408
4001915132,"Rotwandstrasse 66, 8004 Zürich",restaurant,Centro,47.3760181,8.5277705
4001915132,"Rotwandstrasse 66, 8004 Zürich",fast_food,Bilo Bistro,47.3764202,8.5283268
4001915132,"Rotwandstrasse 66, 8004 Zürich",restaurant,Bund 39,47.3749607,8.5287161
4001915132,"Rotwandstrasse 66, 8004 Zürich",restaurant,Veganitas,47.3775824,8.5276791
4001915132,"Rotwandstrasse 66, 8004 Zürich",bar,Barizzi,47.3776951,8.5274497
4001915132,"Rotwandstrasse 66, 8004 Zürich",restaurant,Cima Curry,47.3776729,8.5295685
4001915132,"Rotwandstrasse 66, 8004 Zürich",restaurant,Pho Mai,47.3755405,8.528631
4001915132,"Rotwandstrasse 66, 8004 Zürich",bar,Milieu,47.3776185,8.5275974
4001915132,"Rotwandstrasse 66, 8004 Zürich",bar,Glamour Bar,47.3758798,8.5294424
4001915132,"Rotwandstrasse 66, 8004 Zürich",clinic,Ambulatorium Kanonengasse,47.3775007,8.5296854
4001915132,"Rotwandstrasse 66, 8004 Zürich",clinic,Ambulatorium Kanonengasse,47.3776645,8.5299678
4001915132,"Rotwandstrasse 66, 8004 Zürich",restaurant,The Yard,47.3759287,8.5276269
4001915132,"Rotwandstrasse 66, 8004 Zürich",restaurant,Tsukada Gaijin Izakaya,47.3778441,8.5295709
4001915132,"Rotwandstrasse 66, 8004 Zürich",bar,Campo,47.3762866,8.5270834
4001915132,"Rotwandstrasse 66, 8004 Zürich",fast_food,Zürich Fried Chicken,47.3751013,8.5285248
4001915132,"Rotwandstrasse 66, 8004 Zürich",bar,Carol,47.3778553,8.5284761
4001915132,"Rotwandstrasse 66, 8004 Zürich",fast_food,Huncho,47.3771779,8.5290073
4001915132,"Rotwandstrasse 66, 8004 Zürich",bar,Rasputin,47.3768356,8.5274675
4001915132,"Rotwandstrasse 66, 8004 Zürich",atm,n/a,47.3769288,8.5273742
4001915132,"Rotwandstrasse 66, 8004 Zürich",cafe,kafi babar,47.3744709,8.5297287
4001915132,"Rotwandstrasse 66, 8004 Zürich",restaurant,Ristorante Italia,47.3764793,8.5291319
4001910718,"Seengerstrasse 28, 5706 Boniswil",parking,n/a,47.3165557,8.1872965
4001886542,"Rotbuchstrasse 9, 8006 Zürich",atm,Postfinance,47.392108,8.5382165
4001886542,"Rotbuchstrasse 9, 8006 Zürich",cafe,Kafischnaps,47.3912249,8.5359972
4001886542,"Rotbuchstrasse 9, 8006 Zürich",fast_food,Richie's Chicken,47.3905675,8.5394452
4001886542,"Rotbuchstrasse 9, 8006 Zürich",cafe,Bakery Bakery,47.3920571,8.5391006
4001886542,"Rotbuchstrasse 9, 8006 Zürich",cafe,Café Unterstrass,47.3921165,8.5386272
4001886542,"Rotbuchstrasse 9, 8006 Zürich",pharmacy,Apotheke Schaffhauserplatz,47.3916892,8.5383642
4001886542,"Rotbuchstrasse 9, 8006 Zürich",restaurant,Thali Indian Restaurant,47.390294,8.5392273
4001886542,"Rotbuchstrasse 9, 8006 Zürich",restaurant,Al Ventotto,47.3902274,8.538794
4001886542,"Rotbuchstrasse 9, 8006 Zürich",fast_food,Con Gusto,47.3919608,8.5390827
4001886542,"Rotbuchstrasse 9, 8006 Zürich",fast_food,Blooming Juice,47.3914598,8.539107
4001867060,"Dorfgasse 4, 8708 Männedorf",cafe,Flohmi-Cafè,47.2541869,8.6907877
4001867060,"Dorfgasse 4, 8708 Männedorf",restaurant,Choi's,47.2538901,8.6902208
4001867060,"Dorfgasse 4, 8708 Männedorf",bank,Zürcher Kantonalbank,47.2546676,8.6912552
4001867060,"Dorfgasse 4, 8708 Männedorf",pharmacy,TopPharm,47.2532533,8.6895271
4001867060,"Dorfgasse 4, 8708 Männedorf",parking,n/a,47.255272,8.6901681
4001867060,"Dorfgasse 4, 8708 Männedorf",restaurant,Cortali,47.2557549,8.6895976
4001867060,"Dorfgasse 4, 8708 Männedorf",cafe,Krug,47.2560845,8.6891598
4001867060,"Dorfgasse 4, 8708 Männedorf",cafe,Steiner,47.2551884,8.6900937
4002081565,"Hottingerstrasse 38, 8032 Zürich",pharmacy,Dropa Hottingen,47.3697086,8.5557788
4002081565,"Hottingerstrasse 38, 8032 Zürich",restaurant,Rosengarten,47.3697879,8.5563885
4002081565,"Hottingerstrasse 38, 8032 Zürich",restaurant,Wolfbach,47.3703441,8.552204
4002081565,"Hottingerstrasse 38, 8032 Zürich",restaurant,Afghan Anar,47.3697919,8.5529812
4002081565,"Hottingerstrasse 38, 8032 Zürich",cafe,Café Berner,47.3695588,8.5540543
4002081565,"Hottingerstrasse 38, 8032 Zürich",cafe,Vier Linden Imbiss-Café,47.3696191,8.5554987
4002081565,"Hottingerstrasse 38, 8032 Zürich",parking,Kulturama Besucherparkplatz,47.3687928,8.5553944
4002081565,"Hottingerstrasse 38, 8032 Zürich",restaurant,Mensa Kantonsschule Rämibühl,47.3713446,8.5527434
4002081565,"Hottingerstrasse 38, 8032 Zürich",restaurant,La Mirada,47.3677107,8.5545051
4002077167,"Kammermattweg 3, 4107 Ettingen",pharmacy,Blauen Apotheke,47.4847919,7.5479418
4002077167,"Kammermattweg 3, 4107 Ettingen",restaurant,Bahnhof,47.4835242,7.5462806
4002071005,"Chemin du Devin 47B, 1012 Lausanne",parking,n/a,46.5312086,6.6517861
4002071005,"Chemin du Devin 47B, 1012 Lausanne",parking,n/a,46.531182,6.6518164
4002071005,"Chemin du Devin 47B, 1012 Lausanne",parking,n/a,46.5311032,6.6519281
4002071005,"Chemin du Devin 47B, 1012 Lausanne",parking,n/a,46.5314019,6.6524828
4002071005,"Chemin du Devin 47B, 1012 Lausanne",parking,n/a,46.5316027,6.652361
4002069592,"Rütistrasse 4, 8032 Zürich",cafe,Le Pain Quotidien,47.3683702,8.5605979
4002069592,"Rütistrasse 4, 8032 Zürich",restaurant,Luca²,47.3667843,8.5616996
4002069592,"Rütistrasse 4, 8032 Zürich",restaurant,Restaurant Römerblick,47.3680769,8.5597987
4002069592,"Rütistrasse 4, 8032 Zürich",pharmacy,BENU Apotheke,47.3680176,8.5599727
4002069592,"Rütistrasse 4, 8032 Zürich",restaurant,Bistrot à Paris,47.3673012,8.56085
4002069592,"Rütistrasse 4, 8032 Zürich",bank,UBS,47.3681554,8.5608008
4002069592,"Rütistrasse 4, 8032 Zürich",restaurant,Dal Sardo,47.3679132,8.5602255
4002069592,"Rütistrasse 4, 8032 Zürich",school,LernCenter Zürich,47.3686165,8.5589345
4002059553,"Reimen 2, 8775 Hätzingen",school,n/a,46.9594282,9.0350546
4002047825,8623 Wetzikon ZH,school,Schule der Kinder,47.3330575,8.8170981
4002038535,"Aentenschnabel, 8353 Elgg",fast_food,Kebab Bahnhof Elgg,47.4984291,8.8634063
4002038535,"Aentenschnabel, 8353 Elgg",restaurant,Da Mè,47.4981749,8.8642546
4002038105,"Maurerweg 12, 2503 Biel",fast_food,Bravo Pizza,47.1343076,7.255173
4002038105,"Maurerweg 12, 2503 Biel",parking,n/a,47.1329241,7.2567841
4002038105,"Maurerweg 12, 2503 Biel",parking,n/a,47.1337612,7.2568258
4002038105,"Maurerweg 12, 2503 Biel",parking,n/a,47.1337863,7.2559719
4002038105,"Maurerweg 12, 2503 Biel",parking,n/a,47.133918,7.2541349
4002038105,"Maurerweg 12, 2503 Biel",school,École primaire Madretsch - Primarschule Madretsch,47.1352806,7.2560845
4002038105,"Maurerweg 12, 2503 Biel",restaurant,Ristorante Pizzeria da Piano,47.1349092,7.2560281
4002024967,"Seefeldstrasse 231, 8008 Zürich",fast_food,gooods,47.3499921,8.5614135
4002024967,"Seefeldstrasse 231, 8008 Zürich",parking,n/a,47.3511274,8.5617765
4002024967,"Seefeldstrasse 231, 8008 Zürich",cafe,Kornsilo,47.3517143,8.560923
4002024967,"Seefeldstrasse 231, 8008 Zürich",bar,Blaue Ente,47.3517875,8.5611622
4002024967,"Seefeldstrasse 231, 8008 Zürich",restaurant,Blaue Ente,47.3519503,8.5611316
4002006222,"Mülhauserstrasse, 4056 Basel",restaurant,Humor Labor Pello,47.5669753,7.5792029
4002006222,"Mülhauserstrasse, 4056 Basel",cafe,Jêle Café,47.5663556,7.5758801
4002006222,"Mülhauserstrasse, 4056 Basel",restaurant,Nordbahnhof,47.566457,7.5761162
4002006222,"Mülhauserstrasse, 4056 Basel",restaurant,Trattoria Bar Da Sonny,47.5680565,7.5763815
4002006222,"Mülhauserstrasse, 4056 Basel",fast_food,The Kitchen Focacceria,47.5684475,7.5796802
4002006222,"Mülhauserstrasse, 4056 Basel",restaurant,LoLa,47.5684242,7.5771542
4002006222,"Mülhauserstrasse, 4056 Basel",pharmacy,Medbase Apotheke Vogesen,47.568252,7.5792322
4002006222,"Mülhauserstrasse, 4056 Basel",restaurant,n/a,47.567018,7.5792944
4002006222,"Mülhauserstrasse, 4056 Basel",restaurant,Humor Labor Pello,47.5669191,7.5791756
4002006222,"Mülhauserstrasse, 4056 Basel",fast_food,Pizza Pronta,47.5682571,7.5798928
4001978238,"Dorfstrasse 14, 4206 Seewen SO",restaurant,Sonne,47.435175,7.657876
4001978238,"Dorfstrasse 14, 4206 Seewen SO",restaurant,Rössli,47.4345013,7.6586577
4001978238,"Dorfstrasse 14, 4206 Seewen SO",atm,n/a,47.4346766,7.6584069
4001977767,"Henri-Mussard, 1208 Genève",school,École de Roches,46.1980944,6.1614069
4001977767,"Henri-Mussard, 1208 Genève",pharmacy,Pharmacie du Museum,46.1976943,6.1612042
4001977767,"Henri-Mussard, 1208 Genève",restaurant,Mage,46.1964412,6.163468
4001977767,"Henri-Mussard, 1208 Genève",cafe,Oh Martine !,46.1998671,6.1627199
4001964391,"Eichelwiesenstrasse 4, 8305 Dietlikon",atm,n/a,47.4219144,8.6195976
4001964391,"Eichelwiesenstrasse 4, 8305 Dietlikon",parking,Post,47.4221767,8.6195687
4001964391,"Eichelwiesenstrasse 4, 8305 Dietlikon",parking,n/a,47.4201263,8.6221723
4001964391,"Eichelwiesenstrasse 4, 8305 Dietlikon",restaurant,Kawali Asian Restaurant,47.4217691,8.6195061
4001964391,"Eichelwiesenstrasse 4, 8305 Dietlikon",restaurant,Wild West Steakhouse TEXAS,47.4210808,8.6192123
4001950380,"Rotwandstrasse 66, 8004 Zürich",atm,Postfinance,47.3765515,8.5273634
4001950380,"Rotwandstrasse 66, 8004 Zürich",restaurant,Fribourger Stübli,47.375039,8.5281814
4001950380,"Rotwandstrasse 66, 8004 Zürich",restaurant,Ristorante Italia,47.3763729,8.5292946
4001950380,"Rotwandstrasse 66, 8004 Zürich",restaurant,The Bite,47.3773121,8.5277904
4001950380,"Rotwandstrasse 66, 8004 Zürich",restaurant,Volkshaus,47.3755766,8.5271252
4001950380,"Rotwandstrasse 66, 8004 Zürich",restaurant,Bossa Nova,47.3770748,8.5274942
4001950380,"Rotwandstrasse 66, 8004 Zürich",bar,raedli,47.3772164,8.5276576
4001950380,"Rotwandstrasse 66, 8004 Zürich",fast_food,Biergarten,47.3769346,8.5272308
4001950380,"Rotwandstrasse 66, 8004 Zürich",cafe,Kiosk Semal,47.376537,8.5282242
4001950380,"Rotwandstrasse 66, 8004 Zürich",bar,Egoist Cabaret Nightclub,47.3764297,8.5280245
4001950380,"Rotwandstrasse 66, 8004 Zürich",restaurant,Brasserie Café de Paris,47.376328,8.527878
4001950380,"Rotwandstrasse 66, 8004 Zürich",restaurant,Ach'i,47.3770439,8.5287783
4001950380,"Rotwandstrasse 66, 8004 Zürich",restaurant,Thai-Food-Corner,47.3769262,8.5284802
4001950380,"Rotwandstrasse 66, 8004 Zürich",bar,Norden,47.3767507,8.5284977
4001950380,"Rotwandstrasse 66, 8004 Zürich",restaurant,Trübli Bar,47.3765636,8.5290029
4001950380,"Rotwandstrasse 66, 8004 Zürich",bar,Red Light,47.3774727,8.5273976
4001950380,"Rotwandstrasse 66, 8004 Zürich",bar,Monroe,47.3774661,8.5279076
4001950380,"Rotwandstrasse 66, 8004 Zürich",restaurant,Don Leone,47.3746589,8.5290969
4001950380,"Rotwandstrasse 66, 8004 Zürich",restaurant,Convivio,47.3757244,8.5292515
4001950380,"Rotwandstrasse 66, 8004 Zürich",restaurant,Accademia del Gusto,47.375334,8.5286575
4001950380,"Rotwandstrasse 66, 8004 Zürich",bar,E.X. 4,47.3757372,8.5288666
4001950380,"Rotwandstrasse 66, 8004 Zürich",restaurant,Ikoo,47.3748928,8.5287964
4001950380,"Rotwandstrasse 66, 8004 Zürich",restaurant,D'Aurora,47.3751694,8.528416
4001950380,"Rotwandstrasse 66, 8004 Zürich",bar,Daniel H.,47.3754267,8.5293032
4001950380,"Rotwandstrasse 66, 8004 Zürich",restaurant,Osteria Santo Bevitore,47.3754803,8.5284806
4001950380,"Rotwandstrasse 66, 8004 Zürich",bar,Vasco's Bar,47.3744297,8.5298014
4001950380,"Rotwandstrasse 66, 8004 Zürich",restaurant,Meat Me,47.3742016,8.5307896
4001950380,"Rotwandstrasse 66, 8004 Zürich",bar,Sherif's Bar,47.3742758,8.5299844
4001950380,"Rotwandstrasse 66, 8004 Zürich",restaurant,Sweet Basil,47.3743454,8.5295536
4001950380,"Rotwandstrasse 66, 8004 Zürich",restaurant,Real,47.3743453,8.5306087
4001950380,"Rotwandstrasse 66, 8004 Zürich",restaurant,Akaraka,47.3746892,8.5294759
4001950380,"Rotwandstrasse 66, 8004 Zürich",restaurant,Bunzai,47.3746427,8.5302421
4001950380,"Rotwandstrasse 66, 8004 Zürich",bar,After Dark,47.3765798,8.5281669
4001950380,"Rotwandstrasse 66, 8004 Zürich",bar,Kanonaegass,47.3772915,8.5291113
4001950380,"Rotwandstrasse 66, 8004 Zürich",bar,Art 4 Bar,47.3774238,8.5292763
4001950380,"Rotwandstrasse 66, 8004 Zürich",bar,Love Story,47.3764724,8.5284217
4001950380,"Rotwandstrasse 66, 8004 Zürich",restaurant,The Sacred,47.3760618,8.5288696
4001950380,"Rotwandstrasse 66, 8004 Zürich",restaurant,Neela,47.3779493,8.5298119
4001950380,"Rotwandstrasse 66, 8004 Zürich",restaurant,Hongxi,47.3777904,8.5296685
4001950380,"Rotwandstrasse 66, 8004 Zürich",bar,Don Miguel,47.3761788,8.5286665
4001950380,"Rotwandstrasse 66, 8004 Zürich",cafe,Summergarte im Zeughausareal,47.3772237,8.5305291
4001950380,"Rotwandstrasse 66, 8004 Zürich",restaurant,Tabula Rasa,47.377911,8.5294772
4001950380,"Rotwandstrasse 66, 8004 Zürich",restaurant,Zeughaushof,47.3778272,8.5304532
4001950380,"Rotwandstrasse 66, 8004 Zürich",restaurant,Ah-Hua,47.3760904,8.5278522
4001950380,"Rotwandstrasse 66, 8004 Zürich",bar,The Mixt,47.3755383,8.529159
4001950380,"Rotwandstrasse 66, 8004 Zürich",restaurant,Don Leone,47.3749163,8.5291408
4001950380,"Rotwandstrasse 66, 8004 Zürich",restaurant,Centro,47.3760181,8.5277705
4001950380,"Rotwandstrasse 66, 8004 Zürich",fast_food,Bilo Bistro,47.3764202,8.5283268
4001950380,"Rotwandstrasse 66, 8004 Zürich",restaurant,Bund 39,47.3749607,8.5287161
4001950380,"Rotwandstrasse 66, 8004 Zürich",restaurant,Veganitas,47.3775824,8.5276791
4001950380,"Rotwandstrasse 66, 8004 Zürich",bar,Barizzi,47.3776951,8.5274497
4001950380,"Rotwandstrasse 66, 8004 Zürich",restaurant,Cima Curry,47.3776729,8.5295685
4001950380,"Rotwandstrasse 66, 8004 Zürich",restaurant,Pho Mai,47.3755405,8.528631
4001950380,"Rotwandstrasse 66, 8004 Zürich",bar,Milieu,47.3776185,8.5275974
4001950380,"Rotwandstrasse 66, 8004 Zürich",bar,Glamour Bar,47.3758798,8.5294424
4001950380,"Rotwandstrasse 66, 8004 Zürich",clinic,Ambulatorium Kanonengasse,47.3775007,8.5296854
4001950380,"Rotwandstrasse 66, 8004 Zürich",clinic,Ambulatorium Kanonengasse,47.3776645,8.5299678
4001950380,"Rotwandstrasse 66, 8004 Zürich",restaurant,The Yard,47.3759287,8.5276269
4001950380,"Rotwandstrasse 66, 8004 Zürich",restaurant,Tsukada Gaijin Izakaya,47.3778441,8.5295709
4001950380,"Rotwandstrasse 66, 8004 Zürich",bar,Campo,47.3762866,8.5270834
4001950380,"Rotwandstrasse 66, 8004 Zürich",fast_food,Zürich Fried Chicken,47.3751013,8.5285248
4001950380,"Rotwandstrasse 66, 8004 Zürich",bar,Carol,47.3778553,8.5284761
4001950380,"Rotwandstrasse 66, 8004 Zürich",fast_food,Huncho,47.3771779,8.5290073
4001950380,"Rotwandstrasse 66, 8004 Zürich",bar,Rasputin,47.3768356,8.5274675
4001950380,"Rotwandstrasse 66, 8004 Zürich",atm,n/a,47.3769288,8.5273742
4001950380,"Rotwandstrasse 66, 8004 Zürich",cafe,kafi babar,47.3744709,8.5297287
4001950380,"Rotwandstrasse 66, 8004 Zürich",restaurant,Ristorante Italia,47.3764793,8.5291319
4001950370,"Rotwandstrasse 66, 8004 Zürich",atm,Postfinance,47.3765515,8.5273634
4001950370,"Rotwandstrasse 66, 8004 Zürich",restaurant,Fribourger Stübli,47.375039,8.5281814
4001950370,"Rotwandstrasse 66, 8004 Zürich",restaurant,Ristorante Italia,47.3763729,8.5292946
4001950370,"Rotwandstrasse 66, 8004 Zürich",restaurant,The Bite,47.3773121,8.5277904
4001950370,"Rotwandstrasse 66, 8004 Zürich",restaurant,Volkshaus,47.3755766,8.5271252
4001950370,"Rotwandstrasse 66, 8004 Zürich",restaurant,Bossa Nova,47.3770748,8.5274942
4001950370,"Rotwandstrasse 66, 8004 Zürich",bar,raedli,47.3772164,8.5276576
4001950370,"Rotwandstrasse 66, 8004 Zürich",fast_food,Biergarten,47.3769346,8.5272308
4001950370,"Rotwandstrasse 66, 8004 Zürich",cafe,Kiosk Semal,47.376537,8.5282242
4001950370,"Rotwandstrasse 66, 8004 Zürich",bar,Egoist Cabaret Nightclub,47.3764297,8.5280245
4001950370,"Rotwandstrasse 66, 8004 Zürich",restaurant,Brasserie Café de Paris,47.376328,8.527878
4001950370,"Rotwandstrasse 66, 8004 Zürich",restaurant,Ach'i,47.3770439,8.5287783
4001950370,"Rotwandstrasse 66, 8004 Zürich",restaurant,Thai-Food-Corner,47.3769262,8.5284802
4001950370,"Rotwandstrasse 66, 8004 Zürich",bar,Norden,47.3767507,8.5284977
4001950370,"Rotwandstrasse 66, 8004 Zürich",restaurant,Trübli Bar,47.3765636,8.5290029
4001950370,"Rotwandstrasse 66, 8004 Zürich",bar,Red Light,47.3774727,8.5273976
4001950370,"Rotwandstrasse 66, 8004 Zürich",bar,Monroe,47.3774661,8.5279076
4001950370,"Rotwandstrasse 66, 8004 Zürich",restaurant,Don Leone,47.3746589,8.5290969
4001950370,"Rotwandstrasse 66, 8004 Zürich",restaurant,Convivio,47.3757244,8.5292515
4001950370,"Rotwandstrasse 66, 8004 Zürich",restaurant,Accademia del Gusto,47.375334,8.5286575
4001950370,"Rotwandstrasse 66, 8004 Zürich",bar,E.X. 4,47.3757372,8.5288666
4001950370,"Rotwandstrasse 66, 8004 Zürich",restaurant,Ikoo,47.3748928,8.5287964
4001950370,"Rotwandstrasse 66, 8004 Zürich",restaurant,D'Aurora,47.3751694,8.528416
4001950370,"Rotwandstrasse 66, 8004 Zürich",bar,Daniel H.,47.3754267,8.5293032
4001950370,"Rotwandstrasse 66, 8004 Zürich",restaurant,Osteria Santo Bevitore,47.3754803,8.5284806
4001950370,"Rotwandstrasse 66, 8004 Zürich",bar,Vasco's Bar,47.3744297,8.5298014
4001950370,"Rotwandstrasse 66, 8004 Zürich",restaurant,Meat Me,47.3742016,8.5307896
4001950370,"Rotwandstrasse 66, 8004 Zürich",bar,Sherif's Bar,47.3742758,8.5299844
4001950370,"Rotwandstrasse 66, 8004 Zürich",restaurant,Sweet Basil,47.3743454,8.5295536
4001950370,"Rotwandstrasse 66, 8004 Zürich",restaurant,Real,47.3743453,8.5306087
4001950370,"Rotwandstrasse 66, 8004 Zürich",restaurant,Akaraka,47.3746892,8.5294759
4001950370,"Rotwandstrasse 66, 8004 Zürich",restaurant,Bunzai,47.3746427,8.5302421
4001950370,"Rotwandstrasse 66, 8004 Zürich",bar,After Dark,47.3765798,8.5281669
4001950370,"Rotwandstrasse 66, 8004 Zürich",bar,Kanonaegass,47.3772915,8.5291113
4001950370,"Rotwandstrasse 66, 8004 Zürich",bar,Art 4 Bar,47.3774238,8.5292763
4001950370,"Rotwandstrasse 66, 8004 Zürich",bar,Love Story,47.3764724,8.5284217
4001950370,"Rotwandstrasse 66, 8004 Zürich",restaurant,The Sacred,47.3760618,8.5288696
4001950370,"Rotwandstrasse 66, 8004 Zürich",restaurant,Neela,47.3779493,8.5298119
4001950370,"Rotwandstrasse 66, 8004 Zürich",restaurant,Hongxi,47.3777904,8.5296685
4001950370,"Rotwandstrasse 66, 8004 Zürich",bar,Don Miguel,47.3761788,8.5286665
4001950370,"Rotwandstrasse 66, 8004 Zürich",cafe,Summergarte im Zeughausareal,47.3772237,8.5305291
4001950370,"Rotwandstrasse 66, 8004 Zürich",restaurant,Tabula Rasa,47.377911,8.5294772
4001950370,"Rotwandstrasse 66, 8004 Zürich",restaurant,Zeughaushof,47.3778272,8.5304532
4001950370,"Rotwandstrasse 66, 8004 Zürich",restaurant,Ah-Hua,47.3760904,8.5278522
4001950370,"Rotwandstrasse 66, 8004 Zürich",bar,The Mixt,47.3755383,8.529159
4001950370,"Rotwandstrasse 66, 8004 Zürich",restaurant,Don Leone,47.3749163,8.5291408
4001950370,"Rotwandstrasse 66, 8004 Zürich",restaurant,Centro,47.3760181,8.5277705
4001950370,"Rotwandstrasse 66, 8004 Zürich",fast_food,Bilo Bistro,47.3764202,8.5283268
4001950370,"Rotwandstrasse 66, 8004 Zürich",restaurant,Bund 39,47.3749607,8.5287161
4001950370,"Rotwandstrasse 66, 8004 Zürich",restaurant,Veganitas,47.3775824,8.5276791
4001950370,"Rotwandstrasse 66, 8004 Zürich",bar,Barizzi,47.3776951,8.5274497
4001950370,"Rotwandstrasse 66, 8004 Zürich",restaurant,Cima Curry,47.3776729,8.5295685
4001950370,"Rotwandstrasse 66, 8004 Zürich",restaurant,Pho Mai,47.3755405,8.528631
4001950370,"Rotwandstrasse 66, 8004 Zürich",bar,Milieu,47.3776185,8.5275974
4001950370,"Rotwandstrasse 66, 8004 Zürich",bar,Glamour Bar,47.3758798,8.5294424
4001950370,"Rotwandstrasse 66, 8004 Zürich",clinic,Ambulatorium Kanonengasse,47.3775007,8.5296854
4001950370,"Rotwandstrasse 66, 8004 Zürich",clinic,Ambulatorium Kanonengasse,47.3776645,8.5299678
4001950370,"Rotwandstrasse 66, 8004 Zürich",restaurant,The Yard,47.3759287,8.5276269
4001950370,"Rotwandstrasse 66, 8004 Zürich",restaurant,Tsukada Gaijin Izakaya,47.3778441,8.5295709
4001950370,"Rotwandstrasse 66, 8004 Zürich",bar,Campo,47.3762866,8.5270834
4001950370,"Rotwandstrasse 66, 8004 Zürich",fast_food,Zürich Fried Chicken,47.3751013,8.5285248
4001950370,"Rotwandstrasse 66, 8004 Zürich",bar,Carol,47.3778553,8.5284761
4001950370,"Rotwandstrasse 66, 8004 Zürich",fast_food,Huncho,47.3771779,8.5290073
4001950370,"Rotwandstrasse 66, 8004 Zürich",bar,Rasputin,47.3768356,8.5274675
4001950370,"Rotwandstrasse 66, 8004 Zürich",atm,n/a,47.3769288,8.5273742
4001950370,"Rotwandstrasse 66, 8004 Zürich",cafe,kafi babar,47.3744709,8.5297287
4001950370,"Rotwandstrasse 66, 8004 Zürich",restaurant,Ristorante Italia,47.3764793,8.5291319
4001874968,"Poststrasse 19, 2504 Biel/Bienne",atm,Postfinance,47.1464415,7.2733008
4001874968,"Poststrasse 19, 2504 Biel/Bienne",fast_food,Express Pizza,47.14724,7.27352
4001874968,"Poststrasse 19, 2504 Biel/Bienne",atm,BEKB BCBE,47.1461079,7.2723818
4001874968,"Poststrasse 19, 2504 Biel/Bienne",fast_food,Pizza Piccolo,47.146539,7.270339
4002065974,"Birkenstrasse 2, 4144 Arlesheim",parking,n/a,47.4961291,7.5666891
4002064068,"Klotenerstrasse 78, 8303 Bassersdorf",restaurant,Barone,47.4448658,8.6244188
4002064068,"Klotenerstrasse 78, 8303 Bassersdorf",restaurant,Mare & Monti,47.4442989,8.624894
4002064068,"Klotenerstrasse 78, 8303 Bassersdorf",parking,n/a,47.4431257,8.6237222
4002063200,3280 Murten,restaurant,Morango,46.9236469,7.1145828
4002053448,"Rainweg 1B, 4713 Matzendorf",parking,n/a,47.3064863,7.6290301
4002053448,"Rainweg 1B, 4713 Matzendorf",parking,n/a,47.3066341,7.6286032
4002053448,"Rainweg 1B, 4713 Matzendorf",parking,n/a,47.3083974,7.6263997
4002039406,"Maurerweg 12, 2503 Biel",fast_food,Bravo Pizza,47.1343076,7.255173
4002039406,"Maurerweg 12, 2503 Biel",parking,n/a,47.1329241,7.2567841
4002039406,"Maurerweg 12, 2503 Biel",parking,n/a,47.1337612,7.2568258
4002039406,"Maurerweg 12, 2503 Biel",parking,n/a,47.1337863,7.2559719
4002039406,"Maurerweg 12, 2503 Biel",parking,n/a,47.133918,7.2541349
4002039406,"Maurerweg 12, 2503 Biel",school,École primaire Madretsch - Primarschule Madretsch,47.1352806,7.2560845
4002039406,"Maurerweg 12, 2503 Biel",restaurant,Ristorante Pizzeria da Piano,47.1349092,7.2560281
4001908556,"Rue du Jura 7, 1196 Gland",library,"Bibliothèque ""Aux mille feuilles""",46.4238064,6.2662221
4001908556,"Rue du Jura 7, 1196 Gland",pharmacy,Benu,46.4236176,6.2617014
4001908556,"Rue du Jura 7, 1196 Gland",bank,UBS,46.4227379,6.261509
4001908556,"Rue du Jura 7, 1196 Gland",restaurant,Pacha,46.423971,6.2627066
4001908556,"Rue du Jura 7, 1196 Gland",cafe,La Ruelle,46.4232098,6.2657748
4001908556,"Rue du Jura 7, 1196 Gland",fast_food,My Kebab,46.4231562,6.2656489
4001908556,"Rue du Jura 7, 1196 Gland",fast_food,My Kebab,46.4238013,6.265044
4001899051,"Baselstrasse 47, 4500 Solothurn",restaurant,Restaurant Sternen,47.2121965,7.5449478
4001899051,"Baselstrasse 47, 4500 Solothurn",restaurant,Class Pizza Burger,47.213411,7.5471937
4001899051,"Baselstrasse 47, 4500 Solothurn",library,Bibliothek der Pädagogischen Hochschule,47.212463,7.5433011
4001899051,"Baselstrasse 47, 4500 Solothurn",fast_food,Mensa FHNW,47.2124438,7.54302
4001891329,"Chemin de Cuard 2, 2022 Bevaix",pharmacy,Pharmacie du Château,46.929826,6.8146909
4001891329,"Chemin de Cuard 2, 2022 Bevaix",bank,Raiffeisen,46.9304524,6.8152246
4001891329,"Chemin de Cuard 2, 2022 Bevaix",restaurant,Auberge de commune,46.930218,6.8155653
4001891329,"Chemin de Cuard 2, 2022 Bevaix",atm,n/a,46.9305074,6.8152863
4001891329,"Chemin de Cuard 2, 2022 Bevaix",restaurant,Hôtel restaurant du Cygne,46.9304305,6.8156055
4001891329,"Chemin de Cuard 2, 2022 Bevaix",library,Bibliothèque de Bevaix,46.9306002,6.8128913
4001886453,"Militärstrasse 106, 8004 Zürich",pub,Total Bar,47.3787873,8.5288027
4001886453,"Militärstrasse 106, 8004 Zürich",pub,Mars Bar,47.3804729,8.5270494
4001886453,"Militärstrasse 106, 8004 Zürich",restaurant,Gambrinus,47.3787576,8.5270372
4001886453,"Militärstrasse 106, 8004 Zürich",pub,Amazonia Bar,47.3797682,8.5267148
4001886453,"Militärstrasse 106, 8004 Zürich",bar,Roxy,47.3796168,8.5261794
4001886453,"Militärstrasse 106, 8004 Zürich",bar,Piranha Bar,47.3782611,8.5272144
4001886453,"Militärstrasse 106, 8004 Zürich",pub,Memphis Bar & Lounge,47.379249,8.5273521
4001886453,"Militärstrasse 106, 8004 Zürich",pharmacy,Paracelsus-Apotheke,47.3793647,8.5276523
4001886453,"Militärstrasse 106, 8004 Zürich",bar,Lambada Bar Club,47.3784465,8.5268634
4001886453,"Militärstrasse 106, 8004 Zürich",bar,Longstreet Bar Club,47.3781306,8.5269419
4001886453,"Militärstrasse 106, 8004 Zürich",fast_food,Piranha,47.378232,8.5272796
4001886453,"Militärstrasse 106, 8004 Zürich",restaurant,Stubä,47.3779077,8.5270821
4001886453,"Militärstrasse 106, 8004 Zürich",bar,Lugano Bar,47.378784,8.5273116
4001886453,"Militärstrasse 106, 8004 Zürich",restaurant,Schweizerdegen El Papi,47.3784958,8.5271796
4001886453,"Militärstrasse 106, 8004 Zürich",bar,Kanonaegass,47.3772915,8.5291113
4001886453,"Militärstrasse 106, 8004 Zürich",bar,Art 4 Bar,47.3774238,8.5292763
4001886453,"Militärstrasse 106, 8004 Zürich",restaurant,Neela,47.3779493,8.5298119
4001886453,"Militärstrasse 106, 8004 Zürich",restaurant,Lele,47.3784747,8.530352
4001886453,"Militärstrasse 106, 8004 Zürich",pub,Old Gregory Pub,47.3799256,8.5274015
4001886453,"Militärstrasse 106, 8004 Zürich",restaurant,Khujug,47.3798297,8.5270667
4001886453,"Militärstrasse 106, 8004 Zürich",bar,Schickeria,47.3804469,8.527784
4001886453,"Militärstrasse 106, 8004 Zürich",bar,The Spot Bar,47.379506,8.5260401
4001886453,"Militärstrasse 106, 8004 Zürich",restaurant,Restaurant Schnupf / Rangierbahnhof,47.3808758,8.5262009
4001886453,"Militärstrasse 106, 8004 Zürich",restaurant,Biondi,47.3793855,8.5258658
4001886453,"Militärstrasse 106, 8004 Zürich",bar,Toro Bar,47.3803358,8.5261534
4001886453,"Militärstrasse 106, 8004 Zürich",bar,Bar 63 chez Sylvia,47.3792854,8.5260935
4001886453,"Militärstrasse 106, 8004 Zürich",bar,Midway,47.3793966,8.5262654
4001886453,"Militärstrasse 106, 8004 Zürich",bar,Tipsy Tiger,47.3798446,8.5276503
4001886453,"Militärstrasse 106, 8004 Zürich",bar,Golden Gate Bar,47.3799979,8.5267203
4001886453,"Militärstrasse 106, 8004 Zürich",bar,Sudaka,47.3794533,8.5282622
4001886453,"Militärstrasse 106, 8004 Zürich",bar,Club HW,47.3807478,8.526894
4001886453,"Militärstrasse 106, 8004 Zürich",bar,Strauss,47.379674,8.5278486
4001886453,"Militärstrasse 106, 8004 Zürich",restaurant,Thach,47.3786741,8.5299156
4001886453,"Militärstrasse 106, 8004 Zürich",bar,Ka3an,47.3787218,8.5298173
4001886453,"Militärstrasse 106, 8004 Zürich",restaurant,Pizzeria Milano,47.3791536,8.5283971
4001886453,"Militärstrasse 106, 8004 Zürich",fast_food,Italia Bistro To-Go da Lisa,47.3794249,8.5280229
4001886453,"Militärstrasse 106, 8004 Zürich",restaurant,Morgenstern da Mario,47.3784276,8.5284216
4001886453,"Militärstrasse 106, 8004 Zürich",fast_food,Officina dos Sabores,47.3791641,8.527304
4001886453,"Militärstrasse 106, 8004 Zürich",fast_food,Rosita's,47.3793553,8.5297102
4001886453,"Militärstrasse 106, 8004 Zürich",bar,Exer,47.3783341,8.5286082
4001886453,"Militärstrasse 106, 8004 Zürich",fast_food,Rotana,47.3787145,8.5267193
4001886453,"Militärstrasse 106, 8004 Zürich",restaurant,Stella Alpina,47.3787987,8.5265659
4001886453,"Militärstrasse 106, 8004 Zürich",restaurant,Hongxi,47.3777904,8.5296685
4001886453,"Militärstrasse 106, 8004 Zürich",bar,Macuto's Bar,47.3786157,8.5265819
4001886453,"Militärstrasse 106, 8004 Zürich",bar,Negresco,47.3780116,8.5277525
4001886453,"Militärstrasse 106, 8004 Zürich",bar,Thai Tirak,47.3781726,8.5277611
4001886453,"Militärstrasse 106, 8004 Zürich",restaurant,Kinkhao,47.3782008,8.5292404
4001886453,"Militärstrasse 106, 8004 Zürich",restaurant,Tabula Rasa,47.377911,8.5294772
4001886453,"Militärstrasse 106, 8004 Zürich",restaurant,Zeughaushof,47.3778272,8.5304532
4001886453,"Militärstrasse 106, 8004 Zürich",restaurant,Viet-Thai,47.3780557,8.5299364
4001886453,"Militärstrasse 106, 8004 Zürich",bar,Klaus,47.3789337,8.5273866
4001886453,"Militärstrasse 106, 8004 Zürich",fast_food,Palestine Grill,47.3781481,8.5269898
4001886453,"Militärstrasse 106, 8004 Zürich",restaurant,Ynos,47.3789304,8.5314462
4001886453,"Militärstrasse 106, 8004 Zürich",bar,Bar OTRO,47.3784483,8.5287399
4001886453,"Militärstrasse 106, 8004 Zürich",fast_food,Yalda,47.3792529,8.5311093
4001886453,"Militärstrasse 106, 8004 Zürich",restaurant,Cima Curry,47.3776729,8.5295685
4001886453,"Militärstrasse 106, 8004 Zürich",bar,Olé Olé Bar,47.3800296,8.5280643
4001886453,"Militärstrasse 106, 8004 Zürich",restaurant,Now We Go Vegan,47.3789404,8.5267275
4001886453,"Militärstrasse 106, 8004 Zürich",restaurant,Kokoro,47.3807187,8.526522
4001886453,"Militärstrasse 106, 8004 Zürich",restaurant,Neni,47.3803007,8.5287319
4001886453,"Militärstrasse 106, 8004 Zürich",clinic,Ambulatorium Kanonengasse,47.3775007,8.5296854
4001886453,"Militärstrasse 106, 8004 Zürich",clinic,Ambulatorium Kanonengasse,47.3776645,8.5299678
4001886453,"Militärstrasse 106, 8004 Zürich",restaurant,Gaucho,47.3798059,8.5257791
4001886453,"Militärstrasse 106, 8004 Zürich",pub,Bar Rossi,47.3794846,8.5272309
4001886453,"Militärstrasse 106, 8004 Zürich",fast_food,Phuket Thai Food,47.3802073,8.5263721
4001886453,"Militärstrasse 106, 8004 Zürich",restaurant,Roi-Et,47.3805838,8.5261448
4001886453,"Militärstrasse 106, 8004 Zürich",pub,Kater,47.3781604,8.5300866
4001886453,"Militärstrasse 106, 8004 Zürich",restaurant,Tsukada Gaijin Izakaya,47.3778441,8.5295709
4001886453,"Militärstrasse 106, 8004 Zürich",bar,Fat Tony,47.380048,8.5277818
4001886453,"Militärstrasse 106, 8004 Zürich",atm,Zürcher Kantonalbank,47.3787956,8.5315072
4001886453,"Militärstrasse 106, 8004 Zürich",atm,Bankomat,47.3795123,8.5277145
4001886453,"Militärstrasse 106, 8004 Zürich",school,Juventus Schulen,47.3800683,8.5298792
4001886453,"Militärstrasse 106, 8004 Zürich",pub,Rum 97,47.3783549,8.5268233
4001886453,"Militärstrasse 106, 8004 Zürich",bar,Cinchona Bar,47.3805067,8.5286126
4001886453,"Militärstrasse 106, 8004 Zürich",fast_food,Zum goldenen Taschenbrot,47.3788366,8.5291393
4001886453,"Militärstrasse 106, 8004 Zürich",bar,Sanny Bar & Lounge,47.3792182,8.5275828
4001886453,"Militärstrasse 106, 8004 Zürich",school,BERIT-EXBIT-Schule,47.378566,8.5301996
4001886453,"Militärstrasse 106, 8004 Zürich",bar,Carol,47.3778553,8.5284761
4001886453,"Militärstrasse 106, 8004 Zürich",bar,Tropical Bar,47.3800581,8.5266162
4001886453,"Militärstrasse 106, 8004 Zürich",restaurant,Simon Says Taste Taiwan,47.3787381,8.5277431
4001886453,"Militärstrasse 106, 8004 Zürich",restaurant,Disco Volante,47.3806824,8.5271354
4001886453,"Militärstrasse 106, 8004 Zürich",cafe,Bar Butter,47.3789061,8.527821
4001886453,"Militärstrasse 106, 8004 Zürich",fast_food,Swiss Fried Chicken,47.3788213,8.5276299
4001886453,"Militärstrasse 106, 8004 Zürich",atm,n/a,47.3781831,8.5269322
4001886453,"Militärstrasse 106, 8004 Zürich",fast_food,Taste of Africa,47.379434,8.5279472
4001886453,"Militärstrasse 106, 8004 Zürich",bar,Zwllings Bar,47.3792121,8.5282699
4001886453,"Militärstrasse 106, 8004 Zürich",restaurant,Khouris,47.3800736,8.5289015
4001886453,"Militärstrasse 106, 8004 Zürich",restaurant,Charlatan Restodisco,47.3798514,8.5284862
4001886453,"Militärstrasse 106, 8004 Zürich",fast_food,La Isla Bonita,47.3797897,8.5286284
4001886453,"Militärstrasse 106, 8004 Zürich",atm,Bity Crypto ATM,47.3790902,8.5290966
4001886453,"Militärstrasse 106, 8004 Zürich",fast_food,Tipsy Tiger,47.3799226,8.5277248
4000806194,"Poststrasse 19, 2504 Biel/Bienne",atm,Postfinance,47.1464415,7.2733008
4000806194,"Poststrasse 19, 2504 Biel/Bienne",fast_food,Express Pizza,47.14724,7.27352
4002063419,"Place du Bourg-de-Four, 1204 Genève",parking,Parking Saint-Antoine,46.1996589,6.1509495
4002063419,"Place du Bourg-de-Four, 1204 Genève",pharmacy,Pharmacie Populaire Grosclaude,46.2017254,6.1522223
4002063419,"Place du Bourg-de-Four, 1204 Genève",fast_food,McDonald's,46.2019663,6.1526595
4002063419,"Place du Bourg-de-Four, 1204 Genève",restaurant,SMOK'ED,46.2022402,6.1485222
4002063419,"Place du Bourg-de-Four, 1204 Genève",cafe,Street Gourmet,46.2026118,6.1508541
4002063419,"Place du Bourg-de-Four, 1204 Genève",bank,n/a,46.2030959,6.149838
4002063419,"Place du Bourg-de-Four, 1204 Genève",bar,New Navy Bar,46.1997457,6.1484877
4002063419,"Place du Bourg-de-Four, 1204 Genève",library,Bibliothèque braille romande et livre parlé,46.1997707,6.1482834
4002063419,"Place du Bourg-de-Four, 1204 Genève",restaurant,Le Flore,46.2015715,6.1498006
4002063419,"Place du Bourg-de-Four, 1204 Genève",restaurant,Pâtisserie,46.2010675,6.149344
4002063419,"Place du Bourg-de-Four, 1204 Genève",cafe,La Clémence,46.2002116,6.1487995
4002063419,"Place du Bourg-de-Four, 1204 Genève",pharmacy,Pharmacie du Bourg-de-Four,46.2004672,6.1490445
4002063419,"Place du Bourg-de-Four, 1204 Genève",restaurant,Au Pied de Cochon,46.2008165,6.1492919
4002063419,"Place du Bourg-de-Four, 1204 Genève",cafe,Véranda Café,46.2015628,6.1515856
4002063419,"Place du Bourg-de-Four, 1204 Genève",restaurant,Le Perron,46.2021786,6.1482005
4002063419,"Place du Bourg-de-Four, 1204 Genève",restaurant,Café du Bourg de Four,46.199858,6.1490417
4002063419,"Place du Bourg-de-Four, 1204 Genève",restaurant,MangoDeck,46.1998642,6.1489395
4002063419,"Place du Bourg-de-Four, 1204 Genève",restaurant,Le Syracuse,46.1997593,6.1485477
4002063419,"Place du Bourg-de-Four, 1204 Genève",restaurant,Sushi Train,46.203264,6.1498128
4002063419,"Place du Bourg-de-Four, 1204 Genève",cafe,Starbucks,46.2028995,6.1497964
4002063419,"Place du Bourg-de-Four, 1204 Genève",restaurant,Le Thermomètre,46.2031549,6.1496272
4002063419,"Place du Bourg-de-Four, 1204 Genève",restaurant,Spaghetti Factory,46.201446,6.1497645
4002063419,"Place du Bourg-de-Four, 1204 Genève",restaurant,Le Demi Lune Café,46.1996075,6.149374
4002063419,"Place du Bourg-de-Four, 1204 Genève",restaurant,Steak Street Food,46.2013863,6.1503538
4002063419,"Place du Bourg-de-Four, 1204 Genève",restaurant,Crêperie St-Pierre,46.2007795,6.1479269
4002063419,"Place du Bourg-de-Four, 1204 Genève",cafe,Le Studio Café,46.1999147,6.1493302
4002063419,"Place du Bourg-de-Four, 1204 Genève",cafe,Le Bistrot des Arts,46.2003157,6.1488988
4002063419,"Place du Bourg-de-Four, 1204 Genève",restaurant,Le Radar de pOche,46.2001883,6.149596
4002063419,"Place du Bourg-de-Four, 1204 Genève",cafe,Vino Olio Caffè,46.2003002,6.1497446
4002063419,"Place du Bourg-de-Four, 1204 Genève",restaurant,A la Pomme d'Or,46.2002709,6.1488537
4002063419,"Place du Bourg-de-Four, 1204 Genève",cafe,Ferdinand,46.1998354,6.1488467
4002063419,"Place du Bourg-de-Four, 1204 Genève",fast_food,Sushi Shop,46.2015339,6.151033
4002063419,"Place du Bourg-de-Four, 1204 Genève",restaurant,Ariston Bar Restaurant,46.2029138,6.1506426
4002063419,"Place du Bourg-de-Four, 1204 Genève",cafe,La Bergamote Genève,46.2023363,6.1493127
4002063419,"Place du Bourg-de-Four, 1204 Genève",restaurant,Le 33,46.1997471,6.1484245
4002063419,"Place du Bourg-de-Four, 1204 Genève",restaurant,Omusubi,46.2018455,6.1476199
4002063419,"Place du Bourg-de-Four, 1204 Genève",fast_food,Döner kebap,46.2023213,6.1509912
4002061790,"Chemin de Bonne-Espérance, 1006 Lausanne",restaurant,Trishul café restaurant indien,46.5139894,6.6475915
4002059774,"Route des Arsenaux, 1700 Fribourg",bank,Credit Suisse,46.8037705,7.1528432
4002059774,"Route des Arsenaux, 1700 Fribourg",pharmacy,Pharmacie Dr A Marca,46.8027202,7.1515284
4002059774,"Route des Arsenaux, 1700 Fribourg",parking,n/a,46.8017726,7.1540331
4002059774,"Route des Arsenaux, 1700 Fribourg",restaurant,De Pérolles,46.8002706,7.1525963
4002059774,"Route des Arsenaux, 1700 Fribourg",bar,Le Café XX,46.804327,7.152201
4002059774,"Route des Arsenaux, 1700 Fribourg",atm,Raiffeisen,46.803271,7.150951
4002059774,"Route des Arsenaux, 1700 Fribourg",bar,Ancienne Gare,46.802203,7.1503768
4002059774,"Route des Arsenaux, 1700 Fribourg",bank,UBS,46.8036479,7.1541931
4002059774,"Route des Arsenaux, 1700 Fribourg",parking,Parking de Fribourg Centre,46.8027481,7.1527704
4002059774,"Route des Arsenaux, 1700 Fribourg",atm,n/a,46.8018427,7.1514562
4002059774,"Route des Arsenaux, 1700 Fribourg",parking,Parking de la Gare,46.8041248,7.1512473
4002059774,"Route des Arsenaux, 1700 Fribourg",restaurant,Alconi Restaurant - Cantine,46.8040456,7.1510044
4002059774,"Route des Arsenaux, 1700 Fribourg",restaurant,Le Pérolles,46.8020268,7.1512463
4002059774,"Route des Arsenaux, 1700 Fribourg",bank,Crédit Agricole,46.8010994,7.151726
4002059774,"Route des Arsenaux, 1700 Fribourg",pharmacy,Benu,46.8028847,7.1511161
4002059774,"Route des Arsenaux, 1700 Fribourg",cafe,Starbucks,46.8027925,7.1510442
4002059774,"Route des Arsenaux, 1700 Fribourg",fast_food,Au Bospore,46.8023919,7.1508991
4002059774,"Route des Arsenaux, 1700 Fribourg",bank,Banque CIC Suisse,46.8024442,7.1509096
4002059774,"Route des Arsenaux, 1700 Fribourg",cafe,Le Passenger,46.8026344,7.1507497
4002059774,"Route des Arsenaux, 1700 Fribourg",atm,Postfinance,46.8030884,7.1510433
4002059774,"Route des Arsenaux, 1700 Fribourg",fast_food,Café Istanbul,46.8014361,7.1507751
4002059774,"Route des Arsenaux, 1700 Fribourg",parking,Les Galeries du Rex,46.8009111,7.1512846
4002059774,"Route des Arsenaux, 1700 Fribourg",pharmacy,Pharmacie Dr.Hagendorf,46.8019679,7.1517882
4002059774,"Route des Arsenaux, 1700 Fribourg",bar,Korso - Kino Bar Bier,46.8004553,7.1520125
4002059774,"Route des Arsenaux, 1700 Fribourg",restaurant,San Marco,46.8010124,7.1522881
4002059774,"Route des Arsenaux, 1700 Fribourg",fast_food,Mike Wong,46.8011706,7.1516797
4002059774,"Route des Arsenaux, 1700 Fribourg",cafe,Coffee & Friends,46.8031788,7.1509556
4002059774,"Route des Arsenaux, 1700 Fribourg",parking,n/a,46.8015877,7.1510559
4002059774,"Route des Arsenaux, 1700 Fribourg",fast_food,Burger King,46.8031748,7.15121
4002059774,"Route des Arsenaux, 1700 Fribourg",fast_food,Brezelkönig,46.803376,7.150616
4002059774,"Route des Arsenaux, 1700 Fribourg",bar,Lapart,46.8022163,7.1537163
4002059774,"Route des Arsenaux, 1700 Fribourg",cafe,Brut Café,46.8034883,7.153474
4002059774,"Route des Arsenaux, 1700 Fribourg",fast_food,Walima,46.8011076,7.1521812
4002059774,"Route des Arsenaux, 1700 Fribourg",restaurant,Mykebab,46.8037152,7.1514434
4002059774,"Route des Arsenaux, 1700 Fribourg",atm,Int Bank,46.8031102,7.1510522
4002059774,"Route des Arsenaux, 1700 Fribourg",restaurant,China town,46.8028731,7.1517428
4002059774,"Route des Arsenaux, 1700 Fribourg",restaurant,Le centre,46.80361,7.1518808
4002059774,"Route des Arsenaux, 1700 Fribourg",fast_food,Star Pizza Kebab,46.8006982,7.1519523
4002059774,"Route des Arsenaux, 1700 Fribourg",restaurant,L’unique tartare,46.803188,7.1511821
4002059774,"Route des Arsenaux, 1700 Fribourg",pub,Café des Grand Places (ex Paddy Reilly's),46.802514,7.153723
4002059774,"Route des Arsenaux, 1700 Fribourg",restaurant,Ristorante Gemelli,46.8031068,7.1539257
4002059774,"Route des Arsenaux, 1700 Fribourg",restaurant,Crêperie Bach & Buck,46.8023848,7.1531764
4002059774,"Route des Arsenaux, 1700 Fribourg",pub,Les Gosses du Québec,46.802119,7.1517355
4002059774,"Route des Arsenaux, 1700 Fribourg",university,Beauregard 01,46.8025294,7.1490731
4002059774,"Route des Arsenaux, 1700 Fribourg",parking,n/a,46.8043585,7.1529515
4002059774,"Route des Arsenaux, 1700 Fribourg",fast_food,Dunkin',46.8027983,7.1516347
4002059774,"Route des Arsenaux, 1700 Fribourg",parking,n/a,46.800824,7.1508499
4002059774,"Route des Arsenaux, 1700 Fribourg",restaurant,Sushi Kai,46.8035054,7.1512967
4002059774,"Route des Arsenaux, 1700 Fribourg",fast_food,L'artisan,46.8035687,7.1513452
4002059774,"Route des Arsenaux, 1700 Fribourg",bar,Le Cintra,46.8015634,7.1519484
4002038113,"Maurerweg 12, 2503 Biel",fast_food,Bravo Pizza,47.1343076,7.255173
4002038113,"Maurerweg 12, 2503 Biel",parking,n/a,47.1329241,7.2567841
4002038113,"Maurerweg 12, 2503 Biel",parking,n/a,47.1337612,7.2568258
4002038113,"Maurerweg 12, 2503 Biel",parking,n/a,47.1337863,7.2559719
4002038113,"Maurerweg 12, 2503 Biel",parking,n/a,47.133918,7.2541349
4002038113,"Maurerweg 12, 2503 Biel",school,École primaire Madretsch - Primarschule Madretsch,47.1352806,7.2560845
4002038113,"Maurerweg 12, 2503 Biel",restaurant,Ristorante Pizzeria da Piano,47.1349092,7.2560281
4002023693,"Wankdorffeldstrasse 103, 3014 Bern",restaurant,Il Profeta,46.9637361,7.4560047
4002023693,"Wankdorffeldstrasse 103, 3014 Bern",parking,n/a,46.9651547,7.4609877
4002023693,"Wankdorffeldstrasse 103, 3014 Bern",restaurant,Migros Restaurant,46.9653822,7.4587406
4002023693,"Wankdorffeldstrasse 103, 3014 Bern",school,Migros Klubschule Bern Wankdorf,46.9654177,7.4586191
4002023693,"Wankdorffeldstrasse 103, 3014 Bern",restaurant,Nordring,46.9641631,7.4577302
4002003227,"Seestrasse 136-142, 8707 Uetikon am See",parking,n/a,47.2591461,8.6757476
4002003227,"Seestrasse 136-142, 8707 Uetikon am See",bar,Sichtbar,47.2592491,8.6748191
4001991978,"Rue Charles-Giron 14, 1203 Genève",library,Bibliothèque de Saint-Jean,46.2057295,6.1270445
4001991978,"Rue Charles-Giron 14, 1203 Genève",restaurant,Pizzeria les Tilleuls,46.2058099,6.1311533
4001991978,"Rue Charles-Giron 14, 1203 Genève",restaurant,La Limite,46.2064678,6.1301205
4001991978,"Rue Charles-Giron 14, 1203 Genève",pharmacy,Pharmacie de la Dôle,46.2074676,6.130493
4001991978,"Rue Charles-Giron 14, 1203 Genève",restaurant,Le Chanaan,46.2059677,6.1271143
4001991978,"Rue Charles-Giron 14, 1203 Genève",restaurant,Ming Wah,46.204894,6.1301509
4001991978,"Rue Charles-Giron 14, 1203 Genève",restaurant,Na Village,46.2052734,6.131489
4001991978,"Rue Charles-Giron 14, 1203 Genève",restaurant,La Cocina Argentina,46.2052599,6.1321939
4001991978,"Rue Charles-Giron 14, 1203 Genève",cafe,Entre Nous,46.2073067,6.1299849
4001991978,"Rue Charles-Giron 14, 1203 Genève",school,ortra santé social,46.2068311,6.1301644
4001991978,"Rue Charles-Giron 14, 1203 Genève",restaurant,Café de Charmilles,46.2076878,6.1276386
4001991978,"Rue Charles-Giron 14, 1203 Genève",restaurant,Le Picotin,46.205459,6.1276644
4001913747,"Rue Rousseau, 1201 Genève",fast_food,McDonald's,46.2090171,6.1441096
4001913747,"Rue Rousseau, 1201 Genève",cafe,Starbucks,46.206384,6.1450353
4001913747,"Rue Rousseau, 1201 Genève",cafe,Chatime KINAYO,46.207876,6.1416771
4001913747,"Rue Rousseau, 1201 Genève",parking,Grenus,46.2068252,6.1430821
4001913747,"Rue Rousseau, 1201 Genève",restaurant,Age d'Or,46.2080041,6.1422552
4001913747,"Rue Rousseau, 1201 Genève",pharmacy,Amavita,46.2080788,6.143467
4001913747,"Rue Rousseau, 1201 Genève",pharmacy,Pharmacie du Progrès,46.2069618,6.1432079
4001913747,"Rue Rousseau, 1201 Genève",pub,Mulligans,46.2071296,6.1433642
4001913747,"Rue Rousseau, 1201 Genève",cafe,Post' Cafe,46.2090242,6.1446068
4001913747,"Rue Rousseau, 1201 Genève",bar,Black Sheep,46.2063362,6.1435471
4001913747,"Rue Rousseau, 1201 Genève",bank,Cembra Banque,46.2073669,6.1449154
4001913747,"Rue Rousseau, 1201 Genève",restaurant,Chez ma Cousine,46.2075229,6.1440576
4001913747,"Rue Rousseau, 1201 Genève",atm,n/a,46.2085097,6.1450994
4001913747,"Rue Rousseau, 1201 Genève",pharmacy,Pharmacie Principale,46.2071445,6.1421916
4001913747,"Rue Rousseau, 1201 Genève",restaurant,Zhong Tong,46.2068742,6.1447473
4001913747,"Rue Rousseau, 1201 Genève",restaurant,Restaurant le Mandarin,46.2078438,6.1453875
4001913747,"Rue Rousseau, 1201 Genève",pharmacy,Pharmacie des Bergues,46.2064492,6.1453573
4001913747,"Rue Rousseau, 1201 Genève",pharmacy,Pharmacie du Mortier d'or,46.206292,6.1427704
4001913747,"Rue Rousseau, 1201 Genève",pharmacy,Plaza,46.2077532,6.1453692
4001913747,"Rue Rousseau, 1201 Genève",restaurant,Mamma Corleone,46.2069866,6.1449561
4001913747,"Rue Rousseau, 1201 Genève",bar,Le Rouge et le Blanc,46.2065114,6.145599
4001913747,"Rue Rousseau, 1201 Genève",bar,La Bretelle,46.2066225,6.1440166
4001913747,"Rue Rousseau, 1201 Genève",bar,n/a,46.2060852,6.1431344
4001913747,"Rue Rousseau, 1201 Genève",bank,Crédit Agricole,46.2081777,6.1426988
4001913747,"Rue Rousseau, 1201 Genève",restaurant,Mike Wong,46.2072862,6.144676
4001913747,"Rue Rousseau, 1201 Genève",cafe,n/a,46.2082737,6.1447666
4001913747,"Rue Rousseau, 1201 Genève",restaurant,Miyako,46.208003,6.1443977
4001913747,"Rue Rousseau, 1201 Genève",restaurant,Alfredo,46.2084435,6.1440087
4001913747,"Rue Rousseau, 1201 Genève",restaurant,Le phare,46.2080154,6.1442005
4001913747,"Rue Rousseau, 1201 Genève",fast_food,Five Guys,46.2091222,6.1439368
4001913747,"Rue Rousseau, 1201 Genève",cafe,Boreal Coffee Shop,46.2088502,6.1438349
4001913747,"Rue Rousseau, 1201 Genève",restaurant,Boreal x El Salad,46.2087384,6.143358
4001913747,"Rue Rousseau, 1201 Genève",restaurant,Sam's grill house,46.2081859,6.1457191
4001913747,"Rue Rousseau, 1201 Genève",cafe,Elsalad,46.2062535,6.1434707
4001913747,"Rue Rousseau, 1201 Genève",restaurant,Kebab Instanbul,46.2091142,6.143346
4001913747,"Rue Rousseau, 1201 Genève",cafe,Wall Street Cafe,46.2072145,6.1461186
4001913747,"Rue Rousseau, 1201 Genève",cafe,Mafalda,46.2061974,6.1433653
4001913747,"Rue Rousseau, 1201 Genève",fast_food,Subway,46.2067148,6.1444047
4001913747,"Rue Rousseau, 1201 Genève",restaurant,Together,46.2065932,6.1434649
4001913747,"Rue Rousseau, 1201 Genève",cafe,Grenus,46.2065392,6.1435036
4001913747,"Rue Rousseau, 1201 Genève",restaurant,Forèt de Bambus,46.2084154,6.1434496
4001913747,"Rue Rousseau, 1201 Genève",cafe,n/a,46.2056362,6.1448703
4001913747,"Rue Rousseau, 1201 Genève",cafe,Manor Food,46.2073474,6.1426117
4001913747,"Rue Rousseau, 1201 Genève",fast_food,Ramee Resto,46.2078184,6.1427111
4001913747,"Rue Rousseau, 1201 Genève",bank,CEMBRA BANK,46.2075342,6.1438545
4001913747,"Rue Rousseau, 1201 Genève",fast_food,Taco rico,46.2085602,6.1441701
4001913747,"Rue Rousseau, 1201 Genève",cafe,willi's,46.2085104,6.1444511
4001913747,"Rue Rousseau, 1201 Genève",bank,Raiffeisen,46.2090053,6.1435289
4001913747,"Rue Rousseau, 1201 Genève",restaurant,Wasabi,46.2090577,6.1434537
4001913747,"Rue Rousseau, 1201 Genève",bar,Le Phare,46.2073825,6.1438914
4001913747,"Rue Rousseau, 1201 Genève",bar,Britannia Pub,46.2089361,6.1428961
4001913747,"Rue Rousseau, 1201 Genève",cafe,White Rabbit,46.2070222,6.1448081
4001913747,"Rue Rousseau, 1201 Genève",cafe,n/a,46.2070439,6.1447727
4001913747,"Rue Rousseau, 1201 Genève",bank,Attijariwafa,46.2073381,6.1460412
4001913747,"Rue Rousseau, 1201 Genève",cafe,Baristar,46.2066407,6.1435401
4001913747,"Rue Rousseau, 1201 Genève",cafe,Calico,46.2070616,6.1436286
4001913747,"Rue Rousseau, 1201 Genève",restaurant,Wine & beef,46.2081362,6.1459871
4001913747,"Rue Rousseau, 1201 Genève",restaurant,Sam's Tacos Burger Kebab,46.2080235,6.1441102
4001913747,"Rue Rousseau, 1201 Genève",clinic,Swiss International Health Center SA,46.2081645,6.1428655
4001913747,"Rue Rousseau, 1201 Genève",atm,n/a,46.2078027,6.1457932
4001913747,"Rue Rousseau, 1201 Genève",restaurant,Kiran,46.2069376,6.1454049
4001913747,"Rue Rousseau, 1201 Genève",cafe,Kony,46.2077305,6.142818
4001913747,"Rue Rousseau, 1201 Genève",fast_food,Pitstop Donut,46.2065641,6.1458474
4001913747,"Rue Rousseau, 1201 Genève",cafe,Melrose Kitchen,46.2071176,6.1460445
4001913747,"Rue Rousseau, 1201 Genève",restaurant,Bap,46.2068889,6.1420218
4001913747,"Rue Rousseau, 1201 Genève",bar,Café de la Sarine,46.2073936,6.1435251
4001913747,"Rue Rousseau, 1201 Genève",cafe,Les 3 Palettes,46.2069926,6.143712
4001913747,"Rue Rousseau, 1201 Genève",atm,Bity Crypto ATM,46.2072187,6.1427544
4001913747,"Rue Rousseau, 1201 Genève",cafe,Madame Coutance,46.2061304,6.1428666
4002077169,"Schulstrasse 31, 4132 Muttenz",fast_food,Cafe & More,47.5267647,7.6471139
4002077169,"Schulstrasse 31, 4132 Muttenz",restaurant,Coop Restaurant,47.5276346,7.6476003
4002077169,"Schulstrasse 31, 4132 Muttenz",atm,n/a,47.5267901,7.6477194
4002077169,"Schulstrasse 31, 4132 Muttenz",bank,Raiffeisenbank Arlesheim,47.5266295,7.6470612
4002077169,"Schulstrasse 31, 4132 Muttenz",pharmacy,Rössli Apotheke,47.5255047,7.6470676
4002077169,"Schulstrasse 31, 4132 Muttenz",fast_food,Dönerstop,47.5268261,7.6472043
4002077169,"Schulstrasse 31, 4132 Muttenz",restaurant,Vicino,47.5254538,7.6472169
4002077169,"Schulstrasse 31, 4132 Muttenz",bank,UBS,47.5262386,7.6474316
4002077169,"Schulstrasse 31, 4132 Muttenz",pharmacy,TopPharm Apotheke Arbogast,47.52795,7.6470153
4002073739,"Sonnenbergstrasse 16, 8032 Zürich",bar,Sol,47.3652823,8.5648541
4002073739,"Sonnenbergstrasse 16, 8032 Zürich",bank,Zürcher Kantonalbank,47.3643937,8.5667554
4002073739,"Sonnenbergstrasse 16, 8032 Zürich",atm,Bancomat ZKB,47.3642921,8.5667592
4002073739,"Sonnenbergstrasse 16, 8032 Zürich",pharmacy,Klus-Apotheke,47.3645751,8.5666306
4001939686,"Steinfeldstrasse 19b, 8153 Rümlang",restaurant,Romantica,47.4526469,8.5298506
4001939686,"Steinfeldstrasse 19b, 8153 Rümlang",restaurant,"Pizzeria Sorriso (Restaurant, Bowling + Bar)",47.4513447,8.5291028
4001939686,"Steinfeldstrasse 19b, 8153 Rümlang",atm,n/a,47.4530767,8.5294957
4001646195,"Gyrhaldenstrasse 27, 4416 Bubendorf",cafe,Lindis Café,47.4513289,7.7402359
4002039300,"Via Cantonale 56, 6987 Caslano",fast_food,Thai Take Away,45.979414,8.8770605
4002039300,"Via Cantonale 56, 6987 Caslano",atm,n/a,45.9775976,8.8768513
4002028753,"Fallenacker 4, 5504 Othmarsingen",restaurant,Doi Suthep,47.4051195,8.2201551
4001874800,"Eichwiesstrasse 18a, 8645 Jona",school,Primarschule Schachen II,47.2271952,8.8364626
4001840033,"Brombacherstrasse 44, 4057 Basel",restaurant,Brombi,47.5705197,7.5962519
4001840033,"Brombacherstrasse 44, 4057 Basel",pub,Sport Pub Milan,47.5689609,7.5948146
4001840033,"Brombacherstrasse 44, 4057 Basel",cafe,Café Siesta,47.5690053,7.5965148
4001840033,"Brombacherstrasse 44, 4057 Basel",pub,Musical Bar,47.5690036,7.5973736
4001840033,"Brombacherstrasse 44, 4057 Basel",fast_food,Musical Grill,47.5687224,7.597405
4001840033,"Brombacherstrasse 44, 4057 Basel",restaurant,Rössli,47.5700863,7.596641
4001840033,"Brombacherstrasse 44, 4057 Basel",restaurant,Thai Café,47.5698504,7.5973694
4001840033,"Brombacherstrasse 44, 4057 Basel",bar,Nordbar,47.5704484,7.5955243
4001840033,"Brombacherstrasse 44, 4057 Basel",restaurant,Che que lomo,47.5705566,7.594893
4001840033,"Brombacherstrasse 44, 4057 Basel",restaurant,Habesha,47.5701487,7.596197
4001840033,"Brombacherstrasse 44, 4057 Basel",restaurant,Le S,47.5690986,7.5993385
4001840033,"Brombacherstrasse 44, 4057 Basel",pharmacy,Matthäus Apotheke,47.5688536,7.5965248
4001840033,"Brombacherstrasse 44, 4057 Basel",cafe,Magical Cafe,47.5699745,7.5993614
4001840033,"Brombacherstrasse 44, 4057 Basel",restaurant,Casa Piccola Italia,47.570009,7.5974416
4001840033,"Brombacherstrasse 44, 4057 Basel",fast_food,Detto Pronto,47.5705037,7.5952502
4001644316,"Berneckerstrasse 15/17, 9434 Au SG",bank,Alpha RHEINTAL Bank,47.4104518,9.6254145
4001644316,"Berneckerstrasse 15/17, 9434 Au SG",parking,Am Markt,47.4107891,9.6258965
4001644316,"Berneckerstrasse 15/17, 9434 Au SG",atm,St. Galler Kantonalbank,47.4115335,9.6269143
4001644316,"Berneckerstrasse 15/17, 9434 Au SG",pharmacy,Zentral Apotheke,47.4104833,9.625504
4001644316,"Berneckerstrasse 15/17, 9434 Au SG",bank,St. Galler Kantonalbank,47.4114666,9.6269913
4001644316,"Berneckerstrasse 15/17, 9434 Au SG",restaurant,Coop Restaurant,47.4101698,9.6248553
4001644316,"Berneckerstrasse 15/17, 9434 Au SG",atm,UBS,47.4121243,9.6275295
4001644316,"Berneckerstrasse 15/17, 9434 Au SG",atm,n/a,47.4107296,9.6269851
4001644316,"Berneckerstrasse 15/17, 9434 Au SG",cafe,Schloss-Café,47.4112735,9.6237405
4001644316,"Berneckerstrasse 15/17, 9434 Au SG",restaurant,Sternen Restaurant,47.4116904,9.6266706
4001644316,"Berneckerstrasse 15/17, 9434 Au SG",cafe,MAX,47.4121277,9.6273323
4001644316,"Berneckerstrasse 15/17, 9434 Au SG",restaurant,The Wok am Markt,47.4105769,9.6262225
4001644316,"Berneckerstrasse 15/17, 9434 Au SG",cafe,City Bistro am Markt,47.4105732,9.6268094
4002065395,"Baselstrasse 7b, 4144 Arlesheim",bank,Basellandschaftliche Kantonalbank,47.4936195,7.6200359
4002065395,"Baselstrasse 7b, 4144 Arlesheim",bank,UBS,47.4939327,7.6203576
4002065395,"Baselstrasse 7b, 4144 Arlesheim",atm,n/a,47.4941935,7.6189383
4002065395,"Baselstrasse 7b, 4144 Arlesheim",restaurant,Gasthaus zum Stärne,47.4949044,7.620001
4002065395,"Baselstrasse 7b, 4144 Arlesheim",restaurant,Restaurant Classico,47.4952761,7.6198948
4002065395,"Baselstrasse 7b, 4144 Arlesheim",pharmacy,Amavita,47.4939624,7.619964
4002065395,"Baselstrasse 7b, 4144 Arlesheim",pharmacy,Medbase Apotheke Arlesheim,47.4946516,7.6205719
4002065395,"Baselstrasse 7b, 4144 Arlesheim",restaurant,Restaurant Eremitage,47.4948122,7.6202482
4002053910,"Flawilerstrasse 48, 9242 Oberuzwil",restaurant,Gasthaus zum Rössli,47.429541,9.1232683
4002053910,"Flawilerstrasse 48, 9242 Oberuzwil",restaurant,Zum Bierhaus,47.4309934,9.1212115
4002053910,"Flawilerstrasse 48, 9242 Oberuzwil",bank,Raiffeisenbank Flawil-Degersheim-Mogelsberg-Oberuzwil,47.4302402,9.1232309
4002053910,"Flawilerstrasse 48, 9242 Oberuzwil",restaurant,La Casa del Gusto,47.4298872,9.1227503
4002053910,"Flawilerstrasse 48, 9242 Oberuzwil",restaurant,Bebek Oriental Food,47.4291965,9.1233818
4002004584,"Hiltiwaldweg 8, 5443 Niederrohrdorf",parking,n/a,47.4248499,8.3015524
4002003119,"Seestrasse 136-142, 8707 Uetikon am See",parking,n/a,47.2591461,8.6757476
4002003119,"Seestrasse 136-142, 8707 Uetikon am See",bar,Sichtbar,47.2592491,8.6748191
4001957250,1010 Lausanne,parking,n/a,46.5391366,6.6539272
4001820421,"Giessliweg 81, 4057 Basel",restaurant,Schiff,47.5820238,7.5920945
4001820421,"Giessliweg 81, 4057 Basel",restaurant,Bistro Kleinhüningen,47.5784321,7.5900936
4001820421,"Giessliweg 81, 4057 Basel",pub,Seven's Bar,47.5783113,7.5904524
4001820421,"Giessliweg 81, 4057 Basel",restaurant,Rheinhafen,47.5814987,7.5934099
4001820421,"Giessliweg 81, 4057 Basel",cafe,Café Braam's,47.5813861,7.5935875
4001820421,"Giessliweg 81, 4057 Basel",atm,n/a,47.5811284,7.5938162
4001820421,"Giessliweg 81, 4057 Basel",fast_food,KaDo Pizza & Kebap Take Away,47.5812525,7.5923099
4001820421,"Giessliweg 81, 4057 Basel",restaurant,El Sazon,47.5789446,7.5903339
4001797872,"Seestrasse 55, 8266 Steckborn",restaurant,Frohsinn,47.6690414,8.9852342
4002064526,"Götzstrasse 21, 8006 Zürich",restaurant,Siam Chili,47.504091,8.7294585
4002064526,"Götzstrasse 21, 8006 Zürich",restaurant,Bistro Gate 27,47.5038264,8.7285402
4002064452,"Götzstrasse 21, 8006 Zürich",restaurant,Siam Chili,47.504091,8.7294585
4002064452,"Götzstrasse 21, 8006 Zürich",restaurant,Bistro Gate 27,47.5038264,8.7285402
4002064450,"Götzstrasse 19, 8006 Zürich",restaurant,Siam Chili,47.504091,8.7294585
4002064450,"Götzstrasse 19, 8006 Zürich",restaurant,Bistro Gate 27,47.5038264,8.7285402
4002064450,"Götzstrasse 19, 8006 Zürich",cafe,JC's Housecafe,47.5058789,8.7302519
4002064450,"Götzstrasse 19, 8006 Zürich",restaurant,Grüner Saal,47.5035992,8.7276785
4002054507,"Freimettigenstrasse 16, 3672 Oberdiessbach",bank,BEKB,46.8397768,7.6190624
4002054507,"Freimettigenstrasse 16, 3672 Oberdiessbach",restaurant,Restaurant Zum Sternen,46.8411944,7.6189873
4002054505,"Freimettigenstrasse 16, 3672 Oberdiessbach",bank,BEKB,46.8397768,7.6190624
4002054505,"Freimettigenstrasse 16, 3672 Oberdiessbach",restaurant,Restaurant Zum Sternen,46.8411944,7.6189873
4002054504,"Freimettigenstrasse 16, 3672 Oberdiessbach",bank,BEKB,46.8397768,7.6190624
4002054504,"Freimettigenstrasse 16, 3672 Oberdiessbach",restaurant,Restaurant Zum Sternen,46.8411944,7.6189873
4002009558,"Thurgauerstrasse 107, 8152 Opfikon",restaurant,Al Dente,47.4238766,8.5587045
4002009558,"Thurgauerstrasse 107, 8152 Opfikon",restaurant,Restaurant GrafZ,47.4233874,8.5596797
4002009558,"Thurgauerstrasse 107, 8152 Opfikon",pharmacy,TopPharm Glattpark Apotheke,47.4208575,8.5579708
4002009558,"Thurgauerstrasse 107, 8152 Opfikon",restaurant,Stars & Stripes,47.4205507,8.5587899
4002009558,"Thurgauerstrasse 107, 8152 Opfikon",parking,Parking Wright Place,47.4208009,8.5581223
4002009558,"Thurgauerstrasse 107, 8152 Opfikon",atm,Postomat,47.4213178,8.5577398
4002009558,"Thurgauerstrasse 107, 8152 Opfikon",restaurant,Jacky's im Glattpark,47.4207219,8.559637
4002009558,"Thurgauerstrasse 107, 8152 Opfikon",cafe,Enzian Cafébar,47.4240581,8.5583033
4002009558,"Thurgauerstrasse 107, 8152 Opfikon",cafe,"Tasty Donuts and Coffee,Giovannas Bistro",47.4205851,8.559029
4002009558,"Thurgauerstrasse 107, 8152 Opfikon",restaurant,Luigia,47.4221331,8.5584644
4001969396,"Käppeligasse 6, 4125 Riehen",parking,n/a,47.5929037,7.655188
4001969396,"Käppeligasse 6, 4125 Riehen",atm,Volksbank,47.5959617,7.6556303
4001936608,8640 Rapperswil,parking,Albuville,47.2274478,8.8211912
4001936608,8640 Rapperswil,library,Stadtbibliothek,47.2274228,8.8199776
4001936608,8640 Rapperswil,atm,Credit Suisse,47.226354,8.8186358
4001936608,8640 Rapperswil,pharmacy,Pill Drogerie Albuville,47.2269875,8.8199732
4001936608,8640 Rapperswil,restaurant,Art of Food - South Indian Restaurant,47.2258714,8.818801
4001936608,8640 Rapperswil,clinic,Rosenklinik,47.2264223,8.8222097
4001936608,8640 Rapperswil,restaurant,Zhi Wei,47.2272981,8.8205717
4001936608,8640 Rapperswil,restaurant,Aung Kyaw,47.225744,8.8192537
4001936608,8640 Rapperswil,school,Bürofach- und Handelsschule H.B.S,47.2283157,8.8218076
4001936608,8640 Rapperswil,school,HSO Wirtschafts- und Informatikschule,47.2279139,8.8214846
4001936608,8640 Rapperswil,restaurant,Lennox,47.2261444,8.8197385
4001936608,8640 Rapperswil,clinic,uroclinic Rapperswil,47.2280276,8.8218901
4001936608,8640 Rapperswil,cafe,Bistro Alte Fabrik,47.227437,8.820082
4001936608,8640 Rapperswil,fast_food,Gyros Mykonos,47.2271319,8.8205909
4001871601,"Widenplatz 12, 5070 Frick",bar,Frick's monti,47.5081689,8.0204184
4001871601,"Widenplatz 12, 5070 Frick",restaurant,Rebstock,47.5069407,8.0211811
4001871601,"Widenplatz 12, 5070 Frick",pub,Güggeli,47.5065315,8.0222108
4001871601,"Widenplatz 12, 5070 Frick",restaurant,Sky Lounge,47.506045,8.0237473
4001871601,"Widenplatz 12, 5070 Frick",cafe,Kunz,47.5070441,8.0215883
4001871601,"Widenplatz 12, 5070 Frick",bank,Neue Aargauer Bank,47.5072596,8.0213752
4001871601,"Widenplatz 12, 5070 Frick",bank,Migros Bank,47.5070768,8.0210358
4001871601,"Widenplatz 12, 5070 Frick",atm,Bankomat,47.5071554,8.0214052
4001871601,"Widenplatz 12, 5070 Frick",bank,Aargauische Kantonalbank,47.5073974,8.022846
4001871601,"Widenplatz 12, 5070 Frick",fast_food,Melo Pizza & Kebab,47.506813,8.0218957
4001871601,"Widenplatz 12, 5070 Frick",parking,n/a,47.5070222,8.0235204
4001871601,"Widenplatz 12, 5070 Frick",restaurant,Peppino,47.5075219,8.0209473
4001871601,"Widenplatz 12, 5070 Frick",atm,n/a,47.5075258,8.0229342
4001764433,1285 Sézegnin,restaurant,Au Renfort,46.1442045,6.0090945
4001936613,8640 Rapperswil,parking,Albuville,47.2274478,8.8211912
4001936613,8640 Rapperswil,library,Stadtbibliothek,47.2274228,8.8199776
4001936613,8640 Rapperswil,atm,Credit Suisse,47.226354,8.8186358
4001936613,8640 Rapperswil,pharmacy,Pill Drogerie Albuville,47.2269875,8.8199732
4001936613,8640 Rapperswil,restaurant,Art of Food - South Indian Restaurant,47.2258714,8.818801
4001936613,8640 Rapperswil,clinic,Rosenklinik,47.2264223,8.8222097
4001936613,8640 Rapperswil,restaurant,Zhi Wei,47.2272981,8.8205717
4001936613,8640 Rapperswil,restaurant,Aung Kyaw,47.225744,8.8192537
4001936613,8640 Rapperswil,school,Bürofach- und Handelsschule H.B.S,47.2283157,8.8218076
4001936613,8640 Rapperswil,school,HSO Wirtschafts- und Informatikschule,47.2279139,8.8214846
4001936613,8640 Rapperswil,restaurant,Lennox,47.2261444,8.8197385
4001936613,8640 Rapperswil,clinic,uroclinic Rapperswil,47.2280276,8.8218901
4001936613,8640 Rapperswil,cafe,Bistro Alte Fabrik,47.227437,8.820082
4001936613,8640 Rapperswil,fast_food,Gyros Mykonos,47.2271319,8.8205909
4002002619,"Langenthalstrasse 7, 4932 Lotzwil",restaurant,Kreuz,47.1916317,7.7908325
4002067551,"Vogelsang, 6287 Aesch LU",restaurant,Gasthof Kreuz,47.2573527,8.2411279
4002067551,"Vogelsang, 6287 Aesch LU",bank,Raiffeisen,47.2576968,8.2410733
4002066177,"Hubelstrasse 1B, 5524 Niederwil AG",library,Schul- und Gemeindebibliothek Niederwil,47.3790653,8.2936463
4002066177,"Hubelstrasse 1B, 5524 Niederwil AG",restaurant,Kreuz,47.3779345,8.2946432
4002066177,"Hubelstrasse 1B, 5524 Niederwil AG",fast_food,Pizzeria Pronto,47.3782165,8.2946542
4002054502,"Freimettigenstrasse 16, 3672 Oberdiessbach",bank,BEKB,46.8397768,7.6190624
4002054502,"Freimettigenstrasse 16, 3672 Oberdiessbach",restaurant,Restaurant Zum Sternen,46.8411944,7.6189873
4001067447,"Brückenmoosstrasse 21, 3942 Raron",parking,n/a,46.3088465,7.7957998
4002039919,8907 Wettswil,restaurant,Nirwana,47.3373064,8.4747981
4002039919,8907 Wettswil,bank,Clientis Sparcassa 1816,47.3379651,8.4743625
4002003378,1010 Lausanne,parking,n/a,46.5391366,6.6539272
4002053901,"Viale Stazione 21, 6500 Bellinzona",parking,n/a,46.1934191,9.0236111
4002053901,"Viale Stazione 21, 6500 Bellinzona",atm,n/a,46.1919839,9.0235099
4002053901,"Viale Stazione 21, 6500 Bellinzona",cafe,Tea Room Peverelli,46.1918428,9.0231999
4002053901,"Viale Stazione 21, 6500 Bellinzona",bar,Snack bar Viale,46.1936082,9.026502
4002053901,"Viale Stazione 21, 6500 Bellinzona",restaurant,Ristorante Pizzeria Piazzetta,46.1913244,9.0235945
4002053901,"Viale Stazione 21, 6500 Bellinzona",bar,Bar della Posta,46.1939826,9.0258849
4002053901,"Viale Stazione 21, 6500 Bellinzona",bank,Credit Suisse,46.1938898,9.026369
4002053901,"Viale Stazione 21, 6500 Bellinzona",bank,Banca Cler,46.191278,9.0230662
4002053901,"Viale Stazione 21, 6500 Bellinzona",atm,n/a,46.1909274,9.0226891
4002053901,"Viale Stazione 21, 6500 Bellinzona",atm,n/a,46.1913407,9.0230341
4002053901,"Viale Stazione 21, 6500 Bellinzona",pub,Il Fermento,46.1925574,9.0236368
4002053901,"Viale Stazione 21, 6500 Bellinzona",atm,n/a,46.1935816,9.0259494
4002053901,"Viale Stazione 21, 6500 Bellinzona",atm,n/a,46.193416,9.026087
4002053901,"Viale Stazione 21, 6500 Bellinzona",fast_food,Lo Stuzzico,46.1931678,9.0245684
4002053901,"Viale Stazione 21, 6500 Bellinzona",bank,UBS,46.1933865,9.0250599
4002053901,"Viale Stazione 21, 6500 Bellinzona",atm,n/a,46.1933251,9.0251962
4002053901,"Viale Stazione 21, 6500 Bellinzona",pharmacy,Benu,46.1928285,9.0241488
4002053901,"Viale Stazione 21, 6500 Bellinzona",bar,Bar Codeborgo,46.1920422,9.0231723
4002053901,"Viale Stazione 21, 6500 Bellinzona",bar,Bar 700,46.1929079,9.0236325
4002053901,"Viale Stazione 21, 6500 Bellinzona",bank,Banca Migros,46.1908633,9.0227418
4002053901,"Viale Stazione 21, 6500 Bellinzona",bar,Wine Bar Galleria,46.1924775,9.0234856
4002053901,"Viale Stazione 21, 6500 Bellinzona",bar,Bar Samba,46.1941956,9.0243594
4002053901,"Viale Stazione 21, 6500 Bellinzona",restaurant,Grotto san Michele,46.1923512,9.0222049
4002053901,"Viale Stazione 21, 6500 Bellinzona",restaurant,Ristorante piazzetta,46.1915166,9.0236881
4002053901,"Viale Stazione 21, 6500 Bellinzona",restaurant,Manora Fresh To Go,46.1923176,9.0240618
4001668356,"Doktorsträssli 5a, 4704 Niederbipp",bank,Clientis Bank Oberaargau,47.2711768,7.6903672
4001668356,"Doktorsträssli 5a, 4704 Niederbipp",cafe,Bieri,47.2718553,7.6913228
4001668356,"Doktorsträssli 5a, 4704 Niederbipp",restaurant,Gasthof Brauerei,47.2716834,7.6910695
4001668356,"Doktorsträssli 5a, 4704 Niederbipp",fast_food,Il Leone,47.27203,7.6910969
4002032851,"Langenhagweg 9, 4123 Allschwil",restaurant,Migros Restaurant,47.5472035,7.5531338
4002032851,"Langenhagweg 9, 4123 Allschwil",bank,Migros Bank,47.5473491,7.5534788
4002032851,"Langenhagweg 9, 4123 Allschwil",atm,Postfinance,47.5475313,7.553216
4001980329,"Bartholoméplatz 3, 7310 Bad Ragaz",parking,Parkhaus Zentrum,47.003106,9.5007301
4001980329,"Bartholoméplatz 3, 7310 Bad Ragaz",cafe,Café Confiserie Fässler,47.0037015,9.5005702
4001980329,"Bartholoméplatz 3, 7310 Bad Ragaz",pub,Thömsn's National Pub,47.0035425,9.5010851
4001980329,"Bartholoméplatz 3, 7310 Bad Ragaz",cafe,Huber,47.0029882,9.5009837
4001980329,"Bartholoméplatz 3, 7310 Bad Ragaz",atm,n/a,47.0032551,9.5008963
4001980329,"Bartholoméplatz 3, 7310 Bad Ragaz",cafe,n/a,47.003282,9.5018457
4001980329,"Bartholoméplatz 3, 7310 Bad Ragaz",bar,Thömsn's Club,47.0035698,9.5011378
4001980329,"Bartholoméplatz 3, 7310 Bad Ragaz",atm,Postfinance,47.0027319,9.5004935
4001980329,"Bartholoméplatz 3, 7310 Bad Ragaz",bank,UBS AG,47.0020265,9.5001847
4001980329,"Bartholoméplatz 3, 7310 Bad Ragaz",parking,Gemeinde,47.0025208,9.5004803
4001980329,"Bartholoméplatz 3, 7310 Bad Ragaz",cafe,Café-Konditorei Keller,47.0037813,9.5012683
4001980329,"Bartholoméplatz 3, 7310 Bad Ragaz",fast_food,Ragaz Kebab-Haus,47.0041504,9.500342
4001980329,"Bartholoméplatz 3, 7310 Bad Ragaz",restaurant,Grotto Bar da Toni Montano,47.0014416,9.5006262
4001980329,"Bartholoméplatz 3, 7310 Bad Ragaz",pharmacy,n/a,47.0016139,9.5008686
4001980329,"Bartholoméplatz 3, 7310 Bad Ragaz",restaurant,Gasthof Löwen,47.0016189,9.5014465
4001980329,"Bartholoméplatz 3, 7310 Bad Ragaz",restaurant,Central,47.0022417,9.5001409
4001980329,"Bartholoméplatz 3, 7310 Bad Ragaz",restaurant,AlpenHirt + KUH,47.0030516,9.5014859
4001980329,"Bartholoméplatz 3, 7310 Bad Ragaz",bank,Raiffeisenbank Sarganserland,47.0027248,9.5020044
4001980329,"Bartholoméplatz 3, 7310 Bad Ragaz",atm,n/a,47.0027661,9.502028
4001741543,"Gestadeckplatz 6, 4410 Liestal",restaurant,Restaurant Metzgerei Bären,47.4849521,7.735544
4001741543,"Gestadeckplatz 6, 4410 Liestal",restaurant,Aleppo Take Away,47.4860231,7.7355076
4001741543,"Gestadeckplatz 6, 4410 Liestal",bar,KINOORIS Bar,47.484343,7.7358883
4001741543,"Gestadeckplatz 6, 4410 Liestal",restaurant,Tapéo Ziegelhof,47.485487,7.7353843
4001741543,"Gestadeckplatz 6, 4410 Liestal",restaurant,Zeughaus,47.4851929,7.7348923
4001741543,"Gestadeckplatz 6, 4410 Liestal",restaurant,Paradies To Go,47.4862849,7.7357036
4001669765,"Gerbergasse 70, 4001 Basel",restaurant,Mister Wong,47.5551319,7.5886898
4001669765,"Gerbergasse 70, 4001 Basel",pharmacy,Goldene Engel Apotheke,47.5567468,7.5892649
4001669765,"Gerbergasse 70, 4001 Basel",restaurant,Zum Braunen Mutz,47.5543447,7.5887267
4001669765,"Gerbergasse 70, 4001 Basel",fast_food,McDonald's,47.5542884,7.58872
4001669765,"Gerbergasse 70, 4001 Basel",bar,Rio Bar,47.5545416,7.5887436
4001669765,"Gerbergasse 70, 4001 Basel",restaurant,Papa Joes Restaurant & Bar,47.554386,7.589475
4001669765,"Gerbergasse 70, 4001 Basel",cafe,Museumscafe,47.5539866,7.5892461
4001669765,"Gerbergasse 70, 4001 Basel",restaurant,Bodega Zum Strauss,47.5547081,7.5887536
4001669765,"Gerbergasse 70, 4001 Basel",bank,BLKB,47.5551376,7.5896452
4001669765,"Gerbergasse 70, 4001 Basel",cafe,unternehmen mitte,47.5565748,7.5883607
4001669765,"Gerbergasse 70, 4001 Basel",atm,Basler Kantonalbank,47.5548521,7.5891739
4001669765,"Gerbergasse 70, 4001 Basel",restaurant,Brötlibar,47.5549114,7.5887661
4001669765,"Gerbergasse 70, 4001 Basel",cafe,Grand Cafe Huguenin,47.5550409,7.5899719
4001669765,"Gerbergasse 70, 4001 Basel",restaurant,Pizzeria Centro am Barfi,47.5552409,7.5900301
4001669765,"Gerbergasse 70, 4001 Basel",restaurant,da Roberto,47.5543914,7.5893364
4001669765,"Gerbergasse 70, 4001 Basel",fast_food,Döner Stop,47.5550335,7.5887241
4001669765,"Gerbergasse 70, 4001 Basel",library,Bibliothek Schmiedenhof,47.5568148,7.5875794
4001669765,"Gerbergasse 70, 4001 Basel",restaurant,Latini,47.5555484,7.5893591
4001669765,"Gerbergasse 70, 4001 Basel",restaurant,Manger & Boire,47.5551973,7.589085
4001669765,"Gerbergasse 70, 4001 Basel",atm,Basler Kantonalbank,47.5558172,7.5904739
4001669765,"Gerbergasse 70, 4001 Basel",cafe,Confiserie Bachmann,47.5558292,7.5887504
4001669765,"Gerbergasse 70, 4001 Basel",pharmacy,TopPharm,47.5539257,7.5894933
4001669765,"Gerbergasse 70, 4001 Basel",fast_food,City Point,47.5540435,7.588571
4001669765,"Gerbergasse 70, 4001 Basel",restaurant,Walliser Kanne,47.555844,7.5885699
4001669765,"Gerbergasse 70, 4001 Basel",cafe,Creperie am Kohlenberg,47.5543414,7.5881985
4001669765,"Gerbergasse 70, 4001 Basel",fast_food,Yam Yam,47.5540629,7.5884061
4001669765,"Gerbergasse 70, 4001 Basel",cafe,Ca'puccino,47.5559267,7.5889171
4001669765,"Gerbergasse 70, 4001 Basel",fast_food,La Sofra,47.555619,7.5886384
4001669765,"Gerbergasse 70, 4001 Basel",pub,Schluggstube,47.5558997,7.5882425
4001669765,"Gerbergasse 70, 4001 Basel",restaurant,Anatolia,47.5552593,7.5885365
4001669765,"Gerbergasse 70, 4001 Basel",restaurant,La Sosta,47.5539096,7.5891023
4001669765,"Gerbergasse 70, 4001 Basel",restaurant,Cardamon,47.5547778,7.5887743
4001669765,"Gerbergasse 70, 4001 Basel",bar,Baragraph,47.5543419,7.5881121
4001669765,"Gerbergasse 70, 4001 Basel",restaurant,CTR Chicken,47.5540274,7.5886849
4001669765,"Gerbergasse 70, 4001 Basel",pharmacy,Benu,47.5545975,7.5887506
4001669765,"Gerbergasse 70, 4001 Basel",restaurant,Nooch Asian Kitchen,47.5553306,7.5889861
4001669765,"Gerbergasse 70, 4001 Basel",fast_food,Piadina Bar,47.555071,7.588721
4001669765,"Gerbergasse 70, 4001 Basel",bar,Bibliothek,47.5540541,7.5884799
4001669765,"Gerbergasse 70, 4001 Basel",fast_food,House of vegan,47.5543298,7.5883135
4001669765,"Gerbergasse 70, 4001 Basel",restaurant,Burgermeister,47.556414,7.5884475
4001669765,"Gerbergasse 70, 4001 Basel",restaurant,ZaZaa,47.5551019,7.5890491
4001669765,"Gerbergasse 70, 4001 Basel",cafe,XOXO Café Bar,47.5551791,7.5897443
4001669765,"Gerbergasse 70, 4001 Basel",bar,Stöckli,47.5551748,7.5892129
4001669765,"Gerbergasse 70, 4001 Basel",bar,Pot Still,47.554067,7.5882286
4001669765,"Gerbergasse 70, 4001 Basel",restaurant,Beef7,47.5567553,7.5881296
4001669765,"Gerbergasse 70, 4001 Basel",restaurant,Stadthof,47.5549284,7.5887299
4001669765,"Gerbergasse 70, 4001 Basel",fast_food,Dunkin',47.5548384,7.5887592
4001669765,"Gerbergasse 70, 4001 Basel",fast_food,Grünpfahl Meze,47.5567107,7.5879487
4001669765,"Gerbergasse 70, 4001 Basel",bar,L‘Uniqe,47.5561399,7.5882135
4001669765,"Gerbergasse 70, 4001 Basel",library,n/a,47.5558028,7.5876945
4002051404,"Oltenstrasse 5, 4536 Attiswil",restaurant,Restaurant Löwen,47.2469241,7.6124219
4002051404,"Oltenstrasse 5, 4536 Attiswil",cafe,Margot's Lädeli,47.2468007,7.6118796
4002051404,"Oltenstrasse 5, 4536 Attiswil",restaurant,n/a,47.2470274,7.6139453
4002051404,"Oltenstrasse 5, 4536 Attiswil",parking,n/a,47.2453802,7.6146473
4002051404,"Oltenstrasse 5, 4536 Attiswil",parking,n/a,47.2482574,7.6152437
4002000511,"Bucheggstrasse 130, 8057 Zürich",restaurant,Tramblu,47.3983794,8.536259
4002000511,"Bucheggstrasse 130, 8057 Zürich",restaurant,Restaurant Bar Anna,47.3992912,8.5401245
4002000511,"Bucheggstrasse 130, 8057 Zürich",parking,n/a,47.396765,8.537148
4001668950,"Via Lischedo 3, 6802 Rivera",restaurant,Alpino,46.1238226,8.9247005
4001668950,"Via Lischedo 3, 6802 Rivera",fast_food,Regno della pizza,46.1249659,8.9239534
4001668950,"Via Lischedo 3, 6802 Rivera",restaurant,Bar Lagacci,46.1248303,8.9240201
4001668950,"Via Lischedo 3, 6802 Rivera",restaurant,Albergo Elvezia,46.1232689,8.9252061
4002053900,"Via alla Bozzoreda 37, 6963 Pregassona",restaurant,Ristorante-Pizzeria del Sole,46.0197405,8.9736515
4002053895,"Via Lischedo 3, 6802 Rivera",restaurant,Alpino,46.1238226,8.9247005
4002053895,"Via Lischedo 3, 6802 Rivera",fast_food,Regno della pizza,46.1249659,8.9239534
4002053895,"Via Lischedo 3, 6802 Rivera",restaurant,Bar Lagacci,46.1248303,8.9240201
4002053895,"Via Lischedo 3, 6802 Rivera",restaurant,Albergo Elvezia,46.1232689,8.9252061
4002038666,"Via San Gottardo 58a, 6500 Bellinzona",fast_food,Istanbul Kebab,46.2010532,9.0328505
4002038666,"Via San Gottardo 58a, 6500 Bellinzona",pharmacy,Farmacia San Gottardo,46.2021968,9.033804
4002038666,"Via San Gottardo 58a, 6500 Bellinzona",restaurant,Osteria Rex,46.2014434,9.0329182
4002038659,"Frank-Buchserstrasse 3, 4532 Feldbrunnen",restaurant,Buchser – Bar und Chuchi,47.2201894,7.5552292
4002038659,"Frank-Buchserstrasse 3, 4532 Feldbrunnen",parking,n/a,47.2187228,7.5541635
4002002549,"Leutschenbachstrasse 50/50a, 8050 Zürich",parking,Örlikerhus,47.4177865,8.5553429
4002002549,"Leutschenbachstrasse 50/50a, 8050 Zürich",atm,Postfinance,47.4178137,8.558754
4002002549,"Leutschenbachstrasse 50/50a, 8050 Zürich",restaurant,Thai Erawan,47.4165977,8.5558212
4002002549,"Leutschenbachstrasse 50/50a, 8050 Zürich",restaurant,Tasty Haus,47.4180995,8.5565889
4002002549,"Leutschenbachstrasse 50/50a, 8050 Zürich",fast_food,Werkbar,47.4161818,8.5540772
4002002549,"Leutschenbachstrasse 50/50a, 8050 Zürich",school,Tagessonderschule Intermezzo,47.4180314,8.5567774
4002002549,"Leutschenbachstrasse 50/50a, 8050 Zürich",restaurant,Da Vinci,47.4182416,8.5555132
4002002549,"Leutschenbachstrasse 50/50a, 8050 Zürich",bar,n/a,47.4178386,8.5584998
4002002549,"Leutschenbachstrasse 50/50a, 8050 Zürich",school,Jakobs School,47.417622,8.5574082
4002002549,"Leutschenbachstrasse 50/50a, 8050 Zürich",restaurant,Vitabella,47.4175762,8.5551599
4001980280,"Viale Stazione 21, 6500 Bellinzona",parking,n/a,46.1934191,9.0236111
4001980280,"Viale Stazione 21, 6500 Bellinzona",atm,n/a,46.1919839,9.0235099
4001980280,"Viale Stazione 21, 6500 Bellinzona",cafe,Tea Room Peverelli,46.1918428,9.0231999
4001980280,"Viale Stazione 21, 6500 Bellinzona",bar,Snack bar Viale,46.1936082,9.026502
4001980280,"Viale Stazione 21, 6500 Bellinzona",restaurant,Ristorante Pizzeria Piazzetta,46.1913244,9.0235945
4001980280,"Viale Stazione 21, 6500 Bellinzona",bar,Bar della Posta,46.1939826,9.0258849
4001980280,"Viale Stazione 21, 6500 Bellinzona",bank,Credit Suisse,46.1938898,9.026369
4001980280,"Viale Stazione 21, 6500 Bellinzona",bank,Banca Cler,46.191278,9.0230662
4001980280,"Viale Stazione 21, 6500 Bellinzona",atm,n/a,46.1909274,9.0226891
4001980280,"Viale Stazione 21, 6500 Bellinzona",atm,n/a,46.1913407,9.0230341
4001980280,"Viale Stazione 21, 6500 Bellinzona",pub,Il Fermento,46.1925574,9.0236368
4001980280,"Viale Stazione 21, 6500 Bellinzona",atm,n/a,46.1935816,9.0259494
4001980280,"Viale Stazione 21, 6500 Bellinzona",atm,n/a,46.193416,9.026087
4001980280,"Viale Stazione 21, 6500 Bellinzona",fast_food,Lo Stuzzico,46.1931678,9.0245684
4001980280,"Viale Stazione 21, 6500 Bellinzona",bank,UBS,46.1933865,9.0250599
4001980280,"Viale Stazione 21, 6500 Bellinzona",atm,n/a,46.1933251,9.0251962
4001980280,"Viale Stazione 21, 6500 Bellinzona",pharmacy,Benu,46.1928285,9.0241488
4001980280,"Viale Stazione 21, 6500 Bellinzona",bar,Bar Codeborgo,46.1920422,9.0231723
4001980280,"Viale Stazione 21, 6500 Bellinzona",bar,Bar 700,46.1929079,9.0236325
4001980280,"Viale Stazione 21, 6500 Bellinzona",bank,Banca Migros,46.1908633,9.0227418
4001980280,"Viale Stazione 21, 6500 Bellinzona",bar,Wine Bar Galleria,46.1924775,9.0234856
4001980280,"Viale Stazione 21, 6500 Bellinzona",bar,Bar Samba,46.1941956,9.0243594
4001980280,"Viale Stazione 21, 6500 Bellinzona",restaurant,Grotto san Michele,46.1923512,9.0222049
4001980280,"Viale Stazione 21, 6500 Bellinzona",restaurant,Ristorante piazzetta,46.1915166,9.0236881
4001980280,"Viale Stazione 21, 6500 Bellinzona",restaurant,Manora Fresh To Go,46.1923176,9.0240618
4001912267,"St. Jakobstrasse 46, 4147 Aesch BL",fast_food,Werni's Grillimbiss,47.4783727,7.5949291
4001904514,"Via Sasso Corbaro 19, 6593 Cadenazzo",pharmacy,Pharmacia Centrale,46.1517314,8.9461626
4001904514,"Via Sasso Corbaro 19, 6593 Cadenazzo",bank,Raiffeisen,46.1518588,8.9452132
4001904514,"Via Sasso Corbaro 19, 6593 Cadenazzo",pub,Leilo Bar,46.1516511,8.9458343
4001904514,"Via Sasso Corbaro 19, 6593 Cadenazzo",restaurant,Pizzeria Bar CLUB,46.1507227,8.9431726
4001895941,"Käferholzstrasse 48, 8057 Zürich",restaurant,Fallender Brunnenhof,47.402817,8.5355605
4001895941,"Käferholzstrasse 48, 8057 Zürich",restaurant,Barcelona Restaurant,47.4020484,8.5353195
4001895941,"Käferholzstrasse 48, 8057 Zürich",pharmacy,Wehntal-Apotheke,47.402496,8.5358866
4001895941,"Käferholzstrasse 48, 8057 Zürich",parking,n/a,47.4005916,8.5322197
4001836955,"Niederfeldstrasse 8, 8932 Mettmenstetten",library,Bibliothek Mettmenstetten,47.2458916,8.4659348
4001797428,"Schwaderloch 7, 8253 Diessenhofen",bar,Joes Bar,47.6896463,8.7523256
4001797428,"Schwaderloch 7, 8253 Diessenhofen",restaurant,Unterhof,47.6901847,8.7478302
4001797428,"Schwaderloch 7, 8253 Diessenhofen",cafe,Altstadt,47.6895102,8.7505996
4001714200,"Via Monte Carmen 13, 6900 Lugano",restaurant,Wong Ho,46.0118126,8.9544167
4001714200,"Via Monte Carmen 13, 6900 Lugano",pharmacy,Farmacia Contrada dei Patrizi,46.0125702,8.9547338
4001714200,"Via Monte Carmen 13, 6900 Lugano",cafe,Café Tra,46.0130112,8.9540684
4001714200,"Via Monte Carmen 13, 6900 Lugano",library,"Biblioteca interculturale per la prima infanzia ""Ricciogiramondo""",46.0131905,8.9546483
4001714200,"Via Monte Carmen 13, 6900 Lugano",bar,Bar Pinard,46.0120723,8.9547722
4001669466,"Langenhagweg 9, 4123 Allschwil",restaurant,Migros Restaurant,47.5472035,7.5531338
4001669466,"Langenhagweg 9, 4123 Allschwil",bank,Migros Bank,47.5473491,7.5534788
4001669466,"Langenhagweg 9, 4123 Allschwil",atm,Postfinance,47.5475313,7.553216
4001669464,"Langenhagweg 7, 4123 Allschwil",restaurant,Migros Restaurant,47.5472035,7.5531338
4001669464,"Langenhagweg 7, 4123 Allschwil",pharmacy,Amavita Paradies,47.5474625,7.5540621
4001669464,"Langenhagweg 7, 4123 Allschwil",bank,Migros Bank,47.5473491,7.5534788
4001669464,"Langenhagweg 7, 4123 Allschwil",atm,Postfinance,47.5475313,7.553216
4001668528,"Via Sasso Corbaro 17, 6593 Cadenazzo",pharmacy,Pharmacia Centrale,46.1517314,8.9461626
4001668528,"Via Sasso Corbaro 17, 6593 Cadenazzo",bank,Raiffeisen,46.1518588,8.9452132
4001668528,"Via Sasso Corbaro 17, 6593 Cadenazzo",pub,Leilo Bar,46.1516511,8.9458343
4001668528,"Via Sasso Corbaro 17, 6593 Cadenazzo",restaurant,Pizzeria Bar CLUB,46.1507227,8.9431726
4001668412,"Via Monte Carmen 13, 6900 Lugano",restaurant,Wong Ho,46.0118126,8.9544167
4001668412,"Via Monte Carmen 13, 6900 Lugano",pharmacy,Farmacia Contrada dei Patrizi,46.0125702,8.9547338
4001668412,"Via Monte Carmen 13, 6900 Lugano",cafe,Café Tra,46.0130112,8.9540684
4001668412,"Via Monte Carmen 13, 6900 Lugano",library,"Biblioteca interculturale per la prima infanzia ""Ricciogiramondo""",46.0131905,8.9546483
4001668412,"Via Monte Carmen 13, 6900 Lugano",bar,Bar Pinard,46.0120723,8.9547722
4002060863,"Tittertenstrasse 9, 4418 Reigoldswil",atm,Basel-Landschaftliche Kantonalbank,47.3975052,7.6921375
4002060863,"Tittertenstrasse 9, 4418 Reigoldswil",restaurant,Bistro am Dorfplatz,47.3973206,7.6920315
4002060863,"Tittertenstrasse 9, 4418 Reigoldswil",restaurant,Rebstock,47.3970291,7.6914205
4002054444,"Chemin des Croisettes 7, 1066 Epalinges",restaurant,L'Union,46.5435104,6.6608376
4002054444,"Chemin des Croisettes 7, 1066 Epalinges",atm,BCV,46.5438842,6.6604784
4002054444,"Chemin des Croisettes 7, 1066 Epalinges",restaurant,Pizzeria des Tuileries,46.5444213,6.6592747
4002054444,"Chemin des Croisettes 7, 1066 Epalinges",pharmacy,Amavita,46.5441802,6.660624
4002050661,"Hauptstrasse 119, 4102 Binningen",school,Musikschule Binningen-Bottmingen,47.5395199,7.5739703
4002050661,"Hauptstrasse 119, 4102 Binningen",pharmacy,Kronen-Apotheke,47.5374436,7.5714245
4002050661,"Hauptstrasse 119, 4102 Binningen",bar,Highspeed Music Bar,47.5367883,7.5717556
4002050661,"Hauptstrasse 119, 4102 Binningen",cafe,cent-treize,47.5384687,7.5719622
4002050661,"Hauptstrasse 119, 4102 Binningen",restaurant,Jagerstübli,47.5390237,7.572172
4002050661,"Hauptstrasse 119, 4102 Binningen",bank,UBS,47.5374691,7.5713196
4002050661,"Hauptstrasse 119, 4102 Binningen",restaurant,Krone,47.5379517,7.5715103
4002047844,"Spyristrasse 20, 8044 Zürich",fast_food,Dieci Pizzakurier,47.3827555,8.5505487
4002047844,"Spyristrasse 20, 8044 Zürich",school,Lernatelier Tandem,47.3805547,8.5516899
4002047844,"Spyristrasse 20, 8044 Zürich",cafe,Café Bar Meierei,47.3822549,8.550719
4002039926,"Avenue Beauregard 2, 1700 Fribourg",pharmacy,Pharmacie Dr A Marca,46.8027202,7.1515284
4002039926,"Avenue Beauregard 2, 1700 Fribourg",restaurant,Marathon,46.8013912,7.1485822
4002039926,"Avenue Beauregard 2, 1700 Fribourg",parking,n/a,46.8018908,7.1473095
4002039926,"Avenue Beauregard 2, 1700 Fribourg",atm,Raiffeisen,46.803271,7.150951
4002039926,"Avenue Beauregard 2, 1700 Fribourg",bar,Ancienne Gare,46.802203,7.1503768
4002039926,"Avenue Beauregard 2, 1700 Fribourg",restaurant,Alconi Restaurant - Cantine,46.8040456,7.1510044
4002039926,"Avenue Beauregard 2, 1700 Fribourg",restaurant,Le Pérolles,46.8020268,7.1512463
4002039926,"Avenue Beauregard 2, 1700 Fribourg",pharmacy,Benu,46.8028847,7.1511161
4002039926,"Avenue Beauregard 2, 1700 Fribourg",cafe,Starbucks,46.8027925,7.1510442
4002039926,"Avenue Beauregard 2, 1700 Fribourg",fast_food,Au Bospore,46.8023919,7.1508991
4002039926,"Avenue Beauregard 2, 1700 Fribourg",bank,Banque CIC Suisse,46.8024442,7.1509096
4002039926,"Avenue Beauregard 2, 1700 Fribourg",cafe,Le Passenger,46.8026344,7.1507497
4002039926,"Avenue Beauregard 2, 1700 Fribourg",atm,Postfinance,46.8030884,7.1510433
4002039926,"Avenue Beauregard 2, 1700 Fribourg",cafe,Coffee & Friends,46.8031788,7.1509556
4002039926,"Avenue Beauregard 2, 1700 Fribourg",fast_food,Burger King,46.8031748,7.15121
4002039926,"Avenue Beauregard 2, 1700 Fribourg",fast_food,Brezelkönig,46.803376,7.150616
4002039926,"Avenue Beauregard 2, 1700 Fribourg",library,"Bibliothèque interculturelle ""LivrEchange"" de Fribourg",46.8017738,7.1486777
4002039926,"Avenue Beauregard 2, 1700 Fribourg",atm,Int Bank,46.8031102,7.1510522
4002039926,"Avenue Beauregard 2, 1700 Fribourg",restaurant,L’unique tartare,46.803188,7.1511821
4002039926,"Avenue Beauregard 2, 1700 Fribourg",university,Beauregard 01,46.8025294,7.1490731
4002039926,"Avenue Beauregard 2, 1700 Fribourg",restaurant,Host India,46.802075,7.148784
4002039926,"Avenue Beauregard 2, 1700 Fribourg",restaurant,Sushi Kai,46.8035054,7.1512967
4002038664,"Via Ghiringhelli 27 a, 6500 Bellinzona",pharmacy,pharmacieplus,46.1872087,9.0148651
4002038664,"Via Ghiringhelli 27 a, 6500 Bellinzona",restaurant,Ristorante Chiarafonte,46.1878415,9.0142228
4002038664,"Via Ghiringhelli 27 a, 6500 Bellinzona",restaurant,Ristorante Achilea,46.1874976,9.0165724
4002038664,"Via Ghiringhelli 27 a, 6500 Bellinzona",restaurant,Ristorante Pizzeria Varano,46.1869244,9.0146246
4002038664,"Via Ghiringhelli 27 a, 6500 Bellinzona",bar,Bar Ambra,46.1878924,9.0153099
4002031463,"Via Franco Zorzi 25A, 6500 Bellinzona",restaurant,Osteria Eden,46.1915696,9.015188
4002031463,"Via Franco Zorzi 25A, 6500 Bellinzona",bank,Banca Raiffeisen Bellinzonese e Visagno,46.1902994,9.0201019
4002031463,"Via Franco Zorzi 25A, 6500 Bellinzona",cafe,L’arte del caffè,46.1924239,9.0184252
4002031463,"Via Franco Zorzi 25A, 6500 Bellinzona",bar,Birreria Haas,46.1929735,9.0181613
4002018334,"Innere Mattenstrasse 20, 5036 Oberentfelden",school,Schule Entfelden,47.3587376,8.0443572
4002018334,"Innere Mattenstrasse 20, 5036 Oberentfelden",library,Gemeindebibliothek Oberentfelden,47.3585242,8.0447562
4002009638,"Stengelmattstrasse 24, 6252 Dagmersellen",restaurant,Chratz,47.2134122,7.9861094
4002009638,"Stengelmattstrasse 24, 6252 Dagmersellen",school,Kindergarten,47.2129016,7.9833003
4002009638,"Stengelmattstrasse 24, 6252 Dagmersellen",parking,n/a,47.2137821,7.9840973
4002009504,"Küchengasse 16, 4051 Basel",atm,n/a,47.5477284,7.5896758
4002009504,"Küchengasse 16, 4051 Basel",cafe,ViCafe,47.5482134,7.589679
4002009504,"Küchengasse 16, 4051 Basel",restaurant,Le Train Bleu,47.5479389,7.5906059
4002009504,"Küchengasse 16, 4051 Basel",cafe,Starbucks Centralbahnplatz,47.5487806,7.5900613
4002009504,"Küchengasse 16, 4051 Basel",restaurant,Mister Wong,47.5480755,7.5906998
4002009504,"Küchengasse 16, 4051 Basel",fast_food,Burger King,47.5482689,7.5897171
4002009504,"Küchengasse 16, 4051 Basel",pharmacy,Amavita Central Basel,47.5485029,7.5899229
4002009504,"Küchengasse 16, 4051 Basel",cafe,dean & david,47.5481764,7.5895002
4002009504,"Küchengasse 16, 4051 Basel",fast_food,Popeyes,47.5475158,7.590855
4002009504,"Küchengasse 16, 4051 Basel",bank,Bank J. Safra Sarasin Ltd,47.5500168,7.5897409
4002009504,"Küchengasse 16, 4051 Basel",restaurant,Zum Kuss,47.5499012,7.5901434
4002009504,"Küchengasse 16, 4051 Basel",atm,n/a,47.5474714,7.5895547
4002009504,"Küchengasse 16, 4051 Basel",fast_food,McDonalds,47.5483775,7.5886877
4002009504,"Küchengasse 16, 4051 Basel",fast_food,Migros Eatery,47.5476469,7.5891368
4002009504,"Küchengasse 16, 4051 Basel",cafe,McCafé,47.5484267,7.5885486
4002009504,"Küchengasse 16, 4051 Basel",fast_food,Subway,47.5481767,7.5891845
4002009504,"Küchengasse 16, 4051 Basel",pharmacy,Saner Apotheke,47.5489875,7.5866633
4002009504,"Küchengasse 16, 4051 Basel",atm,n/a,47.5474545,7.5896158
4002009504,"Küchengasse 16, 4051 Basel",restaurant,Lora,47.548098,7.5881919
4002009504,"Küchengasse 16, 4051 Basel",cafe,Oelist/Finkmüller,47.5495564,7.5872515
4002009504,"Küchengasse 16, 4051 Basel",clinic,Physiozentrum,47.548492,7.5884045
4002009504,"Küchengasse 16, 4051 Basel",clinic,OP-Zentrum Bahnhof Basel,47.5472036,7.5903569
4002009504,"Küchengasse 16, 4051 Basel",pharmacy,Bahnhof Apotheke,47.547184,7.5903187
4001996813,"Wartenweilerweg 3, 9214 Kradolf-Schönenberg",parking,n/a,47.5268143,9.2025787
4001996813,"Wartenweilerweg 3, 9214 Kradolf-Schönenberg",restaurant,Restaurant Bahnhöfli,47.5249645,9.2017758
4001980272,"Via alla Bozzoreda 37, 6963 Pregassona",restaurant,Ristorante-Pizzeria del Sole,46.0197405,8.9736515
4001794440,"Paracelsusstrasse 63, 4058 Basel",atm,n/a,47.5662743,7.6136237
4001794440,"Paracelsusstrasse 63, 4058 Basel",parking,n/a,47.5657978,7.6128342
4001794440,"Paracelsusstrasse 63, 4058 Basel",cafe,Zum Backofen,47.5672994,7.6110128
4001794440,"Paracelsusstrasse 63, 4058 Basel",cafe,Cafe Chiara Claraspital,47.5666708,7.6140212
4001794440,"Paracelsusstrasse 63, 4058 Basel",cafe,ROSA im Park,47.5659024,7.6144414
4001793291,"Haltingerstr. 78, 4057 Basel",restaurant,Restaurant Zum Wilde Maa,47.5679494,7.595093
4001793291,"Haltingerstr. 78, 4057 Basel",restaurant,Zum Goldenen Fass,47.5656669,7.5956372
4001793291,"Haltingerstr. 78, 4057 Basel",cafe,Da Graziella,47.5664559,7.5928691
4001793291,"Haltingerstr. 78, 4057 Basel",cafe,Acero,47.5659948,7.5941398
4001793291,"Haltingerstr. 78, 4057 Basel",cafe,Didi Bar,47.5656436,7.5934442
4001793291,"Haltingerstr. 78, 4057 Basel",cafe,Saint Tropez,47.5651584,7.5940531
4001793291,"Haltingerstr. 78, 4057 Basel",fast_food,Isbilir,47.5671452,7.5952952
4001793291,"Haltingerstr. 78, 4057 Basel",fast_food,Royal Grill,47.5668682,7.5953324
4001793291,"Haltingerstr. 78, 4057 Basel",restaurant,Efringerhof,47.5673371,7.5963892
4001793291,"Haltingerstr. 78, 4057 Basel",restaurant,Tapeo Tapas Bar La Terraza,47.566436,7.597422
4001793291,"Haltingerstr. 78, 4057 Basel",restaurant,Urban Greek,47.5658332,7.5956113
4001793291,"Haltingerstr. 78, 4057 Basel",restaurant,Nua,47.5660088,7.5975782
4001793291,"Haltingerstr. 78, 4057 Basel",cafe,SMUK Café Bar,47.567226,7.5958963
4001793291,"Haltingerstr. 78, 4057 Basel",restaurant,Avant-Gouz,47.5677168,7.5948728
4001793291,"Haltingerstr. 78, 4057 Basel",pharmacy,Hammer Apotheke,47.567587,7.5952345
4001793291,"Haltingerstr. 78, 4057 Basel",bar,pusat cafe bar,47.5678995,7.5948047
4001793291,"Haltingerstr. 78, 4057 Basel",fast_food,Hoffmann's Bagel,47.5671995,7.596898
4001793291,"Haltingerstr. 78, 4057 Basel",restaurant,Pizzeria La Perla,47.5653483,7.595655
4001793291,"Haltingerstr. 78, 4057 Basel",pub,Fass Bar,47.5657565,7.5956208
4001749938,"Rosenstrasse 1, 4410 Liestal",restaurant,Restaurant Metzgerei Bären,47.4849521,7.735544
4001749938,"Rosenstrasse 1, 4410 Liestal",restaurant,Aleppo Take Away,47.4860231,7.7355076
4001749938,"Rosenstrasse 1, 4410 Liestal",bar,KINOORIS Bar,47.484343,7.7358883
4001749938,"Rosenstrasse 1, 4410 Liestal",restaurant,Tapéo Ziegelhof,47.485487,7.7353843
4001749938,"Rosenstrasse 1, 4410 Liestal",restaurant,Zeughaus,47.4851929,7.7348923
4001749938,"Rosenstrasse 1, 4410 Liestal",restaurant,Paradies To Go,47.4862849,7.7357036
4001669298,"Gestadeckplatz 6, 4410 Liestal",restaurant,Restaurant Metzgerei Bären,47.4849521,7.735544
4001669298,"Gestadeckplatz 6, 4410 Liestal",restaurant,Aleppo Take Away,47.4860231,7.7355076
4001669298,"Gestadeckplatz 6, 4410 Liestal",bar,KINOORIS Bar,47.484343,7.7358883
4001669298,"Gestadeckplatz 6, 4410 Liestal",restaurant,Tapéo Ziegelhof,47.485487,7.7353843
4001669298,"Gestadeckplatz 6, 4410 Liestal",restaurant,Zeughaus,47.4851929,7.7348923
4001669298,"Gestadeckplatz 6, 4410 Liestal",restaurant,Paradies To Go,47.4862849,7.7357036
4001668614,"Pilgerstr. 71, 5405 Dättwil AG",restaurant,ristoro,47.4533125,8.2839395
4002073453,"Wylerstrasse 115, 3014 Bern",pub,Carpe Diem,46.9596743,7.4488732
4002073453,"Wylerstrasse 115, 3014 Bern",restaurant,Chez SBB,46.9614225,7.4464629
4002073453,"Wylerstrasse 115, 3014 Bern",bar,Zoo Bar,46.9599644,7.4455226
4002073453,"Wylerstrasse 115, 3014 Bern",parking,n/a,46.9616658,7.4466625
4002071006,"Burgdorfstrasse 13, 3422 Alchenflüh",bank,BEKB,47.0832822,7.5817747
4002071006,"Burgdorfstrasse 13, 3422 Alchenflüh",restaurant,Bären,47.0821495,7.5813167
4002071006,"Burgdorfstrasse 13, 3422 Alchenflüh",restaurant,Eisenbahn,47.0832504,7.581395
4002071006,"Burgdorfstrasse 13, 3422 Alchenflüh",bank,Raiffeisenbank,47.0835454,7.5818288
4002071006,"Burgdorfstrasse 13, 3422 Alchenflüh",atm,n/a,47.0835189,7.5817983
4002071006,"Burgdorfstrasse 13, 3422 Alchenflüh",restaurant,Oy Thai Take Away,47.0834447,7.5816716
4002071006,"Burgdorfstrasse 13, 3422 Alchenflüh",restaurant,zum Bahnhof,47.0827851,7.5815486
4002071006,"Burgdorfstrasse 13, 3422 Alchenflüh",parking,n/a,47.083021,7.5812089
4002051393,"Via del Tiglio 5, 6592 S. Antonino",restaurant,La Bolla,46.1583417,8.983931
4002047930,"Redingstrasse 24, 4052 Basel",pharmacy,TopPharm Lehenmatt Apotheke,47.5476516,7.6213023
4002047930,"Redingstrasse 24, 4052 Basel",restaurant,Dalbedych,47.5480644,7.6208607
4002047930,"Redingstrasse 24, 4052 Basel",cafe,Sutter Begg,47.5472479,7.6208003
4002039930,"Rue de Romont 1, 1700 Fribourg",restaurant,Molino,46.8053388,7.156299
4002039930,"Rue de Romont 1, 1700 Fribourg",fast_food,Snack Kebap Memo,46.8061989,7.1542515
4002039930,"Rue de Romont 1, 1700 Fribourg",fast_food,Indiana Café-Bar,46.806144,7.1543604
4002039930,"Rue de Romont 1, 1700 Fribourg",bank,Raiffeisen,46.8059507,7.1547039
4002039930,"Rue de Romont 1, 1700 Fribourg",restaurant,Restaurant Pizzeria La Nonna,46.8046986,7.1532854
4002039930,"Rue de Romont 1, 1700 Fribourg",restaurant,Vietnam house,46.8055599,7.1563454
4002039930,"Rue de Romont 1, 1700 Fribourg",parking,n/a,46.805216,7.1544899
4002039930,"Rue de Romont 1, 1700 Fribourg",parking,n/a,46.8041361,7.1551495
4002039930,"Rue de Romont 1, 1700 Fribourg",bank,Credit Suisse,46.8037705,7.1528432
4002039930,"Rue de Romont 1, 1700 Fribourg",bank,Postfinance,46.8037823,7.1546116
4002039930,"Rue de Romont 1, 1700 Fribourg",bank,Banque Cantonale de Fribourg,46.8042601,7.1542433
4002039930,"Rue de Romont 1, 1700 Fribourg",pharmacy,Biovitamin,46.80388,7.1556925
4002039930,"Rue de Romont 1, 1700 Fribourg",restaurant,Restaurant LUIGIA,46.8053353,7.1565082
4002039930,"Rue de Romont 1, 1700 Fribourg",cafe,Le Chantilly,46.8048989,7.154845
4002039930,"Rue de Romont 1, 1700 Fribourg",bar,TM,46.8045969,7.1543375
4002039930,"Rue de Romont 1, 1700 Fribourg",restaurant,Le Midi,46.8046791,7.1545091
4002039930,"Rue de Romont 1, 1700 Fribourg",bar,Cuba bar,46.8051079,7.1552916
4002039930,"Rue de Romont 1, 1700 Fribourg",cafe,Starbucks,46.8049899,7.1551521
4002039930,"Rue de Romont 1, 1700 Fribourg",fast_food,McDonald's,46.8048327,7.1548029
4002039930,"Rue de Romont 1, 1700 Fribourg",bank,Postfinance,46.8039944,7.1551661
4002039930,"Rue de Romont 1, 1700 Fribourg",bank,Banque Cler,46.8042899,7.1537867
4002039930,"Rue de Romont 1, 1700 Fribourg",pharmacy,Benu,46.8048249,7.1552435
4002039930,"Rue de Romont 1, 1700 Fribourg",bank,Valiant,46.8047597,7.1551182
4002039930,"Rue de Romont 1, 1700 Fribourg",bank,UBS,46.8036479,7.1541931
4002039930,"Rue de Romont 1, 1700 Fribourg",fast_food,n/a,46.8048833,7.1539648
4002039930,"Rue de Romont 1, 1700 Fribourg",restaurant,Le Galopin,46.8049503,7.1538871
4002039930,"Rue de Romont 1, 1700 Fribourg",restaurant,La Taperia,46.8056744,7.1563587
4002039930,"Rue de Romont 1, 1700 Fribourg",bank,Cashflex Multicrédit,46.8039357,7.1548178
4002039930,"Rue de Romont 1, 1700 Fribourg",restaurant,Les Trentenaires,46.8053174,7.156791
4002039930,"Rue de Romont 1, 1700 Fribourg",atm,UBS,46.803887,7.1545011
4002039930,"Rue de Romont 1, 1700 Fribourg",restaurant,KUMO,46.8053829,7.1572676
4002039930,"Rue de Romont 1, 1700 Fribourg",restaurant,VaSano,46.8036006,7.1547699
4002039930,"Rue de Romont 1, 1700 Fribourg",restaurant,Sakura,46.8050312,7.1545662
4002039930,"Rue de Romont 1, 1700 Fribourg",atm,Postfinance,46.8047043,7.1530228
4002039930,"Rue de Romont 1, 1700 Fribourg",restaurant,Restaurant Indian Diyarah,46.8053358,7.1570372
4002039930,"Rue de Romont 1, 1700 Fribourg",restaurant,Restaurant FIVE,46.8049611,7.1550967
4002039930,"Rue de Romont 1, 1700 Fribourg",restaurant,n/a,46.8059969,7.1545586
4002039930,"Rue de Romont 1, 1700 Fribourg",cafe,Brut Café,46.8034883,7.153474
4002039930,"Rue de Romont 1, 1700 Fribourg",library,MEMO,46.8055026,7.1547455
4002039930,"Rue de Romont 1, 1700 Fribourg",fast_food,Fryburger,46.8047261,7.1532114
4002039930,"Rue de Romont 1, 1700 Fribourg",bar,Piccadilly,46.8046153,7.1533312
4002039930,"Rue de Romont 1, 1700 Fribourg",restaurant,La Cène,46.804933,7.1536627
4002039930,"Rue de Romont 1, 1700 Fribourg",bar,Habana Bar,46.8050909,7.1553346
4002039930,"Rue de Romont 1, 1700 Fribourg",parking,n/a,46.8043585,7.1529515
4002039930,"Rue de Romont 1, 1700 Fribourg",restaurant,BekaaHouse,46.8043311,7.155017
4002039930,"Rue de Romont 1, 1700 Fribourg",restaurant,Holy Cow!,46.8044177,7.1556686
4002039930,"Rue de Romont 1, 1700 Fribourg",restaurant,L’Aigle Noir,46.8047386,7.1575977
4002039930,"Rue de Romont 1, 1700 Fribourg",pharmacy,Sun Store,46.8041962,7.1541451
4002039930,"Rue de Romont 1, 1700 Fribourg",restaurant,Solemio,46.8052882,7.1574301
4002039930,"Rue de Romont 1, 1700 Fribourg",restaurant,Aigle Noir,46.8047707,7.1576089
4002039930,"Rue de Romont 1, 1700 Fribourg",cafe,Mahalo coffee shop,46.804803,7.1533131
4002039927,"Grabenwies 32, 8057 Zürich",restaurant,Fallender Brunnenhof,47.402817,8.5355605
4002039927,"Grabenwies 32, 8057 Zürich",restaurant,Barcelona Restaurant,47.4020484,8.5353195
4002039927,"Grabenwies 32, 8057 Zürich",pharmacy,Wehntal-Apotheke,47.402496,8.5358866
4002039925,"Rue Jacques-Vogt 2, 1700 Fribourg",restaurant,De Pérolles,46.8002706,7.1525963
4002039925,"Rue Jacques-Vogt 2, 1700 Fribourg",restaurant,Brasserie 39,46.7974328,7.1538929
4002039925,"Rue Jacques-Vogt 2, 1700 Fribourg",atm,n/a,46.7999452,7.1514494
4002039925,"Rue Jacques-Vogt 2, 1700 Fribourg",atm,n/a,46.7998443,7.1523713
4002039925,"Rue Jacques-Vogt 2, 1700 Fribourg",school,Ecole club Migros,46.800405,7.1535041
4002039925,"Rue Jacques-Vogt 2, 1700 Fribourg",parking,Perolles Centre,46.7998744,7.150884
4002039925,"Rue Jacques-Vogt 2, 1700 Fribourg",parking,n/a,46.7977183,7.1508166
4002039925,"Rue Jacques-Vogt 2, 1700 Fribourg",cafe,Le Provencal,46.7998359,7.1522121
4002039925,"Rue Jacques-Vogt 2, 1700 Fribourg",pharmacy,pharmacieplus,46.798714,7.1532741
4002039925,"Rue Jacques-Vogt 2, 1700 Fribourg",cafe,Café de la Presse,46.7971908,7.154096
4002039925,"Rue Jacques-Vogt 2, 1700 Fribourg",pharmacy,Benu,46.7997007,7.1524027
4002039925,"Rue Jacques-Vogt 2, 1700 Fribourg",bar,Korso - Kino Bar Bier,46.8004553,7.1520125
4002039925,"Rue Jacques-Vogt 2, 1700 Fribourg",restaurant,San Marco,46.8010124,7.1522881
4002039925,"Rue Jacques-Vogt 2, 1700 Fribourg",parking,n/a,46.7987801,7.1514062
4002039925,"Rue Jacques-Vogt 2, 1700 Fribourg",fast_food,Pizzaphone,46.7990691,7.1502721
4002039925,"Rue Jacques-Vogt 2, 1700 Fribourg",parking,n/a,46.7983934,7.1512513
4002039925,"Rue Jacques-Vogt 2, 1700 Fribourg",restaurant,Migros Restaurant,46.7997188,7.1519305
4002039925,"Rue Jacques-Vogt 2, 1700 Fribourg",parking,n/a,46.7992432,7.1541091
4002039925,"Rue Jacques-Vogt 2, 1700 Fribourg",fast_food,Walima,46.8011076,7.1521812
4002039925,"Rue Jacques-Vogt 2, 1700 Fribourg",fast_food,Star Pizza Kebab,46.8006982,7.1519523
4002039925,"Rue Jacques-Vogt 2, 1700 Fribourg",restaurant,Chengdu (成 都),46.7991272,7.1530682
4002039925,"Rue Jacques-Vogt 2, 1700 Fribourg",restaurant,Au pied de cochon,46.7990835,7.1530894
4001995971,"Via Franco Zorzi 25A, 6500 Bellinzona",restaurant,Osteria Eden,46.1915696,9.015188
4001995971,"Via Franco Zorzi 25A, 6500 Bellinzona",bank,Banca Raiffeisen Bellinzonese e Visagno,46.1902994,9.0201019
4001995971,"Via Franco Zorzi 25A, 6500 Bellinzona",cafe,L’arte del caffè,46.1924239,9.0184252
4001995971,"Via Franco Zorzi 25A, 6500 Bellinzona",bar,Birreria Haas,46.1929735,9.0181613
4001979003,"Via Franco Zorzi 25A, 6500 Bellinzona",restaurant,Osteria Eden,46.1915696,9.015188
4001979003,"Via Franco Zorzi 25A, 6500 Bellinzona",bank,Banca Raiffeisen Bellinzonese e Visagno,46.1902994,9.0201019
4001979003,"Via Franco Zorzi 25A, 6500 Bellinzona",cafe,L’arte del caffè,46.1924239,9.0184252
4001979003,"Via Franco Zorzi 25A, 6500 Bellinzona",bar,Birreria Haas,46.1929735,9.0181613
4001867848,"Chemin des Grands-Pins 2, 2000 Neuchâtel",cafe,Caffè Spettacolo,46.9965014,6.935764
4001867848,"Chemin des Grands-Pins 2, 2000 Neuchâtel",parking,Parking de la Gare,46.9962724,6.9349156
4001867848,"Chemin des Grands-Pins 2, 2000 Neuchâtel",fast_food,McDonald's,46.9965862,6.9360161
4001867848,"Chemin des Grands-Pins 2, 2000 Neuchâtel",atm,n/a,46.9966674,6.9356575
4001867848,"Chemin des Grands-Pins 2, 2000 Neuchâtel",school,École enfantine des Grands-Pins,46.9962388,6.9320008
4001867848,"Chemin des Grands-Pins 2, 2000 Neuchâtel",restaurant,Eateco Natural Food,46.9976198,6.9360365
4001867848,"Chemin des Grands-Pins 2, 2000 Neuchâtel",restaurant,Les Belgeries,46.9968891,6.9340322
4001867848,"Chemin des Grands-Pins 2, 2000 Neuchâtel",atm,Postfinance,46.996563,6.9355141
4001867848,"Chemin des Grands-Pins 2, 2000 Neuchâtel",bar,L'Antidote,46.9963903,6.9356253
4001867848,"Chemin des Grands-Pins 2, 2000 Neuchâtel",fast_food,Brezelkönig,46.996555,6.9359217
4001847621,"Rue Adrien-Pichard 2, 1003 Lausanne",fast_food,McDonald's,46.5224653,6.6306119
4001847621,"Rue Adrien-Pichard 2, 1003 Lausanne",bank,Banque Migros,46.5201679,6.6309046
4001847621,"Rue Adrien-Pichard 2, 1003 Lausanne",pub,Les Brasseurs,46.5205975,6.6325842
4001847621,"Rue Adrien-Pichard 2, 1003 Lausanne",fast_food,KFC,46.5211647,6.6299392
4001847621,"Rue Adrien-Pichard 2, 1003 Lausanne",atm,n/a,46.5229047,6.6317289
4001847621,"Rue Adrien-Pichard 2, 1003 Lausanne",pub,Le Central,46.5207642,6.6320286
4001847621,"Rue Adrien-Pichard 2, 1003 Lausanne",restaurant,Le Vaudois,46.523272,6.6317433
4001847621,"Rue Adrien-Pichard 2, 1003 Lausanne",cafe,Starbucks,46.5225223,6.6302652
4001847621,"Rue Adrien-Pichard 2, 1003 Lausanne",pharmacy,Pharmacie Amavita Saint-Laurent,46.5224093,6.6303349
4001847621,"Rue Adrien-Pichard 2, 1003 Lausanne",restaurant,La Pinte Besson,46.5232853,6.6296038
4001847621,"Rue Adrien-Pichard 2, 1003 Lausanne",bar,Mombassa Island,46.5234405,6.6278242
4001847621,"Rue Adrien-Pichard 2, 1003 Lausanne",restaurant,L'Orchidée,46.5232854,6.628513
4001847621,"Rue Adrien-Pichard 2, 1003 Lausanne",restaurant,Lotus Bleu Club,46.523276,6.6285481
4001847621,"Rue Adrien-Pichard 2, 1003 Lausanne",fast_food,Giga Tacos,46.5233068,6.6297126
4001847621,"Rue Adrien-Pichard 2, 1003 Lausanne",restaurant,Le National,46.5231056,6.6298388
4001847621,"Rue Adrien-Pichard 2, 1003 Lausanne",bar,The Spirit Bar,46.5235145,6.6296246
4001847621,"Rue Adrien-Pichard 2, 1003 Lausanne",restaurant,Forbici,46.5209365,6.6297501
4001847621,"Rue Adrien-Pichard 2, 1003 Lausanne",fast_food,Manora,46.5221223,6.6312833
4001847621,"Rue Adrien-Pichard 2, 1003 Lausanne",pub,Bruxelles Café,46.523349,6.6315365
4001847621,"Rue Adrien-Pichard 2, 1003 Lausanne",restaurant,Red Sea,46.5235895,6.6288881
4001847621,"Rue Adrien-Pichard 2, 1003 Lausanne",parking,Parking du Valentin,46.5238471,6.631647
4001847621,"Rue Adrien-Pichard 2, 1003 Lausanne",restaurant,Café de l'Hotel de Ville,46.5222269,6.6323076
4001847621,"Rue Adrien-Pichard 2, 1003 Lausanne",cafe,Loxton,46.5210346,6.6333454
4001847621,"Rue Adrien-Pichard 2, 1003 Lausanne",atm,n/a,46.5209637,6.6326629
4001847621,"Rue Adrien-Pichard 2, 1003 Lausanne",restaurant,Café du Grütli,46.5217909,6.6335811
4001847621,"Rue Adrien-Pichard 2, 1003 Lausanne",atm,Credit Suisse,46.5226161,6.6330458
4001847621,"Rue Adrien-Pichard 2, 1003 Lausanne",fast_food,Holy Cow,46.5226883,6.6282137
4001847621,"Rue Adrien-Pichard 2, 1003 Lausanne",restaurant,La Coccinelle,46.5216295,6.6307171
4001847621,"Rue Adrien-Pichard 2, 1003 Lausanne",restaurant,Laxmi,46.5219686,6.6336577
4001847621,"Rue Adrien-Pichard 2, 1003 Lausanne",pub,The Great Escape,46.5227776,6.6331436
4001847621,"Rue Adrien-Pichard 2, 1003 Lausanne",restaurant,Le cinq,46.5209843,6.6329685
4001847621,"Rue Adrien-Pichard 2, 1003 Lausanne",fast_food,Burger King,46.5216317,6.6303121
4001847621,"Rue Adrien-Pichard 2, 1003 Lausanne",restaurant,Aux Trois Tonneaux,46.5215882,6.6311846
4001847621,"Rue Adrien-Pichard 2, 1003 Lausanne",restaurant,Eat Me,46.520243,6.632309
4001847621,"Rue Adrien-Pichard 2, 1003 Lausanne",restaurant,Le P'tit Central,46.520896,6.6330015
4001847621,"Rue Adrien-Pichard 2, 1003 Lausanne",restaurant,Taco's Bar,46.5213585,6.628565
4001847621,"Rue Adrien-Pichard 2, 1003 Lausanne",fast_food,COOP to go,46.5225787,6.6304686
4001847621,"Rue Adrien-Pichard 2, 1003 Lausanne",restaurant,La Croquignole,46.5232886,6.6291632
4001847621,"Rue Adrien-Pichard 2, 1003 Lausanne",bank,Cler,46.5226406,6.6301381
4001847621,"Rue Adrien-Pichard 2, 1003 Lausanne",atm,n/a,46.5229624,6.6324422
4001847621,"Rue Adrien-Pichard 2, 1003 Lausanne",restaurant,Le Raisin,46.5219557,6.6330517
4001847621,"Rue Adrien-Pichard 2, 1003 Lausanne",pharmacy,Sunstore,46.5218545,6.6300254
4001847621,"Rue Adrien-Pichard 2, 1003 Lausanne",restaurant,Le Comptoir des 3 Places,46.5225918,6.6325139
4001847621,"Rue Adrien-Pichard 2, 1003 Lausanne",restaurant,Brasserie Saint-Laurent,46.522396,6.6312908
4001847621,"Rue Adrien-Pichard 2, 1003 Lausanne",atm,n/a,46.5203363,6.6303649
4001847621,"Rue Adrien-Pichard 2, 1003 Lausanne",atm,n/a,46.5200715,6.6302927
4001847621,"Rue Adrien-Pichard 2, 1003 Lausanne",restaurant,Hoa Sen,46.5239331,6.6300943
4001847621,"Rue Adrien-Pichard 2, 1003 Lausanne",restaurant,Nihao,46.5228252,6.6294072
4001847621,"Rue Adrien-Pichard 2, 1003 Lausanne",pharmacy,Sun Store,46.5229345,6.6318153
4001847621,"Rue Adrien-Pichard 2, 1003 Lausanne",fast_food,Bosphore,46.5218743,6.6320375
4001847621,"Rue Adrien-Pichard 2, 1003 Lausanne",cafe,R Cha,46.5214858,6.6320717
4001847621,"Rue Adrien-Pichard 2, 1003 Lausanne",pub,Mc Carthy's,46.5213697,6.6323014
4001847621,"Rue Adrien-Pichard 2, 1003 Lausanne",fast_food,Ma-jong,46.5199743,6.6311589
4001847621,"Rue Adrien-Pichard 2, 1003 Lausanne",fast_food,Sushi Zen,46.5202703,6.6305491
4001847621,"Rue Adrien-Pichard 2, 1003 Lausanne",fast_food,Inglewood,46.5223824,6.6314721
4001847621,"Rue Adrien-Pichard 2, 1003 Lausanne",fast_food,Le Charlot,46.5220563,6.630536
4001847621,"Rue Adrien-Pichard 2, 1003 Lausanne",cafe,Downtown Lausanne,46.5215056,6.6300601
4001847621,"Rue Adrien-Pichard 2, 1003 Lausanne",bar,abc,46.5209699,6.6311501
4001847621,"Rue Adrien-Pichard 2, 1003 Lausanne",fast_food,Le Levant to go,46.5208863,6.6310887
4001847621,"Rue Adrien-Pichard 2, 1003 Lausanne",cafe,La cuisine,46.5239689,6.629754
4001847621,"Rue Adrien-Pichard 2, 1003 Lausanne",cafe,Kony Bubble Tea Taïwan,46.5200076,6.6307372
4001847621,"Rue Adrien-Pichard 2, 1003 Lausanne",clinic,Permanence Unisanté du Flon,46.5210051,6.629443
4001847621,"Rue Adrien-Pichard 2, 1003 Lausanne",cafe,Café du Pont,46.5211155,6.6329693
4001847621,"Rue Adrien-Pichard 2, 1003 Lausanne",restaurant,Les Saveurs du Monde,46.5219989,6.6299497
4001847621,"Rue Adrien-Pichard 2, 1003 Lausanne",fast_food,Le 7ème Délice,46.5219354,6.6299603
4001847621,"Rue Adrien-Pichard 2, 1003 Lausanne",cafe,Le Pointu,46.5233736,6.6306313
4001847621,"Rue Adrien-Pichard 2, 1003 Lausanne",pharmacy,Metro Flon Pharmacie,46.5202985,6.630288
4001847621,"Rue Adrien-Pichard 2, 1003 Lausanne",atm,n/a,46.5203299,6.6304119
4001847621,"Rue Adrien-Pichard 2, 1003 Lausanne",restaurant,Pz pizza,46.5212465,6.6318007
4001847621,"Rue Adrien-Pichard 2, 1003 Lausanne",restaurant,Pizza Fratel,46.5236313,6.6293485
4001847621,"Rue Adrien-Pichard 2, 1003 Lausanne",library,Bibliothèque Sonore Romande,46.5215952,6.6286515
4001847621,"Rue Adrien-Pichard 2, 1003 Lausanne",atm,n/a,46.5227227,6.6327739
4001847621,"Rue Adrien-Pichard 2, 1003 Lausanne",atm,Banque Migros,46.5226905,6.6329388
4001847621,"Rue Adrien-Pichard 2, 1003 Lausanne",bar,Punk Bar,46.5210941,6.6299053
4001847621,"Rue Adrien-Pichard 2, 1003 Lausanne",restaurant,The Green Van Company,46.5214227,6.6283063
4001847621,"Rue Adrien-Pichard 2, 1003 Lausanne",bar,Barberousse,46.5214885,6.6281704
4001847621,"Rue Adrien-Pichard 2, 1003 Lausanne",restaurant,Chinatown,46.5212252,6.6321118
4001847621,"Rue Adrien-Pichard 2, 1003 Lausanne",bar,Ōmi,46.521208,6.6321479
4001847621,"Rue Adrien-Pichard 2, 1003 Lausanne",atm,n/a,46.5203119,6.6305484
4001847621,"Rue Adrien-Pichard 2, 1003 Lausanne",pub,La Mise en Bière,46.5237337,6.6288049
4001847621,"Rue Adrien-Pichard 2, 1003 Lausanne",fast_food,Ephese,46.523387,6.6304337
4001847621,"Rue Adrien-Pichard 2, 1003 Lausanne",fast_food,Snack du Marché,46.5234945,6.6305181
4001847621,"Rue Adrien-Pichard 2, 1003 Lausanne",bar,MadHouse,46.520291,6.6301185
4001847621,"Rue Adrien-Pichard 2, 1003 Lausanne",fast_food,Easyfood,46.5219433,6.6299498
4001847621,"Rue Adrien-Pichard 2, 1003 Lausanne",restaurant,Wawa’s Asian Kitchen,46.521433,6.6282506
4001847621,"Rue Adrien-Pichard 2, 1003 Lausanne",cafe,Café Louve,46.5212683,6.6323482
4001847621,"Rue Adrien-Pichard 2, 1003 Lausanne",restaurant,CrazyWolf,46.5225537,6.6313244
4001847621,"Rue Adrien-Pichard 2, 1003 Lausanne",bank,Banque Alternative Suisse SA (BAS),46.5212928,6.6281985
4001847621,"Rue Adrien-Pichard 2, 1003 Lausanne",cafe,À côté de la plaque,46.5239189,6.6297852
4001847621,"Rue Adrien-Pichard 2, 1003 Lausanne",pub,Café des philosophes,46.5212754,6.6325327
4001847621,"Rue Adrien-Pichard 2, 1003 Lausanne",restaurant,Mizūmiy - Japan super food,46.5214227,6.6306248
4001847621,"Rue Adrien-Pichard 2, 1003 Lausanne",restaurant,Tartares & Co,46.5214144,6.6295369
4001847621,"Rue Adrien-Pichard 2, 1003 Lausanne",restaurant,Le Levant,46.5234443,6.6287181
4001847621,"Rue Adrien-Pichard 2, 1003 Lausanne",fast_food,Bamee Bistro,46.5228048,6.6309482
4001847621,"Rue Adrien-Pichard 2, 1003 Lausanne",restaurant,Royal India,46.5229894,6.6311228
4001847621,"Rue Adrien-Pichard 2, 1003 Lausanne",restaurant,Un Po' Di Più,46.5241663,6.6323857
4001847621,"Rue Adrien-Pichard 2, 1003 Lausanne",cafe,Café Barath,46.5220506,6.630516
4001847621,"Rue Adrien-Pichard 2, 1003 Lausanne",pharmacy,Amavita,46.5218395,6.630654
4001847621,"Rue Adrien-Pichard 2, 1003 Lausanne",fast_food,Krispy Kreme,46.5217838,6.6307023
4001847621,"Rue Adrien-Pichard 2, 1003 Lausanne",fast_food,Yum mamia,46.522201,6.6319742
4001847621,"Rue Adrien-Pichard 2, 1003 Lausanne",fast_food,Luncheonette,46.5213378,6.6314968
4001847621,"Rue Adrien-Pichard 2, 1003 Lausanne",cafe,GreenGorilla,46.5217086,6.6302409
4001847621,"Rue Adrien-Pichard 2, 1003 Lausanne",restaurant,Mexicana,46.5207131,6.6321157
4001847621,"Rue Adrien-Pichard 2, 1003 Lausanne",bank,Raiffeisen,46.5208996,6.6288035
4001847621,"Rue Adrien-Pichard 2, 1003 Lausanne",fast_food,Brezelkönig,46.5200451,6.6303695
4001847621,"Rue Adrien-Pichard 2, 1003 Lausanne",pharmacy,Amavita,46.5217094,6.6333945
4001847621,"Rue Adrien-Pichard 2, 1003 Lausanne",bar,Le Cylure,46.5235053,6.6296545
4001847621,"Rue Adrien-Pichard 2, 1003 Lausanne",restaurant,La Siesta,46.5216734,6.6310251
4001847621,"Rue Adrien-Pichard 2, 1003 Lausanne",restaurant,Racines,46.5232723,6.630242
4001847621,"Rue Adrien-Pichard 2, 1003 Lausanne",cafe,Bel-Air Coffee,46.5228103,6.6285098
4001847621,"Rue Adrien-Pichard 2, 1003 Lausanne",fast_food,Fresco,46.521137,6.631085
4001847621,"Rue Adrien-Pichard 2, 1003 Lausanne",fast_food,My sandwiches,46.5211167,6.6311226
4001847621,"Rue Adrien-Pichard 2, 1003 Lausanne",fast_food,Planet Bowl,46.5230471,6.6298595
4001847621,"Rue Adrien-Pichard 2, 1003 Lausanne",fast_food,Giga Tacos,46.5226765,6.6293002
4001847621,"Rue Adrien-Pichard 2, 1003 Lausanne",bar,Le Manhattan,46.5213672,6.6286692
4001847621,"Rue Adrien-Pichard 2, 1003 Lausanne",restaurant,Le Leonardo,46.5210406,6.6292189
4001847621,"Rue Adrien-Pichard 2, 1003 Lausanne",restaurant,Le Fraisier,46.52166,6.6315787
4001847621,"Rue Adrien-Pichard 2, 1003 Lausanne",restaurant,Ti Kréyol,46.523572,6.6295825
4001847621,"Rue Adrien-Pichard 2, 1003 Lausanne",restaurant,Sushi Express,46.5225878,6.6285252
4001847621,"Rue Adrien-Pichard 2, 1003 Lausanne",fast_food,The Pancakes Mafia,46.5226132,6.62847
4001847621,"Rue Adrien-Pichard 2, 1003 Lausanne",restaurant,Aux sapeurs pompiers,46.5232778,6.6304205
4001847621,"Rue Adrien-Pichard 2, 1003 Lausanne",restaurant,Black Luna,46.520368,6.6299406
4001847621,"Rue Adrien-Pichard 2, 1003 Lausanne",restaurant,La Caleta,46.5232707,6.6286622
4001847621,"Rue Adrien-Pichard 2, 1003 Lausanne",bar,Loxton,46.5211838,6.63331
4001847621,"Rue Adrien-Pichard 2, 1003 Lausanne",restaurant,Açai concept,46.5232658,6.6295335
4001847621,"Rue Adrien-Pichard 2, 1003 Lausanne",fast_food,Crrsp,46.5214105,6.6283621
4001847621,"Rue Adrien-Pichard 2, 1003 Lausanne",fast_food,O Mylos - Greek Street Food,46.523874,6.6316601
4001847621,"Rue Adrien-Pichard 2, 1003 Lausanne",fast_food,Bibibowl,46.5218195,6.6313348
4001847621,"Rue Adrien-Pichard 2, 1003 Lausanne",bar,Lily,46.5229137,6.6310481
4002081184,"Truttikerstrasse 19, 8475 Ossingen",restaurant,Thalacker,47.6143412,8.7257403
4002081184,"Truttikerstrasse 19, 8475 Ossingen",atm,n/a,47.612635,8.7261502
4002081184,"Truttikerstrasse 19, 8475 Ossingen",cafe,Kafi Liesowski,47.6145774,8.7241338
4002078663,"Wilfriedstrasse 7, 8032 Zürich",pharmacy,Dropa Hottingen,47.3697086,8.5557788
4002078663,"Wilfriedstrasse 7, 8032 Zürich",restaurant,Rosengarten,47.3697879,8.5563885
4002078663,"Wilfriedstrasse 7, 8032 Zürich",restaurant,Wolfbach,47.3703441,8.552204
4002078663,"Wilfriedstrasse 7, 8032 Zürich",restaurant,Afghan Anar,47.3697919,8.5529812
4002078663,"Wilfriedstrasse 7, 8032 Zürich",cafe,Café Berner,47.3695588,8.5540543
4002078663,"Wilfriedstrasse 7, 8032 Zürich",cafe,Vier Linden Imbiss-Café,47.3696191,8.5554987
4002078663,"Wilfriedstrasse 7, 8032 Zürich",parking,Kulturama Besucherparkplatz,47.3687928,8.5553944
4002078663,"Wilfriedstrasse 7, 8032 Zürich",pub,Bar am Egge,47.369497,8.557336
4002078663,"Wilfriedstrasse 7, 8032 Zürich",restaurant,Mensa Kantonsschule Rämibühl,47.3713446,8.5527434
4002075419,"Husächerstr. 5, 8907 Wettswil",restaurant,Restaurant Pizzeria Grazie,47.3403525,8.4728269
4002075044,"Route de Vandœuvres 6, 1223 Cologny",cafe,Dolce & Salato,46.2052504,6.1814315
4002073382,"Wylerstrasse 115, 3014 Bern",pub,Carpe Diem,46.9596743,7.4488732
4002073382,"Wylerstrasse 115, 3014 Bern",restaurant,Chez SBB,46.9614225,7.4464629
4002073382,"Wylerstrasse 115, 3014 Bern",bar,Zoo Bar,46.9599644,7.4455226
4002073382,"Wylerstrasse 115, 3014 Bern",parking,n/a,46.9616658,7.4466625
4002073335,"Hammerstrasse 92, 4057 Basel",restaurant,Zum Goldenen Fass,47.5656669,7.5956372
4002073335,"Hammerstrasse 92, 4057 Basel",parking,Europe,47.5632757,7.5968304
4002073335,"Hammerstrasse 92, 4057 Basel",cafe,Acero,47.5659948,7.5941398
4002073335,"Hammerstrasse 92, 4057 Basel",cafe,Saint Tropez,47.5651584,7.5940531
4002073335,"Hammerstrasse 92, 4057 Basel",restaurant,Punta Cana,47.5633753,7.5962178
4002073335,"Hammerstrasse 92, 4057 Basel",restaurant,Bali,47.5627493,7.5966598
4002073335,"Hammerstrasse 92, 4057 Basel",restaurant,Urban Greek,47.5658332,7.5956113
4002073335,"Hammerstrasse 92, 4057 Basel",cafe,CaPuccini,47.5629082,7.597009
4002073335,"Hammerstrasse 92, 4057 Basel",bar,Locanda,47.564069,7.5977405
4002073335,"Hammerstrasse 92, 4057 Basel",restaurant,Pizzeria La Perla,47.5653483,7.595655
4002073335,"Hammerstrasse 92, 4057 Basel",fast_food,Basler Kebabhaus,47.5636317,7.5962772
4002073335,"Hammerstrasse 92, 4057 Basel",restaurant,Clarastübli,47.5626048,7.5962248
4002073335,"Hammerstrasse 92, 4057 Basel",restaurant,Restaurant Thai Family,47.5630636,7.5964143
4002073335,"Hammerstrasse 92, 4057 Basel",pub,Fass Bar,47.5657565,7.5956208
4002070471,"Bleicherstrasse, Nr. 33, 8953 Dietikon",pharmacy,Amavita Dietikon,47.405637,8.3982172
4002070471,"Bleicherstrasse, Nr. 33, 8953 Dietikon",restaurant,Molino,47.4060643,8.3971433
4002070191,"Rue Daubin 4, 1203 Genève",library,Bibliothèque de Saint-Jean,46.2057295,6.1270445
4002070191,"Rue Daubin 4, 1203 Genève",restaurant,Pizzeria les Tilleuls,46.2058099,6.1311533
4002070191,"Rue Daubin 4, 1203 Genève",restaurant,La Limite,46.2064678,6.1301205
4002070191,"Rue Daubin 4, 1203 Genève",pharmacy,Pharmacie de la Dôle,46.2074676,6.130493
4002070191,"Rue Daubin 4, 1203 Genève",restaurant,Le Chanaan,46.2059677,6.1271143
4002070191,"Rue Daubin 4, 1203 Genève",restaurant,Na Village,46.2052734,6.131489
4002070191,"Rue Daubin 4, 1203 Genève",restaurant,La Cocina Argentina,46.2052599,6.1321939
4002070191,"Rue Daubin 4, 1203 Genève",restaurant,Le Paradis,46.2061647,6.132514
4002070191,"Rue Daubin 4, 1203 Genève",cafe,Entre Nous,46.2073067,6.1299849
4002070191,"Rue Daubin 4, 1203 Genève",school,ortra santé social,46.2068311,6.1301644
4002070191,"Rue Daubin 4, 1203 Genève",cafe,Utopia,46.2052851,6.1323515
4002070191,"Rue Daubin 4, 1203 Genève",restaurant,Le Picotin,46.205459,6.1276644
4002070191,"Rue Daubin 4, 1203 Genève",restaurant,Sindbad,46.2051353,6.1317546
4002070191,"Rue Daubin 4, 1203 Genève",restaurant,Un Sens,46.205272,6.1322689
4002061897,"Langgasse 58, 8400 Winterthur",restaurant,Incontro,47.4912931,8.7340645
4002060913,"Rathausstrasse 30, 8570 Weinfelden",bank,Thurgauer Kantonalbank,47.5657038,9.1091486
4002060913,"Rathausstrasse 30, 8570 Weinfelden",restaurant,zum Trauben,47.5684003,9.1099987
4002060913,"Rathausstrasse 30, 8570 Weinfelden",restaurant,Eisenbahn,47.5658415,9.1079733
4002060913,"Rathausstrasse 30, 8570 Weinfelden",bank,Raiffeisenbank Mittelthurgau,47.566659,9.1066201
4002060913,"Rathausstrasse 30, 8570 Weinfelden",pub,Jack's Café,47.5667351,9.1061358
4002060913,"Rathausstrasse 30, 8570 Weinfelden",restaurant,Pulcinella,47.5647012,9.1079874
4002060913,"Rathausstrasse 30, 8570 Weinfelden",cafe,Mohn,47.5649405,9.1084125
4002060913,"Rathausstrasse 30, 8570 Weinfelden",bar,BarCode,47.5654591,9.1085793
4002060913,"Rathausstrasse 30, 8570 Weinfelden",bank,UBS,47.5677353,9.10932
4002060913,"Rathausstrasse 30, 8570 Weinfelden",pharmacy,Apotheke Aemisegger,47.5674526,9.1102435
4002060913,"Rathausstrasse 30, 8570 Weinfelden",atm,n/a,47.5677521,9.1102637
4002060913,"Rathausstrasse 30, 8570 Weinfelden",restaurant,Wirtschaft zum Löwen,47.5683474,9.109532
4002060913,"Rathausstrasse 30, 8570 Weinfelden",restaurant,Migros Restaurant,47.5678523,9.1107446
4002060913,"Rathausstrasse 30, 8570 Weinfelden",restaurant,Gambrinus,47.5671735,9.1088659
4002060913,"Rathausstrasse 30, 8570 Weinfelden",fast_food,Easy Food & Drink,47.5651139,9.1084266
4002060913,"Rathausstrasse 30, 8570 Weinfelden",cafe,La Stazione,47.5671174,9.1065267
4002060913,"Rathausstrasse 30, 8570 Weinfelden",restaurant,Gleis 1,47.5668659,9.1062149
4002060913,"Rathausstrasse 30, 8570 Weinfelden",pharmacy,Apotheke Dr. Hörmann,47.5665435,9.106732
4002060913,"Rathausstrasse 30, 8570 Weinfelden",atm,n/a,47.5658032,9.1089006
4002060913,"Rathausstrasse 30, 8570 Weinfelden",cafe,Mohn Bäckerei Café Konditorei Confiserie,47.5669439,9.1104133
4002060913,"Rathausstrasse 30, 8570 Weinfelden",bar,Lauer Bar,47.5670284,9.1103371
4002060913,"Rathausstrasse 30, 8570 Weinfelden",school,Pestalozzi- Schulhaus,47.5671229,9.1082093
4002060913,"Rathausstrasse 30, 8570 Weinfelden",atm,n/a,47.5663531,9.1070336
4002060913,"Rathausstrasse 30, 8570 Weinfelden",restaurant,Hirschen,47.5679559,9.1095199
4002060913,"Rathausstrasse 30, 8570 Weinfelden",bar,Kostbar,47.5671268,9.1088528
4002060913,"Rathausstrasse 30, 8570 Weinfelden",fast_food,n/a,47.567201,9.1091262
4002060913,"Rathausstrasse 30, 8570 Weinfelden",fast_food,Bistro Paprika,47.5667934,9.1085106
4002060913,"Rathausstrasse 30, 8570 Weinfelden",atm,n/a,47.5668191,9.1065419
4002060913,"Rathausstrasse 30, 8570 Weinfelden",bar,Goldener Dachs,47.5674652,9.1074788
4002059937,"Seeburgstrasse 49B, 6006 Luzern",restaurant,Richemont Gastronomie & Hotel,47.0478181,8.3434633
4002059937,"Seeburgstrasse 49B, 6006 Luzern",parking,Richemont Parking,47.0476568,8.3435516
4002055429,"Am Stausee 25, 4127 Birsfelden",restaurant,Restaurant Sternenfeld,47.556635,7.6300489
4002054439,"Kurvenstrasse 15, 8600 Dübendorf",restaurant,Pizzeria Il Faro,47.3968938,8.6138054
4002054439,"Kurvenstrasse 15, 8600 Dübendorf",cafe,Topolino Plaza,47.3965547,8.6138893
4002054439,"Kurvenstrasse 15, 8600 Dübendorf",restaurant,Miglio,47.3964338,8.6132097
4002054439,"Kurvenstrasse 15, 8600 Dübendorf",restaurant,Safran,47.3962547,8.6135679
4002054439,"Kurvenstrasse 15, 8600 Dübendorf",parking,n/a,47.3968395,8.6154512
4002054439,"Kurvenstrasse 15, 8600 Dübendorf",fast_food,Take away Imbiss bar,47.3963048,8.613512
4002054439,"Kurvenstrasse 15, 8600 Dübendorf",parking,n/a,47.3981927,8.6166118
4002051403,"Bernstrasse 147, 3400 Burgdorf",parking,n/a,47.0520953,7.6110924
4002051403,"Bernstrasse 147, 3400 Burgdorf",parking,n/a,47.0530519,7.6119283
4002051395,"Batteriestrasse 4a, 4103 Bottmingen",restaurant,Coop Restaurant,47.5266552,7.5721537
4002051338,"Via Monte Carmen 13, 6900 Lugano",restaurant,Wong Ho,46.0118126,8.9544167
4002051338,"Via Monte Carmen 13, 6900 Lugano",pharmacy,Farmacia Contrada dei Patrizi,46.0125702,8.9547338
4002051338,"Via Monte Carmen 13, 6900 Lugano",cafe,Café Tra,46.0130112,8.9540684
4002051338,"Via Monte Carmen 13, 6900 Lugano",library,"Biblioteca interculturale per la prima infanzia ""Ricciogiramondo""",46.0131905,8.9546483
4002051338,"Via Monte Carmen 13, 6900 Lugano",bar,Bar Pinard,46.0120723,8.9547722
4002050823,"Hammerstrasse 33, 8008 Zürich",restaurant,ButchersTable,47.3615601,8.5603652
4002050823,"Hammerstrasse 33, 8008 Zürich",restaurant,Neumünster,47.3596206,8.5585046
4002050823,"Hammerstrasse 33, 8008 Zürich",restaurant,Misoga,47.3614068,8.5608856
4002050823,"Hammerstrasse 33, 8008 Zürich",pharmacy,Minerva Apotheke,47.3614842,8.5610538
4002050823,"Hammerstrasse 33, 8008 Zürich",cafe,Cafeteria UZH Botanischer Garten,47.3588123,8.5595427
4002050823,"Hammerstrasse 33, 8008 Zürich",library,Bibliothek der Institute für Systematische Botanik und für Pflanzenbiologie,47.3588388,8.5595046
4002050823,"Hammerstrasse 33, 8008 Zürich",cafe,Hegifret Kaffeefenster,47.3617836,8.5612343
4002050823,"Hammerstrasse 33, 8008 Zürich",cafe,Marfa,47.3620459,8.5609414
4002050783,"Via ai Saleggi 26, 6600 Locarno",parking,n/a,46.1636855,8.7941246
4002050783,"Via ai Saleggi 26, 6600 Locarno",library,Biblioteca della Scuola Media di Locarno,46.1637066,8.7949245
4002050783,"Via ai Saleggi 26, 6600 Locarno",restaurant,Snack bar Bistrot del Pellegrino,46.1615194,8.7926369
4002050667,"Wyde 7, 5242 Birr",restaurant,Wydehof,47.4375134,8.2109849
4002050667,"Wyde 7, 5242 Birr",parking,n/a,47.4393856,8.209542
4002048119,"Dorfstrasse 31, 8310 Grafstal",restaurant,Frieden,47.444753,8.699068
4002048119,"Dorfstrasse 31, 8310 Grafstal",restaurant,Wirtschaft zur Tanne,47.4449031,8.7002374
4002048119,"Dorfstrasse 31, 8310 Grafstal",parking,n/a,47.4451648,8.699974
4002048119,"Dorfstrasse 31, 8310 Grafstal",parking,n/a,47.4426347,8.7009228
4002044164,"Am Stausee 25, 4127 Birsfelden",restaurant,Restaurant Sternenfeld,47.556635,7.6300489
4002042526,"Rue de l'Aubépine 3, 1205 Genève",restaurant,Zaitouna,46.1908049,6.1445272
4002042526,"Rue de l'Aubépine 3, 1205 Genève",cafe,Le P'tit Prince,46.1920325,6.1437713
4002042526,"Rue de l'Aubépine 3, 1205 Genève",restaurant,Le Rouge & Le Blanc,46.1918206,6.1437245
4002042526,"Rue de l'Aubépine 3, 1205 Genève",fast_food,Thai Twist,46.1918044,6.1442499
4002042526,"Rue de l'Aubépine 3, 1205 Genève",restaurant,Capa Negra,46.1900983,6.1436243
4002042526,"Rue de l'Aubépine 3, 1205 Genève",restaurant,Le VG (Les Vieux-Grenadiers),46.1911813,6.1433741
4002042526,"Rue de l'Aubépine 3, 1205 Genève",bar,Marius,46.1913887,6.1446074
4002042526,"Rue de l'Aubépine 3, 1205 Genève",restaurant,Café des Augustins,46.1911125,6.1446088
4002042526,"Rue de l'Aubépine 3, 1205 Genève",fast_food,Ephese,46.1923649,6.1437793
4002042526,"Rue de l'Aubépine 3, 1205 Genève",restaurant,Bar Grill '72,46.1925752,6.1437585
4002042526,"Rue de l'Aubépine 3, 1205 Genève",cafe,Com'Chez Vous,46.1918905,6.1437699
4002042526,"Rue de l'Aubépine 3, 1205 Genève",restaurant,Le Safari,46.1918366,6.142988
4002042526,"Rue de l'Aubépine 3, 1205 Genève",fast_food,Manu Il Gelato Italiano,46.1920133,6.1441055
4002042526,"Rue de l'Aubépine 3, 1205 Genève",fast_food,Planète Sandwichs,46.1907665,6.1438368
4002042526,"Rue de l'Aubépine 3, 1205 Genève",restaurant,Kimchi,46.1893787,6.1434046
4002042526,"Rue de l'Aubépine 3, 1205 Genève",fast_food,Sadullah Bozan Chez Tonton,46.189204,6.14335
4002042526,"Rue de l'Aubépine 3, 1205 Genève",library,Bibliothèque municipale des Minoteries,46.1910287,6.1426841
4002042526,"Rue de l'Aubépine 3, 1205 Genève",library,Discothèque municipale des Minoteries,46.1907609,6.1426001
4002042526,"Rue de l'Aubépine 3, 1205 Genève",pharmacy,Pharmacie Vipha,46.1918341,6.1440851
4002042526,"Rue de l'Aubépine 3, 1205 Genève",restaurant,Café Mutin,46.1890365,6.1449168
4002042526,"Rue de l'Aubépine 3, 1205 Genève",cafe,L'arcluse,46.1911163,6.1458267
4002042526,"Rue de l'Aubépine 3, 1205 Genève",restaurant,Acropolis Streetfood,46.1893378,6.1430376
4002042526,"Rue de l'Aubépine 3, 1205 Genève",cafe,Café Caillou,46.1913162,6.1445937
4002042526,"Rue de l'Aubépine 3, 1205 Genève",pharmacy,Pharmacie de la Clef d'Arve,46.1895685,6.1431033
4002042526,"Rue de l'Aubépine 3, 1205 Genève",cafe,Le Far,46.1915032,6.1440548
4002042526,"Rue de l'Aubépine 3, 1205 Genève",fast_food,Burgers Brothers,46.192121,6.1441127
4002042526,"Rue de l'Aubépine 3, 1205 Genève",bar,Bombar,46.1918257,6.1444585
4002042526,"Rue de l'Aubépine 3, 1205 Genève",cafe,Leger's,46.1911678,6.1439634
4002042526,"Rue de l'Aubépine 3, 1205 Genève",restaurant,Desi Palace,46.1888594,6.1432078
4002042526,"Rue de l'Aubépine 3, 1205 Genève",cafe,Rendez-vous Gourmande,46.1921703,6.1437673
4002042526,"Rue de l'Aubépine 3, 1205 Genève",restaurant,Le Maison Thai,46.1907307,6.1438242
4002042526,"Rue de l'Aubépine 3, 1205 Genève",restaurant,Rajpoute,46.1899442,6.1435734
4002039327,"Mattengasse 11, 8005 Zürich",restaurant,Dar,47.3835914,8.5283234
4002039327,"Mattengasse 11, 8005 Zürich",restaurant,LILY'S,47.3825398,8.5296036
4002039327,"Mattengasse 11, 8005 Zürich",pub,Matahari Bar,47.3840524,8.5309307
4002039327,"Mattengasse 11, 8005 Zürich",restaurant,LA Brea SoCal Tacos,47.3821979,8.5317241
4002039327,"Mattengasse 11, 8005 Zürich",restaurant,Spicy Box,47.382624,8.5312467
4002039327,"Mattengasse 11, 8005 Zürich",restaurant,Eisenhof,47.3836276,8.5287302
4002039327,"Mattengasse 11, 8005 Zürich",bar,Kasheme,47.3827935,8.5295411
4002039327,"Mattengasse 11, 8005 Zürich",cafe,Café Noir,47.3819687,8.53053
4002039327,"Mattengasse 11, 8005 Zürich",bar,Amboss Rampe,47.3811645,8.5318876
4002039327,"Mattengasse 11, 8005 Zürich",restaurant,Yume Ramen,47.3823657,8.5303266
4002039327,"Mattengasse 11, 8005 Zürich",restaurant,Soul Köfte,47.3818623,8.5296911
4002039327,"Mattengasse 11, 8005 Zürich",restaurant,Babo's Restaurant,47.3819642,8.5294299
4002039327,"Mattengasse 11, 8005 Zürich",restaurant,Don’t Worry Eat Curry,47.3828582,8.5307697
4002039327,"Mattengasse 11, 8005 Zürich",restaurant,Casa da Picanha,47.382094,8.5300961
4002039327,"Mattengasse 11, 8005 Zürich",restaurant,Restaurant Neugasshof,47.3820132,8.5303576
4002039327,"Mattengasse 11, 8005 Zürich",restaurant,Co Chin Chin,47.3837599,8.5284695
4002039327,"Mattengasse 11, 8005 Zürich",restaurant,Amigos Tapas,47.3839003,8.5307988
4002039327,"Mattengasse 11, 8005 Zürich",restaurant,Cucina,47.384162,8.5304006
4002039327,"Mattengasse 11, 8005 Zürich",restaurant,Cinque,47.383294,8.5301807
4002039327,"Mattengasse 11, 8005 Zürich",restaurant,Molino,47.3840714,8.5291751
4002039327,"Mattengasse 11, 8005 Zürich",cafe,Lycka,47.3837629,8.5298256
4002039327,"Mattengasse 11, 8005 Zürich",restaurant,4Leoni Firenze,47.3843323,8.5302362
4002039327,"Mattengasse 11, 8005 Zürich",restaurant,Josef,47.3838905,8.5289598
4002039327,"Mattengasse 11, 8005 Zürich",restaurant,Chimy's,47.3832801,8.528361
4002039327,"Mattengasse 11, 8005 Zürich",fast_food,Hanswurst,47.3840062,8.5311406
4002039327,"Mattengasse 11, 8005 Zürich",restaurant,Burgermeister,47.384344,8.5311512
4002039327,"Mattengasse 11, 8005 Zürich",bar,The International Beer Bar,47.3828872,8.5287112
4002039327,"Mattengasse 11, 8005 Zürich",restaurant,MeiXin,47.3834555,8.5303841
4002039327,"Mattengasse 11, 8005 Zürich",restaurant,Himalaya,47.3830864,8.5329144
4002039327,"Mattengasse 11, 8005 Zürich",restaurant,Santa Lucia,47.3838555,8.5295871
4002039327,"Mattengasse 11, 8005 Zürich",restaurant,Wesley's Kitchen,47.381828,8.5326917
4002039327,"Mattengasse 11, 8005 Zürich",cafe,Diwan Shisha,47.3827024,8.5300338
4002039327,"Mattengasse 11, 8005 Zürich",bar,Chicago Bar,47.3825931,8.5299484
4002039327,"Mattengasse 11, 8005 Zürich",bar,Vineria Centrale,47.3825403,8.5300127
4002039327,"Mattengasse 11, 8005 Zürich",fast_food,McDonald's,47.3829117,8.529958
4002039327,"Mattengasse 11, 8005 Zürich",fast_food,Big Burger,47.383026,8.5300509
4002039327,"Mattengasse 11, 8005 Zürich",fast_food,Best,47.3827549,8.5300757
4002039327,"Mattengasse 11, 8005 Zürich",restaurant,Neni,47.3803007,8.5287319
4002039327,"Mattengasse 11, 8005 Zürich",school,IST Höhere Fachschule für Tourismus,47.3821347,8.5318509
4002039327,"Mattengasse 11, 8005 Zürich",cafe,XYLO,47.3828676,8.5293614
4002039327,"Mattengasse 11, 8005 Zürich",fast_food,Baba Food Station,47.38229,8.5294034
4002039327,"Mattengasse 11, 8005 Zürich",cafe,flavour coffee & plants,47.3824213,8.5297861
4002039327,"Mattengasse 11, 8005 Zürich",restaurant,Afghan Anar,47.3840078,8.5318712
4002039327,"Mattengasse 11, 8005 Zürich",restaurant,Amboss Rampe,47.3812815,8.531395
4002039327,"Mattengasse 11, 8005 Zürich",restaurant,Thali House,47.3831028,8.5301347
4002039327,"Mattengasse 11, 8005 Zürich",bar,Cinchona Bar,47.3805067,8.5286126
4002039327,"Mattengasse 11, 8005 Zürich",fast_food,Vegitat,47.3822487,8.5296459
4002039327,"Mattengasse 11, 8005 Zürich",restaurant,Osso,47.3816304,8.529384
4002039327,"Mattengasse 11, 8005 Zürich",bar,Gleis,47.381465,8.5296408
4002039327,"Mattengasse 11, 8005 Zürich",restaurant,La Santa Sete,47.381234,8.5309594
4002039327,"Mattengasse 11, 8005 Zürich",cafe,McCafé,47.3829101,8.5299568
4002039327,"Mattengasse 11, 8005 Zürich",cafe,ViCafe,47.3816092,8.5298325
4002039327,"Mattengasse 11, 8005 Zürich",fast_food,Napulé,47.382953,8.5307653
4002039327,"Mattengasse 11, 8005 Zürich",restaurant,Riviera,47.3830089,8.5303012
4002039327,"Mattengasse 11, 8005 Zürich",restaurant,Casa Aurelio,47.3831405,8.5297441
4002039327,"Mattengasse 11, 8005 Zürich",restaurant,JIAOZI,47.3823411,8.5300095
4002039327,"Mattengasse 11, 8005 Zürich",atm,n/a,47.382825,8.5301239
4002039327,"Mattengasse 11, 8005 Zürich",fast_food,3 Sushi Momo,47.3839455,8.5307226
4002039327,"Mattengasse 11, 8005 Zürich",atm,Värdex Crypto ATM,47.3842118,8.5310402
4002038160,"Rainstrasse 1, 5415 Nussbaumen AG",parking,n/a,47.4885855,8.2925884
4002038160,"Rainstrasse 1, 5415 Nussbaumen AG",atm,Raiffeisenbank,47.4884155,8.2954315
4002038160,"Rainstrasse 1, 5415 Nussbaumen AG",restaurant,Lenzo Palace,47.4884817,8.2939809
4002038160,"Rainstrasse 1, 5415 Nussbaumen AG",parking,n/a,47.4876945,8.2947811
4002038160,"Rainstrasse 1, 5415 Nussbaumen AG",restaurant,Neuhaus,47.4879579,8.294493
4002038160,"Rainstrasse 1, 5415 Nussbaumen AG",bank,Raiffeisenbank Siggenthal-Würenlingen,47.488369,8.2953327
4002032033,"Bahnweg 1, 8700 Küsnacht",bar,SeeBar,47.3133596,8.5818343
4002028305,"Bernapark 28, 3066 Stettlen",restaurant,La Famiglia,46.9590891,7.513298
4002028305,"Bernapark 28, 3066 Stettlen",restaurant,FUD LäB,46.9613214,7.5132986
4002015998,"Schiltstrasse 49, 8750 Glarus",restaurant,Schützenhaus,47.0382288,9.0650331
4002005842,"Rothausstrasse 15, 4132 Muttenz",parking,n/a,47.5251219,7.6587317
4002005842,"Rothausstrasse 15, 4132 Muttenz",parking,n/a,47.5265592,7.6556922
4002005842,"Rothausstrasse 15, 4132 Muttenz",parking,n/a,47.5256298,7.6558362
4002005129,"Heinrich-Wolff-Strasse 10, 8046 Zürich",restaurant,Da Bella Italia,47.4232082,8.4994145
4002005129,"Heinrich-Wolff-Strasse 10, 8046 Zürich",restaurant,Serendipity Viet Food,47.4231318,8.499721
4002001854,"Zürcherstrasse 24B, 8852 Altendorf",cafe,Café Seepark,47.1929842,8.827564
4002000627,"Schärenfeld 30, 8052 Seebach",restaurant,Rebstock,47.4198706,8.5480159
4002000627,"Schärenfeld 30, 8052 Seebach",pharmacy,Medbase Apotheke Seebach,47.4205226,8.5487362
4002000627,"Schärenfeld 30, 8052 Seebach",restaurant,Dông Quê,47.4202502,8.5484299
4002000627,"Schärenfeld 30, 8052 Seebach",pub,Machiavelli,47.4207708,8.5495305
4002000627,"Schärenfeld 30, 8052 Seebach",pharmacy,Gesundhaus Falken Apotheke,47.4196446,8.548453
4002000627,"Schärenfeld 30, 8052 Seebach",bar,Jolly Bar,47.4215832,8.550392
4002000627,"Schärenfeld 30, 8052 Seebach",pharmacy,Landhus Apotheke,47.4214731,8.550288
4002000627,"Schärenfeld 30, 8052 Seebach",atm,Bancomat ZKB,47.4206988,8.5489682
4002000627,"Schärenfeld 30, 8052 Seebach",parking,Migros Seebach,47.4193173,8.5485411
4002000627,"Schärenfeld 30, 8052 Seebach",fast_food,Awania,47.4200742,8.5482532
4002000627,"Schärenfeld 30, 8052 Seebach",fast_food,Seebacher Treff,47.421224,8.550043
4002000627,"Schärenfeld 30, 8052 Seebach",restaurant,Ozzi Bistro,47.420397,8.5486267
4002000627,"Schärenfeld 30, 8052 Seebach",fast_food,Domino's,47.4200243,8.5478942
4001987266,"Delsbergerallee 68, 4053 Basel",cafe,Bohemia,47.5406293,7.597733
4001987266,"Delsbergerallee 68, 4053 Basel",restaurant,Drei Eiben,47.5406315,7.5968383
4001987266,"Delsbergerallee 68, 4053 Basel",cafe,Da Graziella,47.5401968,7.5993514
4001987266,"Delsbergerallee 68, 4053 Basel",restaurant,Thai Square,47.5400268,7.5998728
4001987266,"Delsbergerallee 68, 4053 Basel",pharmacy,Stern,47.5402801,7.5982091
4001987266,"Delsbergerallee 68, 4053 Basel",cafe,Smyrna,47.5405042,7.5973912
4001983791,"Schwärzere 19, 3425 Koppigen",parking,n/a,47.132135,7.6073498
4001983791,"Schwärzere 19, 3425 Koppigen",bank,Raiffeisenbank,47.1319358,7.6070909
4001983791,"Schwärzere 19, 3425 Koppigen",atm,n/a,47.1318876,7.6070916
4001983791,"Schwärzere 19, 3425 Koppigen",parking,n/a,47.1331434,7.6070463
4001983791,"Schwärzere 19, 3425 Koppigen",parking,n/a,47.1320716,7.607104
4001983791,"Schwärzere 19, 3425 Koppigen",parking,n/a,47.1327058,7.6065377
4001983791,"Schwärzere 19, 3425 Koppigen",parking,n/a,47.1335692,7.6069102
4001983791,"Schwärzere 19, 3425 Koppigen",parking,n/a,47.1333198,7.6065242
4001983791,"Schwärzere 19, 3425 Koppigen",parking,n/a,47.1328386,7.6049819
4001982696,"Trogmattweg 9, 3506 Grosshöchstetten",cafe,Caffè Pavillon,46.9050637,7.635413
4001982696,"Trogmattweg 9, 3506 Grosshöchstetten",atm,n/a,46.9043562,7.6348555
4001980147,"Grubenstrasse 13b, 5070 Frick",bank,Raiffeisenbank Regio Frick,47.5091295,8.0184312
4001980147,"Grubenstrasse 13b, 5070 Frick",restaurant,Coop Restaurant,47.5086598,8.0189006
4001980147,"Grubenstrasse 13b, 5070 Frick",pharmacy,Coop Vitality,47.5088989,8.0188264
4001980147,"Grubenstrasse 13b, 5070 Frick",cafe,Piazza,47.5090777,8.0185201
4001970464,"Elsastrasse 16, 8004 Zürich",fast_food,Pizza Casa,47.376424,8.5141895
4001970464,"Elsastrasse 16, 8004 Zürich",restaurant,Pho 50,47.3773106,8.5130089
4001970464,"Elsastrasse 16, 8004 Zürich",pub,Légère,47.3763377,8.5143811
4001970464,"Elsastrasse 16, 8004 Zürich",restaurant,Taverne da Angelo,47.3761581,8.5147672
4001970464,"Elsastrasse 16, 8004 Zürich",restaurant,FiveSpice,47.3758295,8.5164278
4001970464,"Elsastrasse 16, 8004 Zürich",restaurant,Derby,47.3761196,8.5163348
4001970464,"Elsastrasse 16, 8004 Zürich",restaurant,Rosi,47.376432,8.5162699
4001970464,"Elsastrasse 16, 8004 Zürich",pub,Play Bar,47.3762277,8.5146317
4001970464,"Elsastrasse 16, 8004 Zürich",fast_food,Ararat,47.3753691,8.5164146
4001970464,"Elsastrasse 16, 8004 Zürich",restaurant,Café Boy,47.3779179,8.5160184
4001970464,"Elsastrasse 16, 8004 Zürich",restaurant,Filfl,47.375292,8.5154091
4001970464,"Elsastrasse 16, 8004 Zürich",restaurant,Parea,47.3758611,8.5142545
4001970464,"Elsastrasse 16, 8004 Zürich",bar,La Ola Bar,47.3761962,8.5162805
4001970464,"Elsastrasse 16, 8004 Zürich",fast_food,Little Thai,47.375279,8.516254
4001970464,"Elsastrasse 16, 8004 Zürich",cafe,Café Bar Orion,47.3775694,8.5161183
4001970464,"Elsastrasse 16, 8004 Zürich",restaurant,Sentosa,47.377487,8.5125757
4001970464,"Elsastrasse 16, 8004 Zürich",restaurant,Mo,47.3788536,8.5152089
4001970464,"Elsastrasse 16, 8004 Zürich",bar,Bar Sacchi,47.3753496,8.5165696
4001970464,"Elsastrasse 16, 8004 Zürich",restaurant,mit&ohne,47.375895,8.5161558
4001970464,"Elsastrasse 16, 8004 Zürich",restaurant,Tenz,47.3761214,8.5155216
4001970464,"Elsastrasse 16, 8004 Zürich",restaurant,Granò,47.3771838,8.5132636
4001970464,"Elsastrasse 16, 8004 Zürich",restaurant,Delicias latinas Zurich,47.376186,8.5153905
4001970464,"Elsastrasse 16, 8004 Zürich",restaurant,Endi,47.3774336,8.5127223
4001970464,"Elsastrasse 16, 8004 Zürich",cafe,Schmück ToGo / Black&Blaze Coffee,47.3765151,8.5140257
4001970464,"Elsastrasse 16, 8004 Zürich",pub,Billiard Center Zypresse,47.3774616,8.5138646
4001970464,"Elsastrasse 16, 8004 Zürich",fast_food,Delhi-Bistro,47.3773927,8.513108
4001970464,"Elsastrasse 16, 8004 Zürich",school,firstfloor Gestaltungsschule,47.3756212,8.514442
4001970464,"Elsastrasse 16, 8004 Zürich",fast_food,Centro Pizza,47.3765089,8.5146024
4001970464,"Elsastrasse 16, 8004 Zürich",fast_food,Thai Food,47.3759386,8.5152955
4001970464,"Elsastrasse 16, 8004 Zürich",fast_food,Delhi House,47.3774466,8.5131703
4001970464,"Elsastrasse 16, 8004 Zürich",fast_food,Transylvanian Street Food,47.3756346,8.5161255
4001970464,"Elsastrasse 16, 8004 Zürich",cafe,Anny-K,47.3773006,8.5165338
4001966990,"Mühlemattstrasse 11, 6374 Buochs",restaurant,Zum Hirschen,46.9729312,8.4204634
4001966990,"Mühlemattstrasse 11, 6374 Buochs",bank,Raiffeisenbank Nidwalden,46.974012,8.4200295
4001966990,"Mühlemattstrasse 11, 6374 Buochs",cafe,Piccadilly,46.9749968,8.4199547
4001966990,"Mühlemattstrasse 11, 6374 Buochs",pub,Sherlocks Pub,46.9728934,8.4202603
4001966990,"Mühlemattstrasse 11, 6374 Buochs",restaurant,La Piazzetta,46.9735351,8.4211023
4001966134,"Birsfelderstrasse 34, 4132 Muttenz",clinic,Rennbahnklinik,47.5354867,7.633952
4001966134,"Birsfelderstrasse 34, 4132 Muttenz",restaurant,Alessia,47.5355604,7.6341281
4001966134,"Birsfelderstrasse 34, 4132 Muttenz",school,FOS Muttenz,47.5337971,7.634791
4001960538,"Bergstrasse 14, 8953 Dietikon",fast_food,El Pablo,47.4054721,8.3987591
4001960538,"Bergstrasse 14, 8953 Dietikon",pharmacy,Amavita Dietikon,47.405637,8.3982172
4001960538,"Bergstrasse 14, 8953 Dietikon",parking,n/a,47.4048831,8.4005551
4001960538,"Bergstrasse 14, 8953 Dietikon",fast_food,Spice Flavour,47.4056661,8.3989168
4001960538,"Bergstrasse 14, 8953 Dietikon",restaurant,Pad-Thai,47.4052611,8.3996154
4001960538,"Bergstrasse 14, 8953 Dietikon",fast_food,Pizza Pasta,47.4055522,8.3991171
4001960538,"Bergstrasse 14, 8953 Dietikon",fast_food,Burek King,47.4047982,8.4005664
4001960538,"Bergstrasse 14, 8953 Dietikon",fast_food,Royal Önder,47.4056015,8.3990154
4001948106,"Via Galli 8, 6600 Locarno",atm,n/a,46.16899,8.7913412
4001948106,"Via Galli 8, 6600 Locarno",restaurant,Trattoria Ristorante Campagna,46.1691524,8.7903797
4001948106,"Via Galli 8, 6600 Locarno",restaurant,Ristorante Pizzeria delle Valli,46.1698418,8.7890495
4001948106,"Via Galli 8, 6600 Locarno",parking,n/a,46.1698913,8.7904131
4001948106,"Via Galli 8, 6600 Locarno",restaurant,bar verzaschina,46.1679659,8.7897879
4001948106,"Via Galli 8, 6600 Locarno",restaurant,Pizzeria Flash Express,46.1677538,8.789934
4001937866,"Schipferstrasse 5, 8800 Thalwil",parking,n/a,47.2818898,8.5758866
4001910546,"Billoweg 3, 8038 Zürich",restaurant,Mensa SIS Zürich-Wollishofen,47.3508842,8.5328394
4001910546,"Billoweg 3, 8038 Zürich",clinic,Orthopädie Zentrum Zürich,47.3510925,8.5324988
4001910546,"Billoweg 3, 8038 Zürich",clinic,Onkozentrum Zürich-Enge,47.3510859,8.5322958
4001906397,"Baselstrasse 95, 4153 Reinach",parking,n/a,47.5070521,7.6017291
4001906397,"Baselstrasse 95, 4153 Reinach",atm,n/a,47.5064906,7.6007159
4001906397,"Baselstrasse 95, 4153 Reinach",parking,n/a,47.5059864,7.6002105
4001898329,"Werkgasse 28, 3018 Bern",cafe,Hibiscus Cafe,46.942924,7.4015607
4001898329,"Werkgasse 28, 3018 Bern",cafe,Bubble Buds,46.9422553,7.400927
4001893301,"Haldenstrasse 8, 8045 Zürich",restaurant,Ploy-Thai,47.3639501,8.5201156
4001893301,"Haldenstrasse 8, 8045 Zürich",fast_food,Dieci Pizzakurier,47.3635821,8.5202242
4001893301,"Haldenstrasse 8, 8045 Zürich",cafe,Walter Buchmann,47.3623912,8.5189172
4001893301,"Haldenstrasse 8, 8045 Zürich",restaurant,AnaMiRa,47.3641859,8.5204226
4001893301,"Haldenstrasse 8, 8045 Zürich",pharmacy,Laubegg Apotheke,47.3612909,8.517625
4001893301,"Haldenstrasse 8, 8045 Zürich",restaurant,Chez Nhan,47.3645425,8.520783
4001893301,"Haldenstrasse 8, 8045 Zürich",restaurant,Utoburg,47.3616035,8.5180157
4001893301,"Haldenstrasse 8, 8045 Zürich",library,Schweizerische Bibliothek für Blinde und Seh- und Lesebehinderte,47.3619773,8.5164484
4001893301,"Haldenstrasse 8, 8045 Zürich",fast_food,Payamlino Take Away,47.3615076,8.517904
4001893301,"Haldenstrasse 8, 8045 Zürich",clinic,Kanghua TCM&Lingua,47.3642808,8.5205204
4001893301,"Haldenstrasse 8, 8045 Zürich",fast_food,Kaisin,47.3633742,8.5174676
4001893301,"Haldenstrasse 8, 8045 Zürich",restaurant,Pizzeria Trattoria da Michele,47.3620219,8.5163974
4001893301,"Haldenstrasse 8, 8045 Zürich",restaurant,Binz Pasta e Pizza House,47.3611277,8.5174484
4001892969,"Hauptstrasse 7, 4132 Muttenz",bar,Bajazzo,47.5244599,7.6464438
4001892969,"Hauptstrasse 7, 4132 Muttenz",restaurant,Gasthof zum Rebstock,47.5224442,7.6460993
4001892969,"Hauptstrasse 7, 4132 Muttenz",restaurant,Restaurant zum Wartenberg,47.5218749,7.6454774
4001892969,"Hauptstrasse 7, 4132 Muttenz",restaurant,Wirtschaft zur Waage,47.5239672,7.6461572
4001892969,"Hauptstrasse 7, 4132 Muttenz",restaurant,Trattoria Il Nuraghe,47.5238541,7.6455429
4001892969,"Hauptstrasse 7, 4132 Muttenz",restaurant,dr Egge - das restaurant,47.5227137,7.6448957
4001888521,"Dammweg 35, 5610 Wohlen AG",pub,Upstairs Billard Center,47.3445812,8.2756738
4001888521,"Dammweg 35, 5610 Wohlen AG",parking,ACLI,47.3452398,8.2763197
4001884400,"Via Monte Carmen 13, 6900 Lugano",restaurant,Wong Ho,46.0118126,8.9544167
4001884400,"Via Monte Carmen 13, 6900 Lugano",pharmacy,Farmacia Contrada dei Patrizi,46.0125702,8.9547338
4001884400,"Via Monte Carmen 13, 6900 Lugano",cafe,Café Tra,46.0130112,8.9540684
4001884400,"Via Monte Carmen 13, 6900 Lugano",library,"Biblioteca interculturale per la prima infanzia ""Ricciogiramondo""",46.0131905,8.9546483
4001884400,"Via Monte Carmen 13, 6900 Lugano",bar,Bar Pinard,46.0120723,8.9547722
4001883675,"Sonnhaldenstrasse 1, 8113 Boppelsen",restaurant,Lägernstübli,47.4702125,8.4035794
4001867855,"Oberburgstrasse 90, 3400 Burgdorf",parking,n/a,47.047134,7.6210907
4001867855,"Oberburgstrasse 90, 3400 Burgdorf",parking,n/a,47.0466178,7.6228758
4001852928,"Bernstrasse 149, 3400 Burgdorf",parking,n/a,47.0520953,7.6110924
4001852928,"Bernstrasse 149, 3400 Burgdorf",parking,n/a,47.0530519,7.6119283
4001793303,"Via Mario Jaeggli 10, 6500 Bellinzona",restaurant,Osteria della Bett,46.2044653,9.0245823
4001668314,"Via Crocetta 27a, 6962 Lugano",cafe,Dama's Cafe,46.0146642,8.9638199
4001668314,"Via Crocetta 27a, 6962 Lugano",restaurant,Ristorante La Gasparina,46.0150502,8.9651781
4001668314,"Via Crocetta 27a, 6962 Lugano",restaurant,Food KF,46.015136,8.96516
4001668313,"Via Crocetta 25, 6962 Lugano",restaurant,Ristorante La Gasparina,46.0150502,8.9651781
4001668313,"Via Crocetta 25, 6962 Lugano",restaurant,Food KF,46.015136,8.96516
4001510353,"Frohburgerstrasse 9, 4132 Muttenz",parking,n/a,47.5275499,7.6510429
4001447177,"Kronengasse 1, 5000 Aarau",pharmacy,TopPharm,47.3923834,8.0443151
4001447177,"Kronengasse 1, 5000 Aarau",restaurant,La Crêperie,47.3924339,8.0447397
4001447177,"Kronengasse 1, 5000 Aarau",restaurant,Ninni,47.3923196,8.0444516
4001447177,"Kronengasse 1, 5000 Aarau",restaurant,Speck,47.3936959,8.0434811
4001447177,"Kronengasse 1, 5000 Aarau",restaurant,Laterne,47.392778,8.043911
4001447177,"Kronengasse 1, 5000 Aarau",bar,Garage,47.3926247,8.0431241
4001447177,"Kronengasse 1, 5000 Aarau",atm,n/a,47.3935972,8.0456401
4001447177,"Kronengasse 1, 5000 Aarau",restaurant,El Camino,47.3925202,8.0448385
4001447177,"Kronengasse 1, 5000 Aarau",bar,Platzhirsch,47.3930164,8.0436629
4001447177,"Kronengasse 1, 5000 Aarau",restaurant,Coop Restaurant,47.3916326,8.0461203
4001447177,"Kronengasse 1, 5000 Aarau",cafe,Tuchlaube,47.3937141,8.0437976
4001447177,"Kronengasse 1, 5000 Aarau",restaurant,Waldmeier,47.3918051,8.0449938
4001447177,"Kronengasse 1, 5000 Aarau",restaurant,Mulia,47.3926564,8.0437531
4001447177,"Kronengasse 1, 5000 Aarau",restaurant,Altstadt,47.3926099,8.0438007
4001447177,"Kronengasse 1, 5000 Aarau",bar,Scalo,47.3929773,8.0439972
4001447177,"Kronengasse 1, 5000 Aarau",restaurant,Max & Moriz,47.3930422,8.0441487
4001447177,"Kronengasse 1, 5000 Aarau",restaurant,Spagi,47.3935858,8.0440611
4001447177,"Kronengasse 1, 5000 Aarau",fast_food,GoodFood Falken,47.3925624,8.0446669
4001447177,"Kronengasse 1, 5000 Aarau",restaurant,Hung Fat,47.392026,8.0447147
4001447177,"Kronengasse 1, 5000 Aarau",pub,Mr. Pick Wick Pub,47.3929881,8.045533
4001447177,"Kronengasse 1, 5000 Aarau",restaurant,Café Literaire,47.3923802,8.0462693
4001447177,"Kronengasse 1, 5000 Aarau",library,Stadtbibliothek Aarau,47.3924056,8.0461741
4001447177,"Kronengasse 1, 5000 Aarau",restaurant,Oliv,47.3929503,8.0443534
4001447177,"Kronengasse 1, 5000 Aarau",restaurant,PANINI Cultura Caffè,47.3932395,8.0453016
4001447177,"Kronengasse 1, 5000 Aarau",bar,Jojo,47.3932926,8.0443161
4001447177,"Kronengasse 1, 5000 Aarau",restaurant,Waage,47.3932295,8.0440799
4001447177,"Kronengasse 1, 5000 Aarau",restaurant,Ticino,47.3922637,8.0441443
4001447177,"Kronengasse 1, 5000 Aarau",bank,Bank Cler,47.3927381,8.0467635
4001447177,"Kronengasse 1, 5000 Aarau",restaurant,Sevilla,47.3926864,8.0433238
4001447177,"Kronengasse 1, 5000 Aarau",cafe,Giusi,47.3916731,8.0438924
4001447177,"Kronengasse 1, 5000 Aarau",cafe,Beck Maier - Café Restaurant Maier,47.3911654,8.0442506
4001447177,"Kronengasse 1, 5000 Aarau",restaurant,Restaurant Halde,47.3933803,8.0426252
4001447177,"Kronengasse 1, 5000 Aarau",bar,Mad Cat,47.3929364,8.0427678
4001447177,"Kronengasse 1, 5000 Aarau",bank,Valiant Bank,47.3936257,8.0457285
4001447177,"Kronengasse 1, 5000 Aarau",restaurant,Comitato Cittadino CCA,47.3939496,8.043522
4001447177,"Kronengasse 1, 5000 Aarau",atm,PostFinance,47.393232,8.044681
4001447177,"Kronengasse 1, 5000 Aarau",cafe,Ccino,47.3912229,8.0442794
4001447177,"Kronengasse 1, 5000 Aarau",cafe,Starbucks,47.3921368,8.046264
4001447177,"Kronengasse 1, 5000 Aarau",bar,OscarOne,47.393489,8.0453051
4001447177,"Kronengasse 1, 5000 Aarau",fast_food,Pim's Thai Doodles 2 go,47.393691,8.0439693
4001447177,"Kronengasse 1, 5000 Aarau",fast_food,Empanaderia Aarau,47.3936539,8.043997
4001447177,"Kronengasse 1, 5000 Aarau",pub,No6 Butcher Street,47.3934518,8.0441859
4001447177,"Kronengasse 1, 5000 Aarau",fast_food,Bistro Brotkorb,47.3936379,8.0436113
4001447177,"Kronengasse 1, 5000 Aarau",restaurant,Thai Time,47.3926487,8.0445802
4001447177,"Kronengasse 1, 5000 Aarau",restaurant,La Caverna,47.3926205,8.0456946
4001447177,"Kronengasse 1, 5000 Aarau",bar,Billard Bar,47.393491,8.0452121
4001447177,"Kronengasse 1, 5000 Aarau",pharmacy,Neue Apotheke,47.3912185,8.0449335
4001447177,"Kronengasse 1, 5000 Aarau",bar,Theo Getränkewerkstatt,47.3923696,8.0445726
4001447177,"Kronengasse 1, 5000 Aarau",cafe,Cappuccino,47.3912197,8.0454495
4001447177,"Kronengasse 1, 5000 Aarau",pub,Stadt Turm,47.3915322,8.0440426
4001447177,"Kronengasse 1, 5000 Aarau",cafe,Lucky Monkey,47.3908715,8.0451637
4001447177,"Kronengasse 1, 5000 Aarau",fast_food,Ahram,47.3923124,8.044674
4001447177,"Kronengasse 1, 5000 Aarau",bar,Zum Bierstübli,47.3924138,8.0446521
4001447177,"Kronengasse 1, 5000 Aarau",cafe,Lockentopf,47.3921842,8.0442509
4001447177,"Kronengasse 1, 5000 Aarau",bar,Näscht,47.3932,8.04414
4001447177,"Kronengasse 1, 5000 Aarau",restaurant,Peppino,47.3934011,8.0436047
4001447177,"Kronengasse 1, 5000 Aarau",restaurant,Little Sem,47.3930999,8.0432302
4001447177,"Kronengasse 1, 5000 Aarau",cafe,Honey,47.3924479,8.0442461
4001447177,"Kronengasse 1, 5000 Aarau",restaurant,Tenzin Momo,47.3920773,8.0455719
4001447177,"Kronengasse 1, 5000 Aarau",restaurant,Krone,47.3930124,8.0440709
4001447177,"Kronengasse 1, 5000 Aarau",fast_food,Steingrill,47.3929063,8.0437828
4001447177,"Kronengasse 1, 5000 Aarau",bar,Boiler Club,47.3925594,8.043857
4001447177,"Kronengasse 1, 5000 Aarau",fast_food,Wakara Karaage,47.392275,8.045616
4001447177,"Kronengasse 1, 5000 Aarau",bar,Les Amis.Lounge,47.3941905,8.0431853
4001447177,"Kronengasse 1, 5000 Aarau",bar,HOBO,47.3923685,8.0440275
4001447177,"Kronengasse 1, 5000 Aarau",fast_food,Cirqu 9,47.3931324,8.0447949
4001447177,"Kronengasse 1, 5000 Aarau",cafe,Byro,47.392913,8.0433957
4001447177,"Kronengasse 1, 5000 Aarau",atm,Värdex Crypto ATM,47.3915078,8.0430345
4001123839,"Schlossbergweg 6b, 5400 Baden",cafe,Brühbar,47.4718775,8.3069253
4001123839,"Schlossbergweg 6b, 5400 Baden",parking,Linde (Mieter),47.4712216,8.3040665
4001123839,"Schlossbergweg 6b, 5400 Baden",restaurant,Bodega Bar,47.4721867,8.3068381
4001123839,"Schlossbergweg 6b, 5400 Baden",bar,Zäni,47.4723652,8.3070966
4001123839,"Schlossbergweg 6b, 5400 Baden",pharmacy,Schwanen Apotheke,47.4723428,8.3074958
4001123839,"Schlossbergweg 6b, 5400 Baden",restaurant,Rose,47.4724451,8.3075815
4001123839,"Schlossbergweg 6b, 5400 Baden",fast_food,Subway,47.4717886,8.3072379
4001123839,"Schlossbergweg 6b, 5400 Baden",fast_food,Little Itay,47.4721999,8.3073692
4001123839,"Schlossbergweg 6b, 5400 Baden",restaurant,Fiori,47.4722979,8.3074573
4001123839,"Schlossbergweg 6b, 5400 Baden",bar,Bistro Bar,47.4726225,8.3073823
4001123839,"Schlossbergweg 6b, 5400 Baden",restaurant,Linde,47.4711695,8.3047962
4001123839,"Schlossbergweg 6b, 5400 Baden",bar,Armando's,47.4722245,8.3074144
4001123839,"Schlossbergweg 6b, 5400 Baden",restaurant,Bones,47.4709595,8.3054389
4001123839,"Schlossbergweg 6b, 5400 Baden",restaurant,Peppino,47.471947,8.3074401
4002076836,"Zürcherstrasse 42, 8142 Uitikon Waldegg",restaurant,Restaurant Dörfli,47.3703657,8.4536068
4002076836,"Zürcherstrasse 42, 8142 Uitikon Waldegg",restaurant,Restaurant Frohsinn,47.370248,8.4522594
4002076836,"Zürcherstrasse 42, 8142 Uitikon Waldegg",atm,n/a,47.3703505,8.4542154
4002076759,"Bächtelenweg 3, 3084 Wabern",restaurant,Yam Yam Thai Food,46.926315,7.4552233
4002076367,"Parkweg 2, 4852 Rothrist",pharmacy,Apotheke Rothrist,47.3046181,7.8961596
4002076367,"Parkweg 2, 4852 Rothrist",parking,n/a,47.3051384,7.8937689
4002076367,"Parkweg 2, 4852 Rothrist",parking,n/a,47.3050411,7.8935734
4002076367,"Parkweg 2, 4852 Rothrist",parking,n/a,47.3043438,7.8957948
4002076367,"Parkweg 2, 4852 Rothrist",parking,n/a,47.3046932,7.8961409
4002076367,"Parkweg 2, 4852 Rothrist",parking,n/a,47.3046312,7.8959125
4002076355,"Parkweg 2, 4852 Rothrist",pharmacy,Apotheke Rothrist,47.3046181,7.8961596
4002076355,"Parkweg 2, 4852 Rothrist",parking,n/a,47.3051384,7.8937689
4002076355,"Parkweg 2, 4852 Rothrist",parking,n/a,47.3050411,7.8935734
4002076355,"Parkweg 2, 4852 Rothrist",parking,n/a,47.3043438,7.8957948
4002076355,"Parkweg 2, 4852 Rothrist",parking,n/a,47.3046932,7.8961409
4002076355,"Parkweg 2, 4852 Rothrist",parking,n/a,47.3046312,7.8959125
4002075874,"Holeestrasse 101, 4054 Basel",restaurant,Restaurant Pizzeria Dorenbach,47.5448366,7.5716504
4002073300,"Hammerstrasse 92, 4057 Basel",restaurant,Zum Goldenen Fass,47.5656669,7.5956372
4002073300,"Hammerstrasse 92, 4057 Basel",parking,Europe,47.5632757,7.5968304
4002073300,"Hammerstrasse 92, 4057 Basel",cafe,Acero,47.5659948,7.5941398
4002073300,"Hammerstrasse 92, 4057 Basel",cafe,Saint Tropez,47.5651584,7.5940531
4002073300,"Hammerstrasse 92, 4057 Basel",restaurant,Punta Cana,47.5633753,7.5962178
4002073300,"Hammerstrasse 92, 4057 Basel",restaurant,Bali,47.5627493,7.5966598
4002073300,"Hammerstrasse 92, 4057 Basel",restaurant,Urban Greek,47.5658332,7.5956113
4002073300,"Hammerstrasse 92, 4057 Basel",cafe,CaPuccini,47.5629082,7.597009
4002073300,"Hammerstrasse 92, 4057 Basel",bar,Locanda,47.564069,7.5977405
4002073300,"Hammerstrasse 92, 4057 Basel",restaurant,Pizzeria La Perla,47.5653483,7.595655
4002073300,"Hammerstrasse 92, 4057 Basel",fast_food,Basler Kebabhaus,47.5636317,7.5962772
4002073300,"Hammerstrasse 92, 4057 Basel",restaurant,Clarastübli,47.5626048,7.5962248
4002073300,"Hammerstrasse 92, 4057 Basel",restaurant,Restaurant Thai Family,47.5630636,7.5964143
4002073300,"Hammerstrasse 92, 4057 Basel",pub,Fass Bar,47.5657565,7.5956208
4002072457,"Parkweg 2, 4852 Rothrist",pharmacy,Apotheke Rothrist,47.3046181,7.8961596
4002072457,"Parkweg 2, 4852 Rothrist",parking,n/a,47.3051384,7.8937689
4002072457,"Parkweg 2, 4852 Rothrist",parking,n/a,47.3050411,7.8935734
4002072457,"Parkweg 2, 4852 Rothrist",parking,n/a,47.3043438,7.8957948
4002072457,"Parkweg 2, 4852 Rothrist",parking,n/a,47.3046932,7.8961409
4002072457,"Parkweg 2, 4852 Rothrist",parking,n/a,47.3046312,7.8959125
4002063359,"Dietenrainweg 8, 8610 Uster",parking,n/a,47.3386692,8.7170091
4002063238,"Zürcherstrasse 35, 9500 Wil SG",restaurant,Yildiz Kebab,47.4647179,9.040875
4002063238,"Zürcherstrasse 35, 9500 Wil SG",restaurant,Restaurant Psychiatrie St. Gallen,47.4664758,9.0372207
4002062320,"Im Kirchbrunnen 7, 8153 Rümlang",fast_food,Tuono,47.4533118,8.5330521
4002061078,"Mühlestrasse 9, 6022 Grosswangen",restaurant,Restaurant Pinte,47.1334191,8.0483531
4002061078,"Mühlestrasse 9, 6022 Grosswangen",cafe,Krummenacher,47.1340637,8.0474612
4002061078,"Mühlestrasse 9, 6022 Grosswangen",restaurant,Gasthaus zum Ochsen,47.1347846,8.0477613
4002061078,"Mühlestrasse 9, 6022 Grosswangen",fast_food,My Imbiss,47.1338493,8.0474211
4002056374,"Teufenerstrasse 4, 9000 St. Gallen",parking,Parkgarage Neumarkt,47.4218293,9.3707853
4002056374,"Teufenerstrasse 4, 9000 St. Gallen",bank,St. Galler Kantonalbank,47.4227961,9.3723019
4002056374,"Teufenerstrasse 4, 9000 St. Gallen",bank,Raiffeisen,47.422392,9.372255
4002056374,"Teufenerstrasse 4, 9000 St. Gallen",fast_food,McDonald's,47.4227105,9.370824
4002056374,"Teufenerstrasse 4, 9000 St. Gallen",bank,UBS,47.4230312,9.371705
4002056374,"Teufenerstrasse 4, 9000 St. Gallen",atm,n/a,47.422335,9.3709022
4002056374,"Teufenerstrasse 4, 9000 St. Gallen",bank,n/a,47.4225898,9.3726992
4002056374,"Teufenerstrasse 4, 9000 St. Gallen",bank,Now,47.422494,9.3730486
4002056374,"Teufenerstrasse 4, 9000 St. Gallen",bank,Postfinance,47.4226434,9.3698897
4002056374,"Teufenerstrasse 4, 9000 St. Gallen",atm,n/a,47.4226288,9.3697823
4002056374,"Teufenerstrasse 4, 9000 St. Gallen",bar,Baracca Bar and Music,47.4209232,9.371314
4002056374,"Teufenerstrasse 4, 9000 St. Gallen",school,Primarschulhaus St. Leonhard,47.4206504,9.3686713
4002056374,"Teufenerstrasse 4, 9000 St. Gallen",restaurant,The Pinch,47.4207872,9.3701373
4002056374,"Teufenerstrasse 4, 9000 St. Gallen",fast_food,Kim Ngoc,47.4208377,9.3708446
4002056374,"Teufenerstrasse 4, 9000 St. Gallen",parking,Raiffeisen,47.4209431,9.372538
4002056374,"Teufenerstrasse 4, 9000 St. Gallen",atm,St. Galler Kantonalbank,47.4226282,9.3723159
4002056374,"Teufenerstrasse 4, 9000 St. Gallen",restaurant,Migros Restaurant,47.4215563,9.3716691
4002056374,"Teufenerstrasse 4, 9000 St. Gallen",restaurant,Gentile,47.4225303,9.3721273
4002056374,"Teufenerstrasse 4, 9000 St. Gallen",restaurant,Mamma Assunta,47.4216993,9.3738975
4002056374,"Teufenerstrasse 4, 9000 St. Gallen",library,Hauptbibliothek Post,47.422644,9.3703577
4002056374,"Teufenerstrasse 4, 9000 St. Gallen",restaurant,Gallus Grill,47.4229468,9.3705239
4002056374,"Teufenerstrasse 4, 9000 St. Gallen",library,"BIZ Berufs-, Studien- und Laufbahnberatung St.Gallen",47.42115,9.3719619
4002056374,"Teufenerstrasse 4, 9000 St. Gallen",restaurant,Tibits,47.4229075,9.3712276
4002056374,"Teufenerstrasse 4, 9000 St. Gallen",fast_food,Yogurtlandia,47.4222288,9.3714368
4002056374,"Teufenerstrasse 4, 9000 St. Gallen",restaurant,Soleil d'Or,47.4204026,9.372755
4002056374,"Teufenerstrasse 4, 9000 St. Gallen",clinic,Psychiatrie St. Gallen Nord,47.4194847,9.3697656
4002056374,"Teufenerstrasse 4, 9000 St. Gallen",bar,Prado Bar,47.4221922,9.3713558
4002056374,"Teufenerstrasse 4, 9000 St. Gallen",parking,Gartenstrasse,47.4221263,9.3736991
4002056374,"Teufenerstrasse 4, 9000 St. Gallen",atm,St. Galler Kantonalbank,47.4228222,9.372059
4002055437,"Freihofstrasse 5A, 8280 Kreuzlingen",fast_food,Asia Wok Gourmet,47.6562948,9.1698739
4002055437,"Freihofstrasse 5A, 8280 Kreuzlingen",bar,Sendibad,47.6557492,9.1693199
4002055437,"Freihofstrasse 5A, 8280 Kreuzlingen",restaurant,Mr. Wrap,47.6554918,9.1686887
4002055437,"Freihofstrasse 5A, 8280 Kreuzlingen",fast_food,Kebap Pizza House,47.6563246,9.1699049
4002055437,"Freihofstrasse 5A, 8280 Kreuzlingen",atm,Thurgauer Kantonalbank,47.6552054,9.1688787
4002055437,"Freihofstrasse 5A, 8280 Kreuzlingen",atm,Thurgauer Kantonalbank,47.6552254,9.1688932
4002054436,"Via Pazzalino 9, 6962 Viganello",restaurant,La Bettola,46.0150711,8.9702957
4002054436,"Via Pazzalino 9, 6962 Viganello",cafe,Caffè Gioconda da San Sir,46.0158587,8.9716365
4002054436,"Via Pazzalino 9, 6962 Viganello",school,Nuovo Centro Scolastico Viganello (NCS),46.0145314,8.9682808
4002054436,"Via Pazzalino 9, 6962 Viganello",library,Biblioteca dei ragazzi - Viganello,46.0145529,8.9681501
4002054436,"Via Pazzalino 9, 6962 Viganello",pharmacy,Farmacia Contrada dei Patrizi,46.0152804,8.9706312
4002054436,"Via Pazzalino 9, 6962 Viganello",restaurant,Kyoto Sushi,46.0151056,8.970237
4002054435,"Wisentalweg 4, 9230 Flawil",restaurant,Café Dober,47.4152899,9.1832305
4002051398,"Via Tesserete 33, 6900 Massagno",restaurant,ABC,46.010637,8.947241
4002051398,"Via Tesserete 33, 6900 Massagno",restaurant,Villa Sassa,46.011964,8.9506724
4002051398,"Via Tesserete 33, 6900 Massagno",restaurant,Villa Selva,46.014372,8.950323
4002051396,"Kanalweg 38, 4800 Zofingen",fast_food,Pizza Palma,47.2827749,7.9379256
4002050988,"Langenmattstrasse 68, 8617 Mönchaltorf",parking,n/a,47.314069,8.7179389
4002050670,"Bellariastrasse 81, 8038 Zürich",restaurant,Allegro,47.3468443,8.5287676
4002050666,"Brotkorbstrasse 30 B, 4332 Stein AG",cafe,Café Konditorei Kunz,47.5466991,7.9526497
4002050666,"Brotkorbstrasse 30 B, 4332 Stein AG",pharmacy,Rhein Apotheke,47.5462093,7.9518264
4002050660,"Leimenstrasse 49, 4051 Basel",restaurant,"Borromäum (Kulturzentrum, Restaurant)",47.5525523,7.5827294
4002050660,"Leimenstrasse 49, 4051 Basel",library,Karger-Bibliothek,47.5545263,7.5828336
4002050660,"Leimenstrasse 49, 4051 Basel",restaurant,Tuk Tuk,47.5535627,7.5822564
4002050660,"Leimenstrasse 49, 4051 Basel",restaurant,Cantina E9,47.5543298,7.5819493
4002050660,"Leimenstrasse 49, 4051 Basel",restaurant,Kastanienhof,47.5538533,7.5838468
4002050076,"Ramuzstrasse 17, 3027 Bern",parking,Westside Parking Süd,46.9438342,7.3739261
4002050076,"Ramuzstrasse 17, 3027 Bern",parking,Westside Parking Süd,46.9445076,7.3741874
4002050076,"Ramuzstrasse 17, 3027 Bern",fast_food,McDonald's,46.9438887,7.373034
4002050076,"Ramuzstrasse 17, 3027 Bern",restaurant,Spiga,46.9441266,7.37346
4002050076,"Ramuzstrasse 17, 3027 Bern",restaurant,Nooch,46.9446702,7.3744319
4002050076,"Ramuzstrasse 17, 3027 Bern",atm,n/a,46.9456416,7.3744145
4002050076,"Ramuzstrasse 17, 3027 Bern",atm,n/a,46.945659,7.3744172
4002050076,"Ramuzstrasse 17, 3027 Bern",bank,Migros Bank,46.9456874,7.3744749
4002046815,"Rennweg 43, 8001 Zürich",restaurant,Haus Hiltl,47.3733042,8.5367495
4002046815,"Rennweg 43, 8001 Zürich",parking,Jelmoli Parkhaus,47.373902,8.5365965
4002046815,"Rennweg 43, 8001 Zürich",parking,Parkhaus Urania,47.3740506,8.5410752
4002046815,"Rennweg 43, 8001 Zürich",restaurant,Brasserie Lipp,47.3743748,8.5394674
4002046815,"Rennweg 43, 8001 Zürich",restaurant,Lotti,47.3751744,8.5397124
4002046815,"Rennweg 43, 8001 Zürich",pub,The Lion,47.3740381,8.5393693
4002046815,"Rennweg 43, 8001 Zürich",cafe,Starbucks,47.3736638,8.5392193
4002046815,"Rennweg 43, 8001 Zürich",cafe,Confiserie Honold,47.3736029,8.538956
4002046815,"Rennweg 43, 8001 Zürich",pub,Nelson,47.3757612,8.5400722
4002046815,"Rennweg 43, 8001 Zürich",cafe,Café Felix,47.3752928,8.538374
4002046815,"Rennweg 43, 8001 Zürich",atm,Bank Cler,47.3748741,8.5378344
4002046815,"Rennweg 43, 8001 Zürich",bank,Migros Bank,47.3750941,8.5376361
4002046815,"Rennweg 43, 8001 Zürich",restaurant,Glogge-Egge,47.3729055,8.5366859
4002046815,"Rennweg 43, 8001 Zürich",restaurant,Aurora,47.3732035,8.5379816
4002046815,"Rennweg 43, 8001 Zürich",parking,n/a,47.374536,8.5409973
4002046815,"Rennweg 43, 8001 Zürich",atm,UBS Bancomat,47.3743746,8.5388516
4002046815,"Rennweg 43, 8001 Zürich",atm,CS Bancomat,47.3746224,8.5394592
4002046815,"Rennweg 43, 8001 Zürich",restaurant,AN,47.3740895,8.536128
4002046815,"Rennweg 43, 8001 Zürich",pharmacy,Victoria Apotheke,47.3742811,8.5383036
4002046815,"Rennweg 43, 8001 Zürich",pharmacy,Coop Vitality,47.3758718,8.5391041
4002046815,"Rennweg 43, 8001 Zürich",atm,CS Bancomat,47.3727488,8.5381274
4002046815,"Rennweg 43, 8001 Zürich",bank,UBS,47.3719416,8.5382214
4002046815,"Rennweg 43, 8001 Zürich",pharmacy,Löwen Apotheke,47.373314,8.5384614
4002046815,"Rennweg 43, 8001 Zürich",bank,PostFinance,47.3732677,8.5392165
4002046815,"Rennweg 43, 8001 Zürich",restaurant,Black Tap,47.3749062,8.539532
4002046815,"Rennweg 43, 8001 Zürich",cafe,Arctic,47.3734943,8.5369055
4002046815,"Rennweg 43, 8001 Zürich",bar,Armando's by Vergani,47.3752658,8.5371963
4002046815,"Rennweg 43, 8001 Zürich",fast_food,Tiny Fish,47.374695,8.5362165
4002046815,"Rennweg 43, 8001 Zürich",restaurant,Löweneck,47.374868,8.5364144
4002046815,"Rennweg 43, 8001 Zürich",pharmacy,Apotheke Lintheschergasse,47.3751603,8.5379795
4002046815,"Rennweg 43, 8001 Zürich",cafe,Starbucks,47.3732072,8.5377639
4002046815,"Rennweg 43, 8001 Zürich",cafe,Pret A Manger,47.3737322,8.5391398
4002046815,"Rennweg 43, 8001 Zürich",fast_food,Coop take it,47.3729932,8.538074
4002046815,"Rennweg 43, 8001 Zürich",fast_food,Marronistand,47.3731061,8.5380712
4002046815,"Rennweg 43, 8001 Zürich",restaurant,Konshi,47.3740885,8.5408521
4002046815,"Rennweg 43, 8001 Zürich",restaurant,Rooftop,47.3746638,8.5391076
4002046815,"Rennweg 43, 8001 Zürich",restaurant,Coop Restaurant,47.3728894,8.5377565
4002046815,"Rennweg 43, 8001 Zürich",bank,Bank Cler,47.3748878,8.5378515
4002046815,"Rennweg 43, 8001 Zürich",restaurant,Enja,47.3737143,8.5373877
4002046815,"Rennweg 43, 8001 Zürich",atm,Migros Bank Bancomat,47.3749882,8.537713
4002046815,"Rennweg 43, 8001 Zürich",restaurant,Hiltl Dachterrasse,47.3756521,8.5398019
4002046815,"Rennweg 43, 8001 Zürich",bank,UBS,47.3744013,8.5389001
4002046815,"Rennweg 43, 8001 Zürich",restaurant,Ornellaia,47.372457,8.5376855
4002046815,"Rennweg 43, 8001 Zürich",bar,Lady Hamiltons,47.3757443,8.5399824
4002046815,"Rennweg 43, 8001 Zürich",bar,Jules Verne Panoramabar,47.3742607,8.539349
4002046815,"Rennweg 43, 8001 Zürich",bank,Credit Suisse,47.374689,8.5394436
4002046815,"Rennweg 43, 8001 Zürich",restaurant,Ojo de Agua,47.3739113,8.5394258
4002046815,"Rennweg 43, 8001 Zürich",restaurant,Leo,47.3758207,8.5382808
4002046815,"Rennweg 43, 8001 Zürich",fast_food,Marronistand,47.375692,8.5390512
4002046815,"Rennweg 43, 8001 Zürich",fast_food,Marronistand,47.3740768,8.5386367
4002046815,"Rennweg 43, 8001 Zürich",fast_food,Sesam Falafel,47.3743276,8.5379761
4002046815,"Rennweg 43, 8001 Zürich",cafe,Commercial - The Project Bahnhofstrasse,47.3747212,8.5384948
4002046472,"Südstrasse 36, 2504 Biel/Bienne",restaurant,Bistro Mett Biel,47.142811,7.271863
4002046472,"Südstrasse 36, 2504 Biel/Bienne",restaurant,Restaurant Café Mett,47.1434898,7.272718
4002046472,"Südstrasse 36, 2504 Biel/Bienne",parking,Coop,47.1434124,7.2729328
4002046472,"Südstrasse 36, 2504 Biel/Bienne",atm,CLER,47.1434197,7.2726975
4002046472,"Südstrasse 36, 2504 Biel/Bienne",pharmacy,Battenberg,47.1429739,7.2729271
4002046472,"Südstrasse 36, 2504 Biel/Bienne",parking,n/a,47.1430756,7.27407
4002046471,"Südstrasse 33, 2504 Biel/Bienne",restaurant,Bistro Mett Biel,47.142811,7.271863
4002046471,"Südstrasse 33, 2504 Biel/Bienne",restaurant,Sloga,47.1428041,7.2698649
4002046471,"Südstrasse 33, 2504 Biel/Bienne",fast_food,n/a,47.1423161,7.2704515
4002046471,"Südstrasse 33, 2504 Biel/Bienne",restaurant,Restaurant Café Mett,47.1434898,7.272718
4002046471,"Südstrasse 33, 2504 Biel/Bienne",parking,Coop,47.1434124,7.2729328
4002046471,"Südstrasse 33, 2504 Biel/Bienne",atm,CLER,47.1434197,7.2726975
4002046471,"Südstrasse 33, 2504 Biel/Bienne",pharmacy,Battenberg,47.1429739,7.2729271
4002046471,"Südstrasse 33, 2504 Biel/Bienne",parking,n/a,47.1430756,7.27407
4002046470,"Schollstrasse 3-13, 2504 Biel/Bienne",restaurant,Bistro Mett Biel,47.142811,7.271863
4002046470,"Schollstrasse 3-13, 2504 Biel/Bienne",fast_food,n/a,47.1423161,7.2704515
4002046470,"Schollstrasse 3-13, 2504 Biel/Bienne",restaurant,Restaurant Café Mett,47.1434898,7.272718
4002046470,"Schollstrasse 3-13, 2504 Biel/Bienne",parking,Coop,47.1434124,7.2729328
4002046470,"Schollstrasse 3-13, 2504 Biel/Bienne",atm,CLER,47.1434197,7.2726975
4002046470,"Schollstrasse 3-13, 2504 Biel/Bienne",pharmacy,Battenberg,47.1429739,7.2729271
4002046470,"Schollstrasse 3-13, 2504 Biel/Bienne",parking,n/a,47.1430756,7.27407
4002044165,"Lothringerstrasse 51, 4056 Basel",restaurant,Vogesenstube,47.5688305,7.5795549
4002044165,"Lothringerstrasse 51, 4056 Basel",restaurant,Bistro Munarts,47.5693206,7.5791429
4002044165,"Lothringerstrasse 51, 4056 Basel",restaurant,Pizza Point,47.5684632,7.5802632
4002044165,"Lothringerstrasse 51, 4056 Basel",pharmacy,Europa Apotheke,47.5695378,7.5792118
4002044165,"Lothringerstrasse 51, 4056 Basel",fast_food,Volta Pizza & Kebap Haus,47.5683075,7.5800741
4002044165,"Lothringerstrasse 51, 4056 Basel",restaurant,Humor Labor Pello,47.5669753,7.5792029
4002044165,"Lothringerstrasse 51, 4056 Basel",restaurant,Nordbahnhof,47.566457,7.5761162
4002044165,"Lothringerstrasse 51, 4056 Basel",restaurant,Trattoria Bar Da Sonny,47.5680565,7.5763815
4002044165,"Lothringerstrasse 51, 4056 Basel",fast_food,The Kitchen Focacceria,47.5684475,7.5796802
4002044165,"Lothringerstrasse 51, 4056 Basel",fast_food,Vegitat,47.5682433,7.5801469
4002044165,"Lothringerstrasse 51, 4056 Basel",restaurant,LoLa,47.5684242,7.5771542
4002044165,"Lothringerstrasse 51, 4056 Basel",restaurant,Krishna,47.5681757,7.580543
4002044165,"Lothringerstrasse 51, 4056 Basel",pharmacy,Medbase Apotheke Vogesen,47.568252,7.5792322
4002044165,"Lothringerstrasse 51, 4056 Basel",restaurant,Mezzo,47.5685381,7.5804652
4002044165,"Lothringerstrasse 51, 4056 Basel",cafe,Cafe St. Johan,47.5685235,7.5798515
4002044165,"Lothringerstrasse 51, 4056 Basel",bar,Café Bar Treffpunkt,47.5692057,7.5795769
4002044165,"Lothringerstrasse 51, 4056 Basel",restaurant,n/a,47.567018,7.5792944
4002044165,"Lothringerstrasse 51, 4056 Basel",restaurant,Humor Labor Pello,47.5669191,7.5791756
4002044165,"Lothringerstrasse 51, 4056 Basel",fast_food,Pizza Pronta,47.5682571,7.5798928
4002042483,"Baslerstrasse 71, 8048 Zürich",restaurant,Pizza Züri,47.3842422,8.4978272
4002042483,"Baslerstrasse 71, 8048 Zürich",atm,UBS Bancomat,47.3852455,8.4961361
4002042483,"Baslerstrasse 71, 8048 Zürich",fast_food,Ruenthai 2 Take Away,47.3853736,8.4947825
4002042483,"Baslerstrasse 71, 8048 Zürich",parking,n/a,47.3872287,8.4969655
4002042483,"Baslerstrasse 71, 8048 Zürich",atm,Postfinance,47.3865473,8.4983657
4002042483,"Baslerstrasse 71, 8048 Zürich",cafe,CremAmore,47.3862264,8.4992899
4002042483,"Baslerstrasse 71, 8048 Zürich",fast_food,Coop take it,47.3861811,8.4994548
4002042483,"Baslerstrasse 71, 8048 Zürich",cafe,Zopf & Zöpfli,47.3863548,8.4984909
4002042483,"Baslerstrasse 71, 8048 Zürich",bank,UBS Automatenbank,47.3862307,8.4983926
4002042483,"Baslerstrasse 71, 8048 Zürich",pharmacy,Coop Vitality,47.3862582,8.4994562
4002042483,"Baslerstrasse 71, 8048 Zürich",restaurant,Coop Restaurant,47.3861478,8.4984415
4002042483,"Baslerstrasse 71, 8048 Zürich",fast_food,Popeyes,47.3862462,8.49827
4002042483,"Baslerstrasse 71, 8048 Zürich",restaurant,Cucina,47.3857931,8.4971961
4002042483,"Baslerstrasse 71, 8048 Zürich",atm,Värdex Crypto ATM,47.3864901,8.4987778
4002042477,"St. Alban-Anlage 59/61/63, 4052 Basel",restaurant,Gasthof zum Goldenen Sternen,47.5548054,7.6020008
4002042477,"St. Alban-Anlage 59/61/63, 4052 Basel",restaurant,Café Papiermühle,47.5547076,7.6031676
4002042477,"St. Alban-Anlage 59/61/63, 4052 Basel",restaurant,Restaurant Murano,47.5521616,7.6007922
4002042477,"St. Alban-Anlage 59/61/63, 4052 Basel",bank,CA next bank,47.5524658,7.6037907
4002042476,"Freilager-Platz 4, 4142 Münchenstein",restaurant,Rosticceria Coppa,47.5316546,7.611743
4002042476,"Freilager-Platz 4, 4142 Münchenstein",restaurant,La Grotta,47.5321587,7.611994
4002042476,"Freilager-Platz 4, 4142 Münchenstein",library,Bibliothek für Gestaltung Basel,47.5324679,7.6108704
4002042476,"Freilager-Platz 4, 4142 Münchenstein",library,Stiftung Gartenbaubibliothek Basel,47.5326332,7.6110631
4002042476,"Freilager-Platz 4, 4142 Münchenstein",library,Plakatsammlung der Schule für Gestaltung Basel,47.5321258,7.6097947
4002042472,"Route de la Feuillère 21, 1010 Lausanne",parking,Feuillère,46.5360575,6.6508244
4002039922,"Stauffacherstrasse 1, 6020 Emmenbrücke",parking,n/a,47.0742707,8.2859514
4002039922,"Stauffacherstrasse 1, 6020 Emmenbrücke",atm,n/a,47.074603,8.2875192
4002039922,"Stauffacherstrasse 1, 6020 Emmenbrücke",pharmacy,Emmencenter Apotheke,47.0742507,8.2876627
4002039922,"Stauffacherstrasse 1, 6020 Emmenbrücke",restaurant,Jasmin's Asien-Restaurant,47.073843,8.2872453
4002039922,"Stauffacherstrasse 1, 6020 Emmenbrücke",fast_food,McDonald's,47.0742817,8.2863535
4002039922,"Stauffacherstrasse 1, 6020 Emmenbrücke",restaurant,Manora,47.0737317,8.2872962
4002039922,"Stauffacherstrasse 1, 6020 Emmenbrücke",restaurant,Manora Pizza & Pasta,47.07443,8.2868233
4002039922,"Stauffacherstrasse 1, 6020 Emmenbrücke",atm,UBS Automatenbank,47.0743225,8.2873816
4002039922,"Stauffacherstrasse 1, 6020 Emmenbrücke",cafe,Xpresso Cafe,47.0739873,8.2873768
4002039922,"Stauffacherstrasse 1, 6020 Emmenbrücke",bar,SUC,47.0744384,8.2875637
4002039922,"Stauffacherstrasse 1, 6020 Emmenbrücke",cafe,AB&C Coffe Shop,47.0740603,8.2874331
4002038669,"Via Beltramina 10, 6900 Lugano",cafe,Al Piccolo Bar,46.0163554,8.9577704
4002038669,"Via Beltramina 10, 6900 Lugano",cafe,Bar al 74,46.018148,8.9570188
4002038669,"Via Beltramina 10, 6900 Lugano",bar,n/a,46.0169857,8.9557817
4002038669,"Via Beltramina 10, 6900 Lugano",fast_food,n/a,46.0163455,8.9551676
4002038669,"Via Beltramina 10, 6900 Lugano",fast_food,Speedy pizza,46.0166978,8.9569552
4002038669,"Via Beltramina 10, 6900 Lugano",fast_food,Maistà food,46.0168022,8.9569575
4002038669,"Via Beltramina 10, 6900 Lugano",library,Biblioteca della Croce Rossa Svizzera,46.0155782,8.9571888
4002038669,"Via Beltramina 10, 6900 Lugano",restaurant,Billy Food,46.01803,8.9576649
4002032173,"Grendelbachstrasse 45, 8307 Effretikon",parking,n/a,47.4208953,8.6921641
4002032173,"Grendelbachstrasse 45, 8307 Effretikon",parking,n/a,47.4201986,8.6926509
4002031440,"Schlossstr. 5c, 4133 Pratteln",school,Fröschmatt-Schule,47.5209889,7.6990401
4002031440,"Schlossstr. 5c, 4133 Pratteln",parking,Vierfeld,47.5224349,7.6948552
4002031440,"Schlossstr. 5c, 4133 Pratteln",parking,n/a,47.520529,7.6946389
4002031439,"Schlossstr. 5e, 4133 Pratteln",restaurant,Endstation,47.5214778,7.6945204
4002031439,"Schlossstr. 5e, 4133 Pratteln",parking,Vierfeld,47.5224349,7.6948552
4002031439,"Schlossstr. 5e, 4133 Pratteln",cafe,Cafe Auszeit,47.5222964,7.6948386
4002030767,"Voltastrasse 2, 6005 Luzern",restaurant,Vegitat,47.0422682,8.3064155
4002030767,"Voltastrasse 2, 6005 Luzern",restaurant,BAYTS,47.0417709,8.305903
4002030767,"Voltastrasse 2, 6005 Luzern",restaurant,Neubad Bistro,47.0412775,8.3070569
4002030767,"Voltastrasse 2, 6005 Luzern",fast_food,Erwins Imbiss Stube,47.0403235,8.3096012
4002030767,"Voltastrasse 2, 6005 Luzern",parking,n/a,47.041142,8.3097369
4002030767,"Voltastrasse 2, 6005 Luzern",parking,n/a,47.040681,8.3099858
4002030767,"Voltastrasse 2, 6005 Luzern",parking,n/a,47.0403041,8.3092431
4002030767,"Voltastrasse 2, 6005 Luzern",parking,n/a,47.0421685,8.3068721
4002018331,"Hammerstrasse 61, 8032 Zürich",restaurant,Marcellino Pane e Vino,47.3602234,8.5655522
4002018331,"Hammerstrasse 61, 8032 Zürich",fast_food,Spizzati,47.360488,8.5648892
4002018331,"Hammerstrasse 61, 8032 Zürich",restaurant,Misoga,47.3614068,8.5608856
4002018331,"Hammerstrasse 61, 8032 Zürich",pharmacy,Minerva Apotheke,47.3614842,8.5610538
4002018331,"Hammerstrasse 61, 8032 Zürich",cafe,Hegifret Kaffeefenster,47.3617836,8.5612343
4002009503,"Zur Stahlgiesserei 3, 8200 Schaffhausen",restaurant,Khawa,47.7037097,8.6304461
4002009503,"Zur Stahlgiesserei 3, 8200 Schaffhausen",fast_food,Al Beek,47.7012695,8.6300671
4002009503,"Zur Stahlgiesserei 3, 8200 Schaffhausen",restaurant,Centraal,47.7010957,8.6301816
4002009503,"Zur Stahlgiesserei 3, 8200 Schaffhausen",bar,Nachbar,47.7037001,8.6300309
4002009498,"Bruggstrasse 7, 4153 Reinach BL",restaurant,Zur Waage,47.4909027,7.5891607
4002009498,"Bruggstrasse 7, 4153 Reinach BL",restaurant,Arcade Restaurant,47.4917834,7.5888125
4002009498,"Bruggstrasse 7, 4153 Reinach BL",restaurant,Grill Corner Imbiss,47.491386,7.58918
4002009498,"Bruggstrasse 7, 4153 Reinach BL",parking,n/a,47.4915645,7.5896845
4002009498,"Bruggstrasse 7, 4153 Reinach BL",restaurant,Café Schopf,47.4918994,7.5896171
4002009498,"Bruggstrasse 7, 4153 Reinach BL",restaurant,Cucina-amici Pizzaria,47.4922681,7.592893
4002006071,"Marktstrasse 3, 2540 Grenchen",parking,n/a,47.1919546,7.3979096
4002006071,"Marktstrasse 3, 2540 Grenchen",pub,Baracoa,47.1928349,7.3960856
4002006071,"Marktstrasse 3, 2540 Grenchen",pharmacy,n/a,47.1927234,7.3969981
4002006071,"Marktstrasse 3, 2540 Grenchen",restaurant,Metzgerhalle,47.1942997,7.3950991
4002006071,"Marktstrasse 3, 2540 Grenchen",bank,Raiffeisenbank Weissenstein,47.1926257,7.3988046
4002006071,"Marktstrasse 3, 2540 Grenchen",atm,n/a,47.1926381,7.3987593
4002006071,"Marktstrasse 3, 2540 Grenchen",restaurant,Roy,47.1934259,7.3951969
4002006071,"Marktstrasse 3, 2540 Grenchen",restaurant,Bambi,47.1936253,7.3977055
4002006071,"Marktstrasse 3, 2540 Grenchen",restaurant,Man Fu,47.1932421,7.3985235
4002006071,"Marktstrasse 3, 2540 Grenchen",restaurant,Chok Dee,47.1925643,7.3954977
4002006071,"Marktstrasse 3, 2540 Grenchen",restaurant,Restaurant Centro Lounge,47.1925659,7.3968083
4002006071,"Marktstrasse 3, 2540 Grenchen",restaurant,Restaurant Antonio Gonzales,47.1935146,7.3963731
4002006071,"Marktstrasse 3, 2540 Grenchen",cafe,Café Märet,47.1931314,7.3964998
4002006071,"Marktstrasse 3, 2540 Grenchen",pub,Britannia Pub,47.1939502,7.3955483
4002002556,"Pfirsichstrasse 9, 8006 Zürich",cafe,Café des Amis,47.3886467,8.5361093
4002002556,"Pfirsichstrasse 9, 8006 Zürich",restaurant,Mama's Beck,47.3885695,8.539287
4002002556,"Pfirsichstrasse 9, 8006 Zürich",restaurant,Thali Indian Restaurant,47.390294,8.5392273
4002002556,"Pfirsichstrasse 9, 8006 Zürich",restaurant,SimSim,47.3878521,8.5392302
4002002556,"Pfirsichstrasse 9, 8006 Zürich",cafe,Konditorei Cafe,47.3882455,8.5359339
4002002556,"Pfirsichstrasse 9, 8006 Zürich",restaurant,Al Ventotto,47.3902274,8.538794
4002002556,"Pfirsichstrasse 9, 8006 Zürich",restaurant,differente,47.3881157,8.5390656
4002002556,"Pfirsichstrasse 9, 8006 Zürich",restaurant,Edi,47.3886532,8.5392721
4002002556,"Pfirsichstrasse 9, 8006 Zürich",parking,n/a,47.3893458,8.5348668
4002002543,"Schaffhauserstrasse 230 A, 8057 Zürich",atm,Postfinance,47.4032222,8.5471691
4002002543,"Schaffhauserstrasse 230 A, 8057 Zürich",pharmacy,Medbase Apotheke Berninaplatz,47.4033589,8.5472861
4002002543,"Schaffhauserstrasse 230 A, 8057 Zürich",restaurant,Smeiley's,47.4034424,8.5471665
4002002543,"Schaffhauserstrasse 230 A, 8057 Zürich",fast_food,Pho Saigon Take Away,47.4024817,8.547717
4002002543,"Schaffhauserstrasse 230 A, 8057 Zürich",parking,n/a,47.403656,8.5467695
4002002543,"Schaffhauserstrasse 230 A, 8057 Zürich",library,HfH-Bibliothek,47.402815,8.5463957
4002000431,"Poststrasse 98, 7050 Arosa",pub,Lindemann's Overtime Bar,46.7823226,9.6796935
4002000431,"Poststrasse 98, 7050 Arosa",pharmacy,Montana Apotheke,46.7820602,9.6794897
4002000431,"Poststrasse 98, 7050 Arosa",atm,n/a,46.7823578,9.6803415
4002000431,"Poststrasse 98, 7050 Arosa",bank,Credit Suisse,46.7822577,9.6796057
4002000431,"Poststrasse 98, 7050 Arosa",restaurant,Simmens Rösti,46.7812817,9.6795279
4002000431,"Poststrasse 98, 7050 Arosa",restaurant,aifach,46.7810716,9.6798471
4002000431,"Poststrasse 98, 7050 Arosa",restaurant,Bellini,46.7818716,9.6797246
4002000431,"Poststrasse 98, 7050 Arosa",restaurant,Grottino,46.7817486,9.6797252
4002000431,"Poststrasse 98, 7050 Arosa",restaurant,Le Bistro,46.7794473,9.6778042
4002000431,"Poststrasse 98, 7050 Arosa",fast_food,Pizza & Kebab Bar,46.78257,9.6797567
4002000431,"Poststrasse 98, 7050 Arosa",restaurant,Luftpost,46.7829073,9.6794619
4001995448,"Büelstrasse 3, 8863 Buttikon SZ",restaurant,Bistro 94,47.1735904,8.9553196
4001995448,"Büelstrasse 3, 8863 Buttikon SZ",restaurant,Alti Glasi 1936,47.1744387,8.9531497
4001994870,"Hubelweg 5, 3504 Niederhünigen",restaurant,Esswerk6,46.8762255,7.6393899
4001987280,"Gutenbergstr. 37, 3011 Bern",restaurant,Yaadein,46.9429002,7.4319485
4001987280,"Gutenbergstr. 37, 3011 Bern",restaurant,Piccola Napoli,46.9432488,7.4361178
4001987280,"Gutenbergstr. 37, 3011 Bern",restaurant,ängelibeck,46.9446901,7.4322271
4001987280,"Gutenbergstr. 37, 3011 Bern",restaurant,musigbistrot,46.9425205,7.4334896
4001987280,"Gutenbergstr. 37, 3011 Bern",fast_food,Delux Burger,46.944131,7.4326735
4001987280,"Gutenbergstr. 37, 3011 Bern",pub,Nelson,46.9428383,7.4361217
4001987280,"Gutenbergstr. 37, 3011 Bern",restaurant,Namaste India,46.9440749,7.4357829
4001987280,"Gutenbergstr. 37, 3011 Bern",restaurant,Mattehof Gastronomie,46.9434438,7.4323312
4001987280,"Gutenbergstr. 37, 3011 Bern",library,Alliance Sud InfoDoc Bern,46.9438184,7.4362301
4001987280,"Gutenbergstr. 37, 3011 Bern",school,"Berner Fachhochschule BFH, Departement Wirtschaft, Gesundheit, Soziale Arbeit",46.9448108,7.4324567
4001987280,"Gutenbergstr. 37, 3011 Bern",fast_food,Cèdre du Liban,46.9444823,7.4354816
4001987280,"Gutenbergstr. 37, 3011 Bern",clinic,Augen Zentrum Gutenberg,46.9445614,7.4348287
4001987280,"Gutenbergstr. 37, 3011 Bern",clinic,Augen Zentrum Prof. Fankhauser,46.9444648,7.4347504
4001987280,"Gutenbergstr. 37, 3011 Bern",fast_food,Thai Som tam,46.9440115,7.4326056
4001987280,"Gutenbergstr. 37, 3011 Bern",restaurant,Fabrique28,46.9439157,7.4356642
4001987280,"Gutenbergstr. 37, 3011 Bern",restaurant,City Pizzeria,46.9440145,7.4357364
4001987280,"Gutenbergstr. 37, 3011 Bern",restaurant,Asia Höck,46.9437576,7.4362244
4001987280,"Gutenbergstr. 37, 3011 Bern",fast_food,Indie Schweiz,46.9440702,7.4326216
4001980219,"Grabenwies 20, 8057 Zürich",restaurant,Fallender Brunnenhof,47.402817,8.5355605
4001980219,"Grabenwies 20, 8057 Zürich",restaurant,Barcelona Restaurant,47.4020484,8.5353195
4001980219,"Grabenwies 20, 8057 Zürich",pharmacy,Wehntal-Apotheke,47.402496,8.5358866
4001978464,"Theaterstrasse 13, 6003 Luzern",cafe,La vie en rose,47.0488665,8.3065612
4001978464,"Theaterstrasse 13, 6003 Luzern",restaurant,Bahnhöfli,47.0501882,8.3087802
4001978464,"Theaterstrasse 13, 6003 Luzern",bank,Luzerner Kantonalbank,47.0494894,8.306714
4001978464,"Theaterstrasse 13, 6003 Luzern",atm,n/a,47.050308,8.3090757
4001978464,"Theaterstrasse 13, 6003 Luzern",atm,n/a,47.0507915,8.307197
4001978464,"Theaterstrasse 13, 6003 Luzern",bar,das weisse schaf,47.049463,8.3088867
4001978464,"Theaterstrasse 13, 6003 Luzern",restaurant,La Bestia - Pizza Pizza,47.0492726,8.3081284
4001978464,"Theaterstrasse 13, 6003 Luzern",fast_food,McDonald's,47.0496189,8.3092221
4001978464,"Theaterstrasse 13, 6003 Luzern",restaurant,Bellini,47.0485758,8.3087331
4001978464,"Theaterstrasse 13, 6003 Luzern",restaurant,Negishi Sushi Bar,47.0498475,8.3088526
4001978464,"Theaterstrasse 13, 6003 Luzern",restaurant,Bistro du Théâtre,47.0501819,8.306705
4001978464,"Theaterstrasse 13, 6003 Luzern",bank,Raiffeisen,47.0508324,8.3078592
4001978464,"Theaterstrasse 13, 6003 Luzern",restaurant,La Baracca,47.0500866,8.3067964
4001978464,"Theaterstrasse 13, 6003 Luzern",restaurant,Wirtschaft zur Ente,47.0503868,8.3062934
4001978464,"Theaterstrasse 13, 6003 Luzern",parking,Parkhaus Flora,47.0502749,8.3076751
4001978464,"Theaterstrasse 13, 6003 Luzern",atm,Hauptpost Luzern,47.0507096,8.3089689
4001978464,"Theaterstrasse 13, 6003 Luzern",bar,Max,47.0488799,8.3074642
4001978464,"Theaterstrasse 13, 6003 Luzern",cafe,Starbucks,47.0497974,8.3090982
4001978464,"Theaterstrasse 13, 6003 Luzern",restaurant,Pastarazzi,47.0497108,8.3049239
4001978464,"Theaterstrasse 13, 6003 Luzern",cafe,Taburettli,47.0490729,8.3059069
4001978464,"Theaterstrasse 13, 6003 Luzern",bar,Boca Grande,47.0489776,8.3067156
4001978464,"Theaterstrasse 13, 6003 Luzern",cafe,Kaffeekranz,47.0482343,8.3066261
4001978464,"Theaterstrasse 13, 6003 Luzern",restaurant,BACiO della MAMMA,47.0498815,8.3080345
4001978464,"Theaterstrasse 13, 6003 Luzern",bus_station,Luzern Bahnhof,47.0507045,8.309104
4001978464,"Theaterstrasse 13, 6003 Luzern",restaurant,Mövenpick Restaurant,47.0494411,8.3064254
4001978464,"Theaterstrasse 13, 6003 Luzern",restaurant,Rossini,47.0507233,8.3070246
4001978464,"Theaterstrasse 13, 6003 Luzern",cafe,Heini,47.0505393,8.3090454
4001978464,"Theaterstrasse 13, 6003 Luzern",restaurant,Baba oriental,47.049221,8.3078698
4001978464,"Theaterstrasse 13, 6003 Luzern",pharmacy,Cysat Apotheke,47.0492114,8.3061459
4001978464,"Theaterstrasse 13, 6003 Luzern",bar,Café Nizza Bar,47.0482129,8.305887
4001978464,"Theaterstrasse 13, 6003 Luzern",atm,n/a,47.0494189,8.3068078
4001978464,"Theaterstrasse 13, 6003 Luzern",school,Castle's language,47.0497936,8.3051072
4001978464,"Theaterstrasse 13, 6003 Luzern",restaurant,Waldstätterhof,47.0493261,8.3091699
4001978464,"Theaterstrasse 13, 6003 Luzern",atm,n/a,47.0494775,8.306515
4001978464,"Theaterstrasse 13, 6003 Luzern",bar,Filou & Bengel,47.0489092,8.3084321
4001978464,"Theaterstrasse 13, 6003 Luzern",clinic,Röntgeninstitut Medical Imaging Luzern,47.0506304,8.3069199
4001978464,"Theaterstrasse 13, 6003 Luzern",bar,Kaspar,47.0485107,8.3063809
4001978464,"Theaterstrasse 13, 6003 Luzern",restaurant,La Bestia - Pizza Pizza,47.0492516,8.3083775
4001978464,"Theaterstrasse 13, 6003 Luzern",bank,ViaExpress,47.0490943,8.3053284
4001978464,"Theaterstrasse 13, 6003 Luzern",bar,Ravioli Bar,47.0487033,8.3065774
4001978464,"Theaterstrasse 13, 6003 Luzern",restaurant,Pacifico,47.0490347,8.3069359
4001978464,"Theaterstrasse 13, 6003 Luzern",fast_food,Holy Cow,47.0495893,8.3082366
4001978464,"Theaterstrasse 13, 6003 Luzern",restaurant,The Blossom Alley,47.0494886,8.3089632
4001978464,"Theaterstrasse 13, 6003 Luzern",bar,milano bar,47.048899,8.305284
4001978464,"Theaterstrasse 13, 6003 Luzern",bank,small world Money Transfer,47.0490216,8.3059563
4001978464,"Theaterstrasse 13, 6003 Luzern",restaurant,Wild Bowls,47.0494118,8.3066396
4001978464,"Theaterstrasse 13, 6003 Luzern",cafe,Café Vista,47.0499625,8.3054628
4001978464,"Theaterstrasse 13, 6003 Luzern",library,Bibliothek der Hochschule Luzern,47.0490943,8.3086063
4001978464,"Theaterstrasse 13, 6003 Luzern",school,Bildungszentrum Luzern,47.0504929,8.3090903
4001978464,"Theaterstrasse 13, 6003 Luzern",bar,Suite small plates & cocktails,47.0498465,8.3088815
4001978464,"Theaterstrasse 13, 6003 Luzern",bank,Raiffeisen,47.0508091,8.3076161
4001978464,"Theaterstrasse 13, 6003 Luzern",bar,Moderne Bar & Karussell,47.0484739,8.3060088
4001978464,"Theaterstrasse 13, 6003 Luzern",restaurant,Abi's Luzern Kebab,47.0498138,8.307015
4001978464,"Theaterstrasse 13, 6003 Luzern",bar,just a little brewpub,47.0497286,8.3066015
4001976822,"Marktplatz 14, 9000 St. Gallen",fast_food,McDonald's,47.4265531,9.3768575
4001976822,"Marktplatz 14, 9000 St. Gallen",cafe,Starbucks,47.4255024,9.3764555
4001976822,"Marktplatz 14, 9000 St. Gallen",restaurant,Seeger,47.4257369,9.3737137
4001976822,"Marktplatz 14, 9000 St. Gallen",restaurant,Marktplatz,47.4256989,9.3754467
4001976822,"Marktplatz 14, 9000 St. Gallen",restaurant,Hörnli,47.4255885,9.3753555
4001976822,"Marktplatz 14, 9000 St. Gallen",pharmacy,Löwen,47.4262283,9.3752022
4001976822,"Marktplatz 14, 9000 St. Gallen",restaurant,Tres Amigos,47.4268566,9.3766374
4001976822,"Marktplatz 14, 9000 St. Gallen",fast_food,Gabriel,47.4261299,9.3758544
4001976822,"Marktplatz 14, 9000 St. Gallen",restaurant,Al Capone,47.4265343,9.3764816
4001976822,"Marktplatz 14, 9000 St. Gallen",restaurant,90 Grad,47.4261655,9.3763484
4001976822,"Marktplatz 14, 9000 St. Gallen",bar,News Café Musikbar,47.4252559,9.374099
4001976822,"Marktplatz 14, 9000 St. Gallen",bar,Alpenchique,47.4275336,9.3745034
4001976822,"Marktplatz 14, 9000 St. Gallen",cafe,Eiscafé Gekko,47.4268922,9.3744683
4001976822,"Marktplatz 14, 9000 St. Gallen",restaurant,Sushi Bar Wasabi,47.4267666,9.3744883
4001976822,"Marktplatz 14, 9000 St. Gallen",restaurant,Sauceria,47.4266685,9.3745146
4001976822,"Marktplatz 14, 9000 St. Gallen",bank,WIR,47.427097,9.3734871
4001976822,"Marktplatz 14, 9000 St. Gallen",bank,Migros Bank,47.4259494,9.3735777
4001976822,"Marktplatz 14, 9000 St. Gallen",fast_food,Gazi,47.4256395,9.372625
4001976822,"Marktplatz 14, 9000 St. Gallen",restaurant,il Kolosseum,47.4254047,9.3727981
4001976822,"Marktplatz 14, 9000 St. Gallen",restaurant,US-Mex,47.4261322,9.3764861
4001976822,"Marktplatz 14, 9000 St. Gallen",restaurant,New White Swan,47.4271011,9.3751415
4001976822,"Marktplatz 14, 9000 St. Gallen",restaurant,Focacceria,47.427074,9.3752399
4001976822,"Marktplatz 14, 9000 St. Gallen",restaurant,Big Elephant,47.4270031,9.3753068
4001976822,"Marktplatz 14, 9000 St. Gallen",bar,Palma,47.4265647,9.3756343
4001976822,"Marktplatz 14, 9000 St. Gallen",restaurant,Zum Goldenen Schäfli,47.4266102,9.3755659
4001976822,"Marktplatz 14, 9000 St. Gallen",restaurant,Schwarzer Adler,47.4262959,9.3752955
4001976822,"Marktplatz 14, 9000 St. Gallen",restaurant,Papagei,47.4249178,9.375986
4001976822,"Marktplatz 14, 9000 St. Gallen",library,Freihandbibliothek,47.4269731,9.3770864
4001976822,"Marktplatz 14, 9000 St. Gallen",fast_food,Orange,47.4268801,9.376277
4001976822,"Marktplatz 14, 9000 St. Gallen",cafe,Gschwend,47.4268477,9.3760612
4001976822,"Marktplatz 14, 9000 St. Gallen",restaurant,Spitalkeller,47.4257801,9.3773337
4001976822,"Marktplatz 14, 9000 St. Gallen",atm,n/a,47.4261304,9.3773498
4001976822,"Marktplatz 14, 9000 St. Gallen",pub,Metzgertor,47.4271928,9.3746816
4001976822,"Marktplatz 14, 9000 St. Gallen",fast_food,chez Fritz,47.4257047,9.3750501
4001976822,"Marktplatz 14, 9000 St. Gallen",atm,n/a,47.4265668,9.3769431
4001976822,"Marktplatz 14, 9000 St. Gallen",bar,Paparazzo Bar,47.4266664,9.3738565
4001976822,"Marktplatz 14, 9000 St. Gallen",restaurant,Blumenberg,47.4266928,9.37389
4001976822,"Marktplatz 14, 9000 St. Gallen",cafe,Barista St. Gallen,47.4261611,9.3736514
4001976822,"Marktplatz 14, 9000 St. Gallen",bar,August Bar,47.4272899,9.3745692
4001976822,"Marktplatz 14, 9000 St. Gallen",bar,Bartolomé Drinx & Talx,47.4272004,9.3749954
4001976822,"Marktplatz 14, 9000 St. Gallen",restaurant,Schwarzer Engel,47.4269336,9.3745668
4001976822,"Marktplatz 14, 9000 St. Gallen",pharmacy,Amavita,47.4246991,9.3733297
4001976822,"Marktplatz 14, 9000 St. Gallen",restaurant,schiffchuchi,47.4258771,9.3763556
4001976822,"Marktplatz 14, 9000 St. Gallen",bar,Analog,47.4263814,9.3747725
4001976822,"Marktplatz 14, 9000 St. Gallen",restaurant,Alt St.Gallen,47.4270548,9.3743632
4001976822,"Marktplatz 14, 9000 St. Gallen",restaurant,Rice & More,47.4268237,9.3752962
4001976822,"Marktplatz 14, 9000 St. Gallen",bar,Picante,47.427085,9.3743958
4001976822,"Marktplatz 14, 9000 St. Gallen",bar,chillout bar Lunaris,47.4271656,9.374476
4001976822,"Marktplatz 14, 9000 St. Gallen",restaurant,krug,47.427274,9.374873
4001976822,"Marktplatz 14, 9000 St. Gallen",restaurant,samosa,47.4268712,9.3745737
4001976822,"Marktplatz 14, 9000 St. Gallen",cafe,Øya Bar Kafé Klub,47.4275464,9.3774951
4001976822,"Marktplatz 14, 9000 St. Gallen",bar,The Irish Pub,47.4258531,9.3776828
4001976822,"Marktplatz 14, 9000 St. Gallen",restaurant,Café im Pärkli,47.4245373,9.3734974
4001976822,"Marktplatz 14, 9000 St. Gallen",bank,Julius Bär,47.4254969,9.3730836
4001976822,"Marktplatz 14, 9000 St. Gallen",bank,Migrosbank,47.4259607,9.3734114
4001976822,"Marktplatz 14, 9000 St. Gallen",cafe,Café Zentrum,47.4256884,9.3751957
4001976822,"Marktplatz 14, 9000 St. Gallen",restaurant,Neugass,47.4248615,9.3744477
4001976822,"Marktplatz 14, 9000 St. Gallen",restaurant,iO,47.4243917,9.3743139
4001976822,"Marktplatz 14, 9000 St. Gallen",fast_food,Alpen Dedi,47.4255176,9.3750295
4001976822,"Marktplatz 14, 9000 St. Gallen",bar,Blumenmarkt,47.4258801,9.3745247
4001976822,"Marktplatz 14, 9000 St. Gallen",bank,Cembra,47.4255576,9.3745719
4001976822,"Marktplatz 14, 9000 St. Gallen",cafe,Zentrum,47.4256475,9.3751453
4001976822,"Marktplatz 14, 9000 St. Gallen",cafe,südbar,47.4254246,9.3746878
4001976822,"Marktplatz 14, 9000 St. Gallen",restaurant,Senso Kitchen,47.4261967,9.3740371
4001976822,"Marktplatz 14, 9000 St. Gallen",restaurant,Restaurant Kränzlin,47.4260992,9.3744132
4001976822,"Marktplatz 14, 9000 St. Gallen",restaurant,Thach,47.4269061,9.3761238
4001976822,"Marktplatz 14, 9000 St. Gallen",bar,Goliath Stübli,47.4274952,9.3767961
4001976822,"Marktplatz 14, 9000 St. Gallen",restaurant,Japan House Edo,47.4264873,9.3746017
4001976822,"Marktplatz 14, 9000 St. Gallen",bar,Time Out,47.4272628,9.3762853
4001976822,"Marktplatz 14, 9000 St. Gallen",atm,Acrevis,47.4259177,9.3759124
4001976822,"Marktplatz 14, 9000 St. Gallen",atm,Acrevis,47.4258491,9.3759124
4001976822,"Marktplatz 14, 9000 St. Gallen",bar,kult,47.426586,9.3770645
4001976822,"Marktplatz 14, 9000 St. Gallen",restaurant,Kostas der Grieche,47.4278582,9.3768884
4001976822,"Marktplatz 14, 9000 St. Gallen",bank,Bank Jungholz,47.4250404,9.3734953
4001976822,"Marktplatz 14, 9000 St. Gallen",fast_food,Holy Cow!,47.4265383,9.3772821
4001976822,"Marktplatz 14, 9000 St. Gallen",fast_food,Nil Imbiss,47.4260978,9.3759613
4001976822,"Marktplatz 14, 9000 St. Gallen",fast_food,Risotteria,47.4261505,9.3759845
4001976822,"Marktplatz 14, 9000 St. Gallen",atm,Raiffeisen,47.4260454,9.3762708
4001976822,"Marktplatz 14, 9000 St. Gallen",bar,roox,47.4274838,9.3769785
4001976822,"Marktplatz 14, 9000 St. Gallen",cafe,Bagutta Bistro Bar,47.4265692,9.374567
4001976822,"Marktplatz 14, 9000 St. Gallen",bar,Torpedo,47.4273707,9.3771134
4001976822,"Marktplatz 14, 9000 St. Gallen",restaurant,Mila Sol,47.4274969,9.3759548
4001976822,"Marktplatz 14, 9000 St. Gallen",bar,Shisha Bar,47.4274088,9.3766169
4001976822,"Marktplatz 14, 9000 St. Gallen",bar,non olet,47.4265935,9.3775584
4001976822,"Marktplatz 14, 9000 St. Gallen",bar,Caipirinha Bar,47.4266186,9.3772861
4001976822,"Marktplatz 14, 9000 St. Gallen",bar,Maverick's Cocktail Bar,47.4268371,9.3742725
4001976822,"Marktplatz 14, 9000 St. Gallen",restaurant,1733 Restaurant & Weinbar,47.4276287,9.3769259
4001976822,"Marktplatz 14, 9000 St. Gallen",pub,Gallus Pub,47.4267956,9.3753296
4001976822,"Marktplatz 14, 9000 St. Gallen",restaurant,Lotus,47.4266632,9.3772894
4001976822,"Marktplatz 14, 9000 St. Gallen",pub,oink oink,47.4271417,9.3750971
4001976822,"Marktplatz 14, 9000 St. Gallen",restaurant,Al Mouchtar,47.4273875,9.3768876
4001976822,"Marktplatz 14, 9000 St. Gallen",pub,Brewpub St.Gallen,47.427729,9.3771994
4001976822,"Marktplatz 14, 9000 St. Gallen",restaurant,Yak Momo,47.4267248,9.3772795
4001976822,"Marktplatz 14, 9000 St. Gallen",cafe,Café am Ring,47.4265342,9.3739767
4001976822,"Marktplatz 14, 9000 St. Gallen",cafe,DeeOne,47.4264939,9.3743182
4001976822,"Marktplatz 14, 9000 St. Gallen",bank,Valiant,47.4254197,9.3765032
4001976822,"Marktplatz 14, 9000 St. Gallen",restaurant,Hans im Glück,47.4257575,9.3775254
4001976822,"Marktplatz 14, 9000 St. Gallen",parking,n/a,47.427491,9.3743667
4001976822,"Marktplatz 14, 9000 St. Gallen",bar,MeetingPoint,47.4272569,9.3736703
4001976822,"Marktplatz 14, 9000 St. Gallen",bar,Escape Bar,47.4263422,9.3740276
4001976822,"Marktplatz 14, 9000 St. Gallen",restaurant,Gschwend,47.4268537,9.3760333
4001976822,"Marktplatz 14, 9000 St. Gallen",restaurant,Fratelli - Pasta Takeaway,47.4257962,9.3755332
4001976822,"Marktplatz 14, 9000 St. Gallen",restaurant,Esswerk,47.4254799,9.3745804
4001976822,"Marktplatz 14, 9000 St. Gallen",bar,Le Fumoir,47.424948,9.3761289
4001976822,"Marktplatz 14, 9000 St. Gallen",bar,Rock Story,47.42707,9.3745118
4001976822,"Marktplatz 14, 9000 St. Gallen",atm,Euronet,47.424817,9.3748405
4001976822,"Marktplatz 14, 9000 St. Gallen",restaurant,Zur Werkstatt St.Gallen AG,47.4255301,9.3749759
4001976822,"Marktplatz 14, 9000 St. Gallen",cafe,Starbucks,47.4252955,9.3724222
4001976822,"Marktplatz 14, 9000 St. Gallen",atm,Värdex Crypto ATM,47.4261461,9.3764418
4001976822,"Marktplatz 14, 9000 St. Gallen",restaurant,Osteria San Gallo,47.4266422,9.3776211
4001976806,"Seemoosholzstrasse 20, 9320 Arbon",parking,n/a,47.521383,9.4215951
4001974662,"Rue du Chêne 5, 1020 Renens",restaurant,il Bacio,46.5297906,6.5918468
4001974662,"Rue du Chêne 5, 1020 Renens",restaurant,Restaurant du Chêne,46.5291759,6.5901475
4001974662,"Rue du Chêne 5, 1020 Renens",restaurant,Café Restaurant du Léman,46.5316226,6.5884676
4001974662,"Rue du Chêne 5, 1020 Renens",parking,n/a,46.5321662,6.588384
4001974662,"Rue du Chêne 5, 1020 Renens",university,Haute école fédérale en formation professionnelle,46.5288516,6.5919006
4001974661,"Rue du Chêne 5, 1020 Renens",restaurant,il Bacio,46.5297906,6.5918468
4001974661,"Rue du Chêne 5, 1020 Renens",restaurant,Restaurant du Chêne,46.5291759,6.5901475
4001974661,"Rue du Chêne 5, 1020 Renens",restaurant,Café Restaurant du Léman,46.5316226,6.5884676
4001974661,"Rue du Chêne 5, 1020 Renens",parking,n/a,46.5321662,6.588384
4001974661,"Rue du Chêne 5, 1020 Renens",university,Haute école fédérale en formation professionnelle,46.5288516,6.5919006
4001974660,"Rue du Chêne 5, 1020 Renens",restaurant,il Bacio,46.5297906,6.5918468
4001974660,"Rue du Chêne 5, 1020 Renens",restaurant,Restaurant du Chêne,46.5291759,6.5901475
4001974660,"Rue du Chêne 5, 1020 Renens",restaurant,Café Restaurant du Léman,46.5316226,6.5884676
4001974660,"Rue du Chêne 5, 1020 Renens",parking,n/a,46.5321662,6.588384
4001974660,"Rue du Chêne 5, 1020 Renens",university,Haute école fédérale en formation professionnelle,46.5288516,6.5919006
4001974657,"Rue du Chêne 5, 1020 Renens",restaurant,il Bacio,46.5297906,6.5918468
4001974657,"Rue du Chêne 5, 1020 Renens",restaurant,Restaurant du Chêne,46.5291759,6.5901475
4001974657,"Rue du Chêne 5, 1020 Renens",restaurant,Café Restaurant du Léman,46.5316226,6.5884676
4001974657,"Rue du Chêne 5, 1020 Renens",parking,n/a,46.5321662,6.588384
4001974657,"Rue du Chêne 5, 1020 Renens",university,Haute école fédérale en formation professionnelle,46.5288516,6.5919006
4001970764,"Murtenstrasse 143 D, 3008 Bern",restaurant,Kesar,46.949,7.41113
4001970764,"Murtenstrasse 143 D, 3008 Bern",restaurant,Noa,46.9491001,7.4096693
4001958798,"Erikastrasse 1, 4057 Basel",restaurant,Pizzeria Breisacherhof,47.5698877,7.5916214
4001958798,"Erikastrasse 1, 4057 Basel",cafe,Gemeinsam Café,47.5698858,7.5910258
4001958798,"Erikastrasse 1, 4057 Basel",restaurant,Pizzeria Da Pia,47.5709099,7.5920312
4001958798,"Erikastrasse 1, 4057 Basel",restaurant,Drei Rosen,47.570532,7.5905079
4001958798,"Erikastrasse 1, 4057 Basel",restaurant,Pizza Picassso,47.5694979,7.5901783
4001958714,"Hinterdorfstrasse 27, 8157 Dielsdorf",restaurant,Löwen,47.4837534,8.4551445
4001958714,"Hinterdorfstrasse 27, 8157 Dielsdorf",restaurant,Dieli,47.4823769,8.4561593
4001958714,"Hinterdorfstrasse 27, 8157 Dielsdorf",cafe,Café mit Herz,47.4841193,8.4555635
4001958714,"Hinterdorfstrasse 27, 8157 Dielsdorf",fast_food,Dönergy,47.4823853,8.4562468
4001953666,"Avenue De France 22, 1004 Lausanne",restaurant,Cavallo Blanco,46.523732,6.6246058
4001953666,"Avenue De France 22, 1004 Lausanne",restaurant,Isshin,46.5237751,6.6239393
4001953666,"Avenue De France 22, 1004 Lausanne",restaurant,Saigon,46.5239142,6.6247761
4001953666,"Avenue De France 22, 1004 Lausanne",bar,Movida,46.5231277,6.625985
4001953666,"Avenue De France 22, 1004 Lausanne",restaurant,PocoLoco,46.5229422,6.6259368
4001953666,"Avenue De France 22, 1004 Lausanne",restaurant,La Nonna,46.5247077,6.6257858
4001953666,"Avenue De France 22, 1004 Lausanne",restaurant,Au Canard Pékinois,46.5239404,6.6253316
4001953666,"Avenue De France 22, 1004 Lausanne",bank,Banque Cantonale Vaudoise,46.5238947,6.626227
4001953666,"Avenue De France 22, 1004 Lausanne",pharmacy,Salveo,46.5251218,6.6256468
4001953666,"Avenue De France 22, 1004 Lausanne",restaurant,La Station,46.5260881,6.6232685
4001953666,"Avenue De France 22, 1004 Lausanne",restaurant,Dongpo,46.5257526,6.6244686
4001953666,"Avenue De France 22, 1004 Lausanne",library,Bibliothèque municipale de Chauderon,46.5232425,6.6251964
4001953666,"Avenue De France 22, 1004 Lausanne",restaurant,Iris,46.5247497,6.6234641
4001953666,"Avenue De France 22, 1004 Lausanne",restaurant,Bufalà,46.5260973,6.6213801
4001953666,"Avenue De France 22, 1004 Lausanne",library,Bibliothèque Touche-à-Tout,46.525704,6.6221239
4001953666,"Avenue De France 22, 1004 Lausanne",fast_food,Kabul Lausanne,46.5240481,6.623223
4001953666,"Avenue De France 22, 1004 Lausanne",fast_food,Pizza&Kebab du Maupas,46.5252124,6.6250871
4001953666,"Avenue De France 22, 1004 Lausanne",restaurant,Bạn,46.526068,6.6214397
4001953666,"Avenue De France 22, 1004 Lausanne",cafe,Ponti,46.5246659,6.6213758
4001953666,"Avenue De France 22, 1004 Lausanne",restaurant,La Cantine sociale et solidaire,46.5260991,6.6232503
4001943629,"Baselmattweg 87, 4123 Allschwil",parking,n/a,47.5542959,7.5466593
4001939095,"Obere Schöntalstrasse 48, 8406 Winterthur",atm,n/a,47.4955823,8.7127274
4001939095,"Obere Schöntalstrasse 48, 8406 Winterthur",cafe,Rüzgar,47.4945371,8.7118663
4001939095,"Obere Schöntalstrasse 48, 8406 Winterthur",fast_food,Anadolu Imbiss,47.4944763,8.711754
4001939095,"Obere Schöntalstrasse 48, 8406 Winterthur",parking,n/a,47.4962372,8.7131115
4001939095,"Obere Schöntalstrasse 48, 8406 Winterthur",restaurant,Industriehalle,47.4937731,8.7106155
4001939095,"Obere Schöntalstrasse 48, 8406 Winterthur",restaurant,Big Burger,47.4940136,8.7110655
4001928257,"Überlandstrasse 198, 8600 Dübendorf",fast_food,Contadino,47.3937176,8.6408638
4001889310,"Via Borenco 22, 6648 Minusio",parking,n/a,46.1738283,8.8123409
4001889310,"Via Borenco 22, 6648 Minusio",parking,n/a,46.1738923,8.8109844
4001889310,"Via Borenco 22, 6648 Minusio",parking,n/a,46.1746649,8.8127135
4001889310,"Via Borenco 22, 6648 Minusio",restaurant,Ristorante Pizzeria Centrale,46.1756785,8.8120092
4001867863,"Am Schmittenbach 10 A, 5236 Remigen",atm,Raiffeisen,47.5164065,8.1889434
4001867863,"Am Schmittenbach 10 A, 5236 Remigen",school,Primarschule Remigen,47.5156385,8.1916547
4001867863,"Am Schmittenbach 10 A, 5236 Remigen",parking,Gemeindehaus Parkplatz,47.5152585,8.1910314
4001867863,"Am Schmittenbach 10 A, 5236 Remigen",restaurant,Gasthof Bären AG,47.5161436,8.1894027
4001866303,"Eichholzstrasse 35, 8620 Wetzikon ZH",school,Schule der Kinder,47.3330575,8.8170981
4001866303,"Eichholzstrasse 35, 8620 Wetzikon ZH",parking,n/a,47.3341256,8.8166707
4001866303,"Eichholzstrasse 35, 8620 Wetzikon ZH",parking,n/a,47.3339802,8.8168877
4001866303,"Eichholzstrasse 35, 8620 Wetzikon ZH",parking,n/a,47.3339127,8.8171946
4001866303,"Eichholzstrasse 35, 8620 Wetzikon ZH",parking,n/a,47.3343105,8.8182823
4001862435,"Via Mulino Rosso 8, 6517 Arbedo",cafe,Osteria degli Sportivi,46.2109992,9.0394526
4001862435,"Via Mulino Rosso 8, 6517 Arbedo",fast_food,Pizzarella,46.2110572,9.0412256
4001858736,"Zwickystrasse 30, 8304 Wallisellen",restaurant,Accogliente,47.4044575,8.6030482
4001858736,"Zwickystrasse 30, 8304 Wallisellen",restaurant,Movie Sushi,47.4050285,8.6041946
4001858736,"Zwickystrasse 30, 8304 Wallisellen",pub,Hardwald Brewhouse,47.4037463,8.6029696
4001856667,"Dorfstrasse 68, 8630 Rüti ZH",atm,Bank Linth,47.2577756,8.8491894
4001856667,"Dorfstrasse 68, 8630 Rüti ZH",restaurant,Al Seda,47.2602363,8.8499769
4001856667,"Dorfstrasse 68, 8630 Rüti ZH",restaurant,Freihof,47.2606077,8.8512817
4001856667,"Dorfstrasse 68, 8630 Rüti ZH",cafe,Café Voland,47.2589937,8.8503832
4001856667,"Dorfstrasse 68, 8630 Rüti ZH",restaurant,Foodoo - Asian Kitchen,47.2599583,8.8518278
4001856667,"Dorfstrasse 68, 8630 Rüti ZH",restaurant,Migros Restaurant,47.2582628,8.8487877
4001856667,"Dorfstrasse 68, 8630 Rüti ZH",restaurant,Löwen,47.2595753,8.8512636
4001856667,"Dorfstrasse 68, 8630 Rüti ZH",restaurant,Klosterhof,47.2595514,8.8493536
4001856667,"Dorfstrasse 68, 8630 Rüti ZH",pharmacy,APODRO Apotheke,47.2585757,8.848725
4001856667,"Dorfstrasse 68, 8630 Rüti ZH",atm,ZKB,47.258933,8.8496866
4001856667,"Dorfstrasse 68, 8630 Rüti ZH",parking,n/a,47.2584965,8.8498157
4001856667,"Dorfstrasse 68, 8630 Rüti ZH",parking,n/a,47.25899,8.8507008
4001856667,"Dorfstrasse 68, 8630 Rüti ZH",restaurant,Shizuka,47.2580604,8.8527523
4001856667,"Dorfstrasse 68, 8630 Rüti ZH",bank,Bank Linth,47.258291,8.8495632
4001856667,"Dorfstrasse 68, 8630 Rüti ZH",restaurant,Buon Appetito Pizzakurier,47.2581749,8.8514037
4001856667,"Dorfstrasse 68, 8630 Rüti ZH",restaurant,Amici miei,47.2584114,8.8509346
4001856667,"Dorfstrasse 68, 8630 Rüti ZH",restaurant,Seoul Kitchen & BBQ,47.258703,8.84887
4001856667,"Dorfstrasse 68, 8630 Rüti ZH",fast_food,Akgül,47.2585366,8.8498811
4001856667,"Dorfstrasse 68, 8630 Rüti ZH",parking,n/a,47.2574578,8.8508299
4001856667,"Dorfstrasse 68, 8630 Rüti ZH",cafe,XOKÓ,47.2588463,8.8498571
4001856667,"Dorfstrasse 68, 8630 Rüti ZH",bank,Bank Avera,47.258797,8.851074
4001856667,"Dorfstrasse 68, 8630 Rüti ZH",fast_food,Foodoo,47.2601885,8.8517689
4001856667,"Dorfstrasse 68, 8630 Rüti ZH",school,Privatschule 9plus,47.2603859,8.8497878
4001856667,"Dorfstrasse 68, 8630 Rüti ZH",restaurant,Märtegge,47.2586305,8.8491639
4001856667,"Dorfstrasse 68, 8630 Rüti ZH",fast_food,BBQ Sushi Momo,47.2587631,8.8477967
4001856667,"Dorfstrasse 68, 8630 Rüti ZH",fast_food,Blue,47.2587814,8.8478678
4001856667,"Dorfstrasse 68, 8630 Rüti ZH",fast_food,Al Massimo,47.2588493,8.8480518
4001856667,"Dorfstrasse 68, 8630 Rüti ZH",cafe,Café Rüti,47.2600844,8.8521308
4001856666,"Dorfstrasse 66a, 8630 Rüti ZH",atm,Bank Linth,47.2577756,8.8491894
4001856666,"Dorfstrasse 66a, 8630 Rüti ZH",restaurant,Al Seda,47.2602363,8.8499769
4001856666,"Dorfstrasse 66a, 8630 Rüti ZH",restaurant,Freihof,47.2606077,8.8512817
4001856666,"Dorfstrasse 66a, 8630 Rüti ZH",cafe,Café Voland,47.2589937,8.8503832
4001856666,"Dorfstrasse 66a, 8630 Rüti ZH",restaurant,Foodoo - Asian Kitchen,47.2599583,8.8518278
4001856666,"Dorfstrasse 66a, 8630 Rüti ZH",restaurant,Migros Restaurant,47.2582628,8.8487877
4001856666,"Dorfstrasse 66a, 8630 Rüti ZH",restaurant,Löwen,47.2595753,8.8512636
4001856666,"Dorfstrasse 66a, 8630 Rüti ZH",restaurant,Klosterhof,47.2595514,8.8493536
4001856666,"Dorfstrasse 66a, 8630 Rüti ZH",pharmacy,APODRO Apotheke,47.2585757,8.848725
4001856666,"Dorfstrasse 66a, 8630 Rüti ZH",atm,ZKB,47.258933,8.8496866
4001856666,"Dorfstrasse 66a, 8630 Rüti ZH",parking,n/a,47.2584965,8.8498157
4001856666,"Dorfstrasse 66a, 8630 Rüti ZH",parking,n/a,47.25899,8.8507008
4001856666,"Dorfstrasse 66a, 8630 Rüti ZH",restaurant,Shizuka,47.2580604,8.8527523
4001856666,"Dorfstrasse 66a, 8630 Rüti ZH",bank,Bank Linth,47.258291,8.8495632
4001856666,"Dorfstrasse 66a, 8630 Rüti ZH",restaurant,Buon Appetito Pizzakurier,47.2581749,8.8514037
4001856666,"Dorfstrasse 66a, 8630 Rüti ZH",restaurant,Amici miei,47.2584114,8.8509346
4001856666,"Dorfstrasse 66a, 8630 Rüti ZH",restaurant,Seoul Kitchen & BBQ,47.258703,8.84887
4001856666,"Dorfstrasse 66a, 8630 Rüti ZH",fast_food,Akgül,47.2585366,8.8498811
4001856666,"Dorfstrasse 66a, 8630 Rüti ZH",parking,n/a,47.2574578,8.8508299
4001856666,"Dorfstrasse 66a, 8630 Rüti ZH",cafe,XOKÓ,47.2588463,8.8498571
4001856666,"Dorfstrasse 66a, 8630 Rüti ZH",bank,Bank Avera,47.258797,8.851074
4001856666,"Dorfstrasse 66a, 8630 Rüti ZH",fast_food,Foodoo,47.2601885,8.8517689
4001856666,"Dorfstrasse 66a, 8630 Rüti ZH",school,Privatschule 9plus,47.2603859,8.8497878
4001856666,"Dorfstrasse 66a, 8630 Rüti ZH",restaurant,Märtegge,47.2586305,8.8491639
4001856666,"Dorfstrasse 66a, 8630 Rüti ZH",fast_food,BBQ Sushi Momo,47.2587631,8.8477967
4001856666,"Dorfstrasse 66a, 8630 Rüti ZH",fast_food,Blue,47.2587814,8.8478678
4001856666,"Dorfstrasse 66a, 8630 Rüti ZH",fast_food,Al Massimo,47.2588493,8.8480518
4001856666,"Dorfstrasse 66a, 8630 Rüti ZH",cafe,Café Rüti,47.2600844,8.8521308
4001841517,"Route de Sion 81, 3960 Sierre",parking,n/a,46.2842403,7.5161854
4001838215,"Bernstrasse 141, 3400 Burgdorf",parking,n/a,47.0520953,7.6110924
4001838215,"Bernstrasse 141, 3400 Burgdorf",parking,n/a,47.0530519,7.6119283
4001838215,"Bernstrasse 141, 3400 Burgdorf",parking,n/a,47.0530322,7.61328
4001837441,"Via Lugano 17, 6500 Bellinzona",bank,Banca Raiffeisen Bellinzonese e Visagno,46.1902994,9.0201019
4001837441,"Via Lugano 17, 6500 Bellinzona",bar,Bar Indipendenza,46.1901775,9.0226625
4001837441,"Via Lugano 17, 6500 Bellinzona",pharmacy,Farmacia Nazionale,46.1909443,9.0225339
4001837441,"Via Lugano 17, 6500 Bellinzona",cafe,Tea Room Gazzaniga,46.1902286,9.022361
4001837441,"Via Lugano 17, 6500 Bellinzona",cafe,Caffè degli Artisti,46.1909255,9.0214432
4001837441,"Via Lugano 17, 6500 Bellinzona",restaurant,Antica Pizzeria Da Michele,46.190699,9.0227038
4001837441,"Via Lugano 17, 6500 Bellinzona",cafe,Glitter Caffè,46.189843,9.0222774
4001837441,"Via Lugano 17, 6500 Bellinzona",cafe,Caffè Teatro snack-bar,46.1907046,9.0206734
4001837441,"Via Lugano 17, 6500 Bellinzona",atm,n/a,46.1909274,9.0226891
4001837441,"Via Lugano 17, 6500 Bellinzona",pharmacy,pharamcieplus malè,46.1897623,9.02292
4001837441,"Via Lugano 17, 6500 Bellinzona",restaurant,Osteria Zanzibar,46.1883166,9.0210074
4001837441,"Via Lugano 17, 6500 Bellinzona",bar,Bar Commercianti,46.1911004,9.0219736
4001837441,"Via Lugano 17, 6500 Bellinzona",bank,Banca Migros,46.1908633,9.0227418
4001835702,"Am Oeschbrig 5, 8053 Zürich",cafe,Cafeteria,47.3560249,8.6009276
4001810866,"Gellertstrasse 2a, 4052 Basel",restaurant,n/a,47.5511342,7.6029046
4001810866,"Gellertstrasse 2a, 4052 Basel",bank,CA next bank,47.5524658,7.6037907
4001803665,"Iselisberg, 8524 Uesslingen-Buch",restaurant,Aussicht,47.5863561,8.8270048
4001662189,"Rue des Musées 58, 2300 La Chaux-de-Fonds",cafe,Le Pacha,47.1012747,6.8261425
4001662189,"Rue des Musées 58, 2300 La Chaux-de-Fonds",restaurant,L'Orphéo,47.1016501,6.8257148
4001662189,"Rue des Musées 58, 2300 La Chaux-de-Fonds",restaurant,Brasserie de la Poste,47.0994367,6.8259679
4001662189,"Rue des Musées 58, 2300 La Chaux-de-Fonds",cafe,Le Rendez-vous,47.1005192,6.8253866
4001662189,"Rue des Musées 58, 2300 La Chaux-de-Fonds",cafe,La Belle Affaire,47.1004694,6.8269329
4001662189,"Rue des Musées 58, 2300 La Chaux-de-Fonds",pub,Centre Italien,47.1011067,6.828544
4001662189,"Rue des Musées 58, 2300 La Chaux-de-Fonds",bank,Banque Cantonale Neuchâteloise,47.1012897,6.8269328
4001662189,"Rue des Musées 58, 2300 La Chaux-de-Fonds",cafe,Terminus,47.0999343,6.8254645
4001662189,"Rue des Musées 58, 2300 La Chaux-de-Fonds",pharmacy,Pharmacie de la Gare,47.0988506,6.8255623
4001662189,"Rue des Musées 58, 2300 La Chaux-de-Fonds",restaurant,Local Craft Burguers,47.1009364,6.8271825
4001662189,"Rue des Musées 58, 2300 La Chaux-de-Fonds",cafe,Maxim,47.1010227,6.8262525
4001662189,"Rue des Musées 58, 2300 La Chaux-de-Fonds",pharmacy,Pilonell,47.1007036,6.8252096
4001662189,"Rue des Musées 58, 2300 La Chaux-de-Fonds",cafe,Fairplay,47.1010318,6.825593
4001662189,"Rue des Musées 58, 2300 La Chaux-de-Fonds",bar,Maxim,47.1009523,6.826425
4001662189,"Rue des Musées 58, 2300 La Chaux-de-Fonds",cafe,Le Métro,47.1002381,6.8275657
4001662189,"Rue des Musées 58, 2300 La Chaux-de-Fonds",bar,Buddy'z Lounge,47.0995691,6.8263895
4001662189,"Rue des Musées 58, 2300 La Chaux-de-Fonds",restaurant,Monna Lisa,47.1011461,6.82498
4001662189,"Rue des Musées 58, 2300 La Chaux-de-Fonds",clinic,Clinique de La Tour,47.0996235,6.8264647
4001662189,"Rue des Musées 58, 2300 La Chaux-de-Fonds",fast_food,Panda Express,47.101043,6.8279091
4001662189,"Rue des Musées 58, 2300 La Chaux-de-Fonds",cafe,Bessa,47.1007408,6.8273632
4001662189,"Rue des Musées 58, 2300 La Chaux-de-Fonds",pharmacy,Pharmacie Centrale,47.1007613,6.8269099
4001662189,"Rue des Musées 58, 2300 La Chaux-de-Fonds",bar,La Mort Subite,47.1002481,6.824762
4001662189,"Rue des Musées 58, 2300 La Chaux-de-Fonds",pharmacy,Sun Store,47.100348,6.8272758
4001662189,"Rue des Musées 58, 2300 La Chaux-de-Fonds",restaurant,Dolce Vita,47.0994648,6.8262118
4001662189,"Rue des Musées 58, 2300 La Chaux-de-Fonds",atm,Bitcoin ATM,47.0994593,6.8262066
4001662189,"Rue des Musées 58, 2300 La Chaux-de-Fonds",bank,next bank Crédit Agricolaire,47.1003382,6.8253451
4001662189,"Rue des Musées 58, 2300 La Chaux-de-Fonds",cafe,Crême Renversante Café,47.1009254,6.8281518
4001662189,"Rue des Musées 58, 2300 La Chaux-de-Fonds",cafe,Café des Arcades,47.1002756,6.8265865
4001662189,"Rue des Musées 58, 2300 La Chaux-de-Fonds",cafe,Le buffet espresso,47.0987229,6.8250632
4001662189,"Rue des Musées 58, 2300 La Chaux-de-Fonds",restaurant,Chef Falafel,47.0997679,6.8254817
4001642199,"Rue du Nord 54, 2300 La Chaux-de-Fonds",restaurant,La Différence,47.1070124,6.8296598
4001642199,"Rue du Nord 54, 2300 La Chaux-de-Fonds",pub,Centro Español,47.1069401,6.8290049
4001642199,"Rue du Nord 54, 2300 La Chaux-de-Fonds",cafe,ABC,47.1054831,6.8296114
4001442139,"Via Montalbano 1, 6925 Gentilino",parking,n/a,45.9912007,8.9327967
4001255523,"Hauptstrasse 41, 4437 Waldenburg",restaurant,Leue,47.3818644,7.7473403
4001255523,"Hauptstrasse 41, 4437 Waldenburg",restaurant,Bella Sicilia,47.3856586,7.7495342
4001255523,"Hauptstrasse 41, 4437 Waldenburg",cafe,Alte Wacht,47.3830155,7.7483743
4000976400,"Amerbachstrasse 64, 4057 Basel",restaurant,Restaurant Zum Wilde Maa,47.5679494,7.595093
4000976400,"Amerbachstrasse 64, 4057 Basel",restaurant,Firenze,47.5692427,7.5944428
4000976400,"Amerbachstrasse 64, 4057 Basel",pub,Kiki Bar,47.5692456,7.5941997
4000976400,"Amerbachstrasse 64, 4057 Basel",restaurant,Cloves,47.5692033,7.5913551
4000976400,"Amerbachstrasse 64, 4057 Basel",cafe,Senat Maki's,47.5692456,7.5938822
4000976400,"Amerbachstrasse 64, 4057 Basel",restaurant,Pizzeria Breisacherhof,47.5698877,7.5916214
4000976400,"Amerbachstrasse 64, 4057 Basel",restaurant,Brombi,47.5705197,7.5962519
4000976400,"Amerbachstrasse 64, 4057 Basel",pub,Sport Pub Milan,47.5689609,7.5948146
4000976400,"Amerbachstrasse 64, 4057 Basel",cafe,Antik Café Bar,47.5690588,7.5902334
4000976400,"Amerbachstrasse 64, 4057 Basel",cafe,Café Siesta,47.5690053,7.5965148
4000976400,"Amerbachstrasse 64, 4057 Basel",pub,Musical Bar,47.5690036,7.5973736
4000976400,"Amerbachstrasse 64, 4057 Basel",restaurant,Rössli,47.5700863,7.596641
4000976400,"Amerbachstrasse 64, 4057 Basel",bar,Nordbar,47.5704484,7.5955243
4000976400,"Amerbachstrasse 64, 4057 Basel",restaurant,Che que lomo,47.5705566,7.594893
4000976400,"Amerbachstrasse 64, 4057 Basel",library,GGG Stadtbibliothek Bläsi,47.5687038,7.591119
4000976400,"Amerbachstrasse 64, 4057 Basel",restaurant,Habesha,47.5701487,7.596197
4000976400,"Amerbachstrasse 64, 4057 Basel",cafe,Gemeinsam Café,47.5698858,7.5910258
4000976400,"Amerbachstrasse 64, 4057 Basel",pharmacy,Matthäus Apotheke,47.5688536,7.5965248
4000976400,"Amerbachstrasse 64, 4057 Basel",restaurant,Avant-Gouz,47.5677168,7.5948728
4000976400,"Amerbachstrasse 64, 4057 Basel",restaurant,Pizzeria Da Pia,47.5709099,7.5920312
4000976400,"Amerbachstrasse 64, 4057 Basel",bar,pusat cafe bar,47.5678995,7.5948047
4000976400,"Amerbachstrasse 64, 4057 Basel",restaurant,Savanna,47.5692168,7.5912968
4000976400,"Amerbachstrasse 64, 4057 Basel",pharmacy,Dreirosen Apotheke,47.5689793,7.5906307
4000976400,"Amerbachstrasse 64, 4057 Basel",fast_food,Detto Pronto,47.5705037,7.5952502
3003296264,"Bahnhofstrasse 172, 6423 Seewen SZ",restaurant,Divan Bistro,47.029345,8.6296856
3003296216,"Bahnhofstrasse 172, 6423 Seewen SZ",restaurant,Divan Bistro,47.029345,8.6296856
4002078671,"Landstrasse 49, 5415 Nussbaumen",bar,Blue Bird Bar,47.4861844,8.2974375
4002078671,"Landstrasse 49, 5415 Nussbaumen",restaurant,Entehuus China Restaurant,47.4861206,8.2976178
4002078671,"Landstrasse 49, 5415 Nussbaumen",parking,n/a,47.4869477,8.296833
4002078590,"Murgenthalstrasse 4C, 4900 Langenthal",parking,Jurastrasse/ Stadttheater,47.2138683,7.7890399
4002078590,"Murgenthalstrasse 4C, 4900 Langenthal",pharmacy,Turm Apotheke,47.2133639,7.7897279
4002078590,"Murgenthalstrasse 4C, 4900 Langenthal",parking,n/a,47.2165441,7.7863946
4002078590,"Murgenthalstrasse 4C, 4900 Langenthal",restaurant,Restaurant zur alten Post,47.2132426,7.7883885
4002078590,"Murgenthalstrasse 4C, 4900 Langenthal",parking,Parkplatz Stadtverwaltung,47.214201,7.7888131
4002078590,"Murgenthalstrasse 4C, 4900 Langenthal",parking,Parkhaus Manor,47.2135489,7.7889422
4002078590,"Murgenthalstrasse 4C, 4900 Langenthal",parking,Parkplatz Jurastrasse 17a,47.2135014,7.7888449
4002078590,"Murgenthalstrasse 4C, 4900 Langenthal",restaurant,L’AUBERGE,47.2166466,7.7879525
4002078590,"Murgenthalstrasse 4C, 4900 Langenthal",restaurant,Braui,47.2132996,7.7871932
4002078590,"Murgenthalstrasse 4C, 4900 Langenthal",pub,BeBeTo - Bar&Billard,47.2154754,7.7880022
4002078590,"Murgenthalstrasse 4C, 4900 Langenthal",bank,Clientis Bank Oberaargau,47.2144988,7.78704
4002078590,"Murgenthalstrasse 4C, 4900 Langenthal",library,Ludothek Langenthal,47.2136596,7.7901896
4002078590,"Murgenthalstrasse 4C, 4900 Langenthal",bar,FahrBAR,47.2135143,7.7902602
4002078590,"Murgenthalstrasse 4C, 4900 Langenthal",cafe,Kaffee-Fabrik,47.2135387,7.7872459
4002078590,"Murgenthalstrasse 4C, 4900 Langenthal",restaurant,NongNang Thai Take Away,47.2135049,7.7883444
4002078590,"Murgenthalstrasse 4C, 4900 Langenthal",restaurant,Mi Casita,47.2134075,7.7875732
4002075578,"Bibersteinerstrasse 41A, 5022 Rombach",parking,n/a,47.404244,8.050087
4002075344,"Culmannstrasse 20, 8006 Zürich",restaurant,Ristorante Culmann,47.3794422,8.5470198
4002075344,"Culmannstrasse 20, 8006 Zürich",restaurant,La Fontana,47.3797201,8.5469255
4002075344,"Culmannstrasse 20, 8006 Zürich",restaurant,Luigi,47.3789263,8.5444555
4002075344,"Culmannstrasse 20, 8006 Zürich",restaurant,Bocuci: Bottega & Cucina,47.3791435,8.545208
4002075344,"Culmannstrasse 20, 8006 Zürich",restaurant,Restaurant Haldenbach,47.3799672,8.5469246
4002075344,"Culmannstrasse 20, 8006 Zürich",fast_food,Züri Bistro,47.38053,8.5479785
4002075344,"Culmannstrasse 20, 8006 Zürich",restaurant,Ristorante Al Forno da Angelo,47.3805744,8.5483371
4002075344,"Culmannstrasse 20, 8006 Zürich",fast_food,Domino's,47.3784731,8.547949
4002075344,"Culmannstrasse 20, 8006 Zürich",cafe,Café Oberstrass,47.3782514,8.5479609
4002075344,"Culmannstrasse 20, 8006 Zürich",restaurant,Hot Pasta,47.3786854,8.547952
4002075344,"Culmannstrasse 20, 8006 Zürich",pub,The Alehouse Palmhof,47.3790827,8.5478805
4002075344,"Culmannstrasse 20, 8006 Zürich",fast_food,Lemon Grass,47.3796283,8.5479597
4002075344,"Culmannstrasse 20, 8006 Zürich",restaurant,Rubina,47.381545,8.5483263
4002075344,"Culmannstrasse 20, 8006 Zürich",restaurant,Bamboo Inn,47.3804786,8.5472423
4002075344,"Culmannstrasse 20, 8006 Zürich",restaurant,Stapferstube da Rizzo,47.3821725,8.5474623
4002075344,"Culmannstrasse 20, 8006 Zürich",cafe,Kleine Freiheit,47.379135,8.5445168
4002075344,"Culmannstrasse 20, 8006 Zürich",library,Grüne Bibliothek,47.3789092,8.5486877
4002075344,"Culmannstrasse 20, 8006 Zürich",library,Bibliothek Erdwissenschaften,47.3785235,8.5473008
4002075344,"Culmannstrasse 20, 8006 Zürich",fast_food,Klara's Kitchen,47.3787999,8.5479501
4002075344,"Culmannstrasse 20, 8006 Zürich",restaurant,Orient Catering,47.3789518,8.5447211
4002075344,"Culmannstrasse 20, 8006 Zürich",fast_food,Orient Catering,47.3789144,8.5448353
4002075344,"Culmannstrasse 20, 8006 Zürich",cafe,Natural Bites,47.3803426,8.5478344
4002075344,"Culmannstrasse 20, 8006 Zürich",fast_food,Tiny Fish,47.3784125,8.5478096
4002075344,"Culmannstrasse 20, 8006 Zürich",restaurant,Orient World,47.3788419,8.545135
4002075344,"Culmannstrasse 20, 8006 Zürich",restaurant,mi-te,47.3791998,8.5479282
4002075315,"Sandgrubenstrasse 18, 8330 Pfäffikon ZH",atm,n/a,47.3711464,8.7762164
4002073826,"Untermatt 2, 8902 Urdorf",pub,Schwanen,47.39014,8.4188167
4002073826,"Untermatt 2, 8902 Urdorf",parking,n/a,47.3921064,8.4171406
4002060883,"Schulweg 3, 5453 Remetschwil",parking,n/a,47.4072679,8.3282943
4002060883,"Schulweg 3, 5453 Remetschwil",parking,n/a,47.4080098,8.3285772
4002060883,"Schulweg 3, 5453 Remetschwil",restaurant,Restaurant zur Post,47.4082559,8.3268615
4002059591,"Chapfstrasse 13, 8625 Gossau",restaurant,Rosengarten,47.3063621,8.7582492
4002059591,"Chapfstrasse 13, 8625 Gossau",restaurant,Pizzeria Laufenbach,47.3055261,8.7589912
4002059591,"Chapfstrasse 13, 8625 Gossau",restaurant,Pizza For You,47.3051137,8.7577138
4002059591,"Chapfstrasse 13, 8625 Gossau",atm,n/a,47.3050095,8.7580214
4002055443,"Auf den Fiechten 4, 4147 Aesch BL",fast_food,Werni's Grillimbiss,47.4783727,7.5949291
4002055434,"Erlenweg 12, 5036 Oberentfelden",school,Schule Entfelden,47.3587376,8.0443572
4002055434,"Erlenweg 12, 5036 Oberentfelden",library,Gemeindebibliothek Oberentfelden,47.3585242,8.0447562
4002051424,"Altstetterstrasse 247 + 249, 8048 Zürich",restaurant,Restaurant Sonne Libanon,47.3822104,8.4838926
4002051424,"Altstetterstrasse 247 + 249, 8048 Zürich",school,Schule für Sehbehinderte,47.3850777,8.4861808
4002051399,"Zähringerstrasse 18, 4057 Basel",pub,Buvette Dreirosen,47.5694909,7.5863581
4002051399,"Zähringerstrasse 18, 4057 Basel",pub,DejaVu,47.5694062,7.5901309
4002051399,"Zähringerstrasse 18, 4057 Basel",cafe,Antik Café Bar,47.5690588,7.5902334
4002051399,"Zähringerstrasse 18, 4057 Basel",restaurant,RiiBistro,47.5705632,7.5868666
4002051399,"Zähringerstrasse 18, 4057 Basel",restaurant,Kiosk,47.5713407,7.5877225
4002051399,"Zähringerstrasse 18, 4057 Basel",atm,n/a,47.568672,7.5897794
4002051399,"Zähringerstrasse 18, 4057 Basel",cafe,Gemeinsam Café,47.5698858,7.5910258
4002051399,"Zähringerstrasse 18, 4057 Basel",restaurant,Drei Rosen,47.570532,7.5905079
4002051399,"Zähringerstrasse 18, 4057 Basel",bar,OFF,47.5693615,7.5899974
4002051399,"Zähringerstrasse 18, 4057 Basel",restaurant,Pizza Picassso,47.5694979,7.5901783
4002051399,"Zähringerstrasse 18, 4057 Basel",pharmacy,Dreirosen Apotheke,47.5689793,7.5906307
4002051268,"Erlenmattweg 7, 4058 Basel",fast_food,Maulbeergrill,47.5676143,7.6023449
4002051268,"Erlenmattweg 7, 4058 Basel",bar,Qbarana Lounge Bar,47.5687669,7.6018111
4002051268,"Erlenmattweg 7, 4058 Basel",bar,Carambolage,47.5683278,7.6004231
4002051268,"Erlenmattweg 7, 4058 Basel",pub,Cafe 360,47.5676417,7.6024174
4002051268,"Erlenmattweg 7, 4058 Basel",library,feministische bibliothek @spit,47.5684445,7.6009464
4002051268,"Erlenmattweg 7, 4058 Basel",pharmacy,Coop Vitality,47.5697544,7.6036227
4002051268,"Erlenmattweg 7, 4058 Basel",restaurant,Matt & Elly Brewery & Kitchen,47.56969,7.6034296
4002051268,"Erlenmattweg 7, 4058 Basel",school,Primarschulhaus Erlenmatt,47.5689989,7.6004078
4002051266,"Nordeckstrasse 10, 8636 Wald ZH",parking,n/a,47.2687881,8.9140249
4002050974,"Altstetterstrasse 247 + 249, 8048 Zürich",restaurant,Restaurant Sonne Libanon,47.3822104,8.4838926
4002050974,"Altstetterstrasse 247 + 249, 8048 Zürich",school,Schule für Sehbehinderte,47.3850777,8.4861808
4002050973,"Altstetterstrasse 247 + 249, 8048 Zürich",restaurant,Restaurant Sonne Libanon,47.3822104,8.4838926
4002050973,"Altstetterstrasse 247 + 249, 8048 Zürich",school,Schule für Sehbehinderte,47.3850777,8.4861808
4002050972,"Altstetterstrasse 247 + 249, 8048 Zürich",restaurant,Restaurant Sonne Libanon,47.3822104,8.4838926
4002050972,"Altstetterstrasse 247 + 249, 8048 Zürich",school,Schule für Sehbehinderte,47.3850777,8.4861808
4002047849,"Buckhauserstrasse 49, 8048 Zürich",restaurant,UBS Restaurant Flur,47.382807,8.4929412
4002047849,"Buckhauserstrasse 49, 8048 Zürich",restaurant,Turbinenhalle,47.3841009,8.4964028
4002047849,"Buckhauserstrasse 49, 8048 Zürich",atm,UBS Bancomat,47.3828726,8.4929615
4002047849,"Buckhauserstrasse 49, 8048 Zürich",atm,UBS Bancomat,47.3852455,8.4961361
4002047849,"Buckhauserstrasse 49, 8048 Zürich",fast_food,Ruenthai 2 Take Away,47.3853736,8.4947825
4002047849,"Buckhauserstrasse 49, 8048 Zürich",restaurant,UBS Restaurant Snackeria Flurhof,47.3825966,8.4926584
4002047849,"Buckhauserstrasse 49, 8048 Zürich",restaurant,Thai Style,47.3838416,8.4947954
4002047849,"Buckhauserstrasse 49, 8048 Zürich",restaurant,Restaurant Buckhuser,47.3837393,8.4925808
4002047849,"Buckhauserstrasse 49, 8048 Zürich",school,SAE Institute Zürich,47.3845883,8.4919049
4002047849,"Buckhauserstrasse 49, 8048 Zürich",restaurant,Lunchmarket,47.3850743,8.4924041
4002047849,"Buckhauserstrasse 49, 8048 Zürich",bank,Valiant,47.3841976,8.4942783
4002047849,"Buckhauserstrasse 49, 8048 Zürich",restaurant,Intermezzo,47.3837329,8.4925606
4002047849,"Buckhauserstrasse 49, 8048 Zürich",school,kinder campus,47.3844657,8.4945248
4002047849,"Buckhauserstrasse 49, 8048 Zürich",parking,Medienpark,47.3844014,8.4950445
4002042468,"Gartenstrasse 6, 8002 Zürich",restaurant,Trinity,47.3676805,8.5372866
4002042468,"Gartenstrasse 6, 8002 Zürich",pub,Almodo Bar,47.3669773,8.5333873
4002042468,"Gartenstrasse 6, 8002 Zürich",parking,Bleicherweg,47.3672324,8.5354219
4002042468,"Gartenstrasse 6, 8002 Zürich",pub,2. Akt,47.3698304,8.5336387
4002042468,"Gartenstrasse 6, 8002 Zürich",restaurant,Thai Erawan,47.3681056,8.5358071
4002042468,"Gartenstrasse 6, 8002 Zürich",fast_food,spectaturs,47.3671287,8.5341393
4002042468,"Gartenstrasse 6, 8002 Zürich",restaurant,Nagasui,47.3702331,8.5328922
4002042468,"Gartenstrasse 6, 8002 Zürich",pharmacy,Apotheke zur Bleiche,47.3678875,8.5348942
4002042468,"Gartenstrasse 6, 8002 Zürich",bar,La Stanza,47.3684665,8.5367856
4002042468,"Gartenstrasse 6, 8002 Zürich",cafe,Nocciolina,47.3682598,8.536332
4002042468,"Gartenstrasse 6, 8002 Zürich",library,"Universitätsbibliothek, Völkerkundemuseum",47.3707781,8.5342686
4002042468,"Gartenstrasse 6, 8002 Zürich",cafe,Cafe Miyuko,47.3697504,8.536579
4002042468,"Gartenstrasse 6, 8002 Zürich",restaurant,Korner,47.3686567,8.5339963
4002042468,"Gartenstrasse 6, 8002 Zürich",bank,Migros Bank,47.3674788,8.5345119
4002042468,"Gartenstrasse 6, 8002 Zürich",restaurant,Taho Sushi,47.3693102,8.5325414
4002042468,"Gartenstrasse 6, 8002 Zürich",bank,LGT Bank,47.3682785,8.5374476
4002042468,"Gartenstrasse 6, 8002 Zürich",restaurant,Thai Erawan,47.3694613,8.5366583
4002042468,"Gartenstrasse 6, 8002 Zürich",restaurant,Ristorante 33,47.3668389,8.5339821
4002042468,"Gartenstrasse 6, 8002 Zürich",restaurant,Moudi,47.3697863,8.5343368
4002042468,"Gartenstrasse 6, 8002 Zürich",bar,Le Raymond,47.3688354,8.5375062
4002042468,"Gartenstrasse 6, 8002 Zürich",restaurant,Luigia,47.3704056,8.5355364
4002042468,"Gartenstrasse 6, 8002 Zürich",bar,Balboa Bar & Gym,47.3686781,8.5356419
4002042468,"Gartenstrasse 6, 8002 Zürich",cafe,Le Café,47.3703843,8.5370392
4002042468,"Gartenstrasse 6, 8002 Zürich",restaurant,Gabbani,47.3701012,8.5365761
4002042468,"Gartenstrasse 6, 8002 Zürich",fast_food,Hiltl Pflanzbar,47.3705271,8.5358813
4002042468,"Gartenstrasse 6, 8002 Zürich",restaurant,Edomae,47.3706147,8.5357379
4002042468,"Gartenstrasse 6, 8002 Zürich",restaurant,Vemezza,47.3687901,8.533995
4002042468,"Gartenstrasse 6, 8002 Zürich",fast_food,Happy Chef,47.3679354,8.5350652
4002042468,"Gartenstrasse 6, 8002 Zürich",bar,Fleming's,47.3696334,8.5334346
4002042468,"Gartenstrasse 6, 8002 Zürich",bank,VP Bank,47.3702348,8.5358473
4002042468,"Gartenstrasse 6, 8002 Zürich",restaurant,Ona Poké,47.3678271,8.5360057
4002042468,"Gartenstrasse 6, 8002 Zürich",fast_food,dean&david,47.3678584,8.5361094
4002042468,"Gartenstrasse 6, 8002 Zürich",restaurant,Stamped,47.3697712,8.5341158
4002042468,"Gartenstrasse 6, 8002 Zürich",restaurant,parkhuus,47.3666944,8.5361051
4002042468,"Gartenstrasse 6, 8002 Zürich",bank,Vontobel,47.3676857,8.5353314
4002042468,"Gartenstrasse 6, 8002 Zürich",restaurant,roots,47.368752,8.535695
4002042468,"Gartenstrasse 6, 8002 Zürich",cafe,lo spaccio,47.3681744,8.5360515
4002042468,"Gartenstrasse 6, 8002 Zürich",cafe,RPOS Coffehouse,47.3678817,8.534686
4002042468,"Gartenstrasse 6, 8002 Zürich",bank,Privatbank IHAG,47.3683759,8.536386
4002042468,"Gartenstrasse 6, 8002 Zürich",restaurant,Wild Bowls,47.3678059,8.5343157
4002042468,"Gartenstrasse 6, 8002 Zürich",fast_food,Joe & The Juice,47.3672149,8.5357483
4002042468,"Gartenstrasse 6, 8002 Zürich",restaurant,Haute,47.3704443,8.5352381
4002042468,"Gartenstrasse 6, 8002 Zürich",bar,La Lup,47.3695695,8.5333627
4002042468,"Gartenstrasse 6, 8002 Zürich",fast_food,Tiny Fish,47.3685379,8.536976
4002042468,"Gartenstrasse 6, 8002 Zürich",fast_food,Selnauwok,47.3698708,8.5330431
4002042468,"Gartenstrasse 6, 8002 Zürich",bank,EFG Bank AG,47.3689388,8.537698
4002042468,"Gartenstrasse 6, 8002 Zürich",fast_food,The BAB,47.3703079,8.5362399
4002042468,"Gartenstrasse 6, 8002 Zürich",bar,Dr. Zhivago,47.3692142,8.5364523
4002042468,"Gartenstrasse 6, 8002 Zürich",bank,China Construction Bank,47.3670273,8.5358659
4002042468,"Gartenstrasse 6, 8002 Zürich",cafe,MINI Café Bar,47.3670768,8.5334932
4002042468,"Gartenstrasse 6, 8002 Zürich",restaurant,Kailash Parbat,47.3679576,8.5370912
4002042468,"Gartenstrasse 6, 8002 Zürich",cafe,Atomix,47.3678873,8.536188
4002042468,"Gartenstrasse 6, 8002 Zürich",cafe,n/a,47.3708675,8.5345268
4002039938,"Rue Louis-D'Affry 6, 1700 Fribourg",bank,Credit Suisse,46.8037705,7.1528432
4002039938,"Rue Louis-D'Affry 6, 1700 Fribourg",pharmacy,Pharmacie Dr A Marca,46.8027202,7.1515284
4002039938,"Rue Louis-D'Affry 6, 1700 Fribourg",bar,Le Café XX,46.804327,7.152201
4002039938,"Rue Louis-D'Affry 6, 1700 Fribourg",atm,Raiffeisen,46.803271,7.150951
4002039938,"Rue Louis-D'Affry 6, 1700 Fribourg",bar,Ancienne Gare,46.802203,7.1503768
4002039938,"Rue Louis-D'Affry 6, 1700 Fribourg",parking,Parking de Fribourg Centre,46.8027481,7.1527704
4002039938,"Rue Louis-D'Affry 6, 1700 Fribourg",atm,n/a,46.8018427,7.1514562
4002039938,"Rue Louis-D'Affry 6, 1700 Fribourg",parking,Parking de la Gare,46.8041248,7.1512473
4002039938,"Rue Louis-D'Affry 6, 1700 Fribourg",restaurant,Alconi Restaurant - Cantine,46.8040456,7.1510044
4002039938,"Rue Louis-D'Affry 6, 1700 Fribourg",restaurant,Le Pérolles,46.8020268,7.1512463
4002039938,"Rue Louis-D'Affry 6, 1700 Fribourg",pharmacy,Benu,46.8028847,7.1511161
4002039938,"Rue Louis-D'Affry 6, 1700 Fribourg",cafe,Starbucks,46.8027925,7.1510442
4002039938,"Rue Louis-D'Affry 6, 1700 Fribourg",fast_food,Au Bospore,46.8023919,7.1508991
4002039938,"Rue Louis-D'Affry 6, 1700 Fribourg",bank,Banque CIC Suisse,46.8024442,7.1509096
4002039938,"Rue Louis-D'Affry 6, 1700 Fribourg",cafe,Le Passenger,46.8026344,7.1507497
4002039938,"Rue Louis-D'Affry 6, 1700 Fribourg",atm,Postfinance,46.8030884,7.1510433
4002039938,"Rue Louis-D'Affry 6, 1700 Fribourg",cafe,Coffee & Friends,46.8031788,7.1509556
4002039938,"Rue Louis-D'Affry 6, 1700 Fribourg",fast_food,Burger King,46.8031748,7.15121
4002039938,"Rue Louis-D'Affry 6, 1700 Fribourg",fast_food,Brezelkönig,46.803376,7.150616
4002039938,"Rue Louis-D'Affry 6, 1700 Fribourg",library,"Bibliothèque interculturelle ""LivrEchange"" de Fribourg",46.8017738,7.1486777
4002039938,"Rue Louis-D'Affry 6, 1700 Fribourg",restaurant,Mykebab,46.8037152,7.1514434
4002039938,"Rue Louis-D'Affry 6, 1700 Fribourg",atm,Int Bank,46.8031102,7.1510522
4002039938,"Rue Louis-D'Affry 6, 1700 Fribourg",restaurant,China town,46.8028731,7.1517428
4002039938,"Rue Louis-D'Affry 6, 1700 Fribourg",restaurant,Le centre,46.80361,7.1518808
4002039938,"Rue Louis-D'Affry 6, 1700 Fribourg",restaurant,L’unique tartare,46.803188,7.1511821
4002039938,"Rue Louis-D'Affry 6, 1700 Fribourg",pub,Les Gosses du Québec,46.802119,7.1517355
4002039938,"Rue Louis-D'Affry 6, 1700 Fribourg",university,Beauregard 01,46.8025294,7.1490731
4002039938,"Rue Louis-D'Affry 6, 1700 Fribourg",restaurant,Host India,46.802075,7.148784
4002039938,"Rue Louis-D'Affry 6, 1700 Fribourg",fast_food,Dunkin',46.8027983,7.1516347
4002039938,"Rue Louis-D'Affry 6, 1700 Fribourg",restaurant,Sushi Kai,46.8035054,7.1512967
4002039938,"Rue Louis-D'Affry 6, 1700 Fribourg",fast_food,L'artisan,46.8035687,7.1513452
4002039720,"Erlenmattstrasse 18, 4058 Basel",pub,Musical Bar,47.5690036,7.5973736
4002039720,"Erlenmattstrasse 18, 4058 Basel",bar,Qbarana Lounge Bar,47.5687669,7.6018111
4002039720,"Erlenmattstrasse 18, 4058 Basel",restaurant,Thai Café,47.5698504,7.5973694
4002039720,"Erlenmattstrasse 18, 4058 Basel",bar,Carambolage,47.5683278,7.6004231
4002039720,"Erlenmattstrasse 18, 4058 Basel",restaurant,Le S,47.5690986,7.5993385
4002039720,"Erlenmattstrasse 18, 4058 Basel",library,feministische bibliothek @spit,47.5684445,7.6009464
4002039720,"Erlenmattstrasse 18, 4058 Basel",cafe,Magical Cafe,47.5699745,7.5993614
4002039720,"Erlenmattstrasse 18, 4058 Basel",restaurant,Casa Piccola Italia,47.570009,7.5974416
4002039720,"Erlenmattstrasse 18, 4058 Basel",school,Primarschulhaus Erlenmatt,47.5689989,7.6004078
4002038668,"Via Beltramina 8, 6900 Lugano",fast_food,Mondo Pizza,46.0192886,8.9572029
4002038668,"Via Beltramina 8, 6900 Lugano",cafe,Al Piccolo Bar,46.0163554,8.9577704
4002038668,"Via Beltramina 8, 6900 Lugano",cafe,n/a,46.0182606,8.9588315
4002038668,"Via Beltramina 8, 6900 Lugano",cafe,Bar al 74,46.018148,8.9570188
4002038668,"Via Beltramina 8, 6900 Lugano",pharmacy,Daniela Sartori,46.0157886,8.955199
4002038668,"Via Beltramina 8, 6900 Lugano",bar,n/a,46.0169857,8.9557817
4002038668,"Via Beltramina 8, 6900 Lugano",pharmacy,Farmacia Stella,46.0191428,8.9574995
4002038668,"Via Beltramina 8, 6900 Lugano",fast_food,n/a,46.0163455,8.9551676
4002038668,"Via Beltramina 8, 6900 Lugano",fast_food,Speedy pizza,46.0166978,8.9569552
4002038668,"Via Beltramina 8, 6900 Lugano",fast_food,Maistà food,46.0168022,8.9569575
4002038668,"Via Beltramina 8, 6900 Lugano",fast_food,Kebab Arbil,46.0193531,8.9572419
4002038668,"Via Beltramina 8, 6900 Lugano",library,Biblioteca interculturale della Svizzera italiana - sede di Lugano,46.0156356,8.9549307
4002038668,"Via Beltramina 8, 6900 Lugano",library,Biblioteca della Croce Rossa Svizzera,46.0155782,8.9571888
4002038668,"Via Beltramina 8, 6900 Lugano",restaurant,Ristorante La Veranda,46.0194909,8.9573375
4002038668,"Via Beltramina 8, 6900 Lugano",restaurant,Billy Food,46.01803,8.9576649
4002038663,"Bahnhofstrasse 7, 4415 Lausen",restaurant,Restaurant Bernerhof,47.4713325,7.7598939
4002038663,"Bahnhofstrasse 7, 4415 Lausen",fast_food,Lausener,47.4712785,7.761635
4002038663,"Bahnhofstrasse 7, 4415 Lausen",restaurant,Bären,47.4713406,7.7613016
4002038663,"Bahnhofstrasse 7, 4415 Lausen",restaurant,Ben Fatto,47.4705263,7.7602413
4002038663,"Bahnhofstrasse 7, 4415 Lausen",parking,n/a,47.4706474,7.7599998
4002037350,"Berntorgasse 16, 3600 Thun",atm,n/a,46.7605565,7.6278634
4002037350,"Berntorgasse 16, 3600 Thun",parking,Burgzentrum,46.7613416,7.6300197
4002037350,"Berntorgasse 16, 3600 Thun",pub,Ratstübli,46.7598072,7.6283837
4002037350,"Berntorgasse 16, 3600 Thun",parking,n/a,46.7605911,7.6282485
4002037350,"Berntorgasse 16, 3600 Thun",bank,Raiffeisen,46.7613438,7.6295612
4002037350,"Berntorgasse 16, 3600 Thun",restaurant,Trattoria Rimini,46.7607851,7.6287416
4002037350,"Berntorgasse 16, 3600 Thun",restaurant,HAN Mongolian Barbecue,46.7598135,7.6263541
4002037350,"Berntorgasse 16, 3600 Thun",bank,UBS,46.7597902,7.6266979
4002037350,"Berntorgasse 16, 3600 Thun",restaurant,Casa Iberica,46.7604709,7.628235
4002037350,"Berntorgasse 16, 3600 Thun",fast_food,Giga Tacos,46.7599688,7.6282024
4002037350,"Berntorgasse 16, 3600 Thun",restaurant,Burg Castello,46.7614172,7.6294882
4002037350,"Berntorgasse 16, 3600 Thun",restaurant,Don Pedro,46.7618486,7.629896
4002037350,"Berntorgasse 16, 3600 Thun",restaurant,Karussell,46.7609362,7.6278866
4002037350,"Berntorgasse 16, 3600 Thun",pub,McArthurs Pub,46.7605645,7.627705
4002037350,"Berntorgasse 16, 3600 Thun",restaurant,La Perla,46.759758,7.6261693
4002037350,"Berntorgasse 16, 3600 Thun",restaurant,La Barca,46.7596764,7.6252859
4002037350,"Berntorgasse 16, 3600 Thun",bar,Rattenloch,46.7597372,7.6253263
4002037350,"Berntorgasse 16, 3600 Thun",restaurant,Eurasia,46.7614558,7.6265167
4002037350,"Berntorgasse 16, 3600 Thun",bar,Schlossbergbar,46.7600078,7.6287218
4002037350,"Berntorgasse 16, 3600 Thun",restaurant,Zunfthaus Zu Metzgern,46.7598675,7.6287234
4002037350,"Berntorgasse 16, 3600 Thun",bar,Coronitbar,46.7598688,7.6283546
4002037350,"Berntorgasse 16, 3600 Thun",restaurant,Red Ox,46.7602019,7.6285237
4002037350,"Berntorgasse 16, 3600 Thun",restaurant,La Bodega,46.7602478,7.6285192
4002037350,"Berntorgasse 16, 3600 Thun",cafe,Cortina Lounge,46.7603369,7.6287248
4002037350,"Berntorgasse 16, 3600 Thun",restaurant,Rama Thai Restaurant und Take Away,46.7611367,7.6288034
4002037350,"Berntorgasse 16, 3600 Thun",restaurant,Tran,46.7606896,7.6285063
4002037350,"Berntorgasse 16, 3600 Thun",restaurant,Suan Thai Shop,46.7610682,7.6298493
4002037350,"Berntorgasse 16, 3600 Thun",restaurant,Waaghaus,46.7599794,7.6274584
4002037350,"Berntorgasse 16, 3600 Thun",bar,Bar Rex,46.7590943,7.6257995
4002037350,"Berntorgasse 16, 3600 Thun",bar,Thurm,46.7607858,7.6269711
4002037350,"Berntorgasse 16, 3600 Thun",parking,n/a,46.7605814,7.6259112
4002037350,"Berntorgasse 16, 3600 Thun",bar,Anthra,46.7615664,7.6285741
4002037350,"Berntorgasse 16, 3600 Thun",fast_food,McDonald's,46.7593933,7.62666
4002037350,"Berntorgasse 16, 3600 Thun",pharmacy,CentralApotheke,46.7588149,7.627001
4002037350,"Berntorgasse 16, 3600 Thun",fast_food,Coop Take away,46.7602765,7.6271777
4002037350,"Berntorgasse 16, 3600 Thun",parking,n/a,46.7602158,7.6285772
4002037350,"Berntorgasse 16, 3600 Thun",parking,n/a,46.7609387,7.6277653
4002037350,"Berntorgasse 16, 3600 Thun",fast_food,Keb`n`Roll Pizza Haus,46.7606468,7.6298561
4002037350,"Berntorgasse 16, 3600 Thun",cafe,Simplyfine,46.7600016,7.6285309
4002037350,"Berntorgasse 16, 3600 Thun",restaurant,Global Pizza & Kebab Haus,46.7618701,7.6294317
4002037350,"Berntorgasse 16, 3600 Thun",restaurant,Rathaus,46.7595855,7.6279006
4002037350,"Berntorgasse 16, 3600 Thun",restaurant,Aare Terrasse,46.7590198,7.6283683
4002037350,"Berntorgasse 16, 3600 Thun",bar,Atelier,46.7595391,7.6289065
4002037350,"Berntorgasse 16, 3600 Thun",cafe,Simply Fine,46.760123,7.6285323
4002037350,"Berntorgasse 16, 3600 Thun",restaurant,Krone,46.7593056,7.6285645
4002037350,"Berntorgasse 16, 3600 Thun",fast_food,Munzur,46.760807,7.6285679
4002037350,"Berntorgasse 16, 3600 Thun",restaurant,Pronto,46.7607254,7.6287421
4002037350,"Berntorgasse 16, 3600 Thun",fast_food,Cira,46.7609095,7.6285634
4002034028,"Steigstr. 36, 8200 Schaffhausen",bar,Haberhaus,47.6953429,8.6320801
4002034028,"Steigstr. 36, 8200 Schaffhausen",restaurant,Fung Ze Yuan,47.6959798,8.6321366
4002029971,"Bois de la Chapelle 63, 1213 Onex",restaurant,Asmara,46.1903604,6.1037018
4002023503,"Margrethenstrasse 3, 4103 Bottmingen",restaurant,Coop Restaurant,47.5266552,7.5721537
4002017369,"Avenue du Temple 1-3, 1020 Renens VD",restaurant,La Rose Rouge,46.5360463,6.5875965
4002017369,"Avenue du Temple 1-3, 1020 Renens VD",pharmacy,Pharmacie Rose Rouge,46.5361536,6.5877377
4002017369,"Avenue du Temple 1-3, 1020 Renens VD",school,Collège de la croisée,46.535012,6.5897538
4002009966,"Oberer Rheinweg 35, 4058 Basel",restaurant,Brauerei Fischerstube,47.5592957,7.5932323
4002009966,"Oberer Rheinweg 35, 4058 Basel",restaurant,Restaurant zur Linde,47.5593624,7.5931568
4002009966,"Oberer Rheinweg 35, 4058 Basel",pub,8Bar,47.5603488,7.5916665
4002009966,"Oberer Rheinweg 35, 4058 Basel",restaurant,Brauerzunft,47.5604591,7.5917922
4002009966,"Oberer Rheinweg 35, 4058 Basel",bar,Consum,47.5602389,7.5920448
4002009966,"Oberer Rheinweg 35, 4058 Basel",cafe,Pulpo,47.5585241,7.5941531
4002009966,"Oberer Rheinweg 35, 4058 Basel",restaurant,zem alte Schluuch,47.5608684,7.5915059
4002009966,"Oberer Rheinweg 35, 4058 Basel",restaurant,Zum Schmale Wurf,47.5602748,7.5916791
4002009966,"Oberer Rheinweg 35, 4058 Basel",restaurant,RhyWyera,47.561092,7.5905972
4002009966,"Oberer Rheinweg 35, 4058 Basel",pharmacy,Löwenapotheke,47.5609333,7.5917459
4002009966,"Oberer Rheinweg 35, 4058 Basel",restaurant,Ufer7,47.5610452,7.5906378
4002009966,"Oberer Rheinweg 35, 4058 Basel",pharmacy,Saner Apotheke,47.5610331,7.5920108
4002009966,"Oberer Rheinweg 35, 4058 Basel",restaurant,Manora,47.5610983,7.592742
4002009966,"Oberer Rheinweg 35, 4058 Basel",pharmacy,Amavita Rheinbrücke,47.561403,7.5922099
4002009966,"Oberer Rheinweg 35, 4058 Basel",fast_food,Dunkin',47.5613474,7.5921901
4002009966,"Oberer Rheinweg 35, 4058 Basel",restaurant,Du Pont,47.560565,7.5910314
4002009966,"Oberer Rheinweg 35, 4058 Basel",bar,Blaupause,47.5602047,7.5929324
4002009966,"Oberer Rheinweg 35, 4058 Basel",restaurant,Gabri's Pasta,47.5592231,7.5932539
4002009966,"Oberer Rheinweg 35, 4058 Basel",bar,Schall und Rauch Bar,47.5599894,7.5922865
4002009966,"Oberer Rheinweg 35, 4058 Basel",restaurant,Sonne,47.5600427,7.5922305
4001980238,"Im Römerquartier 4A, 4800 Zofingen",restaurant,Chuchi Station,47.2846873,7.9459932
4001980238,"Im Römerquartier 4A, 4800 Zofingen",restaurant,Frohsinn,47.2848545,7.9458774
4001976792,"Centralweg 16, 3013 Bern",restaurant,Du Nord,46.9548055,7.4456326
4001976792,"Centralweg 16, 3013 Bern",fast_food,gio,46.9556624,7.4453265
4001976792,"Centralweg 16, 3013 Bern",restaurant,Brasserie Lorraine,46.9579807,7.445612
4001976792,"Centralweg 16, 3013 Bern",restaurant,La Carbonara,46.9580433,7.4465318
4001976792,"Centralweg 16, 3013 Bern",restaurant,Hof-Bistro,46.957451,7.4467117
4001976792,"Centralweg 16, 3013 Bern",restaurant,Okra,46.9561265,7.4448525
4001976792,"Centralweg 16, 3013 Bern",atm,n/a,46.9554404,7.4471675
4001976792,"Centralweg 16, 3013 Bern",school,denk:mal,46.9567601,7.4454367
4001976792,"Centralweg 16, 3013 Bern",restaurant,Kairo,46.9587028,7.446406
4001976792,"Centralweg 16, 3013 Bern",fast_food,Kings,46.9566121,7.4474637
4001976792,"Centralweg 16, 3013 Bern",pharmacy,TopPharm,46.957984,7.447145
4001976792,"Centralweg 16, 3013 Bern",restaurant,Suban Thai Eatery,46.9583817,7.4471237
4001976792,"Centralweg 16, 3013 Bern",restaurant,mensa Five,46.9558918,7.4447901
4001976792,"Centralweg 16, 3013 Bern",cafe,Lorraine 22,46.9564727,7.4451463
4001976792,"Centralweg 16, 3013 Bern",parking,n/a,46.9568974,7.4451816
4001976792,"Centralweg 16, 3013 Bern",restaurant,Namsan,46.9569927,7.4449947
4001976792,"Centralweg 16, 3013 Bern",restaurant,Glückskeks,46.9569712,7.4450707
4001976792,"Centralweg 16, 3013 Bern",bar,Wartsaal,46.9566332,7.4447528
4001976792,"Centralweg 16, 3013 Bern",parking,n/a,46.956415,7.4432227
4001976792,"Centralweg 16, 3013 Bern",restaurant,mensauno,46.9548532,7.4446136
4001976792,"Centralweg 16, 3013 Bern",parking,n/a,46.9555206,7.4443467
4001976792,"Centralweg 16, 3013 Bern",restaurant,Bistro Breiten,46.9567891,7.4486508
4001976792,"Centralweg 16, 3013 Bern",cafe,Bistro zytlos,46.9571784,7.4467912
4001976792,"Centralweg 16, 3013 Bern",restaurant,WerkStadt Lorraine,46.9563625,7.4451577
4001976792,"Centralweg 16, 3013 Bern",restaurant,Celina,46.955392,7.4470493
4001976792,"Centralweg 16, 3013 Bern",restaurant,Indian Kitchen,46.9576217,7.4445968
4001964147,"Hegenheimerstrasse 47, 4055 Basel",bank,Basler Kantonalbank,47.5618557,7.5744174
4001964147,"Hegenheimerstrasse 47, 4055 Basel",pharmacy,Cityring Apotheke,47.5619188,7.5736716
4001964147,"Hegenheimerstrasse 47, 4055 Basel",restaurant,Al Giardino,47.5623768,7.5735269
4001964147,"Hegenheimerstrasse 47, 4055 Basel",restaurant,Pho Asia Vietnamese Food,47.5614009,7.5743702
4001964147,"Hegenheimerstrasse 47, 4055 Basel",restaurant,Domino's Pizza,47.5615711,7.574275
4001964147,"Hegenheimerstrasse 47, 4055 Basel",restaurant,Milchhüsli,47.561151,7.574944
4001964147,"Hegenheimerstrasse 47, 4055 Basel",university,"Faculty of Psychology, University of Basel",47.5612651,7.5752961
4001964147,"Hegenheimerstrasse 47, 4055 Basel",cafe,Kaffeekanne,47.5603846,7.5715119
4001964147,"Hegenheimerstrasse 47, 4055 Basel",pharmacy,Sonnen-Apotheke,47.5605396,7.5721886
4001964147,"Hegenheimerstrasse 47, 4055 Basel",restaurant,Best Pizza,47.5614046,7.5750079
4001964147,"Hegenheimerstrasse 47, 4055 Basel",cafe,Kaphi,47.5593174,7.5735831
4001963761,"Radarstrasse 7, 3013 Bern",restaurant,Roseto,46.9537549,7.4578977
4001963761,"Radarstrasse 7, 3013 Bern",library,Musikbibliothek,46.955216,7.4602817
4001963761,"Radarstrasse 7, 3013 Bern",restaurant,Treffpunkt,46.9557116,7.4599859
4001962645,"Lörracherstrasse 146, 4125 Riehen",parking,n/a,47.5929037,7.655188
4001962645,"Lörracherstrasse 146, 4125 Riehen",atm,Volksbank,47.5959617,7.6556303
4001961205,"Bachlettenstrasse 47, 4054 Basel",restaurant,Sukhothai,47.5496409,7.5802149
4001961205,"Bachlettenstrasse 47, 4054 Basel",pub,Templum,47.5504714,7.5808569
4001961205,"Bachlettenstrasse 47, 4054 Basel",restaurant,Ristorante La Vela,47.5505454,7.5807065
4001961205,"Bachlettenstrasse 47, 4054 Basel",restaurant,roots,47.550335,7.5811371
4001955020,"Lessingstrasse 9, 8002 Zürich",restaurant,Kai Sushi,47.3598916,8.5239764
4001955020,"Lessingstrasse 9, 8002 Zürich",bar,Sissi Bar & Lounge,47.3590459,8.5230998
4001955020,"Lessingstrasse 9, 8002 Zürich",restaurant,Der Wilde Kaiser,47.3592867,8.5231352
4001955020,"Lessingstrasse 9, 8002 Zürich",restaurant,Leafs Restaurant,47.3595759,8.5247174
4001955020,"Lessingstrasse 9, 8002 Zürich",fast_food,Mama‘s Momos,47.3595325,8.5227472
4001879398,"Bahnhofstrasse 29, 6162 Entlebuch",restaurant,Bahnhöfli,46.9929875,8.0625944
4001858474,"Dorfstrasse 68, 8630 Rüti ZH",atm,Bank Linth,47.2577756,8.8491894
4001858474,"Dorfstrasse 68, 8630 Rüti ZH",restaurant,Al Seda,47.2602363,8.8499769
4001858474,"Dorfstrasse 68, 8630 Rüti ZH",restaurant,Freihof,47.2606077,8.8512817
4001858474,"Dorfstrasse 68, 8630 Rüti ZH",cafe,Café Voland,47.2589937,8.8503832
4001858474,"Dorfstrasse 68, 8630 Rüti ZH",restaurant,Foodoo - Asian Kitchen,47.2599583,8.8518278
4001858474,"Dorfstrasse 68, 8630 Rüti ZH",restaurant,Migros Restaurant,47.2582628,8.8487877
4001858474,"Dorfstrasse 68, 8630 Rüti ZH",restaurant,Löwen,47.2595753,8.8512636
4001858474,"Dorfstrasse 68, 8630 Rüti ZH",restaurant,Klosterhof,47.2595514,8.8493536
4001858474,"Dorfstrasse 68, 8630 Rüti ZH",pharmacy,APODRO Apotheke,47.2585757,8.848725
4001858474,"Dorfstrasse 68, 8630 Rüti ZH",atm,ZKB,47.258933,8.8496866
4001858474,"Dorfstrasse 68, 8630 Rüti ZH",parking,n/a,47.2584965,8.8498157
4001858474,"Dorfstrasse 68, 8630 Rüti ZH",parking,n/a,47.25899,8.8507008
4001858474,"Dorfstrasse 68, 8630 Rüti ZH",restaurant,Shizuka,47.2580604,8.8527523
4001858474,"Dorfstrasse 68, 8630 Rüti ZH",bank,Bank Linth,47.258291,8.8495632
4001858474,"Dorfstrasse 68, 8630 Rüti ZH",restaurant,Buon Appetito Pizzakurier,47.2581749,8.8514037
4001858474,"Dorfstrasse 68, 8630 Rüti ZH",restaurant,Amici miei,47.2584114,8.8509346
4001858474,"Dorfstrasse 68, 8630 Rüti ZH",restaurant,Seoul Kitchen & BBQ,47.258703,8.84887
4001858474,"Dorfstrasse 68, 8630 Rüti ZH",fast_food,Akgül,47.2585366,8.8498811
4001858474,"Dorfstrasse 68, 8630 Rüti ZH",parking,n/a,47.2574578,8.8508299
4001858474,"Dorfstrasse 68, 8630 Rüti ZH",cafe,XOKÓ,47.2588463,8.8498571
4001858474,"Dorfstrasse 68, 8630 Rüti ZH",bank,Bank Avera,47.258797,8.851074
4001858474,"Dorfstrasse 68, 8630 Rüti ZH",fast_food,Foodoo,47.2601885,8.8517689
4001858474,"Dorfstrasse 68, 8630 Rüti ZH",school,Privatschule 9plus,47.2603859,8.8497878
4001858474,"Dorfstrasse 68, 8630 Rüti ZH",restaurant,Märtegge,47.2586305,8.8491639
4001858474,"Dorfstrasse 68, 8630 Rüti ZH",fast_food,BBQ Sushi Momo,47.2587631,8.8477967
4001858474,"Dorfstrasse 68, 8630 Rüti ZH",fast_food,Blue,47.2587814,8.8478678
4001858474,"Dorfstrasse 68, 8630 Rüti ZH",fast_food,Al Massimo,47.2588493,8.8480518
4001858474,"Dorfstrasse 68, 8630 Rüti ZH",cafe,Café Rüti,47.2600844,8.8521308
4001858368,"Neuhardstrasse 11, 4600 Olten",pub,sichtbar,47.3489229,7.9119337
4001858368,"Neuhardstrasse 11, 4600 Olten",pub,NachBar,47.3483278,7.9106145
4001858368,"Neuhardstrasse 11, 4600 Olten",cafe,Rodeo,47.3486712,7.910801
4001858368,"Neuhardstrasse 11, 4600 Olten",fast_food,n/a,47.348583,7.9088048
4001858368,"Neuhardstrasse 11, 4600 Olten",cafe,Arcafé,47.3486013,7.908461
4001858368,"Neuhardstrasse 11, 4600 Olten",restaurant,C.R.E. Las Palmeras,47.3484945,7.9096633
4001858368,"Neuhardstrasse 11, 4600 Olten",school,Berufsbildungszentrum Olten,47.3479823,7.9099393
4001858368,"Neuhardstrasse 11, 4600 Olten",pharmacy,Saner Apotheke,47.3486797,7.9111482
4001858368,"Neuhardstrasse 11, 4600 Olten",parking,Neuhard,47.3504343,7.9101743
4001858368,"Neuhardstrasse 11, 4600 Olten",atm,n/a,47.3487372,7.9112053
4001858368,"Neuhardstrasse 11, 4600 Olten",atm,n/a,47.3489203,7.911645
4001858368,"Neuhardstrasse 11, 4600 Olten",pub,Cloud 7,47.3490731,7.9113022
4001858368,"Neuhardstrasse 11, 4600 Olten",restaurant,La Vita,47.3491718,7.9103379
4001858368,"Neuhardstrasse 11, 4600 Olten",restaurant,Shanghai,47.3495044,7.9100101
4001858368,"Neuhardstrasse 11, 4600 Olten",fast_food,Oltner Pizza-Haus/Kurier,47.3497286,7.9096934
4001858368,"Neuhardstrasse 11, 4600 Olten",restaurant,Flügelrad,47.3508791,7.9083176
4001858368,"Neuhardstrasse 11, 4600 Olten",fast_food,BifangImbiss,47.3489679,7.9123489
4001858368,"Neuhardstrasse 11, 4600 Olten",parking,n/a,47.348588,7.9109912
4001858368,"Neuhardstrasse 11, 4600 Olten",bar,Galicia,47.349502,7.9088633
4001858368,"Neuhardstrasse 11, 4600 Olten",fast_food,Tütüs Pizza Express,47.3484888,7.9098487
4001858368,"Neuhardstrasse 11, 4600 Olten",restaurant,pi – smart food,47.3507933,7.9082995
4001858368,"Neuhardstrasse 11, 4600 Olten",library,Hochschulbibliothek FHNW Olten,47.3477905,7.9080478
4001858368,"Neuhardstrasse 11, 4600 Olten",fast_food,Multipoint,47.3484327,7.9105569
4001858368,"Neuhardstrasse 11, 4600 Olten",fast_food,Subway,47.3486933,7.9106203
4001858368,"Neuhardstrasse 11, 4600 Olten",cafe,Le Figaro,47.3490541,7.9106885
4001858314,"Dorfstrasse 66, 8630 Rüti ZH",bus_station,"Rüti, Bahnhof",47.2601519,8.8548585
4001858314,"Dorfstrasse 66, 8630 Rüti ZH",bank,Zürcher Kantonalbank,47.2593135,8.855339
4001858314,"Dorfstrasse 66, 8630 Rüti ZH",fast_food,Big Daddy,47.2602337,8.8540598
4001858314,"Dorfstrasse 66, 8630 Rüti ZH",fast_food,3Men's Kebab,47.2603892,8.8536298
4001858314,"Dorfstrasse 66, 8630 Rüti ZH",atm,n/a,47.2593411,8.8552679
4001858314,"Dorfstrasse 66, 8630 Rüti ZH",parking,n/a,47.259354,8.8547552
4001858314,"Dorfstrasse 66, 8630 Rüti ZH",fast_food,Maroni,47.2602517,8.8546358
4001858314,"Dorfstrasse 66, 8630 Rüti ZH",parking,n/a,47.2603371,8.8557751
4001858314,"Dorfstrasse 66, 8630 Rüti ZH",restaurant,Grill Bistro Bar,47.2603215,8.8538043
4001858314,"Dorfstrasse 66, 8630 Rüti ZH",parking,n/a,47.2591832,8.8575401
4001858314,"Dorfstrasse 66, 8630 Rüti ZH",parking,n/a,47.2600613,8.8542439
4001858314,"Dorfstrasse 66, 8630 Rüti ZH",parking,n/a,47.2575072,8.8566656
4001858314,"Dorfstrasse 66, 8630 Rüti ZH",atm,Postfinance,47.2604541,8.854048
4001858314,"Dorfstrasse 66, 8630 Rüti ZH",cafe,Vivazzo,47.2601184,8.8534674
4001858314,"Dorfstrasse 66, 8630 Rüti ZH",clinic,Praxis am Bahnhof,47.2601863,8.8531577
4001858314,"Dorfstrasse 66, 8630 Rüti ZH",atm,UBS,47.2606287,8.8532141
4001856669,"Dorfstrasse 68, 8630 Rüti ZH",bus_station,"Rüti, Bahnhof",47.2601519,8.8548585
4001856669,"Dorfstrasse 68, 8630 Rüti ZH",bank,Zürcher Kantonalbank,47.2593135,8.855339
4001856669,"Dorfstrasse 68, 8630 Rüti ZH",fast_food,Big Daddy,47.2602337,8.8540598
4001856669,"Dorfstrasse 68, 8630 Rüti ZH",fast_food,3Men's Kebab,47.2603892,8.8536298
4001856669,"Dorfstrasse 68, 8630 Rüti ZH",atm,n/a,47.2593411,8.8552679
4001856669,"Dorfstrasse 68, 8630 Rüti ZH",parking,n/a,47.259354,8.8547552
4001856669,"Dorfstrasse 68, 8630 Rüti ZH",fast_food,Maroni,47.2602517,8.8546358
4001856669,"Dorfstrasse 68, 8630 Rüti ZH",parking,n/a,47.2603371,8.8557751
4001856669,"Dorfstrasse 68, 8630 Rüti ZH",restaurant,Grill Bistro Bar,47.2603215,8.8538043
4001856669,"Dorfstrasse 68, 8630 Rüti ZH",parking,n/a,47.2591832,8.8575401
4001856669,"Dorfstrasse 68, 8630 Rüti ZH",parking,n/a,47.2600613,8.8542439
4001856669,"Dorfstrasse 68, 8630 Rüti ZH",parking,n/a,47.2575072,8.8566656
4001856669,"Dorfstrasse 68, 8630 Rüti ZH",atm,Postfinance,47.2604541,8.854048
4001856669,"Dorfstrasse 68, 8630 Rüti ZH",cafe,Vivazzo,47.2601184,8.8534674
4001856669,"Dorfstrasse 68, 8630 Rüti ZH",clinic,Praxis am Bahnhof,47.2601863,8.8531577
4001856669,"Dorfstrasse 68, 8630 Rüti ZH",atm,UBS,47.2606287,8.8532141
4001852654,"Klingentalgraben 37, 4057 Basel",restaurant,Parterre One,47.5637639,7.591176
4001852654,"Klingentalgraben 37, 4057 Basel",pharmacy,Klybeck Apotheke,47.5656841,7.591063
4001852654,"Klingentalgraben 37, 4057 Basel",cafe,Didi Bar,47.5656436,7.5934442
4001852654,"Klingentalgraben 37, 4057 Basel",cafe,Saint Tropez,47.5651584,7.5940531
4001852654,"Klingentalgraben 37, 4057 Basel",cafe,Clara,47.5644905,7.592551
4001852654,"Klingentalgraben 37, 4057 Basel",restaurant,Klybeck Casino,47.5644661,7.5916896
4001852654,"Klingentalgraben 37, 4057 Basel",restaurant,Lauch,47.5632537,7.592183
4001852654,"Klingentalgraben 37, 4057 Basel",restaurant,Bon Gout,47.566215,7.5913795
4001852654,"Klingentalgraben 37, 4057 Basel",restaurant,Taste of Mykonos,47.5660236,7.5909437
4001852654,"Klingentalgraben 37, 4057 Basel",bar,Alpenblick,47.5659372,7.5909695
4001852654,"Klingentalgraben 37, 4057 Basel",bar,EG Lounge,47.5636906,7.5910618
4001852654,"Klingentalgraben 37, 4057 Basel",bar,Henry's,47.5627057,7.5912762
4001852654,"Klingentalgraben 37, 4057 Basel",bar,KABAR,47.5636143,7.5908456
4001852654,"Klingentalgraben 37, 4057 Basel",fast_food,Lu,47.5662885,7.5918563
4001852654,"Klingentalgraben 37, 4057 Basel",fast_food,Vegitat,47.5656938,7.5913352
4001852654,"Klingentalgraben 37, 4057 Basel",bar,Friends Bar,47.5663064,7.5907055
4001852654,"Klingentalgraben 37, 4057 Basel",restaurant,Valentino's Place,47.5658489,7.590881
4001852654,"Klingentalgraben 37, 4057 Basel",bar,Flore,47.5648065,7.5912772
4001852654,"Klingentalgraben 37, 4057 Basel",cafe,Internetcafé Planet13,47.56559,7.5913444
4001852654,"Klingentalgraben 37, 4057 Basel",bar,RENÉE,47.5625934,7.5914003
4001852654,"Klingentalgraben 37, 4057 Basel",bar,Grotto,47.5621814,7.5917655
4001852654,"Klingentalgraben 37, 4057 Basel",bar,Muusfalle,47.5621534,7.5916868
4001852654,"Klingentalgraben 37, 4057 Basel",bar,Captain Cook Bar,47.562287,7.5914878
4001852654,"Klingentalgraben 37, 4057 Basel",atm,Bity Crypto ATM,47.5627511,7.5923442
4001852654,"Klingentalgraben 37, 4057 Basel",pharmacy,Greifen Apotheke,47.5621355,7.5930825
4001852654,"Klingentalgraben 37, 4057 Basel",atm,n/a,47.5661075,7.5909485
4001852654,"Klingentalgraben 37, 4057 Basel",restaurant,Globâle,47.562871,7.5937258
4001852654,"Klingentalgraben 37, 4057 Basel",cafe,Whisky Bar,47.5647535,7.592706
4001852654,"Klingentalgraben 37, 4057 Basel",restaurant,Concordia,47.5655363,7.5920557
4001852654,"Klingentalgraben 37, 4057 Basel",fast_food,Star Grill,47.5627955,7.5919442
4001852654,"Klingentalgraben 37, 4057 Basel",restaurant,Chanthaburi,47.56648,7.5916548
4001852654,"Klingentalgraben 37, 4057 Basel",fast_food,Sultan Saray,47.5664562,7.5914046
4001852654,"Klingentalgraben 37, 4057 Basel",bar,Ta Cave,47.5624283,7.5909908
4001852654,"Klingentalgraben 37, 4057 Basel",parking,Clarahuus,47.5622393,7.5921052
4001852654,"Klingentalgraben 37, 4057 Basel",restaurant,PaSiWo,47.5633469,7.5921254
4001852654,"Klingentalgraben 37, 4057 Basel",cafe,Finkmüller,47.5658557,7.5912746
4001852654,"Klingentalgraben 37, 4057 Basel",restaurant,Empanadas,47.5629072,7.5918759
4001852654,"Klingentalgraben 37, 4057 Basel",fast_food,The Siam Delicious,47.5662091,7.5912098
4001852654,"Klingentalgraben 37, 4057 Basel",restaurant,walther bistrobar,47.5629813,7.5890317
4001852654,"Klingentalgraben 37, 4057 Basel",fast_food,Lu,47.5663068,7.5918813
4001852654,"Klingentalgraben 37, 4057 Basel",restaurant,Chanthabury,47.566474,7.5916367
4001836989,"Niederdorfstrasse 37, 8001 Zürich",parking,Parkhaus Urania,47.3740506,8.5410752
4001836989,"Niederdorfstrasse 37, 8001 Zürich",fast_food,1001,47.3728579,8.5438241
4001836989,"Niederdorfstrasse 37, 8001 Zürich",restaurant,Café Zähringer,47.3735998,8.5447955
4001836989,"Niederdorfstrasse 37, 8001 Zürich",bar,KWEER,47.3735537,8.5446241
4001836989,"Niederdorfstrasse 37, 8001 Zürich",cafe,Starbucks,47.3765801,8.5441952
4001836989,"Niederdorfstrasse 37, 8001 Zürich",pub,Gräbli-Bar,47.3755965,8.5441089
4001836989,"Niederdorfstrasse 37, 8001 Zürich",fast_food,Dieci Take-Away,47.3745243,8.5439506
4001836989,"Niederdorfstrasse 37, 8001 Zürich",restaurant,Rheinfelder Bierhalle,47.3759081,8.5441559
4001836989,"Niederdorfstrasse 37, 8001 Zürich",pub,Kontiki,47.3738276,8.5437708
4001836989,"Niederdorfstrasse 37, 8001 Zürich",fast_food,Burger King,47.3740829,8.5438491
4001836989,"Niederdorfstrasse 37, 8001 Zürich",restaurant,Johanniter,47.3757513,8.5441431
4001836989,"Niederdorfstrasse 37, 8001 Zürich",restaurant,Bierhalle Wolf,47.3758264,8.543866
4001836989,"Niederdorfstrasse 37, 8001 Zürich",bar,Wystube Isebähnli,47.3731637,8.5448384
4001836989,"Niederdorfstrasse 37, 8001 Zürich",restaurant,Weinstube 1923,47.3764199,8.5441261
4001836989,"Niederdorfstrasse 37, 8001 Zürich",cafe,Schurter,47.3763302,8.5440373
4001836989,"Niederdorfstrasse 37, 8001 Zürich",restaurant,La Pasta,47.3760133,8.5441095
4001836989,"Niederdorfstrasse 37, 8001 Zürich",fast_food,Chopstick express,47.3760644,8.5440933
4001836989,"Niederdorfstrasse 37, 8001 Zürich",fast_food,Central Geylan Kebap Haus,47.3759873,8.5439456
4001836989,"Niederdorfstrasse 37, 8001 Zürich",restaurant,Pizzeria Da Raffaele,47.375826,8.5441268
4001836989,"Niederdorfstrasse 37, 8001 Zürich",restaurant,N-68,47.3756656,8.5441177
4001836989,"Niederdorfstrasse 37, 8001 Zürich",pub,5. Akt,47.3754942,8.544079
4001836989,"Niederdorfstrasse 37, 8001 Zürich",restaurant,Rank,47.3754161,8.5440085
4001836989,"Niederdorfstrasse 37, 8001 Zürich",restaurant,Rank,47.3753537,8.5439974
4001836989,"Niederdorfstrasse 37, 8001 Zürich",fast_food,1001 Take Away,47.3753239,8.5438222
4001836989,"Niederdorfstrasse 37, 8001 Zürich",pub,Big Ben Pub,47.3751577,8.5439328
4001836989,"Niederdorfstrasse 37, 8001 Zürich",restaurant,Tasca Romero,47.3748977,8.5437335
4001836989,"Niederdorfstrasse 37, 8001 Zürich",pub,Cana Bar,47.374669,8.5439064
4001836989,"Niederdorfstrasse 37, 8001 Zürich",restaurant,Osteria Borgo,47.3746589,8.5437374
4001836989,"Niederdorfstrasse 37, 8001 Zürich",fast_food,Long Wai,47.3739626,8.5434685
4001836989,"Niederdorfstrasse 37, 8001 Zürich",pub,Züri Bar,47.3739069,8.543775
4001836989,"Niederdorfstrasse 37, 8001 Zürich",pub,Hotel Schäfli,47.3738072,8.5433593
4001836989,"Niederdorfstrasse 37, 8001 Zürich",restaurant,Steakhouse Old Town,47.3736974,8.5436412
4001836989,"Niederdorfstrasse 37, 8001 Zürich",restaurant,Vallocaia,47.3734874,8.5436348
4001836989,"Niederdorfstrasse 37, 8001 Zürich",restaurant,Brasserie Louis,47.3730001,8.5438598
4001836989,"Niederdorfstrasse 37, 8001 Zürich",fast_food,Louis Take Away,47.372907,8.543858
4001836989,"Niederdorfstrasse 37, 8001 Zürich",restaurant,Spaghetti Factory,47.3729061,8.5436598
4001836989,"Niederdorfstrasse 37, 8001 Zürich",restaurant,Trattoria Sempre,47.3729877,8.5436586
4001836989,"Niederdorfstrasse 37, 8001 Zürich",restaurant,Corazón,47.3734574,8.5449046
4001836989,"Niederdorfstrasse 37, 8001 Zürich",parking,n/a,47.374536,8.5409973
4001836989,"Niederdorfstrasse 37, 8001 Zürich",pub,DoubleU Bar,47.3737813,8.5434837
4001836989,"Niederdorfstrasse 37, 8001 Zürich",cafe,Marea,47.3745643,8.5432628
4001836989,"Niederdorfstrasse 37, 8001 Zürich",atm,Zürcher Kantonalbank,47.3752342,8.5434539
4001836989,"Niederdorfstrasse 37, 8001 Zürich",cafe,Grande,47.3753724,8.543539
4001836989,"Niederdorfstrasse 37, 8001 Zürich",bar,Grande Cafe & Bar,47.3754177,8.543598
4001836989,"Niederdorfstrasse 37, 8001 Zürich",pub,Cha Cha Cha,47.3746906,8.5434991
4001836989,"Niederdorfstrasse 37, 8001 Zürich",restaurant,Zhong Hua,47.3752173,8.5447395
4001836989,"Niederdorfstrasse 37, 8001 Zürich",restaurant,Wien Zeile,47.3740356,8.544474
4001836989,"Niederdorfstrasse 37, 8001 Zürich",bar,Predigerhof,47.3742828,8.5444638
4001836989,"Niederdorfstrasse 37, 8001 Zürich",restaurant,Bianchi,47.3735273,8.5430124
4001836989,"Niederdorfstrasse 37, 8001 Zürich",restaurant,Weinschenke,47.3734009,8.5434614
4001836989,"Niederdorfstrasse 37, 8001 Zürich",restaurant,Simon's Steakhouse,47.3733831,8.5436343
4001836989,"Niederdorfstrasse 37, 8001 Zürich",cafe,Colibri,47.3733914,8.5440513
4001836989,"Niederdorfstrasse 37, 8001 Zürich",bar,six,47.3731387,8.5431629
4001836989,"Niederdorfstrasse 37, 8001 Zürich",bar,Regenbogen,47.3731353,8.5432846
4001836989,"Niederdorfstrasse 37, 8001 Zürich",restaurant,Madrid,47.3731853,8.5446831
4001836989,"Niederdorfstrasse 37, 8001 Zürich",bar,01bar,47.373723,8.5430379
4001836989,"Niederdorfstrasse 37, 8001 Zürich",bank,Crédit Agricole,47.3733722,8.542991
4001836989,"Niederdorfstrasse 37, 8001 Zürich",restaurant,toscano,47.374778,8.543543
4001836989,"Niederdorfstrasse 37, 8001 Zürich",cafe,By Ey's,47.3746904,8.5433961
4001836989,"Niederdorfstrasse 37, 8001 Zürich",restaurant,friskfisk.ch,47.3745675,8.543731
4001836989,"Niederdorfstrasse 37, 8001 Zürich",bar,Alexis Bar,47.3746263,8.5439159
4001836989,"Niederdorfstrasse 37, 8001 Zürich",restaurant,Walliser Keller,47.3749804,8.5445108
4001836989,"Niederdorfstrasse 37, 8001 Zürich",bar,Fumoir,47.3755152,8.5441638
4001836989,"Niederdorfstrasse 37, 8001 Zürich",bar,Safari Bar,47.3755066,8.5444788
4001836989,"Niederdorfstrasse 37, 8001 Zürich",bar,Kame-Haus,47.3744425,8.544563
4001836989,"Niederdorfstrasse 37, 8001 Zürich",restaurant,Dumpling Delights,47.3745297,8.5447817
4001836989,"Niederdorfstrasse 37, 8001 Zürich",restaurant,Raclette Stube,47.3747617,8.5447832
4001836989,"Niederdorfstrasse 37, 8001 Zürich",fast_food,Holy Cow!,47.3754711,8.5447223
4001836989,"Niederdorfstrasse 37, 8001 Zürich",restaurant,Suan Long,47.3752069,8.5437776
4001836989,"Niederdorfstrasse 37, 8001 Zürich",cafe,Soul,47.3741289,8.5432109
4001836989,"Niederdorfstrasse 37, 8001 Zürich",restaurant,Timeout,47.3753582,8.5457947
4001836989,"Niederdorfstrasse 37, 8001 Zürich",bar,Ebrietas,47.3758907,8.544458
4001836989,"Niederdorfstrasse 37, 8001 Zürich",cafe,franzos,47.3761481,8.5438868
4001836989,"Niederdorfstrasse 37, 8001 Zürich",cafe,Marktlücke,47.3736741,8.5419108
4001836989,"Niederdorfstrasse 37, 8001 Zürich",bar,Tina Bar,47.3729812,8.543859
4001836989,"Niederdorfstrasse 37, 8001 Zürich",library,Pestalozzi-Bibliothek Altstadt,47.3747055,8.544504
4001836989,"Niederdorfstrasse 37, 8001 Zürich",cafe,Bistro der Zentralbibliothek Zürich,47.3742804,8.5457372
4001836989,"Niederdorfstrasse 37, 8001 Zürich",bar,Lobby-Bar Hotel Rütli,47.3762011,8.5444271
4001836989,"Niederdorfstrasse 37, 8001 Zürich",bank,Zürcher Kantonalbank,47.3752501,8.5435096
4001836989,"Niederdorfstrasse 37, 8001 Zürich",restaurant,Rising Sun,47.3741048,8.5441158
4001836989,"Niederdorfstrasse 37, 8001 Zürich",clinic,Zentrum für Reisemedizin,47.3758735,8.5454394
4001836989,"Niederdorfstrasse 37, 8001 Zürich",restaurant,Restaurant Swiss Chuchi,47.3731521,8.5436419
4001836989,"Niederdorfstrasse 37, 8001 Zürich",fast_food,Zürich Fried Chicken,47.375049,8.543749
4001836989,"Niederdorfstrasse 37, 8001 Zürich",library,Zentralbibliothek Zürich,47.3746199,8.5453866
4001836989,"Niederdorfstrasse 37, 8001 Zürich",atm,Bankomat,47.3753926,8.5438615
4001836989,"Niederdorfstrasse 37, 8001 Zürich",restaurant,MyVi's,47.3746758,8.5435796
4001836989,"Niederdorfstrasse 37, 8001 Zürich",clinic,Poliklinik Lifeline,47.3756202,8.5451124
4001836989,"Niederdorfstrasse 37, 8001 Zürich",restaurant,Chopstick,47.3760514,8.5438763
4001836989,"Niederdorfstrasse 37, 8001 Zürich",fast_food,Pizza Nation,47.3732637,8.5431155
4001836989,"Niederdorfstrasse 37, 8001 Zürich",cafe,Café Yucca,47.374934,8.5451911
4001836989,"Niederdorfstrasse 37, 8001 Zürich",fast_food,Swing Kitchen,47.3757559,8.543855
4001836989,"Niederdorfstrasse 37, 8001 Zürich",restaurant,Casco Viejo,47.3732378,8.5434215
4001836989,"Niederdorfstrasse 37, 8001 Zürich",cafe,n/a,47.3732166,8.5442343
4001836989,"Niederdorfstrasse 37, 8001 Zürich",restaurant,barfüsser,47.3735325,8.5440118
4001836989,"Niederdorfstrasse 37, 8001 Zürich",cafe,Al Paso,47.3735122,8.5445074
4001836989,"Niederdorfstrasse 37, 8001 Zürich",bar,Robin's coffee,47.3757594,8.5444649
4001836989,"Niederdorfstrasse 37, 8001 Zürich",fast_food,Goodys,47.3743866,8.5434963
4001836989,"Niederdorfstrasse 37, 8001 Zürich",restaurant,Amigos Tapas,47.37359,8.5441354
4001836989,"Niederdorfstrasse 37, 8001 Zürich",restaurant,The South Indian,47.3741439,8.5441292
4001809267,"Madretschstrasse 72, 2503 Bienne",cafe,Delta Bar,47.1363248,7.2569862
4001809267,"Madretschstrasse 72, 2503 Bienne",fast_food,Bravo Pizza,47.1343076,7.255173
4001809267,"Madretschstrasse 72, 2503 Bienne",parking,n/a,47.1329241,7.2567841
4001809267,"Madretschstrasse 72, 2503 Bienne",parking,n/a,47.1337612,7.2568258
4001809267,"Madretschstrasse 72, 2503 Bienne",parking,n/a,47.1337863,7.2559719
4001809267,"Madretschstrasse 72, 2503 Bienne",parking,n/a,47.133918,7.2541349
4001809267,"Madretschstrasse 72, 2503 Bienne",school,École primaire Madretsch - Primarschule Madretsch,47.1352806,7.2560845
4001809267,"Madretschstrasse 72, 2503 Bienne",restaurant,Ristorante Pizzeria da Piano,47.1349092,7.2560281
4001809267,"Madretschstrasse 72, 2503 Bienne",restaurant,Sonne,47.1363899,7.2574994
4001809267,"Madretschstrasse 72, 2503 Bienne",school,n/a,47.1359236,7.2538884
4001809267,"Madretschstrasse 72, 2503 Bienne",restaurant,Cheminée,47.1365979,7.2558212
4001786521,"Missionsstrasse 21D, 4055 Basel",library,Archiv der Basler Mission/mission 21,47.5590725,7.5780005
4001786521,"Missionsstrasse 21D, 4055 Basel",cafe,Café Simpel,47.559948,7.5771821
4001786521,"Missionsstrasse 21D, 4055 Basel",restaurant,Ayledo,47.5591356,7.5780844
4001761552,"Amerbachstrasse 66, 4057 Basel",restaurant,Restaurant Zum Wilde Maa,47.5679494,7.595093
4001761552,"Amerbachstrasse 66, 4057 Basel",restaurant,Firenze,47.5692427,7.5944428
4001761552,"Amerbachstrasse 66, 4057 Basel",pub,Kiki Bar,47.5692456,7.5941997
4001761552,"Amerbachstrasse 66, 4057 Basel",restaurant,Cloves,47.5692033,7.5913551
4001761552,"Amerbachstrasse 66, 4057 Basel",cafe,Senat Maki's,47.5692456,7.5938822
4001761552,"Amerbachstrasse 66, 4057 Basel",restaurant,Pizzeria Breisacherhof,47.5698877,7.5916214
4001761552,"Amerbachstrasse 66, 4057 Basel",restaurant,Brombi,47.5705197,7.5962519
4001761552,"Amerbachstrasse 66, 4057 Basel",pub,Sport Pub Milan,47.5689609,7.5948146
4001761552,"Amerbachstrasse 66, 4057 Basel",cafe,Café Siesta,47.5690053,7.5965148
4001761552,"Amerbachstrasse 66, 4057 Basel",restaurant,Rössli,47.5700863,7.596641
4001761552,"Amerbachstrasse 66, 4057 Basel",bar,Nordbar,47.5704484,7.5955243
4001761552,"Amerbachstrasse 66, 4057 Basel",restaurant,Che que lomo,47.5705566,7.594893
4001761552,"Amerbachstrasse 66, 4057 Basel",restaurant,Habesha,47.5701487,7.596197
4001761552,"Amerbachstrasse 66, 4057 Basel",cafe,Gemeinsam Café,47.5698858,7.5910258
4001761552,"Amerbachstrasse 66, 4057 Basel",pharmacy,Matthäus Apotheke,47.5688536,7.5965248
4001761552,"Amerbachstrasse 66, 4057 Basel",restaurant,Avant-Gouz,47.5677168,7.5948728
4001761552,"Amerbachstrasse 66, 4057 Basel",pharmacy,Hammer Apotheke,47.567587,7.5952345
4001761552,"Amerbachstrasse 66, 4057 Basel",bar,pusat cafe bar,47.5678995,7.5948047
4001761552,"Amerbachstrasse 66, 4057 Basel",restaurant,Savanna,47.5692168,7.5912968
4001761552,"Amerbachstrasse 66, 4057 Basel",fast_food,Detto Pronto,47.5705037,7.5952502
4001668529,"Via Sasso Corbaro 19, 6593 Cadenazzo",pharmacy,Pharmacia Centrale,46.1517314,8.9461626
4001668529,"Via Sasso Corbaro 19, 6593 Cadenazzo",bank,Raiffeisen,46.1518588,8.9452132
4001668529,"Via Sasso Corbaro 19, 6593 Cadenazzo",pub,Leilo Bar,46.1516511,8.9458343
4001668529,"Via Sasso Corbaro 19, 6593 Cadenazzo",restaurant,Pizzeria Bar CLUB,46.1507227,8.9431726
4001495431,"Mattenstrasse 81, 2503 Biel",cafe,Delta Bar,47.1363248,7.2569862
4001495431,"Mattenstrasse 81, 2503 Biel",school,École primaire Madretsch - Primarschule Madretsch,47.1352806,7.2560845
4001495431,"Mattenstrasse 81, 2503 Biel",restaurant,Sonne,47.1363899,7.2574994
4001495431,"Mattenstrasse 81, 2503 Biel",school,n/a,47.1359236,7.2538884
4001495431,"Mattenstrasse 81, 2503 Biel",cafe,Charlotte's,47.1381969,7.2540341
4001495431,"Mattenstrasse 81, 2503 Biel",library,Bibliothèque interculturelle LibriMondo,47.1363395,7.2520459
4001495431,"Mattenstrasse 81, 2503 Biel",restaurant,Cheminée,47.1365979,7.2558212
4001495422,"Alleestrasse 7, 2503 Biel",fast_food,Bravo Pizza,47.1343076,7.255173
4001495422,"Alleestrasse 7, 2503 Biel",parking,n/a,47.1337863,7.2559719
4001495422,"Alleestrasse 7, 2503 Biel",parking,n/a,47.133918,7.2541349
4001495422,"Alleestrasse 7, 2503 Biel",school,École primaire Madretsch - Primarschule Madretsch,47.1352806,7.2560845
4001495422,"Alleestrasse 7, 2503 Biel",restaurant,Ristorante Pizzeria da Piano,47.1349092,7.2560281
4001495422,"Alleestrasse 7, 2503 Biel",school,n/a,47.1359236,7.2538884
4001495422,"Alleestrasse 7, 2503 Biel",library,Bibliothèque interculturelle LibriMondo,47.1363395,7.2520459
4002081715,"Zürcherstrasse 15, 8852 Altendorf",restaurant,Landgasthof Rose,47.1925307,8.8303375
4002081715,"Zürcherstrasse 15, 8852 Altendorf",cafe,Bäckerei Knobel,47.1924103,8.8309053
4002081715,"Zürcherstrasse 15, 8852 Altendorf",restaurant,Gasthof Schwanen,47.1921715,8.8301893
4002081715,"Zürcherstrasse 15, 8852 Altendorf",restaurant,Kreuz Bar,47.1926361,8.8298969
4002081715,"Zürcherstrasse 15, 8852 Altendorf",library,Bibliothek Altendorf,47.1914911,8.8300972
4002081715,"Zürcherstrasse 15, 8852 Altendorf",bank,Bank Linth,47.1926716,8.8297208
4002079590,"Hiltystrasse 25, 3006 Bern",pharmacy,Egghölzli Apotheke,46.936465,7.4752822
4002079584,"Rebacker 13, 8905 Arni",school,Primarschule Arni,47.3193073,8.4189424
4002079584,"Rebacker 13, 8905 Arni",library,Bibliothek Arni,47.3191609,8.4184838
4002078048,"Turnerstrasse 18, 8006 Zürich",cafe,Sorell Rex,47.3847859,8.5431484
4002078048,"Turnerstrasse 18, 8006 Zürich",restaurant,Zam Dapor,47.3857107,8.5420014
4002078048,"Turnerstrasse 18, 8006 Zürich",cafe,Klara‘s Kitchen,47.3827596,8.5437443
4002078048,"Turnerstrasse 18, 8006 Zürich",school,Stiftung m.a.c. – Sonderpädagogische Schule,47.3854719,8.5419658
4002078048,"Turnerstrasse 18, 8006 Zürich",school,Schule Talenta Zürich,47.3858578,8.5418353
4002078048,"Turnerstrasse 18, 8006 Zürich",restaurant,Mesa Madrid,47.3833749,8.5431961
4002077719,"Engerainhalde 10, 3613 Steffisburg",restaurant,Pizzeria da Mamma,46.779065,7.6118807
4002074918,"Promenada 35b, 7018 Flims",fast_food,Anatolia Kebab,46.8279058,9.2882545
4002074918,"Promenada 35b, 7018 Flims",restaurant,cappuccino,46.826994,9.2887343
4002074918,"Promenada 35b, 7018 Flims",parking,n/a,46.828933,9.2872599
4002074918,"Promenada 35b, 7018 Flims",cafe,Bistro Kaufmannfrauen,46.8284206,9.2885681
4002074918,"Promenada 35b, 7018 Flims",restaurant,Pomodoro,46.8281277,9.287759
4002074918,"Promenada 35b, 7018 Flims",restaurant,il forno,46.826256,9.2884755
4002074918,"Promenada 35b, 7018 Flims",restaurant,Vivaldi,46.8260564,9.2883522
4002074918,"Promenada 35b, 7018 Flims",bar,Segens,46.8282694,9.2877646
4002074913,"Laubisrütistrasse 53, 8712 Stäfa",parking,n/a,47.2384282,8.7455883
4002074913,"Laubisrütistrasse 53, 8712 Stäfa",cafe,Maison Truffe,47.2380375,8.74799
4002074480,"Oberwilerstrasse 27, 4106 Therwil",restaurant,Trattoria Antichi Sapori,47.4995355,7.5545861
4002074480,"Oberwilerstrasse 27, 4106 Therwil",pharmacy,Dorf Drogerie,47.4994697,7.5551167
4002074480,"Oberwilerstrasse 27, 4106 Therwil",pub,Wunder Bar,47.4993501,7.5530192
4002074480,"Oberwilerstrasse 27, 4106 Therwil",cafe,KAFFI-BAR Träumli,47.4994975,7.5547914
4002073985,"Herbstweg 77, 8050 Zürich",parking,n/a,47.4064312,8.5603832
4002073985,"Herbstweg 77, 8050 Zürich",parking,n/a,47.4068525,8.5606713
4002073696,"Kirchweg 3, 5622 Waltenschwil",parking,n/a,47.3332731,8.3012122
4002073696,"Kirchweg 3, 5622 Waltenschwil",bank,Raiffeisen,47.3341726,8.300905
4002073696,"Kirchweg 3, 5622 Waltenschwil",restaurant,Volare,47.3350844,8.3034041
4002073696,"Kirchweg 3, 5622 Waltenschwil",atm,Raiffeisen,47.3342326,8.3008324
4002073617,"Dorfstrasse 51, 8192 Glattfelden",atm,n/a,47.5590777,8.501287
4002073617,"Dorfstrasse 51, 8192 Glattfelden",parking,Rest. Traube,47.5574057,8.5000845
4002073307,4202 Duggingen,restaurant,zum Sternen,47.4529368,7.6050954
4002072656,"Chastli 40, 8718 Schänis",parking,n/a,47.1635172,9.0543551
4002072569,"Kruft 6, 9425 Thal",parking,n/a,47.4657739,9.5734581
4002072569,"Kruft 6, 9425 Thal",restaurant,Löwen,47.4663406,9.5730317
4002072569,"Kruft 6, 9425 Thal",school,Schulhaus Bild,47.4649688,9.5704508
4002072569,"Kruft 6, 9425 Thal",parking,n/a,47.4652013,9.5721586
4002072547,"Dorfstrasse 1, 8934 Knonau",library,Bibliothek Knonau,47.2241879,8.4622272
4002072378,"Neubadstrasse 149, 4054 Basel",restaurant,Gasthof Neubad,47.5451433,7.5636794
4002072378,"Neubadstrasse 149, 4054 Basel",bank,UBS,47.5466512,7.5645224
4002072378,"Neubadstrasse 149, 4054 Basel",bank,Basler Kantonalbank,47.5471251,7.5651173
4002072378,"Neubadstrasse 149, 4054 Basel",cafe,Café Bar Mélange,47.5467954,7.565239
4002072378,"Neubadstrasse 149, 4054 Basel",pharmacy,Neubad-Apotheke,47.5471864,7.5647596
4002072378,"Neubadstrasse 149, 4054 Basel",cafe,Sutter Begg,47.547317,7.56516
4002072378,"Neubadstrasse 149, 4054 Basel",atm,n/a,47.5461951,7.564392
4002072378,"Neubadstrasse 149, 4054 Basel",cafe,Smilla,47.546341,7.5626751
4002072378,"Neubadstrasse 149, 4054 Basel",restaurant,pico,47.546335,7.5644729
4002071726,"Lombardeiweg 12, 3904 Naters",bank,Raiffeisen,46.3251982,7.9900339
4002071726,"Lombardeiweg 12, 3904 Naters",pharmacy,Dorf Apotheke,46.3254118,7.989906
4002071726,"Lombardeiweg 12, 3904 Naters",restaurant,Belalp,46.3256101,7.9895552
4002071726,"Lombardeiweg 12, 3904 Naters",restaurant,Cafe Aletsch,46.3260195,7.9922012
4002071726,"Lombardeiweg 12, 3904 Naters",restaurant,Cafe Naters,46.3253473,7.9891382
4002071726,"Lombardeiweg 12, 3904 Naters",restaurant,Cafe zur Post,46.3253362,7.9889842
4002071726,"Lombardeiweg 12, 3904 Naters",library,Bibliothek Naters,46.325023,7.9879363
4002071726,"Lombardeiweg 12, 3904 Naters",restaurant,Kelchbach,46.3253005,7.9899236
4002071726,"Lombardeiweg 12, 3904 Naters",bar,Luxor,46.3253253,7.9899034
4002071726,"Lombardeiweg 12, 3904 Naters",restaurant,Ornavasso,46.3252126,7.9882098
4002071726,"Lombardeiweg 12, 3904 Naters",restaurant,Trächa,46.32561,7.9907829
4002071726,"Lombardeiweg 12, 3904 Naters",school,Primarschule Naters,46.3266274,7.9869167
4002071702,"Dorfstrasse 45, 5436 Würenlos",school,n/a,47.442674,8.3666918
4002071702,"Dorfstrasse 45, 5436 Würenlos",parking,n/a,47.4427819,8.3629939
4002071702,"Dorfstrasse 45, 5436 Würenlos",pharmacy,Ländli Apotheke,47.4414649,8.3649841
4002071702,"Dorfstrasse 45, 5436 Würenlos",bank,Raiffeisenbank Würenlos,47.4415298,8.3648033
4002071702,"Dorfstrasse 45, 5436 Würenlos",atm,n/a,47.4426962,8.3626817
4002071702,"Dorfstrasse 45, 5436 Würenlos",restaurant,Pizzeria Blume,47.4437746,8.3643562
4002071702,"Dorfstrasse 45, 5436 Würenlos",restaurant,Gasthof Rössli,47.442498,8.3631515
4002071702,"Dorfstrasse 45, 5436 Würenlos",restaurant,Alpenrösli,47.4429303,8.3656875
4002071702,"Dorfstrasse 45, 5436 Würenlos",cafe,n/a,47.4420816,8.3646725
4002071320,"Roswiesenstrasse 122, 8051 Zürich",school,RgZ Heilpädagogische Schule Zürich,47.4049412,8.5761297
4002071305,"Lindhaldenstrasse 120, 3076 Worb",cafe,wäbui Bistro,46.928127,7.5773253
4002070235,8008 Zürich,restaurant,Brasserie Seefeld,47.3526098,8.5591926
4002070235,8008 Zürich,cafe,Kornsilo,47.3517143,8.560923
4002070235,8008 Zürich,clinic,Onkozentrum Zürich Seefeld,47.3529907,8.5586867
4002070235,8008 Zürich,bar,Blaue Ente,47.3517875,8.5611622
4002070235,8008 Zürich,restaurant,Blaue Ente,47.3519503,8.5611316
4002069772,"Kurvenstrasse 13, 8006 Zürich",restaurant,Drei Stuben,47.3832538,8.5416447
4002069772,"Kurvenstrasse 13, 8006 Zürich",restaurant,Pizzeria Veneziana,47.383118,8.5413332
4002069772,"Kurvenstrasse 13, 8006 Zürich",cafe,Sorell Rex,47.3847859,8.5431484
4002069772,"Kurvenstrasse 13, 8006 Zürich",restaurant,Zam Dapor,47.3857107,8.5420014
4002069772,"Kurvenstrasse 13, 8006 Zürich",fast_food,Curry Corner,47.3833287,8.541864
4002069772,"Kurvenstrasse 13, 8006 Zürich",school,Stiftung m.a.c. – Sonderpädagogische Schule,47.3854719,8.5419658
4002069772,"Kurvenstrasse 13, 8006 Zürich",school,Dayschool Beckenhof,47.3834916,8.5413134
4002069772,"Kurvenstrasse 13, 8006 Zürich",school,Schule Talenta Zürich,47.3858578,8.5418353
4002069772,"Kurvenstrasse 13, 8006 Zürich",restaurant,Mesa Madrid,47.3833749,8.5431961
4002069772,"Kurvenstrasse 13, 8006 Zürich",restaurant,Bimbi's Take Away,47.3825112,8.5414846
4002068897,"Stückelbergstrasse 4, 9000 St. Gallen",parking,n/a,47.4160182,9.3553586
4002066394,"Fischerhäuserstrasse 7, 8200 Schaffhausen",restaurant,Güterhof,47.6955227,8.6412581
4002066394,"Fischerhäuserstrasse 7, 8200 Schaffhausen",restaurant,Little Italy,47.6958151,8.6405621
4002066394,"Fischerhäuserstrasse 7, 8200 Schaffhausen",restaurant,Casanova,47.6956995,8.6397655
4002066394,"Fischerhäuserstrasse 7, 8200 Schaffhausen",restaurant,Romana,47.6958656,8.6395698
4002066394,"Fischerhäuserstrasse 7, 8200 Schaffhausen",pharmacy,Unterstadt-Apotheke & Post,47.6957809,8.6403009
4002066394,"Fischerhäuserstrasse 7, 8200 Schaffhausen",cafe,Gelateria El Bertin,47.695748,8.6396928
4002066394,"Fischerhäuserstrasse 7, 8200 Schaffhausen",bus_station,Rhyfallexpress zum Rheinfall,47.6955651,8.6408977
4002066394,"Fischerhäuserstrasse 7, 8200 Schaffhausen",cafe,n/a,47.6953794,8.6445429
4002066394,"Fischerhäuserstrasse 7, 8200 Schaffhausen",atm,Postfinance,47.6955032,8.6403454
4002066394,"Fischerhäuserstrasse 7, 8200 Schaffhausen",bar,Meier's Pool,47.6954432,8.6398764
4002066394,"Fischerhäuserstrasse 7, 8200 Schaffhausen",fast_food,Sababa Food,47.6955864,8.6398566
4002066394,"Fischerhäuserstrasse 7, 8200 Schaffhausen",cafe,station16,47.6958349,8.6396749
4002066394,"Fischerhäuserstrasse 7, 8200 Schaffhausen",cafe,Café am Rheinquai,47.6953761,8.6423408
4002066349,"Bergstrasse 10, 8735 St. Gallenkappel",restaurant,Restaurant Waldegg,47.2432362,8.9596027
4002066349,"Bergstrasse 10, 8735 St. Gallenkappel",parking,n/a,47.2438373,8.9600836
4002064906,"Bahnhofplatz 1, 8802 Kilchberg",bank,Bank Thalwil,47.3233567,8.5487892
4002064906,"Bahnhofplatz 1, 8802 Kilchberg",atm,Zürcher Kantonalbank,47.3242612,8.5480919
4002064906,"Bahnhofplatz 1, 8802 Kilchberg",pharmacy,Bahnhof-Apotheke,47.3241085,8.5484968
4002064906,"Bahnhofplatz 1, 8802 Kilchberg",cafe,Kafi Känzig,47.3235876,8.5486712
4002064906,"Bahnhofplatz 1, 8802 Kilchberg",clinic,Dr. med. Annemarie Koch-Holch & Dr. med. James Koch,47.3244424,8.5480809
4002064689,"Frohsinnweg 3, 6314 Unterägeri",restaurant,La Corona,47.1374908,8.5846995
4002064689,"Frohsinnweg 3, 6314 Unterägeri",restaurant,Lindenhof,47.1359193,8.5849028
4002064689,"Frohsinnweg 3, 6314 Unterägeri",library,Bibliothek Ägerital,47.1375098,8.5833274
4002064689,"Frohsinnweg 3, 6314 Unterägeri",cafe,Zumbach,47.1374223,8.5853139
4002064689,"Frohsinnweg 3, 6314 Unterägeri",restaurant,Ägerihof,47.1371525,8.5844143
4002064689,"Frohsinnweg 3, 6314 Unterägeri",cafe,Dorf Café,47.1371463,8.5842447
4002064689,"Frohsinnweg 3, 6314 Unterägeri",fast_food,Ägeri Kebap Haus,47.1370128,8.5838258
4002064689,"Frohsinnweg 3, 6314 Unterägeri",bar,Downtown Lorze Bar,47.1369384,8.5830603
4002064689,"Frohsinnweg 3, 6314 Unterägeri",cafe,Cafe Brändle,47.1374536,8.5817191
4002064689,"Frohsinnweg 3, 6314 Unterägeri",pub,JugendPub,47.1369688,8.5846982
4002064689,"Frohsinnweg 3, 6314 Unterägeri",restaurant,Peking Ente,47.1371025,8.5840763
4002064689,"Frohsinnweg 3, 6314 Unterägeri",restaurant,Chilli House,47.1373527,8.5832241
4002064689,"Frohsinnweg 3, 6314 Unterägeri",restaurant,Pizzeria Ägeri Post,47.1374053,8.5826942
4002064689,"Frohsinnweg 3, 6314 Unterägeri",parking,n/a,47.1371888,8.5846487
4002064689,"Frohsinnweg 3, 6314 Unterägeri",cafe,Ägeri Eis,47.1372203,8.5839862
4002064402,"Baarerstrasse 125, 6300 Zug",cafe,niente,47.1804722,8.5187853
4002064402,"Baarerstrasse 125, 6300 Zug",restaurant,Lokal97,47.178342,8.5180983
4002064402,"Baarerstrasse 125, 6300 Zug",restaurant,Aki,47.1813528,8.5189609
4002064402,"Baarerstrasse 125, 6300 Zug",fast_food,Orient Box,47.1795867,8.518861
4002059733,"Engelwiese 5, 8913 Ottenbach",restaurant,Restaurant Othli,47.2805087,8.4041036
4002059733,"Engelwiese 5, 8913 Ottenbach",restaurant,Catia's Restaurant Funk,47.2807029,8.4031391
4002059733,"Engelwiese 5, 8913 Ottenbach",library,Bibliothek Ottenbach,47.2806068,8.4046804
4002059501,"Route de la Feuillère 23, 1010 Lausanne",parking,Feuillère,46.5360575,6.6508244
4002059501,"Route de la Feuillère 23, 1010 Lausanne",parking,n/a,46.5371222,6.6509116
4002059469,"Via alle Vigne 8, 6963 Lugano",pharmacy,Farmacia Bozzoreda,46.0221584,8.9665371
4002059469,"Via alle Vigne 8, 6963 Lugano",restaurant,La Civetta,46.0203932,8.9651438
4002059469,"Via alle Vigne 8, 6963 Lugano",restaurant,La locanda di Emilio,46.0199938,8.9686227
4002059469,"Via alle Vigne 8, 6963 Lugano",clinic,Clinica Viarnetto,46.0199735,8.9652586
4002059469,"Via alle Vigne 8, 6963 Lugano",fast_food,Kebab da zio,46.0208922,8.9655194
4002059469,"Via alle Vigne 8, 6963 Lugano",pharmacy,Farmacia Contrada dei Patrizi,46.0212865,8.9663781
4002059462,"Naphtastrasse 10, 8005 Zürich",bank,Zürcher Kantonalbank,47.3859984,8.5174066
4002059462,"Naphtastrasse 10, 8005 Zürich",bar,Clouds,47.3860207,8.5171884
4002059462,"Naphtastrasse 10, 8005 Zürich",bar,Hotel Rivington & Sons,47.3862839,8.5174558
4002059462,"Naphtastrasse 10, 8005 Zürich",restaurant,Equinox,47.3880703,8.5141661
4002059462,"Naphtastrasse 10, 8005 Zürich",bar,Lucid,47.3880868,8.5144267
4002059462,"Naphtastrasse 10, 8005 Zürich",cafe,Steiner,47.3875211,8.5147311
4002059462,"Naphtastrasse 10, 8005 Zürich",atm,Zürcher Kantonalbank,47.3860553,8.5174367
4002059462,"Naphtastrasse 10, 8005 Zürich",school,Schule Pfingstweid,47.3875218,8.5157604
4002059462,"Naphtastrasse 10, 8005 Zürich",restaurant,EY Restaurant Platform,47.3859677,8.5161972
4002059462,"Naphtastrasse 10, 8005 Zürich",fast_food,Marronistand,47.3858981,8.51772
4002059462,"Naphtastrasse 10, 8005 Zürich",atm,Postfinance,47.3882664,8.514877
4002059462,"Naphtastrasse 10, 8005 Zürich",cafe,Starbucks,47.3876483,8.5174879
4002059462,"Naphtastrasse 10, 8005 Zürich",restaurant,Clouds,47.3860799,8.5171898
4002059462,"Naphtastrasse 10, 8005 Zürich",bar,Mäx Club,47.3867082,8.5171685
4002059462,"Naphtastrasse 10, 8005 Zürich",restaurant,roots,47.3873149,8.5171254
4002059462,"Naphtastrasse 10, 8005 Zürich",bar,k2,47.3865085,8.5164968
4002059462,"Naphtastrasse 10, 8005 Zürich",restaurant,Ooki Temporary,47.3863109,8.5169496
4002059045,"Dorfstrasse 22, 8906 Bonstetten",restaurant,Bäckerei-Café Betschart,47.3153841,8.4682427
4002059045,"Dorfstrasse 22, 8906 Bonstetten",restaurant,Restaurant Linde,47.3147558,8.4690237
4002058754,"Via Consiglio Mezzano 40, 6644 Orselina",clinic,Clinica Fondazione Varini,46.1775397,8.799939
4002055053,"Im Schachenhof 21A, 8906 Bonstetten",atm,Zürcher Kantonalbank,47.3257507,8.4725945
4002055053,"Im Schachenhof 21A, 8906 Bonstetten",fast_food,Bangkok Take Away,47.3277316,8.4702596
4002054431,"Route de Sion 81, 3960 Sierre",parking,n/a,46.2842403,7.5161854
4002054430,"Isenbachweg 8, 8906 Bonstetten",restaurant,Bäckerei-Café Betschart,47.3153841,8.4682427
4002054430,"Isenbachweg 8, 8906 Bonstetten",restaurant,Restaurant Linde,47.3147558,8.4690237
4002052099,"Via Ponte Vecchio 6, 6807 Taverne",parking,n/a,46.0646194,8.9333466
4002052099,"Via Ponte Vecchio 6, 6807 Taverne",restaurant,Motto del Gallo,46.0641059,8.9293976
4002051978,"Hürststrasse 60, 8046 Zürich",parking,n/a,47.4129099,8.5261707
4002051765,"Gartenstrasse 2a, 8910 Affoltern am Albis",pub,roots,47.2770365,8.4510941
4002051765,"Gartenstrasse 2a, 8910 Affoltern am Albis",cafe,Café Casino,47.2771225,8.4504906
4002051765,"Gartenstrasse 2a, 8910 Affoltern am Albis",parking,n/a,47.2767568,8.4513424
4002051765,"Gartenstrasse 2a, 8910 Affoltern am Albis",bank,Credit Suisse,47.2762189,8.4509401
4002051765,"Gartenstrasse 2a, 8910 Affoltern am Albis",cafe,Momenti di Dolcezza,47.2765251,8.451965
4002051765,"Gartenstrasse 2a, 8910 Affoltern am Albis",restaurant,Albis Treff,47.276728,8.4516379
4002051568,"Chemin Du Devin 47c, 1012 Lausanne",parking,n/a,46.5312086,6.6517861
4002051568,"Chemin Du Devin 47c, 1012 Lausanne",parking,n/a,46.531182,6.6518164
4002051568,"Chemin Du Devin 47c, 1012 Lausanne",parking,n/a,46.5311032,6.6519281
4002051568,"Chemin Du Devin 47c, 1012 Lausanne",parking,n/a,46.5314019,6.6524828
4002051568,"Chemin Du Devin 47c, 1012 Lausanne",parking,n/a,46.5316027,6.652361
4002051405,"Rue du Petit-St-Jean 5, 1003 Lausanne",bank,Banque Migros,46.5201679,6.6309046
4002051405,"Rue du Petit-St-Jean 5, 1003 Lausanne",bank,UBS,46.5194671,6.632358
4002051405,"Rue du Petit-St-Jean 5, 1003 Lausanne",pub,Les Brasseurs,46.5205975,6.6325842
4002051405,"Rue du Petit-St-Jean 5, 1003 Lausanne",cafe,Starbucks,46.5199123,6.6326487
4002051405,"Rue du Petit-St-Jean 5, 1003 Lausanne",pub,Café Romand,46.5198881,6.6324949
4002051405,"Rue du Petit-St-Jean 5, 1003 Lausanne",pub,Le Central,46.5207642,6.6320286
4002051405,"Rue du Petit-St-Jean 5, 1003 Lausanne",bank,UBS,46.5199023,6.6320854
4002051405,"Rue du Petit-St-Jean 5, 1003 Lausanne",restaurant,Café de l'Hotel de Ville,46.5222269,6.6323076
4002051405,"Rue du Petit-St-Jean 5, 1003 Lausanne",cafe,Loxton,46.5210346,6.6333454
4002051405,"Rue du Petit-St-Jean 5, 1003 Lausanne",atm,n/a,46.5209637,6.6326629
4002051405,"Rue du Petit-St-Jean 5, 1003 Lausanne",restaurant,Crêperie la Chandeleur,46.5215978,6.6347858
4002051405,"Rue du Petit-St-Jean 5, 1003 Lausanne",restaurant,Café du Grütli,46.5217909,6.6335811
4002051405,"Rue du Petit-St-Jean 5, 1003 Lausanne",restaurant,Laxmi,46.5219686,6.6336577
4002051405,"Rue du Petit-St-Jean 5, 1003 Lausanne",restaurant,Le cinq,46.5209843,6.6329685
4002051405,"Rue du Petit-St-Jean 5, 1003 Lausanne",restaurant,Aux Trois Tonneaux,46.5215882,6.6311846
4002051405,"Rue du Petit-St-Jean 5, 1003 Lausanne",restaurant,Café des Artisans,46.5207479,6.6343606
4002051405,"Rue du Petit-St-Jean 5, 1003 Lausanne",restaurant,Eat Me,46.520243,6.632309
4002051405,"Rue du Petit-St-Jean 5, 1003 Lausanne",restaurant,Le P'tit Central,46.520896,6.6330015
4002051405,"Rue du Petit-St-Jean 5, 1003 Lausanne",restaurant,Le Raisin,46.5219557,6.6330517
4002051405,"Rue du Petit-St-Jean 5, 1003 Lausanne",atm,n/a,46.5203363,6.6303649
4002051405,"Rue du Petit-St-Jean 5, 1003 Lausanne",atm,n/a,46.5200715,6.6302927
4002051405,"Rue du Petit-St-Jean 5, 1003 Lausanne",restaurant,Café de Paris,46.5200454,6.6330999
4002051405,"Rue du Petit-St-Jean 5, 1003 Lausanne",pharmacy,Pharmacie internationale Golaz,46.5200729,6.6333252
4002051405,"Rue du Petit-St-Jean 5, 1003 Lausanne",restaurant,Le Saint-François,46.519998,6.6330732
4002051405,"Rue du Petit-St-Jean 5, 1003 Lausanne",fast_food,Bosphore,46.5218743,6.6320375
4002051405,"Rue du Petit-St-Jean 5, 1003 Lausanne",cafe,R Cha,46.5214858,6.6320717
4002051405,"Rue du Petit-St-Jean 5, 1003 Lausanne",pub,Mc Carthy's,46.5213697,6.6323014
4002051405,"Rue du Petit-St-Jean 5, 1003 Lausanne",fast_food,Ma-jong,46.5199743,6.6311589
4002051405,"Rue du Petit-St-Jean 5, 1003 Lausanne",fast_food,Sushi Zen,46.5202703,6.6305491
4002051405,"Rue du Petit-St-Jean 5, 1003 Lausanne",bar,abc,46.5209699,6.6311501
4002051405,"Rue du Petit-St-Jean 5, 1003 Lausanne",fast_food,Le Levant to go,46.5208863,6.6310887
4002051405,"Rue du Petit-St-Jean 5, 1003 Lausanne",restaurant,Bar Tapas,46.5204497,6.6350251
4002051405,"Rue du Petit-St-Jean 5, 1003 Lausanne",cafe,Kony Bubble Tea Taïwan,46.5200076,6.6307372
4002051405,"Rue du Petit-St-Jean 5, 1003 Lausanne",cafe,Café du Pont,46.5211155,6.6329693
4002051405,"Rue du Petit-St-Jean 5, 1003 Lausanne",pharmacy,Metro Flon Pharmacie,46.5202985,6.630288
4002051405,"Rue du Petit-St-Jean 5, 1003 Lausanne",cafe,Chez Elle,46.520518,6.6335598
4002051405,"Rue du Petit-St-Jean 5, 1003 Lausanne",atm,n/a,46.5203299,6.6304119
4002051405,"Rue du Petit-St-Jean 5, 1003 Lausanne",restaurant,Pz pizza,46.5212465,6.6318007
4002051405,"Rue du Petit-St-Jean 5, 1003 Lausanne",restaurant,Atelier des Gourmands,46.5215555,6.6342187
4002051405,"Rue du Petit-St-Jean 5, 1003 Lausanne",bar,On va où?,46.5206413,6.6354897
4002051405,"Rue du Petit-St-Jean 5, 1003 Lausanne",bar,Le Perroquet,46.52072,6.6347906
4002051405,"Rue du Petit-St-Jean 5, 1003 Lausanne",restaurant,Chinatown,46.5212252,6.6321118
4002051405,"Rue du Petit-St-Jean 5, 1003 Lausanne",bar,Ōmi,46.521208,6.6321479
4002051405,"Rue du Petit-St-Jean 5, 1003 Lausanne",atm,n/a,46.5203119,6.6305484
4002051405,"Rue du Petit-St-Jean 5, 1003 Lausanne",bar,MadHouse,46.520291,6.6301185
4002051405,"Rue du Petit-St-Jean 5, 1003 Lausanne",restaurant,L'arrosoir,46.5210646,6.634921
4002051405,"Rue du Petit-St-Jean 5, 1003 Lausanne",fast_food,Prince d'Egypte,46.5210841,6.6346874
4002051405,"Rue du Petit-St-Jean 5, 1003 Lausanne",cafe,Café Louve,46.5212683,6.6323482
4002051405,"Rue du Petit-St-Jean 5, 1003 Lausanne",cafe,Bluebird Café,46.521051,6.6356043
4002051405,"Rue du Petit-St-Jean 5, 1003 Lausanne",atm,BCV,46.5200327,6.6338575
4002051405,"Rue du Petit-St-Jean 5, 1003 Lausanne",atm,BCV,46.5200227,6.6338368
4002051405,"Rue du Petit-St-Jean 5, 1003 Lausanne",fast_food,Five Guys,46.5197538,6.6319236
4002051405,"Rue du Petit-St-Jean 5, 1003 Lausanne",pub,Café des philosophes,46.5212754,6.6325327
4002051405,"Rue du Petit-St-Jean 5, 1003 Lausanne",restaurant,Mizūmiy - Japan super food,46.5214227,6.6306248
4002051405,"Rue du Petit-St-Jean 5, 1003 Lausanne",pub,Lausanne Cocktail Club,46.5200811,6.6323819
4002051405,"Rue du Petit-St-Jean 5, 1003 Lausanne",fast_food,Yum mamia,46.522201,6.6319742
4002051405,"Rue du Petit-St-Jean 5, 1003 Lausanne",fast_food,Luncheonette,46.5213378,6.6314968
4002051405,"Rue du Petit-St-Jean 5, 1003 Lausanne",restaurant,Mexicana,46.5207131,6.6321157
4002051405,"Rue du Petit-St-Jean 5, 1003 Lausanne",fast_food,Brezelkönig,46.5200451,6.6303695
4002051405,"Rue du Petit-St-Jean 5, 1003 Lausanne",pharmacy,Amavita,46.5217094,6.6333945
4002051405,"Rue du Petit-St-Jean 5, 1003 Lausanne",restaurant,La Siesta,46.5216734,6.6310251
4002051405,"Rue du Petit-St-Jean 5, 1003 Lausanne",bar,Le Cali,46.5199259,6.6315929
4002051405,"Rue du Petit-St-Jean 5, 1003 Lausanne",fast_food,Fresco,46.521137,6.631085
4002051405,"Rue du Petit-St-Jean 5, 1003 Lausanne",fast_food,My sandwiches,46.5211167,6.6311226
4002051405,"Rue du Petit-St-Jean 5, 1003 Lausanne",restaurant,Le Fraisier,46.52166,6.6315787
4002051405,"Rue du Petit-St-Jean 5, 1003 Lausanne",restaurant,Tropicana,46.5199293,6.6325707
4002051405,"Rue du Petit-St-Jean 5, 1003 Lausanne",restaurant,L'Echo,46.5204048,6.6345589
4002051405,"Rue du Petit-St-Jean 5, 1003 Lausanne",restaurant,Black Luna,46.520368,6.6299406
4002051405,"Rue du Petit-St-Jean 5, 1003 Lausanne",fast_food,Haiku x Smache,46.5206014,6.635168
4002051405,"Rue du Petit-St-Jean 5, 1003 Lausanne",bar,Loxton,46.5211838,6.63331
4002051405,"Rue du Petit-St-Jean 5, 1003 Lausanne",fast_food,Bibibowl,46.5218195,6.6313348
4002050786,"Martinsbergstrasse 32, 5400 Baden",bar,Milchbar,47.4799252,8.3006304
4002050199,"Quai du Seujet 14, 1201 Genève",parking,Parking du Seujet,46.2045325,6.1346785
4002050199,"Quai du Seujet 14, 1201 Genève",school,École du Seujet,46.2057173,6.1374756
4002050199,"Quai du Seujet 14, 1201 Genève",bank,L’EFG Bank,46.2048991,6.1349585
4002050199,"Quai du Seujet 14, 1201 Genève",restaurant,Rodeo Grill,46.2053648,6.1354272
4002050199,"Quai du Seujet 14, 1201 Genève",cafe,L'Quai,46.2054465,6.1356915
4002050199,"Quai du Seujet 14, 1201 Genève",restaurant,L'Etna,46.2052587,6.1353911
4002049785,"Hofwiesenweg 5, 8405 Winterthur",parking,n/a,47.4852927,8.7562722
4002049785,"Hofwiesenweg 5, 8405 Winterthur",parking,n/a,47.4859684,8.7555791
4002049785,"Hofwiesenweg 5, 8405 Winterthur",restaurant,Restaurant Kafi Burehus,47.4866133,8.7594559
4002049471,"Frankengasse 25, 8001 Zürich",restaurant,Karl der Grosse,47.3697813,8.5445846
4002049471,"Frankengasse 25, 8001 Zürich",restaurant,Haus zum Rüden,47.3708573,8.5432024
4002049471,"Frankengasse 25, 8001 Zürich",restaurant,Mère Catherine,47.3708655,8.543806
4002049471,"Frankengasse 25, 8001 Zürich",pub,BarMünster,47.3716752,8.5438869
4002049471,"Frankengasse 25, 8001 Zürich",cafe,Café & Conditorei 1842,47.3714893,8.5443699
4002049471,"Frankengasse 25, 8001 Zürich",cafe,Andorra,47.3712636,8.5443044
4002049471,"Frankengasse 25, 8001 Zürich",restaurant,Bodega Española,47.3712211,8.5441611
4002049471,"Frankengasse 25, 8001 Zürich",restaurant,Cucina,47.370856,8.5445409
4002049471,"Frankengasse 25, 8001 Zürich",restaurant,Le Dézaley Restaurant Vaudois,47.3705962,8.5438655
4002049471,"Frankengasse 25, 8001 Zürich",restaurant,Style Thai,47.3710755,8.5433622
4002049471,"Frankengasse 25, 8001 Zürich",bar,Aelpli Bar,47.3713868,8.5435505
4002049471,"Frankengasse 25, 8001 Zürich",restaurant,Zunfthaus zur Zimmerleuten,47.3706365,8.5432314
4002049471,"Frankengasse 25, 8001 Zürich",cafe,Mico,47.3713703,8.5442202
4002049471,"Frankengasse 25, 8001 Zürich",cafe,teecafé Schwarzenbach,47.3713375,8.5440363
4002049471,"Frankengasse 25, 8001 Zürich",restaurant,Negishi Sushi Bar,47.3708593,8.5434759
4002049471,"Frankengasse 25, 8001 Zürich",bar,Le Philosophe,47.3708011,8.5437753
4002049471,"Frankengasse 25, 8001 Zürich",cafe,Jalla Caffè,47.3710862,8.5431087
4002049471,"Frankengasse 25, 8001 Zürich",restaurant,Hirschli,47.3708839,8.5463951
4002049471,"Frankengasse 25, 8001 Zürich",bank,Rahn+Bodmer,47.3706607,8.5445713
4002049471,"Frankengasse 25, 8001 Zürich",restaurant,roots,47.3709497,8.5445043
4002047744,"Rue de Lyon 61bis, 1203 Genève",school,École de Geisendorf central,46.2099354,6.1307899
4002047744,"Rue de Lyon 61bis, 1203 Genève",restaurant,La Limite,46.2064678,6.1301205
4002047744,"Rue de Lyon 61bis, 1203 Genève",pharmacy,Pharmacie de la Dôle,46.2074676,6.130493
4002047744,"Rue de Lyon 61bis, 1203 Genève",restaurant,Mr. Pal,46.208272,6.1286696
4002047744,"Rue de Lyon 61bis, 1203 Genève",pharmacy,Pharmacie Populaire Charmilles,46.2081577,6.1274194
4002047744,"Rue de Lyon 61bis, 1203 Genève",cafe,Le Mérit,46.2089663,6.1325307
4002047744,"Rue de Lyon 61bis, 1203 Genève",restaurant,Bella Vita,46.2086113,6.1317972
4002047744,"Rue de Lyon 61bis, 1203 Genève",restaurant,Fujiyama Restaurant,46.2087403,6.1336793
4002047744,"Rue de Lyon 61bis, 1203 Genève",bar,Poolmania Super Bock,46.2085491,6.133344
4002047744,"Rue de Lyon 61bis, 1203 Genève",restaurant,La Gazelle d'Or (Restaurant Erythréen),46.2086127,6.1330424
4002047744,"Rue de Lyon 61bis, 1203 Genève",pharmacy,Pharmacie de l'Île verte,46.2086008,6.1313716
4002047744,"Rue de Lyon 61bis, 1203 Genève",cafe,Entre Nous,46.2073067,6.1299849
4002047744,"Rue de Lyon 61bis, 1203 Genève",school,ortra santé social,46.2068311,6.1301644
4002047744,"Rue de Lyon 61bis, 1203 Genève",restaurant,Café de Charmilles,46.2076878,6.1276386
4002047744,"Rue de Lyon 61bis, 1203 Genève",cafe,Mel's thai,46.2085849,6.1314479
4002047744,"Rue de Lyon 61bis, 1203 Genève",school,École de Geisendorf Faller,46.2106528,6.1299644
4002047744,"Rue de Lyon 61bis, 1203 Genève",school,École de la Poterie,46.2098473,6.1318956
4002047744,"Rue de Lyon 61bis, 1203 Genève",fast_food,Silver Kebab,46.2082421,6.1278904
4002046383,"Hochstrasse 307, 8200 Schaffhausen",restaurant,"Sandlöchli, TTM Gastro",47.716743,8.6481386
4002044163,"Feldeckstrasse 13, 2502 Biel/Bienne",fast_food,Borgia,47.1464835,7.2550439
4002044163,"Feldeckstrasse 13, 2502 Biel/Bienne",restaurant,Sotto Sopra,47.1466758,7.2547438
4002044163,"Feldeckstrasse 13, 2502 Biel/Bienne",restaurant,Culinary Artists,47.1476732,7.2569878
4002039929,"Zur Stahlgiesserei 5, 8200 Schaffhausen",restaurant,Khawa,47.7037097,8.6304461
4002039929,"Zur Stahlgiesserei 5, 8200 Schaffhausen",bar,Nachbar,47.7037001,8.6300309
4002038841,"Niesenstrasse 9, 3700 Spiez",restaurant,Spiezer pizza express take away,46.6899976,7.6748776
4002038841,"Niesenstrasse 9, 3700 Spiez",restaurant,Mia Osteria & Pizzeria,46.6899858,7.6746199
4002038373,"Flühstrasse 15, 4114 Hofstetten SO",school,Primarschule Hofstetten,47.4769957,7.5161601
4002036023,"Haldenweidstrasse 6, 8309 Nürensdorf",parking,n/a,47.458482,8.6341967
4002034708,"Zürichstrasse 10A, 8340 Hinwil",atm,Zürcher Kantonalbank,47.3016519,8.8432967
4002034708,"Zürichstrasse 10A, 8340 Hinwil",restaurant,Freihof,47.3020449,8.8433849
4002034708,"Zürichstrasse 10A, 8340 Hinwil",parking,ZKB,47.3014527,8.8433224
4002034708,"Zürichstrasse 10A, 8340 Hinwil",restaurant,Gasthof Hirschen,47.3024373,8.8435305
4002034708,"Zürichstrasse 10A, 8340 Hinwil",restaurant,Vecchia Posta,47.3024368,8.843914
4002034708,"Zürichstrasse 10A, 8340 Hinwil",restaurant,Pizzeria Zentrum,47.3008134,8.8427708
4002034708,"Zürichstrasse 10A, 8340 Hinwil",pharmacy,TopPharm,47.3032289,8.8408128
4002034708,"Zürichstrasse 10A, 8340 Hinwil",parking,n/a,47.302182,8.8418703
4002034708,"Zürichstrasse 10A, 8340 Hinwil",bank,Zürcher Kantonalbank,47.3015951,8.8432143
4002034708,"Zürichstrasse 10A, 8340 Hinwil",fast_food,Mek Döner,47.302854,8.8419795
4002034708,"Zürichstrasse 10A, 8340 Hinwil",pharmacy,APODRO Apotheke,47.3008387,8.8429643
4002034708,"Zürichstrasse 10A, 8340 Hinwil",cafe,Bistro Dolci Bottega,47.3006866,8.844416
4002034708,"Zürichstrasse 10A, 8340 Hinwil",bar,Wattä Chäller,47.3028873,8.8424465
4002034708,"Zürichstrasse 10A, 8340 Hinwil",parking,n/a,47.3021518,8.844524
4002034708,"Zürichstrasse 10A, 8340 Hinwil",parking,n/a,47.3029644,8.8399198
4002034708,"Zürichstrasse 10A, 8340 Hinwil",parking,n/a,47.3011105,8.8430572
4002031456,"Ch. de la Milice 9, 1228 Plan-les-Ouates",parking,n/a,46.168722,6.1214581
4002031456,"Ch. de la Milice 9, 1228 Plan-les-Ouates",pharmacy,Feelgood's,46.1689554,6.1211233
4002026606,"Via Bellavista 1, 6949 Comano",parking,Prospò,46.0370919,8.9545595
4002024874,"Im Feldacher 22, 8320 Fehraltorf",pub,Zeppelin Pub,47.3851651,8.7586502
4002024874,"Im Feldacher 22, 8320 Fehraltorf",restaurant,ZEPP Restaurant Bar Lounge,47.3851019,8.7587691
4002024738,"Viale 1814 11, 6512 Bellinzona",restaurant,Millefiori,46.173616,9.0060268
4002024738,"Viale 1814 11, 6512 Bellinzona",parking,Via San Giobbe,46.1728407,9.0085824
4002024738,"Viale 1814 11, 6512 Bellinzona",parking,Del Moro,46.1724901,9.0093427
4002024738,"Viale 1814 11, 6512 Bellinzona",cafe,Country Boy,46.1725454,9.0096622
4002024738,"Viale 1814 11, 6512 Bellinzona",restaurant,Ristorante & Pizzeria San Giobbe,46.1725308,9.0084598
4002023569,"Im Chratz 2, 8158 Regensberg",restaurant,Gasthof Kurt,47.4823699,8.4366244
4002023569,"Im Chratz 2, 8158 Regensberg",restaurant,Krone,47.482692,8.4390169
4002023569,"Im Chratz 2, 8158 Regensberg",cafe,Inlinea,47.4823555,8.4371167
4002023036,"Schuetzenweg 24, 9470 Buchs SG",parking,n/a,47.1554891,9.4790012
4002023036,"Schuetzenweg 24, 9470 Buchs SG",parking,n/a,47.1555168,9.4797085
4002023036,"Schuetzenweg 24, 9470 Buchs SG",parking,n/a,47.1554924,9.4795786
4002023036,"Schuetzenweg 24, 9470 Buchs SG",parking,n/a,47.1555215,9.4798379
4002023036,"Schuetzenweg 24, 9470 Buchs SG",parking,n/a,47.1557292,9.4791016
4002023036,"Schuetzenweg 24, 9470 Buchs SG",parking,n/a,47.1563568,9.4793105
4002023036,"Schuetzenweg 24, 9470 Buchs SG",parking,n/a,47.1563588,9.4782837
4002023036,"Schuetzenweg 24, 9470 Buchs SG",parking,n/a,47.155413,9.4766068
4002017920,"Amerikanerstrasse 36, 4102 Binningen",pharmacy,Kronen-Apotheke,47.5374436,7.5714245
4002017920,"Amerikanerstrasse 36, 4102 Binningen",bar,Highspeed Music Bar,47.5367883,7.5717556
4002017920,"Amerikanerstrasse 36, 4102 Binningen",cafe,cent-treize,47.5384687,7.5719622
4002017920,"Amerikanerstrasse 36, 4102 Binningen",bank,UBS,47.5374691,7.5713196
4002017920,"Amerikanerstrasse 36, 4102 Binningen",restaurant,Krone,47.5379517,7.5715103
4002017920,"Amerikanerstrasse 36, 4102 Binningen",restaurant,Restaurant Schloss Binningen,47.5367723,7.5745771
4002017613,"Bahnhofstrasse 47, 4900 Langenthal",restaurant,Dogan’s Langenthal,47.2168301,7.7850914
4002017613,"Bahnhofstrasse 47, 4900 Langenthal",pharmacy,Amavita,47.2143563,7.7842392
4002017613,"Bahnhofstrasse 47, 4900 Langenthal",atm,Postomat,47.2165829,7.7851636
4002017613,"Bahnhofstrasse 47, 4900 Langenthal",atm,n/a,47.2172263,7.7848966
4002017613,"Bahnhofstrasse 47, 4900 Langenthal",cafe,Caffè Spettacolo,47.2172305,7.7847584
4002017613,"Bahnhofstrasse 47, 4900 Langenthal",parking,n/a,47.2165441,7.7863946
4002017613,"Bahnhofstrasse 47, 4900 Langenthal",parking,n/a,47.2164543,7.7847291
4002017613,"Bahnhofstrasse 47, 4900 Langenthal",pharmacy,Bahnhofapotheke Langenthal,47.2173248,7.7850448
4002017613,"Bahnhofstrasse 47, 4900 Langenthal",clinic,Bahnhofpraxis Langenthal,47.2173498,7.7850078
4002016223,"Hofwiesenstrasse 175, 8057 Zürich",restaurant,Fallender Brunnenhof,47.402817,8.5355605
4002016223,"Hofwiesenstrasse 175, 8057 Zürich",restaurant,Barcelona Restaurant,47.4020484,8.5353195
4002016223,"Hofwiesenstrasse 175, 8057 Zürich",pharmacy,Wehntal-Apotheke,47.402496,8.5358866
4002016223,"Hofwiesenstrasse 175, 8057 Zürich",parking,n/a,47.4005916,8.5322197
4002016199,"Goldschlägistrasse 14, 8952 Schlieren",restaurant,Sabor,47.3972017,8.439591
4002015001,"Gundeldingerstrasse 462, 4053 Basel",restaurant,Viertel-Kreis,47.5370825,7.6039023
4002013339,"Brömliackerweg 12, 5303 Würenlingen",pharmacy,Coop Vitality,47.5252542,8.2442263
4002013339,"Brömliackerweg 12, 5303 Würenlingen",restaurant,Coop Restaurant,47.5254157,8.2445999
4002009665,"Ringstrasse 20, 8600 Dübendorf",restaurant,Sonnental,47.3958792,8.6043207
4002003864,"Rathausgässli 7, 5600 Lenzburg",restaurant,Ochsen,47.3855895,8.180665
4002003864,"Rathausgässli 7, 5600 Lenzburg",parking,n/a,47.3880549,8.1806153
4002003864,"Rathausgässli 7, 5600 Lenzburg",pub,McArthur's Pub,47.3879427,8.1798932
4002003864,"Rathausgässli 7, 5600 Lenzburg",bank,UBS,47.3881318,8.1769266
4002003864,"Rathausgässli 7, 5600 Lenzburg",restaurant,Migros Restaurant,47.387206,8.1768266
4002003864,"Rathausgässli 7, 5600 Lenzburg",parking,n/a,47.3858342,8.1789425
4002003864,"Rathausgässli 7, 5600 Lenzburg",fast_food,Food point,47.3861446,8.1786899
4002003864,"Rathausgässli 7, 5600 Lenzburg",bar,Art Cigar,47.3875165,8.1798543
4002003864,"Rathausgässli 7, 5600 Lenzburg",pharmacy,TopPharm Löwen Apotheke,47.3871173,8.1810714
4002003864,"Rathausgässli 7, 5600 Lenzburg",restaurant,Hirschen,47.3872723,8.1812016
4002003864,"Rathausgässli 7, 5600 Lenzburg",library,Stadtbibliothek Lenzburg,47.387092,8.1793214
4002003864,"Rathausgässli 7, 5600 Lenzburg",cafe,Vicolo,47.3875636,8.1795214
4002003864,"Rathausgässli 7, 5600 Lenzburg",restaurant,s'Bärli,47.3873353,8.1808778
4002003864,"Rathausgässli 7, 5600 Lenzburg",parking,n/a,47.386593,8.1776604
4002003864,"Rathausgässli 7, 5600 Lenzburg",bank,Aargauische Kantonalbank,47.3872645,8.1789312
4002003864,"Rathausgässli 7, 5600 Lenzburg",cafe,MaBelle Cafe-Bar,47.3876927,8.1790463
4002003864,"Rathausgässli 7, 5600 Lenzburg",restaurant,Restaurant Rosmarin,47.3874567,8.1808406
4002003864,"Rathausgässli 7, 5600 Lenzburg",atm,n/a,47.3879415,8.1782826
4002003864,"Rathausgässli 7, 5600 Lenzburg",atm,n/a,47.3880682,8.1785885
4002003864,"Rathausgässli 7, 5600 Lenzburg",fast_food,Thongschai,47.3874307,8.1796262
4002003864,"Rathausgässli 7, 5600 Lenzburg",cafe,Rathaus-Café,47.3871758,8.1807177
4002003864,"Rathausgässli 7, 5600 Lenzburg",atm,n/a,47.3858425,8.1821262
4002003864,"Rathausgässli 7, 5600 Lenzburg",restaurant,Sunsaravanas,47.3874073,8.1813446
4002003864,"Rathausgässli 7, 5600 Lenzburg",restaurant,Duo,47.3874702,8.1801463
4002003864,"Rathausgässli 7, 5600 Lenzburg",restaurant,Baci Caldi,47.3881058,8.1800196
4002001659,"Rindermarkt 12, 8001 Zürich",cafe,Conditorei schober,47.3708689,8.5418241
4002001659,"Rindermarkt 12, 8001 Zürich",fast_food,1001,47.3728579,8.5438241
4002001659,"Rindermarkt 12, 8001 Zürich",pub,Nachtflug,47.3725876,8.5434068
4002001659,"Rindermarkt 12, 8001 Zürich",restaurant,Santa Lucia,47.3722057,8.5437442
4002001659,"Rindermarkt 12, 8001 Zürich",restaurant,Café Zähringer,47.3735998,8.5447955
4002001659,"Rindermarkt 12, 8001 Zürich",bar,KWEER,47.3735537,8.5446241
4002001659,"Rindermarkt 12, 8001 Zürich",bar,Neumarkt,47.3725811,8.5456297
4002001659,"Rindermarkt 12, 8001 Zürich",pub,Kontiki,47.3738276,8.5437708
4002001659,"Rindermarkt 12, 8001 Zürich",fast_food,Burger King,47.3740829,8.5438491
4002001659,"Rindermarkt 12, 8001 Zürich",cafe,Rathaus-Café,47.3720795,8.5426076
4002001659,"Rindermarkt 12, 8001 Zürich",restaurant,Zunfthaus zur Schmiden,47.3721828,8.5439082
4002001659,"Rindermarkt 12, 8001 Zürich",pub,Cranberry,47.3721619,8.5432079
4002001659,"Rindermarkt 12, 8001 Zürich",cafe,Gran Café Motta,47.372316,8.5429593
4002001659,"Rindermarkt 12, 8001 Zürich",restaurant,Kantorei,47.3724275,8.5455328
4002001659,"Rindermarkt 12, 8001 Zürich",bar,Wystube Isebähnli,47.3731637,8.5448384
4002001659,"Rindermarkt 12, 8001 Zürich",restaurant,zum Grünen Glas,47.3715334,8.5457722
4002001659,"Rindermarkt 12, 8001 Zürich",restaurant,Piadina Bar,47.37272,8.5438402
4002001659,"Rindermarkt 12, 8001 Zürich",restaurant,Haus zum Rüden,47.3708573,8.5432024
4002001659,"Rindermarkt 12, 8001 Zürich",restaurant,Mère Catherine,47.3708655,8.543806
4002001659,"Rindermarkt 12, 8001 Zürich",fast_food,Long Wai,47.3739626,8.5434685
4002001659,"Rindermarkt 12, 8001 Zürich",pub,Züri Bar,47.3739069,8.543775
4002001659,"Rindermarkt 12, 8001 Zürich",pub,Hotel Schäfli,47.3738072,8.5433593
4002001659,"Rindermarkt 12, 8001 Zürich",restaurant,Steakhouse Old Town,47.3736974,8.5436412
4002001659,"Rindermarkt 12, 8001 Zürich",restaurant,Vallocaia,47.3734874,8.5436348
4002001659,"Rindermarkt 12, 8001 Zürich",restaurant,Brasserie Louis,47.3730001,8.5438598
4002001659,"Rindermarkt 12, 8001 Zürich",fast_food,Louis Take Away,47.372907,8.543858
4002001659,"Rindermarkt 12, 8001 Zürich",restaurant,Spaghetti Factory,47.3729061,8.5436598
4002001659,"Rindermarkt 12, 8001 Zürich",restaurant,Trattoria Sempre,47.3729877,8.5436586
4002001659,"Rindermarkt 12, 8001 Zürich",pub,Edi's Weinstube,47.3723302,8.5435067
4002001659,"Rindermarkt 12, 8001 Zürich",restaurant,Raclette Factory,47.3723807,8.5439299
4002001659,"Rindermarkt 12, 8001 Zürich",restaurant,Rheinfelder Bierhaus,47.3721304,8.5437352
4002001659,"Rindermarkt 12, 8001 Zürich",fast_food,saftlade.ch,47.3718184,8.5436362
4002001659,"Rindermarkt 12, 8001 Zürich",pub,BarMünster,47.3716752,8.5438869
4002001659,"Rindermarkt 12, 8001 Zürich",cafe,Café & Conditorei 1842,47.3714893,8.5443699
4002001659,"Rindermarkt 12, 8001 Zürich",cafe,Andorra,47.3712636,8.5443044
4002001659,"Rindermarkt 12, 8001 Zürich",restaurant,Bodega Española,47.3712211,8.5441611
4002001659,"Rindermarkt 12, 8001 Zürich",restaurant,Cucina,47.370856,8.5445409
4002001659,"Rindermarkt 12, 8001 Zürich",restaurant,Corazón,47.3734574,8.5449046
4002001659,"Rindermarkt 12, 8001 Zürich",pub,DoubleU Bar,47.3737813,8.5434837
4002001659,"Rindermarkt 12, 8001 Zürich",cafe,Henrici,47.3726776,8.5436817
4002001659,"Rindermarkt 12, 8001 Zürich",atm,Bancomat Raiffeisen,47.3726141,8.5429285
4002001659,"Rindermarkt 12, 8001 Zürich",restaurant,Wien Zeile,47.3740356,8.544474
4002001659,"Rindermarkt 12, 8001 Zürich",restaurant,Bianchi,47.3735273,8.5430124
4002001659,"Rindermarkt 12, 8001 Zürich",restaurant,Weinschenke,47.3734009,8.5434614
4002001659,"Rindermarkt 12, 8001 Zürich",restaurant,Simon's Steakhouse,47.3733831,8.5436343
4002001659,"Rindermarkt 12, 8001 Zürich",cafe,Colibri,47.3733914,8.5440513
4002001659,"Rindermarkt 12, 8001 Zürich",bar,Blue Monkey,47.3726391,8.5432845
4002001659,"Rindermarkt 12, 8001 Zürich",restaurant,Blue Monkey,47.372579,8.5433042
4002001659,"Rindermarkt 12, 8001 Zürich",bar,six,47.3731387,8.5431629
4002001659,"Rindermarkt 12, 8001 Zürich",bar,Regenbogen,47.3731353,8.5432846
4002001659,"Rindermarkt 12, 8001 Zürich",restaurant,Madrid,47.3731853,8.5446831
4002001659,"Rindermarkt 12, 8001 Zürich",pub,Oliver Twist Pub,47.3722957,8.544277
4002001659,"Rindermarkt 12, 8001 Zürich",restaurant,Bauern Schänke,47.3724243,8.5452101
4002001659,"Rindermarkt 12, 8001 Zürich",atm,Credit Suisse,47.3717782,8.5430688
4002001659,"Rindermarkt 12, 8001 Zürich",bar,01bar,47.373723,8.5430379
4002001659,"Rindermarkt 12, 8001 Zürich",bank,Crédit Agricole,47.3733722,8.542991
4002001659,"Rindermarkt 12, 8001 Zürich",cafe,Cafe Neumärt,47.372784,8.546731
4002001659,"Rindermarkt 12, 8001 Zürich",restaurant,Hôtel Bourbon,47.3716921,8.5446644
4002001659,"Rindermarkt 12, 8001 Zürich",restaurant,Le Dézaley Restaurant Vaudois,47.3705962,8.5438655
4002001659,"Rindermarkt 12, 8001 Zürich",restaurant,Style Thai,47.3710755,8.5433622
4002001659,"Rindermarkt 12, 8001 Zürich",bar,Aelpli Bar,47.3713868,8.5435505
4002001659,"Rindermarkt 12, 8001 Zürich",cafe,Soul,47.3741289,8.5432109
4002001659,"Rindermarkt 12, 8001 Zürich",restaurant,Öpfelchammer,47.3723465,8.5445758
4002001659,"Rindermarkt 12, 8001 Zürich",restaurant,Hirschberg,47.373525,8.5466575
4002001659,"Rindermarkt 12, 8001 Zürich",bar,Petra's Tip Top Bar,47.3735982,8.546581
4002001659,"Rindermarkt 12, 8001 Zürich",restaurant,New Bombay,47.3736181,8.5456942
4002001659,"Rindermarkt 12, 8001 Zürich",bar,hundertwein,47.3726057,8.545722
4002001659,"Rindermarkt 12, 8001 Zürich",library,Bibliothek der Museumsgesellschaft,47.3719312,8.5430387
4002001659,"Rindermarkt 12, 8001 Zürich",library,Baugeschichtliches Archiv,47.372393,8.5457593
4002001659,"Rindermarkt 12, 8001 Zürich",restaurant,IGNIV Zürich by Andreas Caminada,47.3719712,8.5436611
4002001659,"Rindermarkt 12, 8001 Zürich",restaurant,Zunfthaus zur Zimmerleuten,47.3706365,8.5432314
4002001659,"Rindermarkt 12, 8001 Zürich",fast_food,Kebap,47.3718507,8.5420193
4002001659,"Rindermarkt 12, 8001 Zürich",cafe,Mico,47.3713703,8.5442202
4002001659,"Rindermarkt 12, 8001 Zürich",bar,Tina Bar,47.3729812,8.543859
4002001659,"Rindermarkt 12, 8001 Zürich",cafe,delish - la pinseria,47.3719241,8.54368
4002001659,"Rindermarkt 12, 8001 Zürich",bar,IGNIV Bar Zürich,47.3720209,8.5436551
4002001659,"Rindermarkt 12, 8001 Zürich",cafe,teecafé Schwarzenbach,47.3713375,8.5440363
4002001659,"Rindermarkt 12, 8001 Zürich",restaurant,Negishi Sushi Bar,47.3708593,8.5434759
4002001659,"Rindermarkt 12, 8001 Zürich",bar,Le Philosophe,47.3708011,8.5437753
4002001659,"Rindermarkt 12, 8001 Zürich",bar,Venofye,47.3718907,8.5435493
4002001659,"Rindermarkt 12, 8001 Zürich",restaurant,d'Bar,47.3737064,8.5459212
4002001659,"Rindermarkt 12, 8001 Zürich",restaurant,Rising Sun,47.3741048,8.5441158
4002001659,"Rindermarkt 12, 8001 Zürich",bank,Raiffeisen,47.3725748,8.5429287
4002001659,"Rindermarkt 12, 8001 Zürich",restaurant,La Rôtisserie Storchen,47.3711803,8.5418034
4002001659,"Rindermarkt 12, 8001 Zürich",restaurant,Zunfthaus zur Haue,47.3713843,8.5431142
4002001659,"Rindermarkt 12, 8001 Zürich",cafe,Joe & The Juice,47.3727284,8.5429449
4002001659,"Rindermarkt 12, 8001 Zürich",restaurant,Ristorante Zafferano,47.371481,8.5430801
4002001659,"Rindermarkt 12, 8001 Zürich",restaurant,Restaurant Swiss Chuchi,47.3731521,8.5436419
4002001659,"Rindermarkt 12, 8001 Zürich",cafe,Jalla Caffè,47.3710862,8.5431087
4002001659,"Rindermarkt 12, 8001 Zürich",fast_food,Pizza Nation,47.3732637,8.5431155
4002001659,"Rindermarkt 12, 8001 Zürich",fast_food,Pasta&Burger&Piadina,47.3719089,8.5422243
4002001659,"Rindermarkt 12, 8001 Zürich",restaurant,Casco Viejo,47.3732378,8.5434215
4002001659,"Rindermarkt 12, 8001 Zürich",cafe,n/a,47.3732166,8.5442343
4002001659,"Rindermarkt 12, 8001 Zürich",restaurant,barfüsser,47.3735325,8.5440118
4002001659,"Rindermarkt 12, 8001 Zürich",restaurant,Hirschli,47.3708839,8.5463951
4002001659,"Rindermarkt 12, 8001 Zürich",cafe,Al Paso,47.3735122,8.5445074
4002001659,"Rindermarkt 12, 8001 Zürich",bar,Hôtel Bourbon at Turm,47.3717106,8.5447069
4002001659,"Rindermarkt 12, 8001 Zürich",bank,Rahn+Bodmer,47.3706607,8.5445713
4002001659,"Rindermarkt 12, 8001 Zürich",restaurant,roots,47.3709497,8.5445043
4002001659,"Rindermarkt 12, 8001 Zürich",cafe,Só Tea,47.3729577,8.5450506
4002001659,"Rindermarkt 12, 8001 Zürich",fast_food,Goodys,47.3743866,8.5434963
4002001659,"Rindermarkt 12, 8001 Zürich",bar,Cigar Bar,47.3712331,8.5416559
4002001659,"Rindermarkt 12, 8001 Zürich",restaurant,Amigos Tapas,47.37359,8.5441354
4002001659,"Rindermarkt 12, 8001 Zürich",restaurant,The South Indian,47.3741439,8.5441292
4002000737,"Rue Bourg-de-Four 23, 1170 Aubonne",library,Bibliothèque communale - section adulte,46.496072,6.391029
4002000737,"Rue Bourg-de-Four 23, 1170 Aubonne",library,Bibliothèque communale - section jeunesse,46.4960055,6.3902729
4002000737,"Rue Bourg-de-Four 23, 1170 Aubonne",restaurant,Njôrden Restaurant,46.4951939,6.3913812
4002000737,"Rue Bourg-de-Four 23, 1170 Aubonne",restaurant,Sulochna,46.4955711,6.3918328
4002000737,"Rue Bourg-de-Four 23, 1170 Aubonne",parking,n/a,46.4952357,6.3900642
4002000737,"Rue Bourg-de-Four 23, 1170 Aubonne",restaurant,Njørden Café,46.4949096,6.3912412
4002000737,"Rue Bourg-de-Four 23, 1170 Aubonne",atm,n/a,46.4950241,6.3909218
4002000737,"Rue Bourg-de-Four 23, 1170 Aubonne",pharmacy,PharmaciePlus du Marché,46.4952476,6.3912291
4001999942,"Hauptstrasse 76, 4148 Pfeffingen",restaurant,Rebstock,47.4602994,7.5900039
4001999942,"Hauptstrasse 76, 4148 Pfeffingen",parking,n/a,47.458161,7.5913503
4001999448,"Hardstrasse 14, 4127 Birsfelden",fast_food,Burger King,47.55339,7.622033
4001999448,"Hardstrasse 14, 4127 Birsfelden",pharmacy,TopPharm,47.5526283,7.6228669
4001999448,"Hardstrasse 14, 4127 Birsfelden",bank,Basellandschaftliche Kantonalbank,47.55297,7.623018
4001999448,"Hardstrasse 14, 4127 Birsfelden",cafe,Cafe Mesana,47.553231,7.622954
4001999448,"Hardstrasse 14, 4127 Birsfelden",restaurant,BONANZA 2,47.5524699,7.6237986
4001999448,"Hardstrasse 14, 4127 Birsfelden",restaurant,Luxor,47.5525595,7.6240178
4001999448,"Hardstrasse 14, 4127 Birsfelden",bar,Roxy Bar,47.5516336,7.6236547
4001999448,"Hardstrasse 14, 4127 Birsfelden",cafe,Café Bar Santana,47.5511296,7.6241732
4001999448,"Hardstrasse 14, 4127 Birsfelden",restaurant,Rebstock,47.5506791,7.6243472
4001999182,"Hegenheimerstrasse 86, 4055 Basel",restaurant,Strassburgerhof,47.5616632,7.5687611
4001999182,"Hegenheimerstrasse 86, 4055 Basel",cafe,Cafe Helvetia,47.5600912,7.5678475
4001999182,"Hegenheimerstrasse 86, 4055 Basel",cafe,Kaffeekanne,47.5603846,7.5715119
4001999182,"Hegenheimerstrasse 86, 4055 Basel",pharmacy,Sonnen-Apotheke,47.5605396,7.5721886
4001999182,"Hegenheimerstrasse 86, 4055 Basel",cafe,Café Zum Goldige Velo,47.5615493,7.5663805
4001993429,"Orbe 68, 1400 Yverdon-les-Bains",cafe,Café Romand,46.7788713,6.6318896
4001991999,"Kirchbodenstrasse 77, 8800 Thalwil",restaurant,Al Franco,47.2929131,8.5662617
4001991999,"Kirchbodenstrasse 77, 8800 Thalwil",restaurant,Höfli,47.2939363,8.5673718
4001991999,"Kirchbodenstrasse 77, 8800 Thalwil",parking,n/a,47.2919122,8.5693993
4001991999,"Kirchbodenstrasse 77, 8800 Thalwil",cafe,n/a,47.2933022,8.5659878
4001991999,"Kirchbodenstrasse 77, 8800 Thalwil",restaurant,Ming Asian Kitchen,47.2936836,8.5665354
4001990553,"Alte Bahnhofstrasse 6, 5610 Wohlen AG",fast_food,Subway,47.3504291,8.2713915
4001990553,"Alte Bahnhofstrasse 6, 5610 Wohlen AG",pharmacy,Benu,47.3502754,8.2717362
4001990553,"Alte Bahnhofstrasse 6, 5610 Wohlen AG",restaurant,Testarossa,47.3500564,8.2689405
4001990553,"Alte Bahnhofstrasse 6, 5610 Wohlen AG",parking,n/a,47.3504486,8.2709459
4001990553,"Alte Bahnhofstrasse 6, 5610 Wohlen AG",restaurant,Güpf,47.3511414,8.2714926
4001990553,"Alte Bahnhofstrasse 6, 5610 Wohlen AG",pharmacy,Coop Vitality,47.3502049,8.2703125
4001990553,"Alte Bahnhofstrasse 6, 5610 Wohlen AG",atm,n/a,47.3500093,8.2681481
4001990269,"Dorfplatz 2, 4142 Münchenstein",restaurant,Griechische Taverne,47.5121099,7.6210929
4001990269,"Dorfplatz 2, 4142 Münchenstein",restaurant,Restaurant Birseck,47.5123714,7.6175989
4001990269,"Dorfplatz 2, 4142 Münchenstein",restaurant,Dolce & Piccante,47.5118206,7.6190805
4001987254,"Blockweg 8, 3007 Bern",bar,ZAR,46.9413943,7.4255092
4001985374,"Winkelbüel 2, 6043 Adligenswil",parking,n/a,47.071382,8.3770546
4001985374,"Winkelbüel 2, 6043 Adligenswil",parking,n/a,47.0718773,8.3784842
4001985374,"Winkelbüel 2, 6043 Adligenswil",parking,n/a,47.0727192,8.3796393
4001985374,"Winkelbüel 2, 6043 Adligenswil",parking,n/a,47.0727183,8.3794267
4001985374,"Winkelbüel 2, 6043 Adligenswil",parking,n/a,47.0724611,8.3788764
4001985374,"Winkelbüel 2, 6043 Adligenswil",parking,n/a,47.0724092,8.3785877
4001985374,"Winkelbüel 2, 6043 Adligenswil",parking,n/a,47.0722792,8.3786373
4001985374,"Winkelbüel 2, 6043 Adligenswil",parking,n/a,47.0720997,8.3783471
4001985374,"Winkelbüel 2, 6043 Adligenswil",parking,n/a,47.071922,8.3780989
4001985374,"Winkelbüel 2, 6043 Adligenswil",parking,n/a,47.072054,8.3780744
4001983891,"Landoltstrasse 64, 3007 Bern",restaurant,Taishi,46.9342461,7.4398684
4001983891,"Landoltstrasse 64, 3007 Bern",restaurant,Le Pavillon,46.9342345,7.4400644
4001980266,"Oetlingerstr. 8, 4057 Basel",pub,Buvette Dreirosen,47.5694909,7.5863581
4001980266,"Oetlingerstr. 8, 4057 Basel",restaurant,Eintracht,47.5675379,7.5903738
4001980266,"Oetlingerstr. 8, 4057 Basel",pharmacy,Bläsi Apotheke,47.5674348,7.5903846
4001980266,"Oetlingerstr. 8, 4057 Basel",parking,n/a,47.566533,7.5897838
4001980266,"Oetlingerstr. 8, 4057 Basel",parking,n/a,47.5665619,7.5899064
4001980266,"Oetlingerstr. 8, 4057 Basel",parking,n/a,47.5670829,7.5903386
4001980266,"Oetlingerstr. 8, 4057 Basel",parking,n/a,47.5672126,7.5899315
4001980266,"Oetlingerstr. 8, 4057 Basel",parking,n/a,47.5673091,7.5902186
4001980266,"Oetlingerstr. 8, 4057 Basel",bar,Oetlinger-Buvette,47.5670666,7.58652
4001980266,"Oetlingerstr. 8, 4057 Basel",fast_food,Pizza Maestro,47.5656888,7.5878454
4001980266,"Oetlingerstr. 8, 4057 Basel",restaurant,Choi Asian Garden,47.5658897,7.5886535
4001980266,"Oetlingerstr. 8, 4057 Basel",restaurant,Singh Indische Spezialitäten,47.5659985,7.588767
4001980266,"Oetlingerstr. 8, 4057 Basel",fast_food,Multi Kitchen Markthalle Feldberg,47.5656705,7.5877496
4001980266,"Oetlingerstr. 8, 4057 Basel",fast_food,Messo Burger,47.5656439,7.5876608
4001980266,"Oetlingerstr. 8, 4057 Basel",cafe,daniska,47.5654942,7.5880503
4001980264,"Eigerstr. 60, 3007 Bern",restaurant,Tängi-Curry,46.9395675,7.4402537
4001980264,"Eigerstr. 60, 3007 Bern",restaurant,Maharani Palace,46.9377931,7.436531
4001980264,"Eigerstr. 60, 3007 Bern",cafe,Café Alino,46.9405911,7.4360298
4001980264,"Eigerstr. 60, 3007 Bern",pharmacy,Apotheke Rösli,46.939927,7.4365711
4001980264,"Eigerstr. 60, 3007 Bern",library,Bibliothek + Archiv Schweizerischer Gewerkschaftsbund,46.9415393,7.4361616
4001980264,"Eigerstr. 60, 3007 Bern",fast_food,CONTACT take a way,46.9406238,7.4355286
4001980264,"Eigerstr. 60, 3007 Bern",restaurant,Missione Cattolica Italiana,46.9410602,7.4345779
4001980264,"Eigerstr. 60, 3007 Bern",restaurant,Ragazzi di Berna,46.9399609,7.4402161
4001980264,"Eigerstr. 60, 3007 Bern",fast_food,HurryCurry,46.9409003,7.4360759
4001979045,"Birsigstrasse 3, 4103 Bottmingen",pharmacy,n/a,47.5233319,7.5716159
4001979045,"Birsigstrasse 3, 4103 Bottmingen",library,Bibliothek Bottmingen,47.5243081,7.5708837
4001979045,"Birsigstrasse 3, 4103 Bottmingen",restaurant,Schloss Bottmingen,47.5236802,7.5701697
4001979045,"Birsigstrasse 3, 4103 Bottmingen",atm,n/a,47.5243283,7.5711854
4001976823,"Avenue de la Chablière 35bis, 1004 Lausanne",parking,n/a,46.530861,6.6144787
4001976823,"Avenue de la Chablière 35bis, 1004 Lausanne",restaurant,Le Petit Ajaccio,46.528867,6.614853
4001976823,"Avenue de la Chablière 35bis, 1004 Lausanne",restaurant,St.Paul,46.5281253,6.6163489
4001976816,"Via del Sole 5, 6987 Caslano",pharmacy,Farmacia di Caslano,45.976041,8.877599
4001976816,"Via del Sole 5, 6987 Caslano",restaurant,La Pergola,45.9759559,8.8776411
4001976816,"Via del Sole 5, 6987 Caslano",atm,n/a,45.9775976,8.8768513
4001976815,"Av. de Beaulieu 28, 1004 Lausanne",cafe,Café de Beaulieu,46.5268037,6.6272755
4001976815,"Av. de Beaulieu 28, 1004 Lausanne",restaurant,La Nonna,46.5247077,6.6257858
4001976815,"Av. de Beaulieu 28, 1004 Lausanne",pharmacy,Salveo,46.5251218,6.6256468
4001976815,"Av. de Beaulieu 28, 1004 Lausanne",pub,Bar News 06,46.524635,6.6264379
4001976815,"Av. de Beaulieu 28, 1004 Lausanne",fast_food,Pizza Milan,46.5244967,6.626654
4001976815,"Av. de Beaulieu 28, 1004 Lausanne",fast_food,Giga Tacos,46.5245573,6.6267133
4001976815,"Av. de Beaulieu 28, 1004 Lausanne",restaurant,Veggie Moon's,46.5246258,6.6264669
4001974951,"Pestalozzistrasse 38, 8032 Zürich",restaurant,Oberhof,47.3734628,8.553472
4001974951,"Pestalozzistrasse 38, 8032 Zürich",school,Rudolf Steiner Schule Zürich,47.3729648,8.5545976
4001974951,"Pestalozzistrasse 38, 8032 Zürich",library,"Bibliothek für Betriebswirtschaft, BfB",47.3741461,8.5527496
4001974951,"Pestalozzistrasse 38, 8032 Zürich",cafe,Apo THEKE,47.3734924,8.5528078
4001974951,"Pestalozzistrasse 38, 8032 Zürich",school,Atelierschule Zürich,47.3729757,8.5543678
4001974951,"Pestalozzistrasse 38, 8032 Zürich",restaurant,Sento,47.3735869,8.5530663
4001974951,"Pestalozzistrasse 38, 8032 Zürich",cafe,Cafeteria UZH Plattenstrasse,47.3740968,8.5526502
4001974951,"Pestalozzistrasse 38, 8032 Zürich",cafe,Cafeteria UZH Zentrum für Zahnmedizin (ZZM),47.3744739,8.5530008
4001974933,"Mühlegasse 27, 8001 Zürich",fast_food,1001,47.3728579,8.5438241
4001974933,"Mühlegasse 27, 8001 Zürich",restaurant,Café Zähringer,47.3735998,8.5447955
4001974933,"Mühlegasse 27, 8001 Zürich",bar,KWEER,47.3735537,8.5446241
4001974933,"Mühlegasse 27, 8001 Zürich",cafe,Starbucks,47.3765801,8.5441952
4001974933,"Mühlegasse 27, 8001 Zürich",pub,Gräbli-Bar,47.3755965,8.5441089
4001974933,"Mühlegasse 27, 8001 Zürich",fast_food,Dieci Take-Away,47.3745243,8.5439506
4001974933,"Mühlegasse 27, 8001 Zürich",restaurant,Rheinfelder Bierhalle,47.3759081,8.5441559
4001974933,"Mühlegasse 27, 8001 Zürich",pub,Kontiki,47.3738276,8.5437708
4001974933,"Mühlegasse 27, 8001 Zürich",fast_food,Burger King,47.3740829,8.5438491
4001974933,"Mühlegasse 27, 8001 Zürich",cafe,bQm Kulturcafé & Bar,47.3759249,8.5466398
4001974933,"Mühlegasse 27, 8001 Zürich",restaurant,Johanniter,47.3757513,8.5441431
4001974933,"Mühlegasse 27, 8001 Zürich",restaurant,Bierhalle Wolf,47.3758264,8.543866
4001974933,"Mühlegasse 27, 8001 Zürich",bar,Wystube Isebähnli,47.3731637,8.5448384
4001974933,"Mühlegasse 27, 8001 Zürich",restaurant,Weinstube 1923,47.3764199,8.5441261
4001974933,"Mühlegasse 27, 8001 Zürich",cafe,Schurter,47.3763302,8.5440373
4001974933,"Mühlegasse 27, 8001 Zürich",restaurant,La Pasta,47.3760133,8.5441095
4001974933,"Mühlegasse 27, 8001 Zürich",fast_food,Chopstick express,47.3760644,8.5440933
4001974933,"Mühlegasse 27, 8001 Zürich",fast_food,Central Geylan Kebap Haus,47.3759873,8.5439456
4001974933,"Mühlegasse 27, 8001 Zürich",restaurant,Pizzeria Da Raffaele,47.375826,8.5441268
4001974933,"Mühlegasse 27, 8001 Zürich",restaurant,N-68,47.3756656,8.5441177
4001974933,"Mühlegasse 27, 8001 Zürich",pub,5. Akt,47.3754942,8.544079
4001974933,"Mühlegasse 27, 8001 Zürich",restaurant,Rank,47.3754161,8.5440085
4001974933,"Mühlegasse 27, 8001 Zürich",restaurant,Rank,47.3753537,8.5439974
4001974933,"Mühlegasse 27, 8001 Zürich",fast_food,1001 Take Away,47.3753239,8.5438222
4001974933,"Mühlegasse 27, 8001 Zürich",pub,Big Ben Pub,47.3751577,8.5439328
4001974933,"Mühlegasse 27, 8001 Zürich",restaurant,Tasca Romero,47.3748977,8.5437335
4001974933,"Mühlegasse 27, 8001 Zürich",pub,Cana Bar,47.374669,8.5439064
4001974933,"Mühlegasse 27, 8001 Zürich",restaurant,Osteria Borgo,47.3746589,8.5437374
4001974933,"Mühlegasse 27, 8001 Zürich",fast_food,Long Wai,47.3739626,8.5434685
4001974933,"Mühlegasse 27, 8001 Zürich",pub,Züri Bar,47.3739069,8.543775
4001974933,"Mühlegasse 27, 8001 Zürich",pub,Hotel Schäfli,47.3738072,8.5433593
4001974933,"Mühlegasse 27, 8001 Zürich",restaurant,Steakhouse Old Town,47.3736974,8.5436412
4001974933,"Mühlegasse 27, 8001 Zürich",restaurant,Vallocaia,47.3734874,8.5436348
4001974933,"Mühlegasse 27, 8001 Zürich",restaurant,Brasserie Louis,47.3730001,8.5438598
4001974933,"Mühlegasse 27, 8001 Zürich",fast_food,Louis Take Away,47.372907,8.543858
4001974933,"Mühlegasse 27, 8001 Zürich",restaurant,Spaghetti Factory,47.3729061,8.5436598
4001974933,"Mühlegasse 27, 8001 Zürich",restaurant,Trattoria Sempre,47.3729877,8.5436586
4001974933,"Mühlegasse 27, 8001 Zürich",restaurant,Corazón,47.3734574,8.5449046
4001974933,"Mühlegasse 27, 8001 Zürich",pub,DoubleU Bar,47.3737813,8.5434837
4001974933,"Mühlegasse 27, 8001 Zürich",cafe,Marea,47.3745643,8.5432628
4001974933,"Mühlegasse 27, 8001 Zürich",atm,Zürcher Kantonalbank,47.3752342,8.5434539
4001974933,"Mühlegasse 27, 8001 Zürich",cafe,Grande,47.3753724,8.543539
4001974933,"Mühlegasse 27, 8001 Zürich",bar,Grande Cafe & Bar,47.3754177,8.543598
4001974933,"Mühlegasse 27, 8001 Zürich",pub,Cha Cha Cha,47.3746906,8.5434991
4001974933,"Mühlegasse 27, 8001 Zürich",restaurant,Zhong Hua,47.3752173,8.5447395
4001974933,"Mühlegasse 27, 8001 Zürich",restaurant,Wien Zeile,47.3740356,8.544474
4001974933,"Mühlegasse 27, 8001 Zürich",bar,Predigerhof,47.3742828,8.5444638
4001974933,"Mühlegasse 27, 8001 Zürich",restaurant,Bianchi,47.3735273,8.5430124
4001974933,"Mühlegasse 27, 8001 Zürich",restaurant,Weinschenke,47.3734009,8.5434614
4001974933,"Mühlegasse 27, 8001 Zürich",restaurant,Simon's Steakhouse,47.3733831,8.5436343
4001974933,"Mühlegasse 27, 8001 Zürich",cafe,Colibri,47.3733914,8.5440513
4001974933,"Mühlegasse 27, 8001 Zürich",bar,six,47.3731387,8.5431629
4001974933,"Mühlegasse 27, 8001 Zürich",bar,Regenbogen,47.3731353,8.5432846
4001974933,"Mühlegasse 27, 8001 Zürich",restaurant,Madrid,47.3731853,8.5446831
4001974933,"Mühlegasse 27, 8001 Zürich",bar,01bar,47.373723,8.5430379
4001974933,"Mühlegasse 27, 8001 Zürich",bank,Crédit Agricole,47.3733722,8.542991
4001974933,"Mühlegasse 27, 8001 Zürich",restaurant,toscano,47.374778,8.543543
4001974933,"Mühlegasse 27, 8001 Zürich",cafe,By Ey's,47.3746904,8.5433961
4001974933,"Mühlegasse 27, 8001 Zürich",restaurant,friskfisk.ch,47.3745675,8.543731
4001974933,"Mühlegasse 27, 8001 Zürich",bar,Alexis Bar,47.3746263,8.5439159
4001974933,"Mühlegasse 27, 8001 Zürich",restaurant,Walliser Keller,47.3749804,8.5445108
4001974933,"Mühlegasse 27, 8001 Zürich",bar,Fumoir,47.3755152,8.5441638
4001974933,"Mühlegasse 27, 8001 Zürich",bar,Safari Bar,47.3755066,8.5444788
4001974933,"Mühlegasse 27, 8001 Zürich",bar,Kame-Haus,47.3744425,8.544563
4001974933,"Mühlegasse 27, 8001 Zürich",restaurant,Dumpling Delights,47.3745297,8.5447817
4001974933,"Mühlegasse 27, 8001 Zürich",restaurant,Raclette Stube,47.3747617,8.5447832
4001974933,"Mühlegasse 27, 8001 Zürich",fast_food,Holy Cow!,47.3754711,8.5447223
4001974933,"Mühlegasse 27, 8001 Zürich",cafe,Einstein & Zweistein,47.3760747,8.5466029
4001974933,"Mühlegasse 27, 8001 Zürich",atm,CS Bancomat,47.3759835,8.5467868
4001974933,"Mühlegasse 27, 8001 Zürich",cafe,Cafe Neumärt,47.372784,8.546731
4001974933,"Mühlegasse 27, 8001 Zürich",restaurant,Suan Long,47.3752069,8.5437776
4001974933,"Mühlegasse 27, 8001 Zürich",cafe,Soul,47.3741289,8.5432109
4001974933,"Mühlegasse 27, 8001 Zürich",restaurant,Hirschberg,47.373525,8.5466575
4001974933,"Mühlegasse 27, 8001 Zürich",bar,Petra's Tip Top Bar,47.3735982,8.546581
4001974933,"Mühlegasse 27, 8001 Zürich",restaurant,Rechberg,47.3739693,8.546249
4001974933,"Mühlegasse 27, 8001 Zürich",restaurant,Timeout,47.3753582,8.5457947
4001974933,"Mühlegasse 27, 8001 Zürich",bar,Ebrietas,47.3758907,8.544458
4001974933,"Mühlegasse 27, 8001 Zürich",restaurant,New Bombay,47.3736181,8.5456942
4001974933,"Mühlegasse 27, 8001 Zürich",cafe,franzos,47.3761481,8.5438868
4001974933,"Mühlegasse 27, 8001 Zürich",bar,Tina Bar,47.3729812,8.543859
4001974933,"Mühlegasse 27, 8001 Zürich",library,Pestalozzi-Bibliothek Altstadt,47.3747055,8.544504
4001974933,"Mühlegasse 27, 8001 Zürich",cafe,Bistro der Zentralbibliothek Zürich,47.3742804,8.5457372
4001974933,"Mühlegasse 27, 8001 Zürich",bar,Lobby-Bar Hotel Rütli,47.3762011,8.5444271
4001974933,"Mühlegasse 27, 8001 Zürich",restaurant,d'Bar,47.3737064,8.5459212
4001974933,"Mühlegasse 27, 8001 Zürich",bank,Zürcher Kantonalbank,47.3752501,8.5435096
4001974933,"Mühlegasse 27, 8001 Zürich",restaurant,Rising Sun,47.3741048,8.5441158
4001974933,"Mühlegasse 27, 8001 Zürich",clinic,Zentrum für Reisemedizin,47.3758735,8.5454394
4001974933,"Mühlegasse 27, 8001 Zürich",restaurant,Restaurant Swiss Chuchi,47.3731521,8.5436419
4001974933,"Mühlegasse 27, 8001 Zürich",fast_food,Zürich Fried Chicken,47.375049,8.543749
4001974933,"Mühlegasse 27, 8001 Zürich",library,Zentralbibliothek Zürich,47.3746199,8.5453866
4001974933,"Mühlegasse 27, 8001 Zürich",atm,Bankomat,47.3753926,8.5438615
4001974933,"Mühlegasse 27, 8001 Zürich",restaurant,MyVi's,47.3746758,8.5435796
4001974933,"Mühlegasse 27, 8001 Zürich",clinic,Poliklinik Lifeline,47.3756202,8.5451124
4001974933,"Mühlegasse 27, 8001 Zürich",restaurant,Chopstick,47.3760514,8.5438763
4001974933,"Mühlegasse 27, 8001 Zürich",fast_food,Pizza Nation,47.3732637,8.5431155
4001974933,"Mühlegasse 27, 8001 Zürich",cafe,Café Yucca,47.374934,8.5451911
4001974933,"Mühlegasse 27, 8001 Zürich",fast_food,Swing Kitchen,47.3757559,8.543855
4001974933,"Mühlegasse 27, 8001 Zürich",restaurant,Casco Viejo,47.3732378,8.5434215
4001974933,"Mühlegasse 27, 8001 Zürich",cafe,n/a,47.3732166,8.5442343
4001974933,"Mühlegasse 27, 8001 Zürich",restaurant,barfüsser,47.3735325,8.5440118
4001974933,"Mühlegasse 27, 8001 Zürich",library,Jesuitenbibliothek,47.3759632,8.5458882
4001974933,"Mühlegasse 27, 8001 Zürich",cafe,Al Paso,47.3735122,8.5445074
4001974933,"Mühlegasse 27, 8001 Zürich",cafe,Só Tea,47.3729577,8.5450506
4001974933,"Mühlegasse 27, 8001 Zürich",bar,Robin's coffee,47.3757594,8.5444649
4001974933,"Mühlegasse 27, 8001 Zürich",fast_food,Goodys,47.3743866,8.5434963
4001974933,"Mühlegasse 27, 8001 Zürich",restaurant,Amigos Tapas,47.37359,8.5441354
4001974933,"Mühlegasse 27, 8001 Zürich",restaurant,The South Indian,47.3741439,8.5441292
4001974313,"Via Mezzaro 2, 6648 Minusio",atm,n/a,46.1770118,8.8151336
4001974313,"Via Mezzaro 2, 6648 Minusio",pharmacy,n/a,46.1754074,8.8181455
4001974313,"Via Mezzaro 2, 6648 Minusio",parking,n/a,46.1770498,8.8162382
4001974313,"Via Mezzaro 2, 6648 Minusio",parking,n/a,46.1750371,8.8152436
4001974073,"Chasa Plavna, 7552 Vulpera",restaurant,Hotel Villa Post,46.7868907,10.2880209
4001972776,"Hirslanderstrasse 33, 8032 Zürich",pharmacy,Hirslanden-Apotheke,47.3604238,8.5676494
4001972776,"Hirslanderstrasse 33, 8032 Zürich",restaurant,Grand‘in Osteria,47.3600494,8.5690109
4001972776,"Hirslanderstrasse 33, 8032 Zürich",atm,BitcoinKiosk,47.3584181,8.5717558
4001967223,"Place des Charmilles 3, 1203 Genève",parking,Planète-Charmilles,46.2080361,6.1245643
4001967223,"Place des Charmilles 3, 1203 Genève",restaurant,Mr. Pal,46.208272,6.1286696
4001967223,"Place des Charmilles 3, 1203 Genève",pharmacy,Pharmacie Populaire Charmilles,46.2081577,6.1274194
4001967223,"Place des Charmilles 3, 1203 Genève",restaurant,Morena Bar,46.2086095,6.1266677
4001967223,"Place des Charmilles 3, 1203 Genève",restaurant,Brasserie Nouvelle,46.2087213,6.125645
4001967223,"Place des Charmilles 3, 1203 Genève",restaurant,Café de Charmilles,46.2076878,6.1276386
4001967223,"Place des Charmilles 3, 1203 Genève",restaurant,Calia,46.2081871,6.1262279
4001967223,"Place des Charmilles 3, 1203 Genève",bar,My Cafe Bar,46.2091785,6.1267653
4001967223,"Place des Charmilles 3, 1203 Genève",cafe,Subarashii Manga Café,46.2081217,6.1257207
4001967223,"Place des Charmilles 3, 1203 Genève",fast_food,Silver Kebab,46.2082421,6.1278904
4001962452,"Rütihofstrasse 7, 6340 Baar",parking,n/a,47.1747466,8.5311009
4001955510,"Jonentalstrasse 18, 8910 Affoltern am Albis",cafe,Bistro Frosch,47.2752567,8.4568795
4001935112,"Pionierstrasse 10, 8400 Winterthur",pub,Plan B,47.4983429,8.7206239
4001935112,"Pionierstrasse 10, 8400 Winterthur",parking,n/a,47.4968398,8.7184621
4001935112,"Pionierstrasse 10, 8400 Winterthur",pharmacy,Neuwiesen Apotheke,47.4988832,8.7206254
4001935112,"Pionierstrasse 10, 8400 Winterthur",cafe,Cafeteria,47.4964388,8.7189114
4001935112,"Pionierstrasse 10, 8400 Winterthur",restaurant,nooba,47.4983033,8.7212739
4001935112,"Pionierstrasse 10, 8400 Winterthur",pub,Boilerroom,47.4982504,8.721026
4001935112,"Pionierstrasse 10, 8400 Winterthur",restaurant,Yooji's,47.4980587,8.7212955
4001935112,"Pionierstrasse 10, 8400 Winterthur",restaurant,Pionier,47.4972039,8.7192311
4001935112,"Pionierstrasse 10, 8400 Winterthur",atm,n/a,47.4968298,8.7197914
4001935112,"Pionierstrasse 10, 8400 Winterthur",restaurant,Migros Restaurant,47.498982,8.7202505
4001935112,"Pionierstrasse 10, 8400 Winterthur",bar,Lux,47.4971572,8.7214294
4001935112,"Pionierstrasse 10, 8400 Winterthur",bar,Vio,47.4972618,8.7215176
4001935112,"Pionierstrasse 10, 8400 Winterthur",restaurant,Gocha,47.4988827,8.7211451
4001917322,"Ringstrasse 16, 8306 Brüttisellen",fast_food,Burger King,47.4190061,8.6244439
4001917322,"Ringstrasse 16, 8306 Brüttisellen",parking,n/a,47.4167843,8.6265718
4001917322,"Ringstrasse 16, 8306 Brüttisellen",parking,n/a,47.418944,8.6262957
4001917322,"Ringstrasse 16, 8306 Brüttisellen",parking,n/a,47.4186423,8.625566
4001917322,"Ringstrasse 16, 8306 Brüttisellen",parking,n/a,47.4183739,8.6244198
4001917322,"Ringstrasse 16, 8306 Brüttisellen",parking,n/a,47.418168,8.6250388
4001898585,"Friedensgasse 35, 4056 Basel",cafe,Café Bar Rosenkranz,47.5634301,7.5762712
4001898585,"Friedensgasse 35, 4056 Basel",cafe,Eccetera,47.5611233,7.57883
4001893012,"Breitenacher 49, 8906 Bonstetten",library,Gemeinde- und Schulbibliothek Bonstetten,47.3222508,8.4717123
4001889122,"Feldeggstrasse 80, 8008 Zürich",parking,Parkhaus Feldegg,47.3603851,8.5536988
4001889122,"Feldeggstrasse 80, 8008 Zürich",restaurant,Ländli,47.3627304,8.5545618
4001889122,"Feldeggstrasse 80, 8008 Zürich",restaurant,Escoffier,47.3605504,8.5524597
4001889122,"Feldeggstrasse 80, 8008 Zürich",restaurant,Stripped Pizza,47.3602524,8.5521363
4001889122,"Feldeggstrasse 80, 8008 Zürich",atm,CS Bancomat,47.3601542,8.5524501
4001889122,"Feldeggstrasse 80, 8008 Zürich",parking,Zentrum Neumünster,47.364095,8.5546653
4001889122,"Feldeggstrasse 80, 8008 Zürich",cafe,Bistro Horizont,47.3602322,8.5544097
4001889122,"Feldeggstrasse 80, 8008 Zürich",restaurant,Giusi's,47.3637686,8.5545452
4001889122,"Feldeggstrasse 80, 8008 Zürich",bar,Razzia Bar,47.3609151,8.5515444
4001889122,"Feldeggstrasse 80, 8008 Zürich",restaurant,Razzia Restaurant,47.3608124,8.5516525
4001884815,"Hohbächli 10, 5079 Zeihen",restaurant,Frohsinn,47.4765082,8.0842523
4001884815,"Hohbächli 10, 5079 Zeihen",restaurant,Auberge Passepartout,47.4766477,8.0846708
4001878385,"Halden 3, 9043 Trogen",restaurant,Rebstock,47.4061357,9.4599086
4001878385,"Halden 3, 9043 Trogen",atm,n/a,47.4075299,9.4612523
4001859888,"Wülflingerstrasse 118, 8408 Winterthur",restaurant,Li-Beirut,47.507301,8.7108669
4001859888,"Wülflingerstrasse 118, 8408 Winterthur",restaurant,Bocciodromo Pizzeria,47.5076476,8.7084093
4001857308,"Kanzleistrasse 3, 8004 Zürich",bar,Plaza Bar,47.3741673,8.524726
4001857308,"Kanzleistrasse 3, 8004 Zürich",restaurant,Bubbles,47.372671,8.528216
4001857308,"Kanzleistrasse 3, 8004 Zürich",fast_food,McDonald's,47.3734328,8.5297366
4001857308,"Kanzleistrasse 3, 8004 Zürich",pharmacy,Berg-Apotheke by Medbase,47.3731732,8.5293204
4001857308,"Kanzleistrasse 3, 8004 Zürich",pharmacy,Olympia Apotheke,47.373683,8.53089
4001857308,"Kanzleistrasse 3, 8004 Zürich",cafe,St. Jakob Beck,47.3738054,8.5278402
4001857308,"Kanzleistrasse 3, 8004 Zürich",restaurant,Fribourger Stübli,47.375039,8.5281814
4001857308,"Kanzleistrasse 3, 8004 Zürich",restaurant,Le Cèdre,47.3738833,8.5264947
4001857308,"Kanzleistrasse 3, 8004 Zürich",restaurant,Masala,47.3730187,8.5289781
4001857308,"Kanzleistrasse 3, 8004 Zürich",fast_food,Addis Ababa,47.3728883,8.5280453
4001857308,"Kanzleistrasse 3, 8004 Zürich",fast_food,Charlie's Take Away,47.3726372,8.5277578
4001857308,"Kanzleistrasse 3, 8004 Zürich",restaurant,Yu-An,47.3726012,8.5273865
4001857308,"Kanzleistrasse 3, 8004 Zürich",restaurant,Ristorante Bar Certo,47.372245,8.5289743
4001857308,"Kanzleistrasse 3, 8004 Zürich",restaurant,Werd,47.3720798,8.5270244
4001857308,"Kanzleistrasse 3, 8004 Zürich",restaurant,Paneolio,47.3731595,8.5261099
4001857308,"Kanzleistrasse 3, 8004 Zürich",parking,n/a,47.3718106,8.5280345
4001857308,"Kanzleistrasse 3, 8004 Zürich",parking,n/a,47.3716014,8.5277162
4001857308,"Kanzleistrasse 3, 8004 Zürich",parking,n/a,47.3740752,8.5266543
4001857308,"Kanzleistrasse 3, 8004 Zürich",parking,n/a,47.3740024,8.5273911
4001857308,"Kanzleistrasse 3, 8004 Zürich",parking,n/a,47.3716297,8.5282963
4001857308,"Kanzleistrasse 3, 8004 Zürich",parking,n/a,47.3721494,8.52839
4001857308,"Kanzleistrasse 3, 8004 Zürich",bar,Central,47.3749683,8.5258392
4001857308,"Kanzleistrasse 3, 8004 Zürich",parking,n/a,47.372232,8.5300708
4001857308,"Kanzleistrasse 3, 8004 Zürich",parking,n/a,47.3723261,8.5299978
4001857308,"Kanzleistrasse 3, 8004 Zürich",pharmacy,Stauffacher Apotheke,47.372996,8.5278947
4001857308,"Kanzleistrasse 3, 8004 Zürich",bar,Engracia,47.3735871,8.5273055
4001857308,"Kanzleistrasse 3, 8004 Zürich",fast_food,Ayaz,47.3738096,8.526028
4001857308,"Kanzleistrasse 3, 8004 Zürich",restaurant,Molino,47.3734849,8.5287165
4001857308,"Kanzleistrasse 3, 8004 Zürich",restaurant,Ichizen,47.3737975,8.5274539
4001857308,"Kanzleistrasse 3, 8004 Zürich",restaurant,Don Leone,47.3746589,8.5290969
4001857308,"Kanzleistrasse 3, 8004 Zürich",restaurant,Accademia del Gusto,47.375334,8.5286575
4001857308,"Kanzleistrasse 3, 8004 Zürich",restaurant,Ikoo,47.3748928,8.5287964
4001857308,"Kanzleistrasse 3, 8004 Zürich",restaurant,D'Aurora,47.3751694,8.528416
4001857308,"Kanzleistrasse 3, 8004 Zürich",restaurant,Osteria Santo Bevitore,47.3754803,8.5284806
4001857308,"Kanzleistrasse 3, 8004 Zürich",bar,Vasco's Bar,47.3744297,8.5298014
4001857308,"Kanzleistrasse 3, 8004 Zürich",bar,Sherif's Bar,47.3742758,8.5299844
4001857308,"Kanzleistrasse 3, 8004 Zürich",restaurant,Sweet Basil,47.3743454,8.5295536
4001857308,"Kanzleistrasse 3, 8004 Zürich",restaurant,Akaraka,47.3746892,8.5294759
4001857308,"Kanzleistrasse 3, 8004 Zürich",pharmacy,Coop Vitality,47.3734534,8.5304688
4001857308,"Kanzleistrasse 3, 8004 Zürich",fast_food,Firehouse Subs,47.3734118,8.5296229
4001857308,"Kanzleistrasse 3, 8004 Zürich",fast_food,Negishi,47.3740632,8.5252296
4001857308,"Kanzleistrasse 3, 8004 Zürich",fast_food,Marronistand,47.3735633,8.5292099
4001857308,"Kanzleistrasse 3, 8004 Zürich",fast_food,La Penisola,47.3739605,8.5249794
4001857308,"Kanzleistrasse 3, 8004 Zürich",restaurant,Don Leone,47.3749163,8.5291408
4001857308,"Kanzleistrasse 3, 8004 Zürich",restaurant,Thai Hunters,47.3734083,8.525345
4001857308,"Kanzleistrasse 3, 8004 Zürich",restaurant,Tschingg,47.373809,8.5296981
4001857308,"Kanzleistrasse 3, 8004 Zürich",cafe,Starbucks,47.3734609,8.5298891
4001857308,"Kanzleistrasse 3, 8004 Zürich",fast_food,Simply Soup,47.3718091,8.5290154
4001857308,"Kanzleistrasse 3, 8004 Zürich",restaurant,Nooch,47.3741055,8.5251017
4001857308,"Kanzleistrasse 3, 8004 Zürich",restaurant,Bund 39,47.3749607,8.5287161
4001857308,"Kanzleistrasse 3, 8004 Zürich",restaurant,Miss Miu,47.3739923,8.5254278
4001857308,"Kanzleistrasse 3, 8004 Zürich",cafe,McCafé,47.3733935,8.5297525
4001857308,"Kanzleistrasse 3, 8004 Zürich",cafe,Foifi,47.3728851,8.5247554
4001857308,"Kanzleistrasse 3, 8004 Zürich",fast_food,Joe & The Juice,47.3734009,8.5309076
4001857308,"Kanzleistrasse 3, 8004 Zürich",fast_food,Thai Take-Away,47.3726302,8.5276556
4001857308,"Kanzleistrasse 3, 8004 Zürich",cafe,Il Salotto,47.3736876,8.5263504
4001857308,"Kanzleistrasse 3, 8004 Zürich",cafe,Coffee,47.3726893,8.5262165
4001857308,"Kanzleistrasse 3, 8004 Zürich",cafe,Bros Beans & Beats,47.3727983,8.5252812
4001857308,"Kanzleistrasse 3, 8004 Zürich",restaurant,Mythos,47.3737799,8.5285146
4001857308,"Kanzleistrasse 3, 8004 Zürich",pub,BIERlab,47.3726024,8.5259826
4001857308,"Kanzleistrasse 3, 8004 Zürich",cafe,Café Zum Walter,47.3724963,8.5269122
4001857308,"Kanzleistrasse 3, 8004 Zürich",fast_food,Zürich Fried Chicken,47.3751013,8.5285248
4001857308,"Kanzleistrasse 3, 8004 Zürich",restaurant,Gaijin Izakaya,47.3729171,8.5277003
4001857308,"Kanzleistrasse 3, 8004 Zürich",library,Fermento,47.3727026,8.5247435
4001857308,"Kanzleistrasse 3, 8004 Zürich",fast_food,Edy's,47.3737038,8.5300022
4001857308,"Kanzleistrasse 3, 8004 Zürich",restaurant,Emilio,47.3729175,8.5272115
4001857308,"Kanzleistrasse 3, 8004 Zürich",clinic,Psychiatrische Polyklinik,47.374378,8.5248578
4001857308,"Kanzleistrasse 3, 8004 Zürich",restaurant,Spoon,47.3716297,8.5288036
4001857308,"Kanzleistrasse 3, 8004 Zürich",fast_food,House of Momos,47.3749982,8.5258144
4001857308,"Kanzleistrasse 3, 8004 Zürich",parking,n/a,47.3723982,8.5250434
4001857308,"Kanzleistrasse 3, 8004 Zürich",parking,n/a,47.37294,8.5286305
4001857308,"Kanzleistrasse 3, 8004 Zürich",cafe,Besteas Bar,47.3727911,8.5281812
4001857308,"Kanzleistrasse 3, 8004 Zürich",cafe,kafi babar,47.3744709,8.5297287
4001857308,"Kanzleistrasse 3, 8004 Zürich",restaurant,LÈ Cuisine,47.3738604,8.5279624
4001857308,"Kanzleistrasse 3, 8004 Zürich",restaurant,Flavour Kitchen,47.3719091,8.5269863
4001850950,"Blauenstrasse 1, 4153 Reinach BL",cafe,Café Grellinger,47.4933407,7.5889212
4001850950,"Blauenstrasse 1, 4153 Reinach BL",cafe,Café Storch,47.4927869,7.5888236
4001850950,"Blauenstrasse 1, 4153 Reinach BL",bank,Credit Suisse,47.4928234,7.5888923
4001817493,"Hegenheimerstrasse 86, 4055 Basel",restaurant,Strassburgerhof,47.5616632,7.5687611
4001817493,"Hegenheimerstrasse 86, 4055 Basel",cafe,Cafe Helvetia,47.5600912,7.5678475
4001817493,"Hegenheimerstrasse 86, 4055 Basel",cafe,Kaffeekanne,47.5603846,7.5715119
4001817493,"Hegenheimerstrasse 86, 4055 Basel",pharmacy,Sonnen-Apotheke,47.5605396,7.5721886
4001817493,"Hegenheimerstrasse 86, 4055 Basel",cafe,Café Zum Goldige Velo,47.5615493,7.5663805
4001814823,"Pfingstweidstrasse 98, 8005 Zürich",parking,Parkhaus Zürich West,47.3919487,8.5102485
4001814823,"Pfingstweidstrasse 98, 8005 Zürich",cafe,Bistro Chez Toni,47.3901929,8.511288
4001814823,"Pfingstweidstrasse 98, 8005 Zürich",restaurant,naanu,47.3908314,8.5090999
4001814823,"Pfingstweidstrasse 98, 8005 Zürich",restaurant,Migros Restaurant,47.3900253,8.5089683
4001814823,"Pfingstweidstrasse 98, 8005 Zürich",atm,Bancomat ZKB,47.3905164,8.5111847
4001814823,"Pfingstweidstrasse 98, 8005 Zürich",cafe,Nuovo,47.3904612,8.5102561
4001814823,"Pfingstweidstrasse 98, 8005 Zürich",restaurant,Route Twenty-Six,47.3906264,8.5100441
4001814823,"Pfingstweidstrasse 98, 8005 Zürich",restaurant,Ribelli,47.3912171,8.5097545
4001814823,"Pfingstweidstrasse 98, 8005 Zürich",cafe,Collective Bakery,47.3923204,8.5109903
4001814823,"Pfingstweidstrasse 98, 8005 Zürich",fast_food,Con Gusto,47.3907695,8.5093071
4001814823,"Pfingstweidstrasse 98, 8005 Zürich",fast_food,Spoon,47.390961,8.508666
4001805845,"Spitzenrainweg 54, 4147 Aesch BL",school,Schützenmattschule,47.4740067,7.6007852
4001761938,"Rue Crespin 20, 1206 Genève",restaurant,Indigo,46.1938574,6.1614799
4001761938,"Rue Crespin 20, 1206 Genève",restaurant,Trois Bonheurs,46.1949705,6.1588142
4001761938,"Rue Crespin 20, 1206 Genève",cafe,Beau Coffee,46.1957459,6.1569165
4001732294,"Neuweilerstrasse 4a, 4123 Allschwil",restaurant,Rössli,47.5507567,7.5361806
4001732294,"Neuweilerstrasse 4a, 4123 Allschwil",cafe,Café Bäckerei am Dorfplatz,47.5512889,7.5364914
4001732294,"Neuweilerstrasse 4a, 4123 Allschwil",atm,n/a,47.5509805,7.5359607
4001732294,"Neuweilerstrasse 4a, 4123 Allschwil",pharmacy,Dorfplatz-Apotheke,47.5516438,7.5377819
4001732294,"Neuweilerstrasse 4a, 4123 Allschwil",fast_food,Pico Pizzeria,47.5503858,7.5369971
4001732294,"Neuweilerstrasse 4a, 4123 Allschwil",restaurant,Restaurant Eintracht,47.5504341,7.5369421
4001732294,"Neuweilerstrasse 4a, 4123 Allschwil",restaurant,Elsässerhof (Chnoche),47.5521086,7.5371646
4001732294,"Neuweilerstrasse 4a, 4123 Allschwil",restaurant,Jägerstube,47.5515399,7.5371579
4001732294,"Neuweilerstrasse 4a, 4123 Allschwil",cafe,RE,47.5503737,7.5360512
4001687224,"Laufenstrasse 4, 4053 Basel",cafe,Sutter Begg,47.5418217,7.5975665
4001687224,"Laufenstrasse 4, 4053 Basel",bank,Basler Kantonalbank,47.5418133,7.5983226
4001677606,"Curt Goetz-Strasse 27, 4102 Binningen",library,Gemeindebibliothek Binningen,47.5415262,7.5743284
4001677606,"Curt Goetz-Strasse 27, 4102 Binningen",bank,Kantonalbank BL,47.5396184,7.5764766
4001677606,"Curt Goetz-Strasse 27, 4102 Binningen",school,Musikschule Binningen-Bottmingen,47.5395199,7.5739703
4001677606,"Curt Goetz-Strasse 27, 4102 Binningen",parking,n/a,47.5396871,7.5744347
4001677606,"Curt Goetz-Strasse 27, 4102 Binningen",pharmacy,St. Margarethen,47.5412006,7.5737705
4001677606,"Curt Goetz-Strasse 27, 4102 Binningen",restaurant,Schlüssel,47.5393467,7.5749371
4001677606,"Curt Goetz-Strasse 27, 4102 Binningen",cafe,Sutter Begg,47.5416725,7.5743503
4001677606,"Curt Goetz-Strasse 27, 4102 Binningen",bank,Raiffeisenbank Leimental,47.5411204,7.5736704
4001677606,"Curt Goetz-Strasse 27, 4102 Binningen",atm,n/a,47.5416507,7.5739732
4001677606,"Curt Goetz-Strasse 27, 4102 Binningen",bank,Raiffeisen,47.5418732,7.5739751
4001677606,"Curt Goetz-Strasse 27, 4102 Binningen",restaurant,Schiff,47.540103,7.5762887
4001658759,"Lungolago Roncaioli, 40, 6827 Brusino Arsizio",cafe,Dolceresio Café,45.9277987,8.9374079
4001658759,"Lungolago Roncaioli, 40, 6827 Brusino Arsizio",restaurant,Osteria della Posta,45.9279873,8.9373483
4001609453,"Hälderstrasse 4, 8451 Kleinandelfingen",atm,n/a,47.602044,8.6888438
4001580868,"47 Hauptstrasse, 4148 Pfeffingen",restaurant,Rebstock,47.4602994,7.5900039
4001580868,"47 Hauptstrasse, 4148 Pfeffingen",parking,n/a,47.458161,7.5913503
4001580868,"47 Hauptstrasse, 4148 Pfeffingen",parking,Parkplatz Mehrzweckhalle,47.46092,7.5907921
4001314241,"Centralstrasse 93, 2540 Grenchen",restaurant,Metzgerhalle,47.1942997,7.3950991
4001314241,"Centralstrasse 93, 2540 Grenchen",restaurant,Moccaflor,47.1961879,7.3943219
4001253427,"Hubstrasse 42, 9500 Wil SG",atm,n/a,47.461859,9.0402821
4001253427,"Hubstrasse 42, 9500 Wil SG",fast_food,Säntis Kebap Pizza,47.4618958,9.0399905
4001253427,"Hubstrasse 42, 9500 Wil SG",bar,Vibes Lounge Bar Hookah,47.4618134,9.0406999
4001253427,"Hubstrasse 42, 9500 Wil SG",fast_food,Vedo Bistro,47.461376,9.0407412
4001253427,"Hubstrasse 42, 9500 Wil SG",school,Rudolf Steiner Schule,47.4619265,9.0376909
4001253427,"Hubstrasse 42, 9500 Wil SG",restaurant,Restaurant Fass,47.4611199,9.0401861
4001253427,"Hubstrasse 42, 9500 Wil SG",fast_food,Dieci Pizzakurier,47.4615155,9.0349947
4001253427,"Hubstrasse 42, 9500 Wil SG",restaurant,Railside Kebab,47.4614121,9.041295
4001232560,"Via Boscioro 18, 6962 Viganello",cafe,Dama's Cafe,46.0146642,8.9638199
4001232560,"Via Boscioro 18, 6962 Viganello",restaurant,I peccati di Bech,46.0141602,8.9604742
4001232560,"Via Boscioro 18, 6962 Viganello",school,Scuola Media di Viganello,46.0146245,8.9618134
4001232560,"Via Boscioro 18, 6962 Viganello",fast_food,La Lupa,46.0144762,8.9626969
4001232560,"Via Boscioro 18, 6962 Viganello",bar,Bar Murales,46.0147159,8.9622189
4001232560,"Via Boscioro 18, 6962 Viganello",school,Scuola d'arti e mestieri della sartoria Lugano,46.0128803,8.9609127
4001232560,"Via Boscioro 18, 6962 Viganello",library,Biblioteca della Scuola Media di Viganello,46.0138052,8.9614052
4001232560,"Via Boscioro 18, 6962 Viganello",university,Settore C,46.0123832,8.9611828
4001232560,"Via Boscioro 18, 6962 Viganello",parking,n/a,46.0127415,8.9625765
4001200920,"Bahnhofstrasse 8, 8902 Urdorf",restaurant,Bahnhöfli,47.3903913,8.4340076
4001200920,"Bahnhofstrasse 8, 8902 Urdorf",restaurant,Il Gabbino,47.3898727,8.4316443
4001011109,"Johann Brüderlin-Strasse 18, 4132 Muttenz",fast_food,Cafe & More,47.5267647,7.6471139
4001011109,"Johann Brüderlin-Strasse 18, 4132 Muttenz",restaurant,Coop Restaurant,47.5276346,7.6476003
4001011109,"Johann Brüderlin-Strasse 18, 4132 Muttenz",atm,n/a,47.5267901,7.6477194
4001011109,"Johann Brüderlin-Strasse 18, 4132 Muttenz",bank,Raiffeisenbank Arlesheim,47.5266295,7.6470612
4001011109,"Johann Brüderlin-Strasse 18, 4132 Muttenz",fast_food,Dönerstop,47.5268261,7.6472043
4001011109,"Johann Brüderlin-Strasse 18, 4132 Muttenz",bank,UBS,47.5262386,7.6474316
4001011109,"Johann Brüderlin-Strasse 18, 4132 Muttenz",parking,n/a,47.5275499,7.6510429
4001011109,"Johann Brüderlin-Strasse 18, 4132 Muttenz",pharmacy,TopPharm Apotheke Arbogast,47.52795,7.6470153
4002077790,"Clausiusstrasse 67, 8006 Zürich",library,GESS-Bibliothek,47.3802178,8.5447287
4002077790,"Clausiusstrasse 67, 8006 Zürich",school,Schule Minerva Zürich,47.3818918,8.5455529
4002075469,"Rorschacher Strasse 124, 9000 St. Gallen",parking,n/a,47.4311036,9.3955128
4002075469,"Rorschacher Strasse 124, 9000 St. Gallen",parking,P5,47.4294834,9.3945826
4002075469,"Rorschacher Strasse 124, 9000 St. Gallen",restaurant,Hockstübli,47.4327889,9.3949227
4002075469,"Rorschacher Strasse 124, 9000 St. Gallen",restaurant,Terronia Gusto & Musica,47.4309179,9.3946892
4002075469,"Rorschacher Strasse 124, 9000 St. Gallen",restaurant,Venezia,47.4309701,9.3932254
4002075469,"Rorschacher Strasse 124, 9000 St. Gallen",parking,P4,47.4301944,9.3951796
4002075469,"Rorschacher Strasse 124, 9000 St. Gallen",parking,n/a,47.4294275,9.394355
4002075469,"Rorschacher Strasse 124, 9000 St. Gallen",restaurant,la bocca,47.4311103,9.3960185
4002075469,"Rorschacher Strasse 124, 9000 St. Gallen",atm,n/a,47.4311459,9.3955624
4002075452,"Etzelstrasse 9, 8832 Wollerau",restaurant,Nemo,47.195244,8.7252691
4002075452,"Etzelstrasse 9, 8832 Wollerau",restaurant,Verenahof,47.1941964,8.7209987
4002075452,"Etzelstrasse 9, 8832 Wollerau",restaurant,Restaurant Bahnhöfli,47.1952863,8.7242872
4002075244,"Schulhausstrasse 12, 8704 Herrliberg",library,Gemeinde- und Schulbibliothek Herrliberg,47.2881414,8.6131443
4002075228,"Luegislandstrasse 68, 8051 Zürich",restaurant,Wanwan,47.4067164,8.5677179
4002074947,"Wiesliacher 44, 8053 Zürich",restaurant,Wiesli 30,47.354368,8.598452
4002074782,"Schulstrasse 60, 8952 Schlieren",atm,n/a,47.3982313,8.4601566
4002074782,"Schulstrasse 60, 8952 Schlieren",fast_food,Burger King,47.3982476,8.4598508
4002074782,"Schulstrasse 60, 8952 Schlieren",parking,n/a,47.3984759,8.4589797
4002074782,"Schulstrasse 60, 8952 Schlieren",restaurant,Karun,47.3981483,8.4591813
4002074782,"Schulstrasse 60, 8952 Schlieren",clinic,USZ Wagi 14,47.3984275,8.4583832
4002074613,"Ferdinand Hodlerstrasse 32, 8049 Zürich",restaurant,Zweifels Weinbeiz,47.404036,8.4967746
4002074613,"Ferdinand Hodlerstrasse 32, 8049 Zürich",restaurant,Restaurant am Brühlbach,47.4035729,8.4986268
4002073824,"Asylstrasse 9, 8810 Horgen",parking,n/a,47.2652725,8.5880155
4002073824,"Asylstrasse 9, 8810 Horgen",clinic,Policlinic,47.2627587,8.5887583
4002073824,"Asylstrasse 9, 8810 Horgen",pharmacy,n/a,47.263121,8.5892499
4002072918,"Runal 3, 7453 Tinizong",restaurant,la Scuntrada,46.5831034,9.617121
4002072494,"Himmeriweg 6, 8052 Seebach",cafe,Dolce Vita,47.4201213,8.5383051
4002072377,"Leimenstrasse 7, 4051 Basel",restaurant,Thai Food Kitchen 41,47.5564247,7.5832142
4002072377,"Leimenstrasse 7, 4051 Basel",library,Vera Oeri-Bibliothek,47.5555578,7.5857048
4002072377,"Leimenstrasse 7, 4051 Basel",library,Karger-Bibliothek,47.5545263,7.5828336
4002072377,"Leimenstrasse 7, 4051 Basel",restaurant,Restauration zur Harmonie,47.5571999,7.5843925
4002072377,"Leimenstrasse 7, 4051 Basel",restaurant,Tuk Tuk,47.5535627,7.5822564
4002072377,"Leimenstrasse 7, 4051 Basel",restaurant,Cantina E9,47.5543298,7.5819493
4002072377,"Leimenstrasse 7, 4051 Basel",restaurant,Antalya,47.5565553,7.5838656
4002072377,"Leimenstrasse 7, 4051 Basel",restaurant,Kastanienhof,47.5538533,7.5838468
4002072377,"Leimenstrasse 7, 4051 Basel",bar,ONO Deli Café Bar,47.5569555,7.5838349
4002072377,"Leimenstrasse 7, 4051 Basel",pharmacy,TopPharm Apotheke Hersberger,47.5567796,7.5854177
4002072377,"Leimenstrasse 7, 4051 Basel",restaurant,Aroma,47.5563689,7.5841585
4002072377,"Leimenstrasse 7, 4051 Basel",cafe,Café Luna,47.5569602,7.5846765
4002072377,"Leimenstrasse 7, 4051 Basel",clinic,Poliklinik für Kinder und Jugendliche,47.5561249,7.5832808
4002072377,"Leimenstrasse 7, 4051 Basel",bar,Spale Bar,47.556691,7.5849188
4002071326,"Rue des Epinettes, 1227 Genève",cafe,Dieci pizzeria,46.1913101,6.1351224
4002071326,"Rue des Epinettes, 1227 Genève",restaurant,Chez Ana,46.1913727,6.1362054
4002071326,"Rue des Epinettes, 1227 Genève",pharmacy,Pharmacie Populaire Epinettes,46.1888413,6.1367879
4002071326,"Rue des Epinettes, 1227 Genève",restaurant,Il Salento,46.1909282,6.1372105
4002071326,"Rue des Epinettes, 1227 Genève",restaurant,Le Bistrot Laz Nillo,46.1905606,6.1345372
4002071326,"Rue des Epinettes, 1227 Genève",restaurant,Le Lotus d'Or,46.1902815,6.1339813
4002071326,"Rue des Epinettes, 1227 Genève",university,Université de Genève - Section de Mathématiques,46.1918919,6.1376391
4002071326,"Rue des Epinettes, 1227 Genève",restaurant,Bang Yai,46.18982,6.1366939
4002071326,"Rue des Epinettes, 1227 Genève",pharmacy,Pharmacie Amavita,46.1917925,6.1368846
4002071326,"Rue des Epinettes, 1227 Genève",restaurant,Le Marziano,46.1910838,6.1332864
4002071326,"Rue des Epinettes, 1227 Genève",restaurant,La Cantina Chez Marco,46.1910687,6.1327895
4002071326,"Rue des Epinettes, 1227 Genève",cafe,Lusitana Pt,46.1904242,6.1342649
4002071326,"Rue des Epinettes, 1227 Genève",restaurant,Le Cyrano,46.1910117,6.1378171
4002071326,"Rue des Epinettes, 1227 Genève",restaurant,Maison L'Orélic,46.189575,6.1349649
4002071326,"Rue des Epinettes, 1227 Genève",restaurant,Mama cantina,46.1896485,6.1349093
4002071326,"Rue des Epinettes, 1227 Genève",restaurant,La Ruota,46.1895303,6.1345911
4002071326,"Rue des Epinettes, 1227 Genève",restaurant,La maison rouge,46.188979,6.1349597
4002071326,"Rue des Epinettes, 1227 Genève",restaurant,L'Appart,46.1899479,6.1370361
4002071326,"Rue des Epinettes, 1227 Genève",cafe,L'Echoppe d'Awen,46.1900197,6.135687
4002071326,"Rue des Epinettes, 1227 Genève",parking,n/a,46.1898869,6.1343876
4002071049,"Chemin de la Résidence, 1009 Pully",restaurant,Le chamarel restaurant,46.5067644,6.6659776
4002071049,"Chemin de la Résidence, 1009 Pully",restaurant,Da Roberto,46.5069205,6.667067
4002069703,"La Voie-du-Coin, 1218 Le Grand-Saconnex",restaurant,Delice Ange'Vin,46.2359347,6.1274322
4002069703,"La Voie-du-Coin, 1218 Le Grand-Saconnex",restaurant,I Sapori,46.2364546,6.1266914
4002069703,"La Voie-du-Coin, 1218 Le Grand-Saconnex",pub,Agneau à trois patttes,46.2371648,6.1277016
4002069522,"Oberburgstrasse 11a, 3400 Burgdorf",parking,Parkhaus Oberstadt,47.0548239,7.6247628
4002069522,"Oberburgstrasse 11a, 3400 Burgdorf",library,Stadtbibliothek Burgdorf,47.0549595,7.624077
4002069522,"Oberburgstrasse 11a, 3400 Burgdorf",parking,n/a,47.0520629,7.6240336
4002069522,"Oberburgstrasse 11a, 3400 Burgdorf",parking,n/a,47.0525625,7.6242762
4002068939,"Erachfeldstrasse 6, 8180 Bülach",bank,Migros Bank,47.5174001,8.5413684
4002068939,"Erachfeldstrasse 6, 8180 Bülach",restaurant,Storchen Bistro,47.5167006,8.5412402
4002068939,"Erachfeldstrasse 6, 8180 Bülach",library,Stadtbibliothek Bülach,47.5169331,8.5413789
4002068939,"Erachfeldstrasse 6, 8180 Bülach",restaurant,Stiftung Alterszentrum Region Bülach,47.5157539,8.5392057
4002065689,"Chemin du Dézaley 5, 1026 Echandens",atm,n/a,46.5298241,6.5405183
4002064891,"Chemin du Liaudoz 2, 1009 Pully",pharmacy,Sun Store,46.5112226,6.6598513
4002064891,"Chemin du Liaudoz 2, 1009 Pully",restaurant,Migros,46.511413,6.6598933
4002064891,"Chemin du Liaudoz 2, 1009 Pully",bank,UBS,46.5111444,6.6598202
4002064891,"Chemin du Liaudoz 2, 1009 Pully",school,Collège Pierre d'Arvel,46.5110423,6.6572343
4002064891,"Chemin du Liaudoz 2, 1009 Pully",restaurant,Le Delta,46.51116,6.6594544
4002064891,"Chemin du Liaudoz 2, 1009 Pully",school,Collège Arnold Reymond,46.5128953,6.6600484
4002064891,"Chemin du Liaudoz 2, 1009 Pully",fast_food,Migros Take Away,46.5114697,6.6598729
4002064891,"Chemin du Liaudoz 2, 1009 Pully",bank,Valiant,46.5107227,6.6596758
4002064891,"Chemin du Liaudoz 2, 1009 Pully",restaurant,Feuilles de Vigne,46.5115799,6.661441
4002062532,"Grand-Rue, 1204 Genève",bank,Falcon Private Bank,46.2031702,6.1456399
4002062532,"Grand-Rue, 1204 Genève",restaurant,Brasserie Lipp,46.2032464,6.1449351
4002062532,"Grand-Rue, 1204 Genève",restaurant,SMOK'ED,46.2022402,6.1485222
4002062532,"Grand-Rue, 1204 Genève",restaurant,La Crise,46.2019772,6.1453623
4002062532,"Grand-Rue, 1204 Genève",bank,UBS,46.2033056,6.1434816
4002062532,"Grand-Rue, 1204 Genève",restaurant,Le Rozzel,46.2018293,6.1455911
4002062532,"Grand-Rue, 1204 Genève",bar,New Navy Bar,46.1997457,6.1484877
4002062532,"Grand-Rue, 1204 Genève",library,Bibliothèque braille romande et livre parlé,46.1997707,6.1482834
4002062532,"Grand-Rue, 1204 Genève",cafe,La Clémence,46.2002116,6.1487995
4002062532,"Grand-Rue, 1204 Genève",pharmacy,Pharmacie du Bourg-de-Four,46.2004672,6.1490445
4002062532,"Grand-Rue, 1204 Genève",restaurant,L'Hôtel de Ville,46.2012612,6.1468905
4002062532,"Grand-Rue, 1204 Genève",library,Bibliothèque de la Cité,46.2028013,6.1450442
4002062532,"Grand-Rue, 1204 Genève",restaurant,Café Papon,46.2008035,6.1464792
4002062532,"Grand-Rue, 1204 Genève",restaurant,La Romantica,46.2029908,6.1455511
4002062532,"Grand-Rue, 1204 Genève",restaurant,La Boursière,46.202864,6.1454472
4002062532,"Grand-Rue, 1204 Genève",restaurant,Le Boël,46.2028589,6.1446638
4002062532,"Grand-Rue, 1204 Genève",restaurant,Le Perron,46.2021786,6.1482005
4002062532,"Grand-Rue, 1204 Genève",restaurant,Café Restaurant du Parc des Bastions,46.2007081,6.1445561
4002062532,"Grand-Rue, 1204 Genève",restaurant,Le Syracuse,46.1997593,6.1485477
4002062532,"Grand-Rue, 1204 Genève",fast_food,Bio Fred,46.2016827,6.1457378
4002062532,"Grand-Rue, 1204 Genève",bar,La Garçonniere,46.2028756,6.1456503
4002062532,"Grand-Rue, 1204 Genève",restaurant,Capocaccia - Rest./ Bar,46.2028606,6.1460428
4002062532,"Grand-Rue, 1204 Genève",restaurant,Chiang Mai,46.2027062,6.1443496
4002062532,"Grand-Rue, 1204 Genève",restaurant,L'interdit,46.2026761,6.1473434
4002062532,"Grand-Rue, 1204 Genève",bar,La Cantinela,46.2027934,6.1444743
4002062532,"Grand-Rue, 1204 Genève",pub,Spring Brothers Irish Pub,46.2018205,6.1452748
4002062532,"Grand-Rue, 1204 Genève",restaurant,Edward’s,46.2036658,6.1439194
4002062532,"Grand-Rue, 1204 Genève",restaurant,Osteria della Bottega,46.2024514,6.1448027
4002062532,"Grand-Rue, 1204 Genève",restaurant,Crêperie St-Pierre,46.2007795,6.1479269
4002062532,"Grand-Rue, 1204 Genève",bar,Le Roi Ubu,46.2015773,6.1462164
4002062532,"Grand-Rue, 1204 Genève",restaurant,Kisaku Sushi,46.2026068,6.1459244
4002062532,"Grand-Rue, 1204 Genève",bank,Banque Lombard Odier,46.2028959,6.143608
4002062532,"Grand-Rue, 1204 Genève",bank,UBS,46.2036092,6.1434255
4002062532,"Grand-Rue, 1204 Genève",restaurant,Karne,46.203123,6.1443789
4002062532,"Grand-Rue, 1204 Genève",restaurant,La Bottega,46.2018679,6.1438779
4002062532,"Grand-Rue, 1204 Genève",cafe,Le Bistrot des Arts,46.2003157,6.1488988
4002062532,"Grand-Rue, 1204 Genève",restaurant,A la Pomme d'Or,46.2002709,6.1488537
4002062532,"Grand-Rue, 1204 Genève",bar,Chez Jean-Luc,46.2033266,6.1439433
4002062532,"Grand-Rue, 1204 Genève",bar,22 Grand Rue,46.2018155,6.1458144
4002062532,"Grand-Rue, 1204 Genève",cafe,Ferdinand,46.1998354,6.1488467
4002062532,"Grand-Rue, 1204 Genève",restaurant,Yii ramen,46.2033331,6.1437708
4002062532,"Grand-Rue, 1204 Genève",restaurant,Restaurant des Antiquaires,46.2014392,6.1466721
4002062532,"Grand-Rue, 1204 Genève",restaurant,ByLù,46.2028056,6.1461988
4002062532,"Grand-Rue, 1204 Genève",restaurant,La Cantinella,46.2025653,6.1446625
4002062532,"Grand-Rue, 1204 Genève",cafe,Pages & Sips,46.20137,6.1467598
4002062532,"Grand-Rue, 1204 Genève",restaurant,Just Bloom,46.2033547,6.1452021
4002062532,"Grand-Rue, 1204 Genève",restaurant,Le 33,46.1997471,6.1484245
4002062532,"Grand-Rue, 1204 Genève",restaurant,Omusubi,46.2018455,6.1476199
4002062532,"Grand-Rue, 1204 Genève",cafe,Maison Rousseau Littérature,46.2013526,6.1465972
4002059883,"Friesstrasse 25, 8050 Zürich",fast_food,New Point,47.4140306,8.5452509
4002059883,"Friesstrasse 25, 8050 Zürich",restaurant,Golden India,47.414823,8.5457621
4002059883,"Friesstrasse 25, 8050 Zürich",restaurant,Libanès,47.4164324,8.5458225
4002059883,"Friesstrasse 25, 8050 Zürich",cafe,Hasan's Sandwich,47.4163931,8.5449222
4002059883,"Friesstrasse 25, 8050 Zürich",bar,Mahsen Shisha Bar,47.4141779,8.5468304
4002059883,"Friesstrasse 25, 8050 Zürich",fast_food,Pizza Pirata Kurier,47.4146509,8.5468205
4002059883,"Friesstrasse 25, 8050 Zürich",bar,Laila,47.4144437,8.5468378
4002059883,"Friesstrasse 25, 8050 Zürich",restaurant,Goranac,47.4151692,8.5468187
4002059883,"Friesstrasse 25, 8050 Zürich",bar,Shisha Club Handedan,47.4148534,8.546411
4002059883,"Friesstrasse 25, 8050 Zürich",fast_food,Food of Punjab,47.414125,8.5468159
4002059883,"Friesstrasse 25, 8050 Zürich",bar,Las Vegas City,47.41458,8.5464719
4002059883,"Friesstrasse 25, 8050 Zürich",fast_food,Dieci Pizzakurier,47.4168848,8.5456171
4002059883,"Friesstrasse 25, 8050 Zürich",school,AKAD Business Zürich,47.4154229,8.543807
4002059883,"Friesstrasse 25, 8050 Zürich",restaurant,Jungholz,47.4154095,8.5433938
4002059883,"Friesstrasse 25, 8050 Zürich",school,"Fachschule Viventa, Schulhaus Jungholz",47.4154943,8.543807
4002059883,"Friesstrasse 25, 8050 Zürich",school,Kalaidos Bildungsgruppe,47.4155643,8.543807
4002059883,"Friesstrasse 25, 8050 Zürich",fast_food,Franco's Pizza Service,47.4131275,8.5452264
4002059883,"Friesstrasse 25, 8050 Zürich",cafe,La Jolie - Das Beauty Café,47.4161137,8.5448637
4002059883,"Friesstrasse 25, 8050 Zürich",restaurant,Masal Dosa,47.4150211,8.5453199
4002059883,"Friesstrasse 25, 8050 Zürich",atm,n/a,47.4139536,8.5468951
4002059883,"Friesstrasse 25, 8050 Zürich",bar,New Point Shisha,47.4142024,8.5453131
4002059883,"Friesstrasse 25, 8050 Zürich",bar,Kult,47.4145606,8.5468379
4002059883,"Friesstrasse 25, 8050 Zürich",bar,Balkan,47.4143542,8.5468294
4002059883,"Friesstrasse 25, 8050 Zürich",cafe,BJK Çarsi,47.4142431,8.5468225
4002059465,"Schaffhauserplatz 10, 8006 Zürich",atm,Postfinance,47.392108,8.5382165
4002059465,"Schaffhauserplatz 10, 8006 Zürich",cafe,Kafischnaps,47.3912249,8.5359972
4002059465,"Schaffhauserplatz 10, 8006 Zürich",restaurant,La Casa,47.3901801,8.5400652
4002059465,"Schaffhauserplatz 10, 8006 Zürich",fast_food,Richie's Chicken,47.3905675,8.5394452
4002059465,"Schaffhauserplatz 10, 8006 Zürich",cafe,Bakery Bakery,47.3920571,8.5391006
4002059465,"Schaffhauserplatz 10, 8006 Zürich",cafe,Café Unterstrass,47.3921165,8.5386272
4002059465,"Schaffhauserplatz 10, 8006 Zürich",pharmacy,Apotheke Schaffhauserplatz,47.3916892,8.5383642
4002059465,"Schaffhauserplatz 10, 8006 Zürich",fast_food,Libanes Take Away,47.3928661,8.5392848
4002059465,"Schaffhauserplatz 10, 8006 Zürich",restaurant,Thali Indian Restaurant,47.390294,8.5392273
4002059465,"Schaffhauserplatz 10, 8006 Zürich",restaurant,Al Ventotto,47.3902274,8.538794
4002059465,"Schaffhauserplatz 10, 8006 Zürich",fast_food,Con Gusto,47.3919608,8.5390827
4002059465,"Schaffhauserplatz 10, 8006 Zürich",school,Gesamtschule Unterstrass,47.3925273,8.5362781
4002059465,"Schaffhauserplatz 10, 8006 Zürich",fast_food,Blooming Juice,47.3914598,8.539107
4002059352,"Schaffhauserplatz 10, 8006 Zürich",atm,Postfinance,47.392108,8.5382165
4002059352,"Schaffhauserplatz 10, 8006 Zürich",cafe,Kafischnaps,47.3912249,8.5359972
4002059352,"Schaffhauserplatz 10, 8006 Zürich",restaurant,La Casa,47.3901801,8.5400652
4002059352,"Schaffhauserplatz 10, 8006 Zürich",fast_food,Richie's Chicken,47.3905675,8.5394452
4002059352,"Schaffhauserplatz 10, 8006 Zürich",cafe,Bakery Bakery,47.3920571,8.5391006
4002059352,"Schaffhauserplatz 10, 8006 Zürich",cafe,Café Unterstrass,47.3921165,8.5386272
4002059352,"Schaffhauserplatz 10, 8006 Zürich",pharmacy,Apotheke Schaffhauserplatz,47.3916892,8.5383642
4002059352,"Schaffhauserplatz 10, 8006 Zürich",fast_food,Libanes Take Away,47.3928661,8.5392848
4002059352,"Schaffhauserplatz 10, 8006 Zürich",restaurant,Thali Indian Restaurant,47.390294,8.5392273
4002059352,"Schaffhauserplatz 10, 8006 Zürich",restaurant,Al Ventotto,47.3902274,8.538794
4002059352,"Schaffhauserplatz 10, 8006 Zürich",fast_food,Con Gusto,47.3919608,8.5390827
4002059352,"Schaffhauserplatz 10, 8006 Zürich",school,Gesamtschule Unterstrass,47.3925273,8.5362781
4002059352,"Schaffhauserplatz 10, 8006 Zürich",fast_food,Blooming Juice,47.3914598,8.539107
4002059201,"Widenhubstrasse 8, 8552 Felben-Wellhausen",atm,n/a,47.5787701,8.9413902
4002059201,"Widenhubstrasse 8, 8552 Felben-Wellhausen",restaurant,Frohsinn,47.5781166,8.939776
4002057244,"Ernst-Schüler-Strasse 30, 2502 Biel",pharmacy,Amavita,47.1402495,7.2473919
4002057244,"Ernst-Schüler-Strasse 30, 2502 Biel",fast_food,QiLi,47.1405373,7.2479025
4002057244,"Ernst-Schüler-Strasse 30, 2502 Biel",fast_food,La viLLa,47.1401046,7.2479194
4002057244,"Ernst-Schüler-Strasse 30, 2502 Biel",library,Stadtbibliothek - Bibliothèque de la Ville Biel/Bienne,47.1401046,7.2486672
4002057244,"Ernst-Schüler-Strasse 30, 2502 Biel",atm,Postfinance,47.1399601,7.2487567
4002057244,"Ernst-Schüler-Strasse 30, 2502 Biel",parking,Altstadt Parking - Parking de la Vieille Ville,47.1419808,7.248556
4002057244,"Ernst-Schüler-Strasse 30, 2502 Biel",restaurant,Baan Thai,47.1413858,7.2485194
4002057244,"Ernst-Schüler-Strasse 30, 2502 Biel",bar,No Stress,47.1414148,7.2471918
4002057244,"Ernst-Schüler-Strasse 30, 2502 Biel",fast_food,küBBan,47.1410938,7.2471498
4002057244,"Ernst-Schüler-Strasse 30, 2502 Biel",cafe,Le Panetier,47.1403256,7.2480657
4002057244,"Ernst-Schüler-Strasse 30, 2502 Biel",fast_food,Chez Habib,47.1409914,7.2470321
4002057244,"Ernst-Schüler-Strasse 30, 2502 Biel",bar,Dan'ton-Ku,47.1409465,7.2469779
4002057244,"Ernst-Schüler-Strasse 30, 2502 Biel",parking,City Parking,47.1388689,7.2473797
4002057244,"Ernst-Schüler-Strasse 30, 2502 Biel",restaurant,Chok Dee,47.1400215,7.2467716
4002057244,"Ernst-Schüler-Strasse 30, 2502 Biel",bar,Beer o'Clock,47.1403258,7.2468367
4002057244,"Ernst-Schüler-Strasse 30, 2502 Biel",cafe,Back Caffee,47.1399642,7.2466222
4002057244,"Ernst-Schüler-Strasse 30, 2502 Biel",bar,Biennoiserie,47.1415062,7.2472088
4002057244,"Ernst-Schüler-Strasse 30, 2502 Biel",school,Dufour,47.1396849,7.2477041
4002057244,"Ernst-Schüler-Strasse 30, 2502 Biel",cafe,Café zur alten Mühle,47.1412948,7.2475439
4002057244,"Ernst-Schüler-Strasse 30, 2502 Biel",cafe,Äss Bar,47.1402941,7.2467642
4002057244,"Ernst-Schüler-Strasse 30, 2502 Biel",restaurant,Mai Thai,47.1404681,7.2479805
4002057244,"Ernst-Schüler-Strasse 30, 2502 Biel",restaurant,Barrique,47.1386632,7.2496519
4002057244,"Ernst-Schüler-Strasse 30, 2502 Biel",fast_food,Hot Food,47.138212,7.2501322
4002057244,"Ernst-Schüler-Strasse 30, 2502 Biel",bar,Privilège Snack Bar,47.1383153,7.2503466
4002057244,"Ernst-Schüler-Strasse 30, 2502 Biel",bar,L'Heure Bleue,47.1388935,7.2491499
4002057244,"Ernst-Schüler-Strasse 30, 2502 Biel",bar,Astoria,47.1389305,7.2494301
4002057244,"Ernst-Schüler-Strasse 30, 2502 Biel",bar,Star,47.139392,7.2493812
4002057244,"Ernst-Schüler-Strasse 30, 2502 Biel",fast_food,Pizza King,47.1394724,7.2493
4002057244,"Ernst-Schüler-Strasse 30, 2502 Biel",cafe,Cafe Flora,47.1387824,7.2488328
4002057244,"Ernst-Schüler-Strasse 30, 2502 Biel",bar,Panini Bar,47.1390627,7.247225
4002057244,"Ernst-Schüler-Strasse 30, 2502 Biel",restaurant,Hou Kei,47.1389748,7.2470151
4002057244,"Ernst-Schüler-Strasse 30, 2502 Biel",restaurant,Pizza Italia,47.1413402,7.2491843
4002057244,"Ernst-Schüler-Strasse 30, 2502 Biel",bar,Sporting Bar,47.1402854,7.248134
4002057244,"Ernst-Schüler-Strasse 30, 2502 Biel",cafe,Sporting,47.1402552,7.2481365
4002057244,"Ernst-Schüler-Strasse 30, 2502 Biel",bar,Bar Aka,47.1401572,7.2478914
4002057244,"Ernst-Schüler-Strasse 30, 2502 Biel",restaurant,Pro Ticino,47.1416568,7.2493922
4002055428,"Müllheimerstrasse 53, 4057 Basel",restaurant,Delfin,47.5665578,7.5917694
4002055428,"Müllheimerstrasse 53, 4057 Basel",cafe,Da Graziella,47.5664559,7.5928691
4002055428,"Müllheimerstrasse 53, 4057 Basel",pharmacy,Klybeck Apotheke,47.5656841,7.591063
4002055428,"Müllheimerstrasse 53, 4057 Basel",cafe,Didi Bar,47.5656436,7.5934442
4002055428,"Müllheimerstrasse 53, 4057 Basel",restaurant,Bon Gout,47.566215,7.5913795
4002055428,"Müllheimerstrasse 53, 4057 Basel",restaurant,Taste of Mykonos,47.5660236,7.5909437
4002055428,"Müllheimerstrasse 53, 4057 Basel",bar,Alpenblick,47.5659372,7.5909695
4002055428,"Müllheimerstrasse 53, 4057 Basel",fast_food,Lu,47.5662885,7.5918563
4002055428,"Müllheimerstrasse 53, 4057 Basel",fast_food,Vegitat,47.5656938,7.5913352
4002055428,"Müllheimerstrasse 53, 4057 Basel",bar,Friends Bar,47.5663064,7.5907055
4002055428,"Müllheimerstrasse 53, 4057 Basel",restaurant,Valentino's Place,47.5658489,7.590881
4002055428,"Müllheimerstrasse 53, 4057 Basel",cafe,Internetcafé Planet13,47.56559,7.5913444
4002055428,"Müllheimerstrasse 53, 4057 Basel",fast_food,Astro Fries,47.5664318,7.5925697
4002055428,"Müllheimerstrasse 53, 4057 Basel",atm,n/a,47.5661075,7.5909485
4002055428,"Müllheimerstrasse 53, 4057 Basel",restaurant,VITO Klybeck,47.5672076,7.5908596
4002055428,"Müllheimerstrasse 53, 4057 Basel",restaurant,Fujin Sushi bar,47.567279,7.5908338
4002055428,"Müllheimerstrasse 53, 4057 Basel",restaurant,Concordia,47.5655363,7.5920557
4002055428,"Müllheimerstrasse 53, 4057 Basel",bar,Rouine,47.5666217,7.5924914
4002055428,"Müllheimerstrasse 53, 4057 Basel",restaurant,Boo,47.5670345,7.5909027
4002055428,"Müllheimerstrasse 53, 4057 Basel",restaurant,Chanthaburi,47.56648,7.5916548
4002055428,"Müllheimerstrasse 53, 4057 Basel",fast_food,Sultan Saray,47.5664562,7.5914046
4002055428,"Müllheimerstrasse 53, 4057 Basel",fast_food,VeggEast,47.565946,7.5897567
4002055428,"Müllheimerstrasse 53, 4057 Basel",cafe,Finkmüller,47.5658557,7.5912746
4002055428,"Müllheimerstrasse 53, 4057 Basel",fast_food,The Siam Delicious,47.5662091,7.5912098
4002055428,"Müllheimerstrasse 53, 4057 Basel",fast_food,Lu,47.5663068,7.5918813
4002055428,"Müllheimerstrasse 53, 4057 Basel",restaurant,Chanthabury,47.566474,7.5916367
4002055428,"Müllheimerstrasse 53, 4057 Basel",atm,Värdex Crypto ATM,47.5661956,7.5900746
4002055297,"Kurhausstrasse 80, 8032 Zürich",restaurant,Dolder Golfclub - Restaurant,47.3722886,8.5741221
4002055297,"Kurhausstrasse 80, 8032 Zürich",restaurant,Mikuriya,47.3728228,8.5733976
4002055297,"Kurhausstrasse 80, 8032 Zürich",bar,Canvas Bar & Lounge,47.3727222,8.573421
4002055297,"Kurhausstrasse 80, 8032 Zürich",restaurant,Saltz,47.3727477,8.5729014
4002055297,"Kurhausstrasse 80, 8032 Zürich",restaurant,The Restaurant,47.3727248,8.5727507
4002054083,"Aeussere Lange Heid 14, 4142 Münchenstein",restaurant,n/a,47.5247632,7.6045842
4002052713,"Wächlenstrasse 25, 8832 Wollerau",bank,Raiffeisen,47.1963364,8.7220248
4002052713,"Wächlenstrasse 25, 8832 Wollerau",pharmacy,Höfner Apotheke,47.1966302,8.7229069
4002052713,"Wächlenstrasse 25, 8832 Wollerau",atm,n/a,47.19628,8.7220919
4002052713,"Wächlenstrasse 25, 8832 Wollerau",parking,n/a,47.1961498,8.7225836
4002051744,"Untere Leimenstrasse 1, 8718 Schänis",restaurant,Bären,47.160203,9.046214
4002051744,"Untere Leimenstrasse 1, 8718 Schänis",bank,Raiffeisenbank Schänis-Amden,47.1586727,9.0456476
4002051744,"Untere Leimenstrasse 1, 8718 Schänis",library,Gemeindebibliothek,47.1597769,9.0457572
4002049133,"Grenzstrasse 36, 5525 Fischbach-Göslikon",restaurant,Restaurant Reusstal,47.3735434,8.3046786
4002047956,"Nordstrasse 5, 8006 Zürich",restaurant,Chuchi am Wasser,47.3830272,8.5396636
4002047956,"Nordstrasse 5, 8006 Zürich",restaurant,Drei Stuben,47.3832538,8.5416447
4002047956,"Nordstrasse 5, 8006 Zürich",restaurant,Pizzeria Veneziana,47.383118,8.5413332
4002047956,"Nordstrasse 5, 8006 Zürich",fast_food,Curry Corner,47.3833287,8.541864
4002047956,"Nordstrasse 5, 8006 Zürich",library,Bibliothek des Schweizerischen Instituts für Kinder- und Jugendmedien SIKJM,47.3845291,8.5397558
4002047956,"Nordstrasse 5, 8006 Zürich",school,Dayschool Beckenhof,47.3834916,8.5413134
4002047956,"Nordstrasse 5, 8006 Zürich",restaurant,Bimbi's Take Away,47.3825112,8.5414846
4002045379,"Bornstrasse 21, 4612 Wangen bei Olten",restaurant,Kafi Dünnere,47.3405127,7.8711211
4002044550,"Teufenerstrasse 180, 9012 St. Gallen",atm,n/a,47.4089584,9.3676707
4002042218,"Erlenmattstrasse 10, 4058 Basel",fast_food,Maulbeergrill,47.5676143,7.6023449
4002042218,"Erlenmattstrasse 10, 4058 Basel",bar,Qbarana Lounge Bar,47.5687669,7.6018111
4002042218,"Erlenmattstrasse 10, 4058 Basel",bar,Carambolage,47.5683278,7.6004231
4002042218,"Erlenmattstrasse 10, 4058 Basel",pub,Cafe 360,47.5676417,7.6024174
4002042218,"Erlenmattstrasse 10, 4058 Basel",library,feministische bibliothek @spit,47.5684445,7.6009464
4002042218,"Erlenmattstrasse 10, 4058 Basel",pharmacy,Coop Vitality,47.5697544,7.6036227
4002042218,"Erlenmattstrasse 10, 4058 Basel",restaurant,Matt & Elly Brewery & Kitchen,47.56969,7.6034296
4002042218,"Erlenmattstrasse 10, 4058 Basel",school,Primarschulhaus Erlenmatt,47.5689989,7.6004078
4002042218,"Erlenmattstrasse 10, 4058 Basel",restaurant,Kitchen 41,47.5674377,7.6017047
4002042146,"Zürichstr. 50, 8184 Bachenbülach",parking,n/a,47.5031039,8.5452084
4002042146,"Zürichstr. 50, 8184 Bachenbülach",restaurant,San Marco,47.5037865,8.5464341
4002042146,"Zürichstr. 50, 8184 Bachenbülach",restaurant,Zum Freihof,47.5030653,8.5455342
4002042146,"Zürichstr. 50, 8184 Bachenbülach",parking,n/a,47.5035979,8.5468663
4002042146,"Zürichstr. 50, 8184 Bachenbülach",parking,n/a,47.5032722,8.5448438
4002039268,"Höschgasse 83, 8008 Zürich",restaurant,Yooji's,47.3582879,8.5541672
4002039268,"Höschgasse 83, 8008 Zürich",restaurant,Gesundheitszentrum für das Alter Wildbach,47.3575819,8.5575836
4002039268,"Höschgasse 83, 8008 Zürich",restaurant,Neumünster,47.3596206,8.5585046
4002039268,"Höschgasse 83, 8008 Zürich",atm,Postfinance,47.3577163,8.5540421
4002039268,"Höschgasse 83, 8008 Zürich",pub,D-Vino,47.3584615,8.553987
4002039268,"Höschgasse 83, 8008 Zürich",restaurant,blindekuh,47.3583286,8.5571633
4002039268,"Höschgasse 83, 8008 Zürich",pharmacy,TopPharm Apotheke Höschgasse,47.3577116,8.5547536
4002039268,"Höschgasse 83, 8008 Zürich",cafe,Confiserie Freytag,47.357029,8.5549279
4002039268,"Höschgasse 83, 8008 Zürich",library,PBZ Bibliothek Riesbach,47.3592693,8.5539566
4002039268,"Höschgasse 83, 8008 Zürich",restaurant,Totò,47.3580896,8.5538491
4002039268,"Höschgasse 83, 8008 Zürich",restaurant,Iroquois,47.3582918,8.5537364
4002039268,"Höschgasse 83, 8008 Zürich",cafe,GZ Riesbach Cafeteria,47.359245,8.5540563
4002039268,"Höschgasse 83, 8008 Zürich",school,"Tandem IMS, Zürich",47.3585537,8.5542336
4002037810,"Badgasse 5, 9320 Arbon",library,Stadtbibliothek Arbon,47.5165385,9.4360002
4002037810,"Badgasse 5, 9320 Arbon",fast_food,Dido,47.5157682,9.4362599
4002037810,"Badgasse 5, 9320 Arbon",restaurant,Hostaria,47.5156158,9.4359752
4002037810,"Badgasse 5, 9320 Arbon",fast_food,Asia Go Go,47.5157926,9.4361916
4002037810,"Badgasse 5, 9320 Arbon",pub,9320 Irish Pub,47.5159305,9.4354134
4002037810,"Badgasse 5, 9320 Arbon",bar,Obertor,47.5160579,9.4341919
4002037810,"Badgasse 5, 9320 Arbon",bar,Jacks Bar,47.5179655,9.4360928
4002037810,"Badgasse 5, 9320 Arbon",restaurant,Pietro,47.5165867,9.4355503
4002037810,"Badgasse 5, 9320 Arbon",restaurant,Goodys Deli,47.5166422,9.4357987
4002037810,"Badgasse 5, 9320 Arbon",parking,n/a,47.5157268,9.4363932
4002037810,"Badgasse 5, 9320 Arbon",restaurant,s'Zwei,47.516213,9.4357118
4002037810,"Badgasse 5, 9320 Arbon",fast_food,Nefis,47.5159264,9.4350588
4002037810,"Badgasse 5, 9320 Arbon",bar,Sola,47.5159651,9.4347259
4002037810,"Badgasse 5, 9320 Arbon",parking,Parkhaus ZIK Weitegasse,47.5167197,9.4362719
4002037810,"Badgasse 5, 9320 Arbon",parking,Parkhaus ZIK Schlossgasse,47.5163733,9.4371017
4002036004,"Hauptstrasse 40, 5070 Frick",bar,Frick's monti,47.5081689,8.0204184
4002036004,"Hauptstrasse 40, 5070 Frick",restaurant,Kaschmir,47.508043,8.015933
4002036004,"Hauptstrasse 40, 5070 Frick",pharmacy,Storchen Apotheke,47.5096952,8.0173795
4002036004,"Hauptstrasse 40, 5070 Frick",pharmacy,Löwen Apotheke,47.5083172,8.0194956
4002036004,"Hauptstrasse 40, 5070 Frick",fast_food,Bilen Kebap,47.5090678,8.0177487
4002036004,"Hauptstrasse 40, 5070 Frick",bank,Migros Bank,47.5070768,8.0210358
4002036004,"Hauptstrasse 40, 5070 Frick",bank,Raiffeisenbank Regio Frick,47.5091295,8.0184312
4002036004,"Hauptstrasse 40, 5070 Frick",restaurant,Coop Restaurant,47.5086598,8.0189006
4002036004,"Hauptstrasse 40, 5070 Frick",pharmacy,Coop Vitality,47.5088989,8.0188264
4002036004,"Hauptstrasse 40, 5070 Frick",cafe,Piazza,47.5090777,8.0185201
4002036004,"Hauptstrasse 40, 5070 Frick",restaurant,Peppino,47.5075219,8.0209473
4002036004,"Hauptstrasse 40, 5070 Frick",bank,Basellandschaftliche Kantonalbank,47.5082383,8.0196782
4002030700,"Bahnhofstrasse 4, 8932 Mettmenstetten",restaurant,zum weissen Rössli,47.2437622,8.4631377
4002030700,"Bahnhofstrasse 4, 8932 Mettmenstetten",parking,n/a,47.2434739,8.4637306
4002030700,"Bahnhofstrasse 4, 8932 Mettmenstetten",restaurant,Mättmi,47.2432946,8.4613952
4002030700,"Bahnhofstrasse 4, 8932 Mettmenstetten",bank,Clientis Sparcassa 1816,47.2440043,8.464205
4002030700,"Bahnhofstrasse 4, 8932 Mettmenstetten",bank,Raiffeisen,47.2432311,8.4609136
4002030700,"Bahnhofstrasse 4, 8932 Mettmenstetten",parking,n/a,47.2438197,8.4603227
4002029958,"Buhofstrasse 64a, 9424 Rheineck",restaurant,Buhof,47.4701199,9.5754279
4002024688,"Chapfstrasse 1, 8625 Gossau",restaurant,Rosengarten,47.3063621,8.7582492
4002024688,"Chapfstrasse 1, 8625 Gossau",restaurant,Pizzeria Laufenbach,47.3055261,8.7589912
4002024688,"Chapfstrasse 1, 8625 Gossau",pharmacy,Drogerie Büelgass,47.3058571,8.7571388
4002024688,"Chapfstrasse 1, 8625 Gossau",restaurant,Pizza For You,47.3051137,8.7577138
4002024688,"Chapfstrasse 1, 8625 Gossau",atm,n/a,47.3050095,8.7580214
4002023779,"Brünnenstrasse 108, 3018 Berna",restaurant,Coop Restaurant,46.9411104,7.3915363
4002023779,"Brünnenstrasse 108, 3018 Berna",pharmacy,Bümpliz-Apotheke & Drogerie,46.9417736,7.3932977
4002023779,"Brünnenstrasse 108, 3018 Berna",atm,n/a,46.9414067,7.3934605
4002023779,"Brünnenstrasse 108, 3018 Berna",restaurant,Osteria da Santo,46.9409166,7.3931688
4002023779,"Brünnenstrasse 108, 3018 Berna",restaurant,Sternen,46.9408357,7.3906067
4002023779,"Brünnenstrasse 108, 3018 Berna",bank,Berner Kantonalbank bekb,46.9420542,7.390505
4002023779,"Brünnenstrasse 108, 3018 Berna",bank,UBS,46.9402007,7.3900369
4002023779,"Brünnenstrasse 108, 3018 Berna",bar,Braubar,46.9412291,7.3929653
4002023779,"Brünnenstrasse 108, 3018 Berna",school,Schulhaus Dorf,46.943119,7.3903327
4002023779,"Brünnenstrasse 108, 3018 Berna",restaurant,Restaurant Tramway,46.9415515,7.3904218
4002023779,"Brünnenstrasse 108, 3018 Berna",fast_food,Fontana,46.9418904,7.3912422
4002023779,"Brünnenstrasse 108, 3018 Berna",bar,3018 Bar,46.9419209,7.391112
4002023779,"Brünnenstrasse 108, 3018 Berna",restaurant,SangWang,46.9421342,7.3895179
4002023779,"Brünnenstrasse 108, 3018 Berna",atm,n/a,46.9401822,7.3900983
4002023779,"Brünnenstrasse 108, 3018 Berna",atm,n/a,46.9413954,7.3934496
4002023779,"Brünnenstrasse 108, 3018 Berna",pharmacy,Brünnen-Apotheke,46.9414674,7.3915967
4002023779,"Brünnenstrasse 108, 3018 Berna",clinic,Kinderarztpraxis Bienzgut,46.9410975,7.3928817
4002023779,"Brünnenstrasse 108, 3018 Berna",library,Bibliothek Bümpliz,46.9411829,7.3927953
4002022514,"Stationsstrasse 31, 9014 St. Gallen",bank,St. Galler Kantonalbank,47.4090231,9.3314341
4002022514,"Stationsstrasse 31, 9014 St. Gallen",atm,n/a,47.4093039,9.3312335
4002022514,"Stationsstrasse 31, 9014 St. Gallen",pharmacy,Apotheke Bruggen,47.4090888,9.3316538
4002022514,"Stationsstrasse 31, 9014 St. Gallen",restaurant,Linde,47.4078358,9.3286473
4002022514,"Stationsstrasse 31, 9014 St. Gallen",atm,n/a,47.4089743,9.3312574
4002017368,"Buckhauserstrasse 45, 8048 Zürich",restaurant,UBS Restaurant Flur,47.382807,8.4929412
4002017368,"Buckhauserstrasse 45, 8048 Zürich",atm,UBS Bancomat,47.3828726,8.4929615
4002017368,"Buckhauserstrasse 45, 8048 Zürich",atm,UBS Bancomat,47.3852455,8.4961361
4002017368,"Buckhauserstrasse 45, 8048 Zürich",fast_food,Ruenthai 2 Take Away,47.3853736,8.4947825
4002017368,"Buckhauserstrasse 45, 8048 Zürich",restaurant,UBS Restaurant Snackeria Flurhof,47.3825966,8.4926584
4002017368,"Buckhauserstrasse 45, 8048 Zürich",restaurant,Thai Style,47.3838416,8.4947954
4002017368,"Buckhauserstrasse 45, 8048 Zürich",restaurant,Restaurant Buckhuser,47.3837393,8.4925808
4002017368,"Buckhauserstrasse 45, 8048 Zürich",school,SAE Institute Zürich,47.3845883,8.4919049
4002017368,"Buckhauserstrasse 45, 8048 Zürich",restaurant,Lunchmarket,47.3850743,8.4924041
4002017368,"Buckhauserstrasse 45, 8048 Zürich",bank,Valiant,47.3841976,8.4942783
4002017368,"Buckhauserstrasse 45, 8048 Zürich",restaurant,Intermezzo,47.3837329,8.4925606
4002017368,"Buckhauserstrasse 45, 8048 Zürich",school,kinder campus,47.3844657,8.4945248
4002017368,"Buckhauserstrasse 45, 8048 Zürich",parking,Medienpark,47.3844014,8.4950445
4002010471,"Zürcherstrasse 7, 8730 Uznach",bank,Raiffeisenbank Benken,47.2247244,8.9818078
4002010471,"Zürcherstrasse 7, 8730 Uznach",bank,St.Galler Kantonalbank,47.2242781,8.9826133
4002010471,"Zürcherstrasse 7, 8730 Uznach",restaurant,Restaurant Linth,47.224309,8.9820506
4002010471,"Zürcherstrasse 7, 8730 Uznach",school,Schulhaus Letzi,47.2251092,8.9838657
4002010471,"Zürcherstrasse 7, 8730 Uznach",school,Jugendhaus Schlössli,47.2253282,8.9842253
4002010471,"Zürcherstrasse 7, 8730 Uznach",school,Schulhaus Büel,47.2262426,8.9847777
4002010471,"Zürcherstrasse 7, 8730 Uznach",bank,Bank Linth,47.2248261,8.9832277
4002010471,"Zürcherstrasse 7, 8730 Uznach",pharmacy,n/a,47.224771,8.984745
4002010471,"Zürcherstrasse 7, 8730 Uznach",pub,The Canadian,47.2245665,8.9846103
4002010471,"Zürcherstrasse 7, 8730 Uznach",parking,n/a,47.2250287,8.9817634
4002010471,"Zürcherstrasse 7, 8730 Uznach",school,Oberstufenzentrum,47.226033,8.9837211
4002010471,"Zürcherstrasse 7, 8730 Uznach",school,Schulhaus Haslen,47.2262425,8.9842093
4002010471,"Zürcherstrasse 7, 8730 Uznach",school,Schulhaus Letzigraben,47.2253008,8.9836031
4002010471,"Zürcherstrasse 7, 8730 Uznach",atm,n/a,47.2241909,8.982494
4002010471,"Zürcherstrasse 7, 8730 Uznach",atm,n/a,47.2245022,8.9813483
4002010471,"Zürcherstrasse 7, 8730 Uznach",cafe,Gabriel,47.2243228,8.980543
4002010471,"Zürcherstrasse 7, 8730 Uznach",pharmacy,Amavita Frohsinn,47.2264174,8.9811583
4002010471,"Zürcherstrasse 7, 8730 Uznach",restaurant,House of Grill,47.2252829,8.9826899
4002010471,"Zürcherstrasse 7, 8730 Uznach",restaurant,Smile Elephant Foodtruck,47.2247465,8.9803552
4002010471,"Zürcherstrasse 7, 8730 Uznach",clinic,Psychiatrie-Zentrum Linthgebiet,47.2243785,8.9837341
4002010471,"Zürcherstrasse 7, 8730 Uznach",fast_food,n/a,47.2243149,8.9839334
4002010471,"Zürcherstrasse 7, 8730 Uznach",restaurant,Öxli - Bistro und Take-Away,47.2244709,8.9837516
4002009342,"Socinstrasse, 4051 Basel",restaurant,Pizzeria zum Schützen,47.5558167,7.5804921
4002009342,"Socinstrasse, 4051 Basel",restaurant,Rossini,47.5555234,7.5754589
4002009342,"Socinstrasse, 4051 Basel",cafe,Trend Café,47.5582138,7.5792858
4002009342,"Socinstrasse, 4051 Basel",restaurant,Restaurant La Gondola,47.5560239,7.575814
4002009342,"Socinstrasse, 4051 Basel",fast_food,Punjabi Shop,47.5557962,7.5759312
4002003069,"Rue de France 24, 2400 Le Locle",cafe,Lux,47.055618,6.7431871
4002003069,"Rue de France 24, 2400 Le Locle",parking,n/a,47.0551411,6.7437884
4002003069,"Rue de France 24, 2400 Le Locle",restaurant,Pizzeria du monde,47.0551252,6.742493
4002003069,"Rue de France 24, 2400 Le Locle",restaurant,La Vita e bella,47.0556983,6.744055
4002002339,"Seestrasse 72e, 9320 Arbon",parking,n/a,47.5217662,9.4178168
4002002339,"Seestrasse 72e, 9320 Arbon",parking,n/a,47.5216364,9.4183845
4002002339,"Seestrasse 72e, 9320 Arbon",parking,n/a,47.5220659,9.41811
4002002339,"Seestrasse 72e, 9320 Arbon",parking,n/a,47.5222023,9.4177391
4001997388,"Via Santuario 8, 6644 Orselina",cafe,Cecchettin,46.1764473,8.7945632
4001997388,"Via Santuario 8, 6644 Orselina",parking,n/a,46.1770255,8.7959014
4001997388,"Via Santuario 8, 6644 Orselina",library,Biblioteca del Santuario della Madonna del Sasso,46.1754229,8.7935609
4001987253,"Dornacherstrasse 3, 6003 Luzern",restaurant,Ampersand,47.0472189,8.3078567
4001987253,"Dornacherstrasse 3, 6003 Luzern",atm,n/a,47.0464013,8.3063568
4001987253,"Dornacherstrasse 3, 6003 Luzern",pub,Haifischbar,47.0465099,8.3043846
4001987253,"Dornacherstrasse 3, 6003 Luzern",restaurant,Helvetia,47.0459672,8.3068468
4001987253,"Dornacherstrasse 3, 6003 Luzern",restaurant,Weisses Schloss,47.045799,8.3051527
4001987253,"Dornacherstrasse 3, 6003 Luzern",cafe,Salü,47.0458283,8.3064919
4001987253,"Dornacherstrasse 3, 6003 Luzern",bar,Nachbar,47.0458738,8.305106
4001987253,"Dornacherstrasse 3, 6003 Luzern",restaurant,Wolf,47.0458038,8.3063911
4001987253,"Dornacherstrasse 3, 6003 Luzern",bar,Nefes Sisha Bar,47.0477079,8.3031947
4001987253,"Dornacherstrasse 3, 6003 Luzern",bar,Hanky Panky,47.0478726,8.3079876
4001987253,"Dornacherstrasse 3, 6003 Luzern",restaurant,Barbès,47.045985,8.30752
4001987253,"Dornacherstrasse 3, 6003 Luzern",restaurant,Da Luni,47.0470333,8.3069406
4001987253,"Dornacherstrasse 3, 6003 Luzern",restaurant,Korea Town,47.0475244,8.3075926
4001987253,"Dornacherstrasse 3, 6003 Luzern",fast_food,point24,47.0464889,8.307375
4001987253,"Dornacherstrasse 3, 6003 Luzern",cafe,Peperoncini,47.0454377,8.3037027
4001987253,"Dornacherstrasse 3, 6003 Luzern",bar,Penthouse,47.0481586,8.3055261
4001987253,"Dornacherstrasse 3, 6003 Luzern",restaurant,Mekong,47.0481843,8.3053784
4001987253,"Dornacherstrasse 3, 6003 Luzern",cafe,Arlecchino,47.0467197,8.3071913
4001987253,"Dornacherstrasse 3, 6003 Luzern",restaurant,Khoua Vientiane,47.0477535,8.3057646
4001987253,"Dornacherstrasse 3, 6003 Luzern",cafe,Coffeeshop,47.0482409,8.3055152
4001987253,"Dornacherstrasse 3, 6003 Luzern",restaurant,Thai Garden,47.0480892,8.3052711
4001987253,"Dornacherstrasse 3, 6003 Luzern",restaurant,La Cucina,47.0479172,8.3058605
4001987253,"Dornacherstrasse 3, 6003 Luzern",cafe,Kaffeekranz,47.0482343,8.3066261
4001987253,"Dornacherstrasse 3, 6003 Luzern",restaurant,Daniele Winebar,47.0466019,8.3063238
4001987253,"Dornacherstrasse 3, 6003 Luzern",restaurant,Kaiten,47.0467537,8.3061958
4001987253,"Dornacherstrasse 3, 6003 Luzern",restaurant,Angkor Take Away,47.0468927,8.3067295
4001987253,"Dornacherstrasse 3, 6003 Luzern",cafe,Stromboli,47.0464101,8.3064801
4001987253,"Dornacherstrasse 3, 6003 Luzern",bar,Matrix,47.0473207,8.3073968
4001987253,"Dornacherstrasse 3, 6003 Luzern",restaurant,El Rincón Argentino,47.0457467,8.3060473
4001987253,"Dornacherstrasse 3, 6003 Luzern",pharmacy,Neustadt Apotheke,47.0454013,8.3069846
4001987253,"Dornacherstrasse 3, 6003 Luzern",atm,n/a,47.0479337,8.3045833
4001987253,"Dornacherstrasse 3, 6003 Luzern",restaurant,Restaurant Fass,47.0462823,8.3043652
4001987253,"Dornacherstrasse 3, 6003 Luzern",bar,Café Nizza Bar,47.0482129,8.305887
4001987253,"Dornacherstrasse 3, 6003 Luzern",restaurant,by neville's indian dining,47.0464309,8.3064424
4001987253,"Dornacherstrasse 3, 6003 Luzern",bar,Hinicht,47.0468825,8.3050851
4001987253,"Dornacherstrasse 3, 6003 Luzern",parking,n/a,47.046599,8.3036954
4001987253,"Dornacherstrasse 3, 6003 Luzern",fast_food,Eva Kebab,47.047824,8.3029425
4001987253,"Dornacherstrasse 3, 6003 Luzern",bar,kostbar,47.0466715,8.3047733
4001987253,"Dornacherstrasse 3, 6003 Luzern",bank,Valiant,47.047833,8.3046518
4001987253,"Dornacherstrasse 3, 6003 Luzern",parking,Astoria,47.047852,8.3054265
4001987253,"Dornacherstrasse 3, 6003 Luzern",fast_food,Made in Sud,47.0470738,8.3038339
4001987253,"Dornacherstrasse 3, 6003 Luzern",bar,Kaspar,47.0485107,8.3063809
4001987253,"Dornacherstrasse 3, 6003 Luzern",fast_food,Dieci Pizzakurier,47.045078,8.3036813
4001987253,"Dornacherstrasse 3, 6003 Luzern",bar,milano bar,47.048899,8.305284
4001987253,"Dornacherstrasse 3, 6003 Luzern",bar,l‘arbre,47.0473095,8.3067358
4001987253,"Dornacherstrasse 3, 6003 Luzern",cafe,Café Nord,47.0450638,8.3065323
4001987253,"Dornacherstrasse 3, 6003 Luzern",cafe,Café Tacuba,47.0475037,8.3072101
4001987253,"Dornacherstrasse 3, 6003 Luzern",cafe,Glou,47.0458862,8.3066548
4001987253,"Dornacherstrasse 3, 6003 Luzern",parking,Parkhaus Hirzenmatt,47.0469387,8.3066768
4001987253,"Dornacherstrasse 3, 6003 Luzern",bar,Maison Bardot,47.0471224,8.3075352
4001987253,"Dornacherstrasse 3, 6003 Luzern",parking,n/a,47.0471592,8.3054565
4001987253,"Dornacherstrasse 3, 6003 Luzern",parking,n/a,47.0472541,8.3056869
4001987253,"Dornacherstrasse 3, 6003 Luzern",parking,n/a,47.0472161,8.3057343
4001987253,"Dornacherstrasse 3, 6003 Luzern",parking,n/a,47.0469948,8.3050399
4001987253,"Dornacherstrasse 3, 6003 Luzern",parking,n/a,47.0466471,8.3051742
4001987253,"Dornacherstrasse 3, 6003 Luzern",parking,n/a,47.0464917,8.3053149
4001987253,"Dornacherstrasse 3, 6003 Luzern",parking,n/a,47.0463908,8.305264
4001987253,"Dornacherstrasse 3, 6003 Luzern",parking,n/a,47.0460496,8.305142
4001987253,"Dornacherstrasse 3, 6003 Luzern",parking,n/a,47.0459225,8.3050267
4001987253,"Dornacherstrasse 3, 6003 Luzern",parking,n/a,47.0459749,8.3051544
4001987253,"Dornacherstrasse 3, 6003 Luzern",parking,n/a,47.0460469,8.3053398
4001987253,"Dornacherstrasse 3, 6003 Luzern",parking,n/a,47.0458578,8.3057303
4001987253,"Dornacherstrasse 3, 6003 Luzern",parking,n/a,47.0460072,8.3055963
4001987253,"Dornacherstrasse 3, 6003 Luzern",parking,n/a,47.0460415,8.3056885
4001987253,"Dornacherstrasse 3, 6003 Luzern",parking,n/a,47.0459031,8.3058049
4001987253,"Dornacherstrasse 3, 6003 Luzern",parking,n/a,47.0457647,8.305917
4001987253,"Dornacherstrasse 3, 6003 Luzern",parking,n/a,47.0456963,8.3054307
4001987253,"Dornacherstrasse 3, 6003 Luzern",parking,n/a,47.0451353,8.305739
4001987253,"Dornacherstrasse 3, 6003 Luzern",parking,n/a,47.0449278,8.306422
4001987253,"Dornacherstrasse 3, 6003 Luzern",parking,n/a,47.0448517,8.3065346
4001987253,"Dornacherstrasse 3, 6003 Luzern",parking,n/a,47.0447144,8.3061874
4001987253,"Dornacherstrasse 3, 6003 Luzern",parking,n/a,47.047652,8.3068071
4001987253,"Dornacherstrasse 3, 6003 Luzern",parking,n/a,47.0477576,8.3069284
4001987253,"Dornacherstrasse 3, 6003 Luzern",parking,n/a,47.047603,8.3065345
4001987253,"Dornacherstrasse 3, 6003 Luzern",parking,n/a,47.0474157,8.306077
4001987253,"Dornacherstrasse 3, 6003 Luzern",bar,Moderne Bar & Karussell,47.0484739,8.3060088
4001983870,"Scheuermattweg 4, 3007 Bern",restaurant,Maharani Palace,46.9377931,7.436531
4001983870,"Scheuermattweg 4, 3007 Bern",cafe,Café Alino,46.9405911,7.4360298
4001983870,"Scheuermattweg 4, 3007 Bern",pharmacy,Apotheke Rösli,46.939927,7.4365711
4001983870,"Scheuermattweg 4, 3007 Bern",fast_food,CONTACT take a way,46.9406238,7.4355286
4001983870,"Scheuermattweg 4, 3007 Bern",fast_food,HurryCurry,46.9409003,7.4360759
4001981304,"Lange Gasse 32, 4052 Basel",bank,LGT Bank,47.5503723,7.5986843
4001981304,"Lange Gasse 32, 4052 Basel",restaurant,UBS Coffee & Shop Il Giardino,47.5508086,7.597829
4001981304,"Lange Gasse 32, 4052 Basel",restaurant,Restaurant Murano,47.5521616,7.6007922
4001980204,"Rue Charles Monnard 6, 1003 Lausanne",restaurant,Oh! Liban,46.5167265,6.6358505
4001980204,"Rue Charles Monnard 6, 1003 Lausanne",restaurant,Le Lyrique,46.5175607,6.6376677
4001980204,"Rue Charles Monnard 6, 1003 Lausanne",restaurant,Pasta e Sfizi,46.5164356,6.6335973
4001980204,"Rue Charles Monnard 6, 1003 Lausanne",bar,Les Gosses du Québec,46.51719,6.63305
4001980204,"Rue Charles Monnard 6, 1003 Lausanne",bank,Crédit Agricole,46.5181273,6.6378084
4001980204,"Rue Charles Monnard 6, 1003 Lausanne",bank,Banque de Dépôts et de Gestion,46.5179455,6.6373908
4001980204,"Rue Charles Monnard 6, 1003 Lausanne",restaurant,Le Théâtre,46.5181142,6.6367574
4001980204,"Rue Charles Monnard 6, 1003 Lausanne",restaurant,Restaurant Mirabeau,46.5167543,6.6355174
4001980204,"Rue Charles Monnard 6, 1003 Lausanne",restaurant,Au chat noir,46.5176298,6.6372396
4001980204,"Rue Charles Monnard 6, 1003 Lausanne",bar,Bar Tabac,46.5180673,6.6348675
4001980204,"Rue Charles Monnard 6, 1003 Lausanne",restaurant,La Bruschetta,46.5171768,6.6334942
4001980204,"Rue Charles Monnard 6, 1003 Lausanne",restaurant,Le sémaphore,46.5159588,6.6333974
4001980204,"Rue Charles Monnard 6, 1003 Lausanne",restaurant,Jacques Restaurant,46.5178803,6.6357462
4001980204,"Rue Charles Monnard 6, 1003 Lausanne",atm,n/a,46.5160682,6.6347415
4001980204,"Rue Charles Monnard 6, 1003 Lausanne",restaurant,Shanti,46.5170787,6.6356229
4001980204,"Rue Charles Monnard 6, 1003 Lausanne",pharmacy,Amavita,46.5176214,6.6377637
4001980204,"Rue Charles Monnard 6, 1003 Lausanne",cafe,Bongusto Italiano,46.5180457,6.6380283
4001980204,"Rue Charles Monnard 6, 1003 Lausanne",restaurant,Taolé,46.5182422,6.6375334
4001980204,"Rue Charles Monnard 6, 1003 Lausanne",restaurant,Tayio,46.5181639,6.6380019
4001980204,"Rue Charles Monnard 6, 1003 Lausanne",restaurant,Dong Fang,46.5171473,6.6337062
4001980189,"Av. d'Echallens 8, 1004 Lausanne",fast_food,Big Kebab,46.5236804,6.6198721
4001980189,"Av. d'Echallens 8, 1004 Lausanne",pub,Le P'tit Bouchon,46.5249755,6.6205623
4001980189,"Av. d'Echallens 8, 1004 Lausanne",cafe,L'A-T-E-L-I-E-R,46.5268293,6.6198081
4001980189,"Av. d'Echallens 8, 1004 Lausanne",restaurant,Bufalà,46.5260973,6.6213801
4001980189,"Av. d'Echallens 8, 1004 Lausanne",pub,Le Casablanca,46.5267872,6.6180869
4001980189,"Av. d'Echallens 8, 1004 Lausanne",library,Bibliothèque Touche-à-Tout,46.525704,6.6221239
4001980189,"Av. d'Echallens 8, 1004 Lausanne",fast_food,Kabul Lausanne,46.5240481,6.623223
4001980189,"Av. d'Echallens 8, 1004 Lausanne",restaurant,Bạn,46.526068,6.6214397
4001980189,"Av. d'Echallens 8, 1004 Lausanne",restaurant,Bosquets,46.527116,6.6181752
4001980189,"Av. d'Echallens 8, 1004 Lausanne",bar,Lo-Fi,46.5269977,6.6183431
4001980189,"Av. d'Echallens 8, 1004 Lausanne",restaurant,Jajaffe,46.5268441,6.618615
4001980189,"Av. d'Echallens 8, 1004 Lausanne",cafe,Ponti,46.5246659,6.6213758
4001978372,"General-Guisan-Quai, 8002 Zürich",fast_food,Hafen Enge Beiz,47.3612318,8.5356923
4001978372,"General-Guisan-Quai, 8002 Zürich",restaurant,Ruen Tai,47.3637422,8.5325109
4001978372,"General-Guisan-Quai, 8002 Zürich",restaurant,La Mimosa,47.3635147,8.5339001
4001978372,"General-Guisan-Quai, 8002 Zürich",parking,n/a,47.363059,8.5339277
4001978372,"General-Guisan-Quai, 8002 Zürich",restaurant,Florentin,47.3629747,8.5324508
4001978372,"General-Guisan-Quai, 8002 Zürich",fast_food,Glacestand,47.3634656,8.5368696
4001978372,"General-Guisan-Quai, 8002 Zürich",fast_food,Glacestand,47.3627562,8.536994
4001978372,"General-Guisan-Quai, 8002 Zürich",cafe,Quai Café,47.3617428,8.5347847
4001978372,"General-Guisan-Quai, 8002 Zürich",restaurant,Spoon Thai Kitchen,47.3632634,8.5333524
4001976824,"Unterdorfstr. 11a, 3072 Ostermundigen",parking,n/a,46.9586752,7.4914276
4001976800,"Gutenbergstr. 39, 3011 Bern",restaurant,Piccola Napoli,46.9432488,7.4361178
4001976800,"Gutenbergstr. 39, 3011 Bern",restaurant,ängelibeck,46.9446901,7.4322271
4001976800,"Gutenbergstr. 39, 3011 Bern",restaurant,musigbistrot,46.9425205,7.4334896
4001976800,"Gutenbergstr. 39, 3011 Bern",fast_food,Delux Burger,46.944131,7.4326735
4001976800,"Gutenbergstr. 39, 3011 Bern",pub,Nelson,46.9428383,7.4361217
4001976800,"Gutenbergstr. 39, 3011 Bern",restaurant,Namaste India,46.9440749,7.4357829
4001976800,"Gutenbergstr. 39, 3011 Bern",restaurant,Mattehof Gastronomie,46.9434438,7.4323312
4001976800,"Gutenbergstr. 39, 3011 Bern",library,Alliance Sud InfoDoc Bern,46.9438184,7.4362301
4001976800,"Gutenbergstr. 39, 3011 Bern",school,"Berner Fachhochschule BFH, Departement Wirtschaft, Gesundheit, Soziale Arbeit",46.9448108,7.4324567
4001976800,"Gutenbergstr. 39, 3011 Bern",fast_food,Cèdre du Liban,46.9444823,7.4354816
4001976800,"Gutenbergstr. 39, 3011 Bern",clinic,Augen Zentrum Gutenberg,46.9445614,7.4348287
4001976800,"Gutenbergstr. 39, 3011 Bern",clinic,Augen Zentrum Prof. Fankhauser,46.9444648,7.4347504
4001976800,"Gutenbergstr. 39, 3011 Bern",fast_food,Thai Som tam,46.9440115,7.4326056
4001976800,"Gutenbergstr. 39, 3011 Bern",restaurant,Fabrique28,46.9439157,7.4356642
4001976800,"Gutenbergstr. 39, 3011 Bern",restaurant,City Pizzeria,46.9440145,7.4357364
4001976800,"Gutenbergstr. 39, 3011 Bern",restaurant,Asia Höck,46.9437576,7.4362244
4001976800,"Gutenbergstr. 39, 3011 Bern",fast_food,Indie Schweiz,46.9440702,7.4326216
4001976798,"Eigerstr. 60, 3007 Bern",restaurant,Tängi-Curry,46.9395675,7.4402537
4001976798,"Eigerstr. 60, 3007 Bern",restaurant,Maharani Palace,46.9377931,7.436531
4001976798,"Eigerstr. 60, 3007 Bern",cafe,Café Alino,46.9405911,7.4360298
4001976798,"Eigerstr. 60, 3007 Bern",pharmacy,Apotheke Rösli,46.939927,7.4365711
4001976798,"Eigerstr. 60, 3007 Bern",library,Bibliothek + Archiv Schweizerischer Gewerkschaftsbund,46.9415393,7.4361616
4001976798,"Eigerstr. 60, 3007 Bern",fast_food,CONTACT take a way,46.9406238,7.4355286
4001976798,"Eigerstr. 60, 3007 Bern",restaurant,Missione Cattolica Italiana,46.9410602,7.4345779
4001976798,"Eigerstr. 60, 3007 Bern",restaurant,Ragazzi di Berna,46.9399609,7.4402161
4001976798,"Eigerstr. 60, 3007 Bern",fast_food,HurryCurry,46.9409003,7.4360759
4001976700,"Eugen-Huber-Strasse 22, 8048 Zürich",cafe,Bistro uf em Chilehügel,47.3868818,8.484668
4001976700,"Eugen-Huber-Strasse 22, 8048 Zürich",school,Schule für Sehbehinderte,47.3850777,8.4861808
4001976165,"Waagtalstrasse 32, 8842 Unteriberg",restaurant,Felseneck,47.0562848,8.802128
4001976165,"Waagtalstrasse 32, 8842 Unteriberg",restaurant,Restaurant Alpenblick,47.0559512,8.8026369
4001976165,"Waagtalstrasse 32, 8842 Unteriberg",bank,Schwyzer Kantonalbank,47.0572534,8.8015555
4001974048,"Rue du Centre 8, 1025 Saint-Sulpice",school,n/a,46.5127383,6.5612655
4001973447,"Käpfnerweg 11, 8810 Horgen",fast_food,Dieci Pizzakurier,47.2547421,8.6149664
4001973447,"Käpfnerweg 11, 8810 Horgen",restaurant,Red Snapper,47.2550262,8.61738
4001973447,"Käpfnerweg 11, 8810 Horgen",cafe,Concept Store & Café BeJu,47.2536332,8.6183082
4001970767,"Ch. du Devin 57, 1012 Lausanne",parking,n/a,46.5312086,6.6517861
4001970767,"Ch. du Devin 57, 1012 Lausanne",parking,n/a,46.531182,6.6518164
4001970767,"Ch. du Devin 57, 1012 Lausanne",parking,n/a,46.5311032,6.6519281
4001970767,"Ch. du Devin 57, 1012 Lausanne",parking,n/a,46.5314019,6.6524828
4001970767,"Ch. du Devin 57, 1012 Lausanne",parking,n/a,46.5316027,6.652361
4001964148,"Hegenheimerstrasse 43, 4055 Basel",pharmacy,Cityring Apotheke,47.5619188,7.5736716
4001964148,"Hegenheimerstrasse 43, 4055 Basel",restaurant,Pho Asia Vietnamese Food,47.5614009,7.5743702
4001964148,"Hegenheimerstrasse 43, 4055 Basel",restaurant,Domino's Pizza,47.5615711,7.574275
4001964148,"Hegenheimerstrasse 43, 4055 Basel",restaurant,Milchhüsli,47.561151,7.574944
4001964148,"Hegenheimerstrasse 43, 4055 Basel",university,"Faculty of Psychology, University of Basel",47.5612651,7.5752961
4001964148,"Hegenheimerstrasse 43, 4055 Basel",cafe,Kaffeekanne,47.5603846,7.5715119
4001964148,"Hegenheimerstrasse 43, 4055 Basel",pharmacy,Sonnen-Apotheke,47.5605396,7.5721886
4001964148,"Hegenheimerstrasse 43, 4055 Basel",cafe,Kaphi,47.5593174,7.5735831
4001964127,"Route de la Veveyse 14, 1700 Fribourg",restaurant,Le Bistrot,46.7967009,7.1415532
4001964127,"Route de la Veveyse 14, 1700 Fribourg",pharmacy,Benu,46.7967123,7.1417728
4001964127,"Route de la Veveyse 14, 1700 Fribourg",cafe,n/a,46.7966456,7.140635
4001964127,"Route de la Veveyse 14, 1700 Fribourg",parking,n/a,46.7964006,7.1421972
4001956647,"Wiggisstrasse 14, 8752 Glarus Nord",parking,39 Tschachenstrasse,47.0918797,9.0659514
4001951399,"Rue du Lac 19, 1342 Le Pont",restaurant,Brasserie des Combières,46.6635611,6.3302135
4001940398,"Weinfelderstrasse 71, 8580 Amriswil",cafe,RössliBeck 8580,47.5460578,9.3003329
4001940398,"Weinfelderstrasse 71, 8580 Amriswil",atm,n/a,47.5464033,9.3008267
4001940398,"Weinfelderstrasse 71, 8580 Amriswil",bar,Viva,47.5464446,9.301238
4001940398,"Weinfelderstrasse 71, 8580 Amriswil",restaurant,Olivers,47.545315,9.2984732
4001940398,"Weinfelderstrasse 71, 8580 Amriswil",atm,n/a,47.5461664,9.2985122
4001940398,"Weinfelderstrasse 71, 8580 Amriswil",restaurant,Migros Restaurant,47.546917,9.2984135
4001940398,"Weinfelderstrasse 71, 8580 Amriswil",bank,Thurgauer Kantonalbank,47.546103,9.2984628
4001940398,"Weinfelderstrasse 71, 8580 Amriswil",bank,UBS,47.5466697,9.3006979
4001940398,"Weinfelderstrasse 71, 8580 Amriswil",restaurant,La Palma,47.5459024,9.2980102
4001940398,"Weinfelderstrasse 71, 8580 Amriswil",parking,n/a,47.5465235,9.3003876
4001940398,"Weinfelderstrasse 71, 8580 Amriswil",parking,n/a,47.5467036,9.3002938
4001940398,"Weinfelderstrasse 71, 8580 Amriswil",pharmacy,n/a,47.5468881,9.2983957
4001939155,"Im Stoffel 31, 8887 Mels",restaurant,Kraftwerk Mels,47.0432795,9.4154074
4001935507,"Hofgasse 4, 4144 Arlesheim",bank,Basellandschaftliche Kantonalbank,47.4936195,7.6200359
4001935507,"Hofgasse 4, 4144 Arlesheim",bank,UBS,47.4939327,7.6203576
4001935507,"Hofgasse 4, 4144 Arlesheim",restaurant,Adler,47.4934453,7.6190237
4001935507,"Hofgasse 4, 4144 Arlesheim",atm,n/a,47.4941935,7.6189383
4001935507,"Hofgasse 4, 4144 Arlesheim",restaurant,Ristorante Pizzeria Rössli,47.4932402,7.6218914
4001935507,"Hofgasse 4, 4144 Arlesheim",restaurant,Gasthaus zum Stärne,47.4949044,7.620001
4001935507,"Hofgasse 4, 4144 Arlesheim",restaurant,Restaurant Classico,47.4952761,7.6198948
4001935507,"Hofgasse 4, 4144 Arlesheim",pharmacy,Amavita,47.4939624,7.619964
4001935507,"Hofgasse 4, 4144 Arlesheim",pharmacy,Medbase Apotheke Arlesheim,47.4946516,7.6205719
4001935507,"Hofgasse 4, 4144 Arlesheim",restaurant,Restaurant Eremitage,47.4948122,7.6202482
4001905695,"Bruchstrasse 4, 6003 Luzern",parking,Kasernenplatz,47.0508766,8.2994715
4001905695,"Bruchstrasse 4, 6003 Luzern",parking,Schützenmatte,47.0510797,8.2989238
4001905695,"Bruchstrasse 4, 6003 Luzern",bar,Madeleine,47.0517989,8.2983325
4001905695,"Bruchstrasse 4, 6003 Luzern",pub,Bruch Brothers,47.0515689,8.2994196
4001905695,"Bruchstrasse 4, 6003 Luzern",bar,Hubbly Bubbly Lounge,47.0518303,8.2980208
4001905695,"Bruchstrasse 4, 6003 Luzern",bar,Bruchbar,47.0516565,8.2991774
4001905695,"Bruchstrasse 4, 6003 Luzern",restaurant,cabanas,47.0507787,8.299628
4001905695,"Bruchstrasse 4, 6003 Luzern",fast_food,Disco Pizza,47.0511592,8.3013225
4001905695,"Bruchstrasse 4, 6003 Luzern",cafe,Café Bar Lokal,47.0514772,8.301572
4001905695,"Bruchstrasse 4, 6003 Luzern",pub,Hafenbar zur Metzgerhalle,47.0514568,8.2998603
4001905695,"Bruchstrasse 4, 6003 Luzern",restaurant,Mee Marathi,47.0505484,8.3011839
4001905695,"Bruchstrasse 4, 6003 Luzern",cafe,ductus,47.0507554,8.2986771
4001905695,"Bruchstrasse 4, 6003 Luzern",restaurant,Kommod,47.0508255,8.2999768
4001892538,"Hofackerstrasse 15, 8032 Zürich",restaurant,ButchersTable,47.3615601,8.5603652
4001892538,"Hofackerstrasse 15, 8032 Zürich",fast_food,Spizzati,47.360488,8.5648892
4001892538,"Hofackerstrasse 15, 8032 Zürich",restaurant,Misoga,47.3614068,8.5608856
4001892538,"Hofackerstrasse 15, 8032 Zürich",pharmacy,Minerva Apotheke,47.3614842,8.5610538
4001892538,"Hofackerstrasse 15, 8032 Zürich",fast_food,Pimp Your Pizza,47.3624078,8.5611769
4001892538,"Hofackerstrasse 15, 8032 Zürich",cafe,Hegifret Kaffeefenster,47.3617836,8.5612343
4001892538,"Hofackerstrasse 15, 8032 Zürich",cafe,Marfa,47.3620459,8.5609414
4001887912,"Strada dra Vall, 6968 Sonvico",bank,Banca Raiffeisen,46.057695,8.9911938
4001887912,"Strada dra Vall, 6968 Sonvico",bar,n/a,46.0580861,8.9919022
4001887912,"Strada dra Vall, 6968 Sonvico",cafe,Bar Ticino,46.0579848,8.9914317
4001875100,"Hinterkirchweg 7, 4106 Therwil",pharmacy,Leimen-Apotheke,47.4992093,7.556722
4001875100,"Hinterkirchweg 7, 4106 Therwil",restaurant,Bahnhöfli,47.4994769,7.5568583
4001875100,"Hinterkirchweg 7, 4106 Therwil",restaurant,Trattoria Antichi Sapori,47.4995355,7.5545861
4001875100,"Hinterkirchweg 7, 4106 Therwil",restaurant,Cantina Toscana,47.4991063,7.5558821
4001875100,"Hinterkirchweg 7, 4106 Therwil",atm,n/a,47.4989614,7.5566975
4001875100,"Hinterkirchweg 7, 4106 Therwil",parking,n/a,47.4962739,7.5535994
4001875100,"Hinterkirchweg 7, 4106 Therwil",parking,n/a,47.4967198,7.5539992
4001875100,"Hinterkirchweg 7, 4106 Therwil",parking,n/a,47.4989468,7.5545262
4001875100,"Hinterkirchweg 7, 4106 Therwil",pharmacy,Dorf Drogerie,47.4994697,7.5551167
4001875100,"Hinterkirchweg 7, 4106 Therwil",atm,n/a,47.4994485,7.555641
4001875100,"Hinterkirchweg 7, 4106 Therwil",bank,Basellandschaftliche Kantonalbank,47.499493,7.5557509
4001875100,"Hinterkirchweg 7, 4106 Therwil",pub,Wunder Bar,47.4993501,7.5530192
4001875100,"Hinterkirchweg 7, 4106 Therwil",cafe,KAFFI-BAR Träumli,47.4994975,7.5547914
4001864560,"Spinnereistrasse, 8640 Rapperswil-Jona",cafe,Bäckerei Wick,47.2292486,8.8286305
4001864560,"Spinnereistrasse, 8640 Rapperswil-Jona",fast_food,MEMO Pizza & Kebab,47.2285388,8.8304919
4001864560,"Spinnereistrasse, 8640 Rapperswil-Jona",clinic,arztpraxis rapperswil,47.2282769,8.8269737
4001864560,"Spinnereistrasse, 8640 Rapperswil-Jona",restaurant,Nino Pizza,47.2290351,8.8309424
4001840934,"Einschlagweg 10, 4153 Reinach BL",atm,n/a,47.4897002,7.5985302
4001792610,"Schützenwisstr. 1, 8124 Maur",library,Gemeinde- und Schulbibliothek Maur,47.3401355,8.6693751
4001792610,"Schützenwisstr. 1, 8124 Maur",restaurant,Restaurant Sonne 8372,47.3404614,8.6691836
4001792610,"Schützenwisstr. 1, 8124 Maur",cafe,Schützenwies,47.3401095,8.6677246
4001792610,"Schützenwisstr. 1, 8124 Maur",parking,n/a,47.3403093,8.6694005
4001792610,"Schützenwisstr. 1, 8124 Maur",parking,n/a,47.3396475,8.6681753
4001785989,"Schädrütihalde, 6006 Luzern",parking,n/a,47.0549602,8.3440122
