address,price,lat,lon,property_id,rooms,area,cafe_count,cafe_present,restaurant_count,restaurant_present,bar_count,bar_present,pub_count,pub_present,fast_food_count,fast_food_present,school_count,school_present,university_count,university_present,library_count,library_present,hospital_count,hospital_present,clinic_count,clinic_present,pharmacy_count,pharmacy_present,bank_count,bank_present,atm_count,atm_present,bus_station_count,bus_station_present,parking_count,parking_present,total_amenities
"Bläsiring 10, 4057 Basel",2880,47.5683969,7.5871397,4002065802,4.5,115.0,2,1,4,1,1,1,2,1,1,1,0,0,0,0,1,1,0,0,0,0,2,1,0,0,1,1,0,0,1,1,15
"Erlenmattstr. 75, 4058 Basel",2880,47.5705088,7.6031744,4002039809,4.5,115.0,1,1,4,1,3,1,1,1,1,1,0,0,0,0,1,1,0,0,0,0,1,1,0,0,0,0,0,0,0,0,12
"Käferholzstrasse 60, 8057 Zürich",2880,47.4025426,8.532090116551142,4001947102,4.5,115.0,0,0,1,1,0,0,0,0,0,0,0,0,0,0,0,0,0,0,0,0,0,0,0,0,0,0,0,0,0,0,1
"Fahrnstrasse 25, 9402 Mörschwil",2880,47.4639669,9.432168388679248,4002080979,4.5,115.0,0,0,0,0,0,0,0,0,0,0,0,0,0,0,0,0,0,0,0,0,0,0,1,1,0,0,0,0,1,1,2
"weidstrasse 11, 8620 Wetzikon ZH",2880,47.3313055,8.797855599364542,4002077272,4.5,115.0,0,0,0,0,0,0,0,0,0,0,0,0,0,0,0,0,0,0,0,0,0,0,0,0,0,0,0,0,1,1,1
"Muttenzerstrasse 129, 4127 Birsfelden",2880,47.5447189,7.62688715,4002059199,4.5,115.0,0,0,1,1,0,0,0,0,0,0,0,0,0,0,0,0,0,0,0,0,0,0,0,0,0,0,0,0,5,1,6
"Volkmarstrasse 15, 8006 Zürich",2880,47.38532765,8.543725200223658,4002058756,4.5,115.0,0,0,1,1,0,0,0,0,0,0,1,1,0,0,0,0,0,0,0,0,0,0,0,0,0,0,0,0,0,0,2
"Niklaus Konrad-Strasse 4, 4500 Solothurn",2880,47.20451390210879,7.539104019684887,4002053936,4.5,115.0,5,1,19,1,3,1,1,1,7,1,1,1,0,0,0,0,0,0,0,0,1,1,0,0,3,1,0,0,2,1,42
"Hölzliweg 9, 8405 Winterthur",2880,47.4859972,8.77093975,4002014835,4.5,115.0,0,0,0,0,0,0,0,0,0,0,1,1,0,0,0,0,0,0,0,0,1,1,0,0,0,0,0,0,0,0,2
"Weidmannstrasse 13, 8046 Zürich",2880,47.42325975,8.502611041329322,4001972648,4.5,115.0,0,0,1,1,0,0,0,0,0,0,0,0,0,0,0,0,0,0,0,0,0,0,0,0,0,0,0,0,0,0,1
"Ahornweg 23, 2542 Pieterlen",2880,47.17285930609854,7.338240061537902,4001669568,4.5,115.0,0,0,1,1,0,0,1,1,0,0,0,0,0,0,0,0,0,0,0,0,0,0,0,0,1,1,0,0,0,0,3
"Via Sasso Corbaro 23, 6593 Cadenazzo",2880,46.15130057952928,8.944419531213565,4001668530,4.5,115.0,0,0,3,1,1,1,1,1,1,1,0,0,0,0,2,1,0,0,0,0,1,1,1,1,0,0,0,0,0,0,10
"Niklaus Konrad-Strasse 4, 4500 Solothurn",2880,47.20451390210879,7.539104019684887,4002053939,4.5,115.0,5,1,19,1,3,1,1,1,7,1,1,1,0,0,0,0,0,0,0,0,1,1,0,0,3,1,0,0,2,1,42
"Seeblickstr. 12, 9010 St. Gallen",2880,47.44059395,9.37778435,4002039822,4.5,115.0,0,0,1,1,0,0,0,0,0,0,0,0,0,0,0,0,0,0,0,0,0,0,0,0,0,0,0,0,5,1,6
"Bellerivestrasse 49, 8008 Zürich",2880,47.3566457,8.551761367777775,4002033013,4.5,115.0,3,1,7,1,0,0,1,1,1,1,0,0,0,0,0,0,0,0,0,0,1,1,0,0,1,1,0,0,1,1,15
"Ludwigstr. 5, 9010 St. Gallen",2880,47.43990895,9.377419517139655,4002028634,4.5,115.0,0,0,1,1,0,0,0,0,0,0,0,0,0,0,0,0,0,0,0,0,0,0,0,0,0,0,0,0,5,1,6
"Guggistrasse 14 A, 6005 Luzern",7980,47.0442778,8.2996906,4002006119,5.5,260.0,0,0,3,1,0,0,0,0,1,1,0,0,0,0,0,0,0,0,0,0,0,0,0,0,0,0,0,0,0,0,4
"Giessenplatz 8, 8600 Dübendorf",7980,47.4007256,8.613221243516005,4001991943,5.5,260.0,0,0,0,0,0,0,0,0,0,0,0,0,0,0,0,0,0,0,0,0,0,0,0,0,0,0,0,0,1,1,1
"Via Sasso Corbaro 19, 6593 Cadenazzo",7980,46.15130057952928,8.944419531213565,4001979018,5.5,260.0,0,0,3,1,1,1,1,1,1,1,0,0,0,0,2,1,0,0,0,0,1,1,1,1,0,0,0,0,0,0,10
"Erlenmattstr. 67, 4058 Basel",7980,47.5702203,7.6026203,4001923522,5.5,260.0,1,1,4,1,2,1,1,1,1,1,1,1,0,0,1,1,0,0,0,0,1,1,0,0,0,0,0,0,0,0,12
"Fachstrasse 10A, 8942 Oberrieden",7980,47.2800669,8.5778404,4002065798,5.5,260.0,0,0,2,1,0,0,0,0,0,0,0,0,0,0,0,0,0,0,0,0,0,0,0,0,0,0,0,0,1,1,3
"Zentralstrasse 7, 5627 Besenbüren",7980,47.31347199382689,8.343174236937083,4002064944,5.5,260.0,0,0,1,1,0,0,0,0,0,0,0,0,0,0,0,0,0,0,0,0,0,0,0,0,0,0,0,0,0,0,1
"Zentralstrasse 7, 5627 Besenbüren",7980,47.31347199382689,8.343174236937083,4002064922,5.5,260.0,0,0,1,1,0,0,0,0,0,0,0,0,0,0,0,0,0,0,0,0,0,0,0,0,0,0,0,0,0,0,1
"Zentralstrasse 7, 5627 Besenbüren",7980,47.31347199382689,8.343174236937083,4002064878,5.5,260.0,0,0,1,1,0,0,0,0,0,0,0,0,0,0,0,0,0,0,0,0,0,0,0,0,0,0,0,0,0,0,1
"Niklaus Konrad-Strasse 4, 4500 Solothurn",7980,47.20451390210879,7.539104019684887,4002053937,5.5,260.0,5,1,19,1,3,1,1,1,7,1,1,1,0,0,0,0,0,0,0,0,1,1,0,0,3,1,0,0,2,1,42
"Sägestr. 78, 3098 Köniz",7980,46.9234992,7.412723249999999,4002038494,5.5,260.0,2,1,10,1,0,0,0,0,1,1,1,1,0,0,2,1,0,0,0,0,2,1,2,1,5,1,0,0,0,0,25
"Hermann-Lienhardstrasse, 2502 Biel, 2504 Biel",7980,47.15335971802163,7.266918113897638,4002037903,5.5,260.0,1,1,6,1,0,0,0,0,1,1,0,0,0,0,0,0,0,0,0,0,1,1,0,0,2,1,0,0,4,1,15
"Regensdorferstrasse 65, 8049 Zürich",7980,47.4057851,8.491669648527166,4002028608,5.5,260.0,0,0,3,1,0,0,0,0,0,0,0,0,0,0,0,0,0,0,0,0,1,1,1,1,0,0,0,0,2,1,7
"Schwendetalstrasse 13, 9057 Schwende",7980,47.30717810735074,9.435084607601722,4001516464,5.5,260.0,0,0,1,1,0,0,0,0,0,0,0,0,0,0,0,0,0,0,1,1,0,0,1,1,1,1,0,0,1,1,5
"Hubenstrasse 19, 8057 Zürich",6700,47.4034427,8.559250955954088,4002075486,6.5,170.0,0,0,1,1,0,0,0,0,0,0,1,1,0,0,0,0,0,0,0,0,0,0,0,0,0,0,0,0,0,0,2
"11 rue neuve du Molard, 1204 Genève",6700,46.2033385,6.1491184,4002070837,6.5,170.0,1,1,1,1,0,0,0,0,0,0,0,0,0,0,0,0,0,0,0,0,0,0,0,0,0,0,0,0,0,0,2
"Kirchgasse 4, 8524 Uesslingen",6700,47.5800216,8.829747663121518,4002066542,6.5,170.0,0,0,1,1,0,0,0,0,0,0,0,0,0,0,0,0,0,0,0,0,0,0,0,0,1,1,0,0,0,0,2
"Sonneggstr. 41, 8006 Zürich",6700,47.380462,8.545837108916057,4002065355,6.5,170.0,5,1,11,1,0,0,1,1,5,1,2,1,0,0,1,1,0,0,0,0,0,0,1,1,0,0,0,0,0,0,26
"Talstrasse 23, 4112 Flüh",6700,47.4860836,7.498951124978069,4002060877,6.5,170.0,2,1,4,1,0,0,0,0,0,0,0,0,0,0,0,0,0,0,0,0,0,0,0,0,0,0,0,0,1,1,7
"Oberdorfgasse 39, 4107 Ettingen",6700,47.4762327,7.5453864,4002060876,6.5,170.0,0,0,2,1,0,0,0,0,0,0,0,0,0,0,0,0,0,0,0,0,0,0,0,0,0,0,0,0,0,0,2
"Untere Grundgasse 11, 9500 Wil SG",6700,47.471886989331885,9.057533759287113,4002055241,6.5,170.0,0,0,4,1,0,0,0,0,0,0,0,0,0,0,1,1,0,0,0,0,0,0,0,0,0,0,0,0,0,0,5
"Centralstrasse 25, 2540 Grenchen",6700,47.19389355,7.395187744893286,4002038690,6.5,170.0,1,1,10,1,0,0,2,1,1,1,0,0,0,0,0,0,0,0,1,1,1,1,1,1,1,1,0,0,1,1,19
"Im Heugarten 47, 8617 Mönchaltorf",6700,47.3090093,8.725236969259775,4002038572,6.5,170.0,0,0,1,1,0,0,0,0,0,0,0,0,0,0,0,0,0,0,0,0,0,0,0,0,0,0,0,0,0,0,1
"Saumackerstrasse 28, 8048 Zürich",6700,47.3887156,8.488407815217391,4002021063,6.5,170.0,2,1,10,1,0,0,1,1,6,1,2,1,0,0,0,0,0,0,0,0,2,1,2,1,1,1,0,0,2,1,28
"Seestrasse 51, 8805 Richterswil",6700,47.2124572,8.702375165932201,4002012549,6.5,170.0,2,1,6,1,0,0,0,0,1,1,0,0,0,0,0,0,0,0,0,0,1,1,0,0,1,1,0,0,2,1,13
"Seestrasse 623, 8706 Meilen",6700,47.267748350000005,8.642523801279976,4002007176,6.5,170.0,0,0,4,1,0,0,0,0,1,1,1,1,0,0,0,0,0,0,0,0,1,1,3,1,1,1,0,0,2,1,13
"Föhrlibuckstrasse 7, 8304 Wallisellen",6700,47.409209700000005,8.603307650000005,4002002381,6.5,170.0,0,0,0,0,0,0,0,0,1,1,0,0,0,0,0,0,0,0,0,0,0,0,0,0,0,0,0,0,0,0,1
"Schlösslistrasse 13, 8044 Zürich",6700,47.385263,8.556671469917257,4001994154,6.5,170.0,0,0,0,0,0,0,0,0,0,0,0,0,0,0,0,0,0,0,0,0,0,0,0,0,0,0,0,0,1,1,1
"Via Capriccio 16, 6855 Stabio",6700,45.848677963641954,8.933513949249786,4001986951,6.5,170.0,0,0,0,0,1,1,0,0,0,0,0,0,0,0,0,0,0,0,0,0,0,0,1,1,0,0,0,0,0,0,2
"Sonneggstr. 41, 8006 Zürich",6700,47.380462,8.545837108916057,4001983883,6.5,170.0,5,1,11,1,0,0,1,1,5,1,2,1,0,0,1,1,0,0,0,0,0,0,1,1,0,0,0,0,0,0,26
"Underem Berg 9, 8475 Ossingen",6700,47.61406635,8.722711651898727,4001978739,6.5,170.0,1,1,1,1,0,0,0,0,0,0,0,0,0,0,0,0,0,0,0,0,0,0,0,0,0,0,0,0,1,1,3
"Route de Cossonay 57, 1008 Prilly",6700,46.5371779,6.601186397571567,4001978380,6.5,170.0,0,0,0,0,0,0,0,0,0,0,0,0,0,0,0,0,0,0,0,0,0,0,0,0,0,0,0,0,1,1,1
"Hauptstrasse 24, 8114 Dänikon ZH",6700,47.4460003,8.406764497030906,4001972093,6.5,170.0,0,0,2,1,0,0,0,0,0,0,0,0,0,0,0,0,0,0,0,0,0,0,0,0,1,1,0,0,0,0,3
"Siewerdtstrasse 75, 8050 Zürich",2750,47.41222707079166,8.554573319832105,4001964230,2.5,33.0,0,0,2,1,0,0,0,0,0,0,0,0,0,0,0,0,0,0,0,0,0,0,0,0,1,1,0,0,2,1,5
"Passage Perdonnet 1, 1005 Lausanne",2750,46.520913,6.640209787160385,4001963201,2.5,33.0,3,1,15,1,1,1,0,0,7,1,1,1,0,0,2,1,0,0,0,0,0,0,0,0,1,1,0,0,1,1,31
"Rotwandstrasse 66, 8004 Zürich",2750,47.3758876,8.5294158,4001961027,2.5,33.0,7,1,40,1,17,1,0,0,8,1,0,0,0,0,0,0,0,0,2,1,1,1,0,0,2,1,0,0,2,1,79
"Wallenrütistrasse 16, 8234 Stetten SH",2750,47.73463605,8.656805457356477,4001889258,2.5,33.0,0,0,0,0,0,0,0,0,0,0,0,0,0,0,0,0,0,0,0,0,0,0,0,0,0,0,0,0,2,1,2
"Hinterbergstrasse 106, 8044 Zürich",2750,47.38514105,8.559907746084386,4001869489,2.5,33.0,0,0,1,1,0,0,0,0,0,0,0,0,0,0,0,0,0,0,0,0,0,0,0,0,0,0,0,0,1,1,2
"Spindelstrasse 9, 8041 Zürich",2750,47.33939796163503,8.518220321786435,4001765417,2.5,33.0,1,1,0,0,0,0,0,0,0,0,0,0,0,0,0,0,0,0,0,0,0,0,0,0,0,0,0,0,0,0,1
"Kreuzstrasse 3a, 3052 Zollikofen",2750,46.99624139998621,7.46113435005046,4001731221,2.5,33.0,0,0,5,1,1,1,0,0,3,1,0,0,0,0,1,1,0,0,0,0,2,1,2,1,2,1,0,0,5,1,21
"Kreuzstrasse 5, 3052 Zollikofen",2750,46.99713015,7.460558053618102,4001731198,2.5,33.0,0,0,5,1,1,1,0,0,2,1,0,0,0,0,1,1,0,0,0,0,2,1,2,1,2,1,0,0,4,1,19
"Grabenweg 15, 8484 Weisslingen",2750,47.42847146408095,8.769254069734341,4001671881,2.5,33.0,0,0,0,0,0,0,0,0,0,0,0,0,0,0,0,0,0,0,0,0,0,0,0,0,0,0,0,0,6,1,6
"Asylstrasse 14, 8953 Dietikon",2750,47.40164435,8.405244750457825,4001213834,2.5,33.0,4,1,4,1,0,0,0,0,5,1,0,0,0,0,0,0,0,0,0,0,0,0,1,1,0,0,0,0,4,1,18
"Nauengasse 14, 8427 Rorbas",2750,47.5326945,8.576552032786482,4002080956,2.5,33.0,1,1,2,1,0,0,0,0,1,1,0,0,0,0,0,0,0,0,0,0,0,0,0,0,1,1,0,0,8,1,13
6353 Weggis,2750,47.03189628530987,8.433771373374139,4002076708,2.5,33.0,1,1,4,1,1,1,0,0,0,0,1,1,0,0,1,1,0,0,0,0,0,0,0,0,0,0,0,0,1,1,9
"Zollstrasse 14, 8219 Trasadingen",2750,47.66409265,8.433804350000003,4002067496,2.5,33.0,1,1,4,1,0,0,0,0,1,1,0,0,0,0,0,0,0,0,0,0,0,0,0,0,0,0,0,0,0,0,6
"Käsereistrasse 2 / 4 / 6, 8919 Rottenschwil",2750,47.31512446067656,8.363178536793532,4002065576,2.5,33.0,0,0,0,0,0,0,0,0,0,0,1,1,0,0,0,0,0,0,0,0,0,0,0,0,0,0,0,0,1,1,2
"Ilbachstrasse 14, 4228 Erschwil",2750,47.3750290204464,7.536895680856094,4002064525,2.5,33.0,0,0,1,1,0,0,0,0,0,0,0,0,0,0,0,0,0,0,0,0,0,0,0,0,0,0,0,0,0,0,1
"Rietstrasse 6, 8702 Zollikon",2750,47.3461825,8.576322881476464,4002062055,2.5,33.0,0,0,1,1,0,0,0,0,0,0,0,0,0,0,0,0,0,0,0,0,0,0,0,0,1,1,0,0,1,1,3
"Rue des Epinettes, 1227 Carouge",2750,46.18874213266147,6.137177738468982,4002059679,2.5,33.0,5,1,22,1,1,1,0,0,2,1,1,1,0,0,1,1,0,0,0,0,1,1,1,1,1,1,0,0,1,1,36
"Röschenzerstrasse, 4053 Basel",2750,47.54061313569169,7.587552213860931,4002059059,2.5,33.0,4,1,3,1,0,0,1,1,0,0,0,0,0,0,1,1,0,0,0,0,1,1,0,0,0,0,0,0,0,0,10
"Untere Grundgasse 11, 9500 Wil SG",2750,47.471886989331885,9.057533759287113,4002055240,2.5,33.0,0,0,4,1,0,0,0,0,0,0,0,0,0,0,1,1,0,0,0,0,0,0,0,0,0,0,0,0,0,0,5
"Untere Grundgasse 11, 9500 Wil SG",3300,47.471886989331885,9.057533759287113,4002055239,4.5,170.0,0,0,4,1,0,0,0,0,0,0,0,0,0,0,1,1,0,0,0,0,0,0,0,0,0,0,0,0,0,0,5
"Böndlerstrasse 54, 8802 Kilchberg ZH",3300,47.31596745,8.54880834858756,4002049676,4.5,170.0,0,0,0,0,0,0,0,0,0,0,0,0,0,0,0,0,0,0,0,0,0,0,0,0,0,0,0,0,1,1,1
"Grossfeldstrasse 7, 6010 Kriens",3300,47.0332402,8.283929931561875,4002045481,4.5,170.0,0,0,4,1,1,1,0,0,1,1,0,0,0,0,1,1,0,0,0,0,1,1,1,1,1,1,0,0,6,1,16
"Gmeindrütistrasse 11, 8630 Rüti ZH",3300,47.26159345881681,8.867779674601445,4002028503,4.5,170.0,0,0,1,1,0,0,0,0,0,0,0,0,0,0,0,0,0,0,0,0,0,0,0,0,0,0,0,0,9,1,10
"Sonneggstr. 41, 8006 Zürich",3300,47.380462,8.545837108916057,4001983884,4.5,170.0,5,1,11,1,0,0,1,1,5,1,2,1,0,0,1,1,0,0,0,0,0,0,1,1,0,0,0,0,0,0,26
"Weiherweg 38, 4054 Basel",3300,47.5537867,7.5761886,4001979979,4.5,170.0,1,1,12,1,0,0,0,0,3,1,0,0,0,0,0,0,0,0,0,0,3,1,0,0,0,0,0,0,0,0,19
"Rotwandstrasse 66, 8004 Zürich",3300,47.3758876,8.5294158,4001950379,4.5,170.0,7,1,40,1,17,1,0,0,8,1,0,0,0,0,0,0,0,0,2,1,1,1,0,0,2,1,0,0,2,1,79
"Grabenweg 17, 8484 Weisslingen",3300,47.4296268,8.76936175209196,4001840960,4.5,170.0,0,0,1,1,0,0,0,0,1,1,0,0,0,0,0,0,0,0,0,0,0,0,0,0,1,1,0,0,10,1,13
1012 Lausanne,3300,46.52532023878703,6.654456749929478,4001508481,4.5,170.0,0,0,4,1,0,0,0,0,2,1,0,0,0,0,0,0,0,0,0,0,2,1,2,1,1,1,0,0,0,0,11
"Motorenstrasse, 8005 Zürich",3300,47.38434396427632,8.528439931722138,4002078840,4.5,170.0,5,1,27,1,4,1,2,1,8,1,0,0,0,0,0,0,0,0,0,0,0,0,0,0,2,1,0,0,0,0,48
"St. Alban-Anlage 58, 4052 Basel",3300,47.5525328,7.6023191,4002078647,4.5,170.0,1,1,7,1,0,0,0,0,0,0,0,0,0,0,0,0,0,0,0,0,0,0,2,1,0,0,0,0,0,0,10
"Höhenweg 61, 8965 Berikon",3300,47.35645731665608,8.364022193915872,4002075286,4.5,170.0,0,0,1,1,0,0,0,0,0,0,0,0,0,0,0,0,0,0,0,0,0,0,0,0,0,0,0,0,0,0,1
"Avenue des Alpes 5, 1006 Lausanne",3300,46.51475925,6.638347572447524,4002073492,4.5,170.0,0,0,0,0,0,0,0,0,0,0,0,0,0,0,1,1,0,0,0,0,0,0,0,0,0,0,0,0,0,0,1
"Seefeldstrasse 104, 8008 Zürich",3300,47.35929725,8.5526727,4002064667,4.5,170.0,5,1,8,1,0,0,1,1,0,0,1,1,0,0,1,1,0,0,0,0,1,1,0,0,2,1,0,0,0,0,19
"Karl Stauffer-Strasse, 8008 Zürich",3300,47.35517074021481,8.572854620731947,4002064533,4.5,170.0,1,1,1,1,0,0,0,0,0,0,0,0,0,0,0,0,0,0,2,1,1,1,0,0,1,1,0,0,0,0,6
"Dorfstrasse 31, 5244 Birrhard",3300,47.4331612,8.2458127,4002055225,4.5,170.0,0,0,1,1,0,0,0,0,0,0,0,0,0,0,0,0,0,0,0,0,0,0,0,0,0,0,0,0,0,0,1
"Seestrasse 136-142, 8707 Uetikon am See",3710,47.26182801772334,8.668122765104448,4002003120,8.5,300.0,0,0,1,1,0,0,0,0,0,0,1,1,0,0,0,0,0,0,0,0,0,0,0,0,1,1,0,0,1,1,4
8152 Opfikon,3710,47.429687660338985,8.568407220813558,4001995122,8.5,300.0,0,0,5,1,0,0,0,0,0,0,0,0,0,0,0,0,0,0,0,0,0,0,0,0,0,0,0,0,1,1,6
3780 Gstaad,3710,46.4761004,7.2873587,4001987343,8.5,300.0,0,0,5,1,0,0,0,0,0,0,0,0,0,0,0,0,0,0,0,0,0,0,0,0,0,0,0,0,0,0,5
"Dorfstrasse 14, 4206 Seewen SO",3710,47.435012,7.656622998231198,4001978241,8.5,300.0,0,0,2,1,0,0,0,0,0,0,1,1,0,0,0,0,0,0,0,0,0,0,0,0,1,1,0,0,0,0,4
"Rotwandstrasse 66, 8004 Zürich",3710,47.3758876,8.5294158,4001915132,8.5,300.0,7,1,40,1,17,1,0,0,8,1,0,0,0,0,0,0,0,0,2,1,1,1,0,0,2,1,0,0,2,1,79
"Seengerstrasse 28, 5706 Boniswil",3710,47.31804,8.1878031,4001910718,8.5,300.0,1,1,1,1,0,0,0,0,0,0,0,0,0,0,2,1,0,0,0,0,0,0,0,0,0,0,0,0,2,1,6
"Rotbuchstrasse 9, 8006 Zürich",3710,47.3908252,8.537652620686456,4001886542,8.5,300.0,4,1,8,1,0,0,0,0,4,1,0,0,0,0,0,0,0,0,0,0,1,1,0,0,1,1,0,0,0,0,18
"Dorfgasse 4, 8708 Männedorf",3710,47.2552406,8.688731842874493,4001867060,8.5,300.0,4,1,6,1,2,1,0,0,0,0,1,1,0,0,0,0,0,0,0,0,1,1,3,1,2,1,0,0,4,1,23
"Hottingerstrasse 38, 8032 Zürich",3710,47.36939095,8.553576490910046,4002081565,8.5,300.0,4,1,12,1,1,1,1,1,1,1,1,1,0,0,2,1,0,0,0,0,3,1,1,1,0,0,0,0,3,1,29
"Kammermattweg 3, 4107 Ettingen",3710,47.4845896,7.5460237,4002077167,8.5,300.0,0,0,2,1,0,0,0,0,0,0,0,0,0,0,0,0,0,0,0,0,1,1,1,1,0,0,0,0,0,0,4
"Mostelbergstrasse 3B, 6417 Sattel",3710,47.0765973,8.6326847,4002075406,8.5,300.0,0,0,1,1,0,0,0,0,0,0,0,0,0,0,0,0,0,0,0,0,0,0,1,1,0,0,0,0,0,0,2
"Chemin du Devin 47B, 1012 Lausanne",3710,46.5316201,6.6519271,4002071005,8.5,300.0,1,1,0,0,0,0,0,0,0,0,0,0,0,0,0,0,0,0,0,0,0,0,0,0,0,0,0,0,6,1,7
"Rütistrasse 4, 8032 Zürich",3710,47.3685518,8.56076049670398,4002069592,8.5,300.0,2,1,9,1,0,0,1,1,0,0,1,1,0,0,0,0,0,0,0,0,2,1,1,1,0,0,0,0,1,1,17
"Allmannstrasse 55, 8052 Zürich",3710,47.4173434,8.551007195791241,4002066429,8.5,300.0,0,0,1,1,0,0,0,0,0,0,0,0,1,1,1,1,0,0,0,0,0,0,0,0,0,0,0,0,0,0,3
"Allmannstrasse 55, 8052 Zürich",4340,47.4173434,8.551007195791241,4002066402,4.5,121.0,0,0,1,1,0,0,0,0,0,0,0,0,1,1,1,1,0,0,0,0,0,0,0,0,0,0,0,0,0,0,3
"Reimen 2, 8775 Hätzingen",4340,46.9591892,9.032821053279804,4002059553,4.5,121.0,0,0,1,1,0,0,0,0,0,0,2,1,0,0,0,0,0,0,0,0,0,0,0,0,0,0,0,0,2,1,5
8623 Wetzikon ZH,4340,47.33194777910799,8.815287635054773,4002047825,4.5,121.0,1,1,2,1,0,0,0,0,1,1,1,1,0,0,0,0,0,0,0,0,1,1,0,0,0,0,0,0,11,1,17
"Aentenschnabel, 8353 Elgg",4340,47.4988302645021,8.863680082276126,4002038535,4.5,121.0,0,0,1,1,0,0,0,0,2,1,0,0,0,0,0,0,0,0,0,0,0,0,0,0,1,1,0,0,0,0,4
"Maurerweg 12, 2503 Biel",4340,47.1339541,7.2557085,4002038105,4.5,121.0,1,1,7,1,0,0,0,0,1,1,1,1,0,0,0,0,0,0,0,0,0,0,0,0,1,1,0,0,8,1,19
"Hauptstrasse 58, 8553 Hüttlingen",4340,47.57700697316777,8.963391446178802,4002037735,4.5,121.0,0,0,2,1,0,0,0,0,0,0,0,0,0,0,0,0,0,0,0,0,0,0,0,0,0,0,0,0,0,0,2
"Seefeldstrasse 231, 8008 Zürich",4340,47.3515728,8.5610673,4002024967,4.5,121.0,3,1,5,1,2,1,0,0,1,1,1,1,0,0,0,0,0,0,1,1,0,0,0,0,0,0,0,0,1,1,14
"Mülhauserstrasse, 4056 Basel",4340,47.56715671323375,7.577037294298449,4002006222,4.5,121.0,1,1,12,1,2,1,0,0,4,1,0,0,0,0,0,0,0,0,0,0,2,1,0,0,0,0,0,0,0,0,21
"Dorfstrasse 14, 4206 Seewen SO",4340,47.435012,7.656622998231198,4001978238,4.5,121.0,0,0,2,1,0,0,0,0,0,0,1,1,0,0,0,0,0,0,0,0,0,0,0,0,1,1,0,0,0,0,4
"Henri-Mussard, 1208 Genève",4340,46.19796704258514,6.162689956283832,4001977767,4.5,121.0,1,1,2,1,0,0,0,0,0,0,1,1,0,0,0,0,0,0,0,0,1,1,0,0,0,0,0,0,0,0,5
"Eichelwiesenstrasse 4, 8305 Dietlikon",4340,47.4205726,8.620340136638688,4001964391,4.5,121.0,0,0,3,1,0,0,0,0,1,1,0,0,0,0,0,0,0,0,0,0,1,1,0,0,2,1,0,0,5,1,12
"Rotwandstrasse 66, 8004 Zürich",4340,47.3758876,8.5294158,4001950380,4.5,121.0,7,1,40,1,17,1,0,0,8,1,0,0,0,0,0,0,0,0,2,1,1,1,0,0,2,1,0,0,2,1,79
"Rotwandstrasse 66, 8004 Zürich",4340,47.3758876,8.5294158,4001950370,4.5,121.0,7,1,40,1,17,1,0,0,8,1,0,0,0,0,0,0,0,0,2,1,1,1,0,0,2,1,0,0,2,1,79
"Bildstrasse, 9030 Abtwil SG",4340,47.42004857576465,9.31458970304635,4001933447,4.5,121.0,0,0,2,1,0,0,0,0,0,0,0,0,0,0,0,0,0,0,0,0,1,1,2,1,0,0,0,0,16,1,21
"Poststrasse 19, 2504 Biel/Bienne",4340,47.145834431576944,7.271972315313917,4001874968,4.5,121.0,0,0,3,1,0,0,0,0,4,1,0,0,0,0,0,0,0,0,1,1,2,1,0,0,3,1,0,0,5,1,18
"Birkenstrasse 2, 4144 Arlesheim",4340,47.4970514,7.564314100000001,4002065974,4.5,121.0,0,0,0,0,0,0,0,0,0,0,0,0,0,0,0,0,0,0,0,0,0,0,0,0,0,0,0,0,3,1,3
"Klotenerstrasse 78, 8303 Bassersdorf",4340,47.44498655,8.622518934880409,4002064068,4.5,121.0,1,1,4,1,0,0,0,0,1,1,0,0,0,0,0,0,0,0,0,0,0,0,1,1,1,1,0,0,7,1,15
3280 Murten,4340,46.92391518978583,7.1162434390444815,4002063200,4.5,121.0,0,0,1,1,0,0,0,0,0,0,0,0,0,0,0,0,0,0,0,0,0,0,0,0,0,0,0,0,0,0,1
"Rainweg 1B, 4713 Matzendorf",3250,47.307481,7.627894885210045,4002053448,5.5,150.0,0,0,0,0,0,0,0,0,0,0,0,0,0,0,1,1,0,0,0,0,0,0,0,0,0,0,0,0,4,1,5
"Maurerweg 12, 2503 Biel",3250,47.1339541,7.2557085,4002039406,5.5,150.0,1,1,7,1,0,0,0,0,1,1,1,1,0,0,0,0,0,0,0,0,0,0,0,0,1,1,0,0,8,1,19
"Rue du Jura 7, 1196 Gland",3250,46.42413805,6.263368286486378,4001908556,5.5,150.0,1,1,3,1,0,0,0,0,2,1,0,0,0,0,1,1,0,0,0,0,3,1,1,1,1,1,0,0,0,0,12
"Baselstrasse 47, 4500 Solothurn",3250,47.2121206,7.5451733,4001899051,5.5,150.0,1,1,5,1,0,0,1,1,1,1,0,0,0,0,2,1,0,0,0,0,0,0,2,1,1,1,0,0,1,1,14
"Chemin de Cuard 2, 2022 Bevaix",3250,46.9319525,6.8128406,4001891329,5.5,150.0,0,0,2,1,0,0,1,1,0,0,0,0,0,0,1,1,0,0,0,0,1,1,1,1,2,1,0,0,1,1,9
"Rue Auguste-Quiquerez 16, 2800 Delémont",3250,47.3673684,7.3582787,4001886594,5.5,150.0,1,1,2,1,1,1,0,0,0,0,1,1,0,0,2,1,0,0,0,0,0,0,2,1,1,1,0,0,2,1,12
"Militärstrasse 106, 8004 Zürich",3250,47.3792981,8.528828562868632,4001886453,5.5,150.0,8,1,51,1,47,1,8,1,21,1,2,1,0,0,0,0,0,0,2,1,1,1,0,0,4,1,0,0,0,0,144
"Poststrasse 19, 2504 Biel/Bienne",3250,47.14728622331503,7.275375239295418,4000806194,5.5,150.0,0,0,0,0,0,0,0,0,1,1,0,0,0,0,0,0,0,0,0,0,0,0,0,0,2,1,0,0,1,1,4
"Gaichtstrasse 1, 2512 Tüscherz-Alfermée",3250,47.118595,7.202422229793028,4002064574,5.5,150.0,0,0,0,0,0,0,0,0,0,0,0,0,0,0,0,0,0,0,0,0,0,0,0,0,0,0,0,0,1,1,1
"Place du Bourg-de-Four, 1204 Genève",3250,46.2009088,6.1495952,4002063419,5.5,150.0,9,1,20,1,1,1,0,0,3,1,1,1,1,1,1,1,0,0,0,0,2,1,2,1,0,0,0,0,1,1,41
"Chemin de Bonne-Espérance, 1006 Lausanne",3250,46.5137693,6.64813095,4002061790,5.5,150.0,0,0,2,1,0,0,0,0,0,0,0,0,0,0,0,0,0,0,0,0,0,0,0,0,0,0,0,0,0,0,2
"Route des Arsenaux, 1700 Fribourg",3250,46.80234615042749,7.151277144027662,4002059774,5.5,150.0,1,1,8,1,3,1,1,1,6,1,0,0,0,0,1,1,0,0,0,0,2,1,2,1,3,1,0,0,9,1,36
"Hasenmattstrasse 1, 2540 Grenchen",3250,47.1974917,7.405668,4002054786,5.5,150.0,0,0,4,1,0,0,0,0,2,1,0,0,0,0,0,0,0,0,1,1,0,0,1,1,1,1,0,0,1,1,10
"Maurerweg 12, 2503 Biel",3250,47.1339541,7.2557085,4002038113,5.5,150.0,1,1,7,1,0,0,0,0,1,1,1,1,0,0,0,0,0,0,0,0,0,0,0,0,1,1,0,0,8,1,19
"Wankdorffeldstrasse 103, 3014 Bern",3250,46.9645669,7.4576422,4002023693,5.5,150.0,0,0,8,1,0,0,0,0,1,1,1,1,0,0,0,0,0,0,0,0,0,0,0,0,0,0,0,0,2,1,12
"Seestrasse 136-142, 8707 Uetikon am See",3250,47.2600708,8.6734324,4002003227,5.5,150.0,0,0,2,1,1,1,0,0,0,0,1,1,0,0,0,0,0,0,0,0,0,0,0,0,1,1,0,0,2,1,7
"Rue Charles-Giron 14, 1203 Genève",3250,46.2062582,6.1287819,4001991978,5.5,150.0,3,1,17,1,2,1,0,0,1,1,1,1,0,0,1,1,0,0,0,0,2,1,0,0,0,0,0,0,0,0,27
"Wibergstrasse 39, 8180 Bülach",5950,47.52128202268128,8.549109135744374,4001924622,5.5,150.0,0,0,2,1,0,0,0,0,0,0,0,0,0,0,0,0,0,0,0,0,0,0,0,0,0,0,0,0,1,1,3
"Wibergstrasse 39, 8180 Bülach",5950,47.52128202268128,8.549109135744374,4001924620,5.5,150.0,0,0,2,1,0,0,0,0,0,0,0,0,0,0,0,0,0,0,0,0,0,0,0,0,0,0,0,0,1,1,3
"Wibergstrasse 41, 8180 Bülach",5950,47.52128202268128,8.549109135744374,4001924615,5.5,150.0,0,0,2,1,0,0,0,0,0,0,0,0,0,0,0,0,0,0,0,0,0,0,0,0,0,0,0,0,1,1,3
"Wibergstrasse 41, 8180 Bülach",5950,47.52128202268128,8.549109135744374,4001924611,5.5,150.0,0,0,2,1,0,0,0,0,0,0,0,0,0,0,0,0,0,0,0,0,0,0,0,0,0,0,0,0,1,1,3
"Wibergstrasse 41, 8180 Bülach",5950,47.52128202268128,8.549109135744374,4001924600,5.5,150.0,0,0,2,1,0,0,0,0,0,0,0,0,0,0,0,0,0,0,0,0,0,0,0,0,0,0,0,0,1,1,3
"Wibergstrasse 41, 8180 Bülach",5950,47.52128202268128,8.549109135744374,4001924553,5.5,150.0,0,0,2,1,0,0,0,0,0,0,0,0,0,0,0,0,0,0,0,0,0,0,0,0,0,0,0,0,1,1,3
"Rue Rousseau, 1201 Genève",5950,46.2071402,6.143698,4001913747,5.5,150.0,17,1,21,1,5,1,1,1,2,1,0,0,0,0,0,0,0,0,0,0,7,1,2,1,3,1,0,0,1,1,59
"Höchackerweg 4, 4923 Wynau",5950,47.26100595,7.8245193,4001867340,5.5,150.0,0,0,0,0,0,0,0,0,0,0,0,0,0,0,0,0,0,0,0,0,1,1,1,1,1,1,0,0,0,0,3
"Schulstrasse 31, 4132 Muttenz",5950,47.5266272,7.648421209118317,4002077169,5.5,150.0,0,0,4,1,1,1,0,0,2,1,1,1,0,0,0,0,0,0,0,0,2,1,2,1,1,1,0,0,1,1,14
"Sonnenbergstrasse 16, 8032 Zürich",5950,47.3659841,8.56693383994975,4002073739,5.5,150.0,0,0,1,1,1,1,0,0,0,0,1,1,0,0,0,0,0,0,0,0,1,1,0,0,0,0,0,0,0,0,4
"Poststrasse 31, 8957 Spreitenbach",5950,47.42050555,8.361766678327186,4002066308,5.5,150.0,0,0,0,0,0,0,0,0,0,0,0,0,0,0,0,0,0,0,0,0,0,0,1,1,1,1,0,0,2,1,4
"Via Schlifras 85, 7130 Ilanz",5950,46.7676473,9.2055129,4001978069,5.5,150.0,0,0,2,1,0,0,0,0,0,0,0,0,0,0,1,1,0,0,0,0,0,0,0,0,0,0,0,0,1,1,4
"Via Schlifras 85, 7130 Ilanz",5950,46.7676473,9.2055129,4001978064,5.5,150.0,0,0,2,1,0,0,0,0,0,0,0,0,0,0,1,1,0,0,0,0,0,0,0,0,0,0,0,0,1,1,4
"Via Schlifras 85, 7130 Ilanz",5950,46.7676473,9.2055129,4001978062,5.5,150.0,0,0,2,1,0,0,0,0,0,0,0,0,0,0,1,1,0,0,0,0,0,0,0,0,0,0,0,0,1,1,4
"Poststrasse 31, 8957 Spreitenbach",5950,47.42050555,8.361766678327186,4001957352,5.5,150.0,0,0,0,0,0,0,0,0,0,0,0,0,0,0,0,0,0,0,0,0,0,0,1,1,1,1,0,0,2,1,4
"Steinfeldstrasse 19b, 8153 Rümlang",5950,47.452723000000006,8.527081449999995,4001939686,5.5,150.0,0,0,5,1,0,0,0,0,1,1,0,0,0,0,0,0,0,0,0,0,1,1,1,1,3,1,0,0,0,0,11
"Chemin des Charrières 6, 2024 St-Aubin-Sauges",5950,46.8944959,6.7709695,4001667738,5.5,150.0,0,0,0,0,0,0,0,0,0,0,0,0,0,0,0,0,0,0,0,0,1,1,1,1,0,0,0,0,2,1,4
"Gyrhaldenstrasse 27, 4416 Bubendorf",5950,47.4521343,7.7431937,4001646195,5.5,150.0,1,1,0,0,0,0,0,0,0,0,0,0,0,0,0,0,0,0,0,0,0,0,0,0,0,0,0,0,0,0,1
"Gyrhaldenstrasse 33, 4416 Bubendorf",5950,47.4526658,7.7444548,4001118224,5.5,150.0,1,1,0,0,0,0,0,0,0,0,0,0,0,0,0,0,0,0,0,0,0,0,0,0,0,0,0,0,0,0,1
"Langenhagweg 21, 4123 Allschwil",2280,47.5484224,7.5557557,4002078666,4.0,81.0,1,1,2,1,0,0,0,0,0,0,0,0,0,0,0,0,0,0,0,0,0,0,0,0,0,0,0,0,0,0,3
"Baumgartenweg 10, 4106 Therwil",2280,47.4997071,7.558959851299805,4002077166,4.0,81.0,1,1,4,1,0,0,0,0,0,0,0,0,0,0,0,0,0,0,0,0,2,1,1,1,2,1,0,0,1,1,11
"Via Cantonale 56, 6987 Caslano",2280,45.97839905,8.875652657155985,4002039300,4.0,81.0,1,1,1,1,0,0,0,0,2,1,0,0,0,0,0,0,0,0,0,0,2,1,0,0,1,1,0,0,0,0,7
"Via al Ticino 29, 6514 Sementina",2280,46.1802401,8.9939792,4002039297,4.0,81.0,0,0,0,0,1,1,0,0,0,0,0,0,0,0,1,1,0,0,0,0,0,0,0,0,0,0,0,0,1,1,3
"Blumenstrasse 1, 8192 Glattfelden",2280,47.5571712,8.507506,4002037523,4.0,81.0,0,0,3,1,0,0,0,0,0,0,0,0,0,0,0,0,0,0,0,0,0,0,0,0,1,1,0,0,3,1,7
"Fallenacker 4, 5504 Othmarsingen",2280,47.40558355,8.218590902152911,4002028753,4.0,81.0,0,0,1,1,0,0,0,0,1,1,0,0,0,0,1,1,0,0,0,0,0,0,0,0,1,1,0,0,3,1,7
"Eichwiesstrasse 18a, 8645 Jona",2280,47.225264010124754,8.835544654699017,4001874800,4.0,81.0,0,0,3,1,0,0,0,0,1,1,0,0,0,0,0,0,0,0,0,0,0,0,0,0,0,0,0,0,0,0,4
"Brombacherstrasse 44, 4057 Basel",2280,47.5698504,7.5973694,4001840033,4.0,81.0,2,1,13,1,4,1,2,1,4,1,1,1,0,0,1,1,0,0,0,0,2,1,0,0,0,0,0,0,0,0,29
"Zollikerstrasse 275, 8008 Zürich",2280,47.34689855,8.567435347638552,4001822147,4.0,81.0,0,0,2,1,0,0,0,0,0,0,0,0,0,0,0,0,0,0,0,0,0,0,0,0,0,0,0,0,0,0,2
"Berneckerstrasse 15/17, 9434 Au SG",2280,47.4124036,9.6253475,4001644316,4.0,81.0,2,1,6,1,0,0,0,0,2,1,1,1,0,0,1,1,0,0,0,0,1,1,2,1,4,1,0,0,9,1,28
"Baselstrasse 7b, 4144 Arlesheim",2280,47.49603185,7.620555079923935,4002065395,4.0,81.0,0,0,4,1,0,0,0,0,0,0,0,0,0,0,0,0,0,0,0,0,2,1,3,1,1,1,0,0,0,0,10
"Flawilerstrasse 48, 9242 Oberuzwil",2280,47.4300118,9.1231916,4002053910,4.0,81.0,0,0,6,1,0,0,0,0,2,1,0,0,0,0,0,0,0,0,0,0,0,0,1,1,1,1,0,0,1,1,11
"Hiltiwaldweg 8, 5443 Niederrohrdorf",2280,47.425804850000006,8.300059147209826,4002004584,4.0,81.0,1,1,0,0,0,0,0,0,0,0,0,0,0,0,0,0,0,0,0,0,1,1,0,0,0,0,0,0,2,1,4
"Seestrasse 136-142, 8707 Uetikon am See",2280,47.2600708,8.6734324,4002003119,4.0,81.0,0,0,2,1,1,1,0,0,0,0,1,1,0,0,0,0,0,0,0,0,0,0,0,0,1,1,0,0,2,1,7
1010 Lausanne,2280,46.53844260968495,6.652783954259043,4001957250,4.0,81.0,0,0,0,0,0,0,0,0,0,0,0,0,0,0,0,0,0,0,0,0,0,0,0,0,0,0,0,0,1,1,1
"Giessliweg 81, 4057 Basel",2280,47.5802385,7.5916833,4001820421,4.0,81.0,3,1,9,1,0,0,3,1,3,1,0,0,0,0,0,0,0,0,0,0,1,1,1,1,2,1,0,0,0,0,22
"Seestrasse 55, 8266 Steckborn",2280,47.66837765,8.985935925062465,4001797872,4.0,81.0,1,1,6,1,0,0,0,0,1,1,0,0,0,0,0,0,0,0,0,0,0,0,1,1,1,1,0,0,1,1,11
"Blumenstrasse 1, 8192 Glattfelden",3480,47.5571712,8.507506,4001370440,4.5,117.0,0,0,3,1,0,0,0,0,0,0,0,0,0,0,0,0,0,0,0,0,0,0,0,0,1,1,0,0,3,1,7
"Götzstrasse 21, 8006 Zürich",3480,47.50382825,8.731300020445667,4002064526,4.5,117.0,1,1,5,1,1,1,0,0,2,1,0,0,0,0,0,0,0,0,0,0,0,0,0,0,0,0,0,0,0,0,9
"Götzstrasse 21, 8006 Zürich",3480,47.50382825,8.731300020445667,4002064452,4.5,117.0,1,1,5,1,1,1,0,0,2,1,0,0,0,0,0,0,0,0,0,0,0,0,0,0,0,0,0,0,0,0,9
"Götzstrasse 19, 8006 Zürich",3480,47.50421768757507,8.73037396724648,4002064450,4.5,117.0,2,1,6,1,1,1,0,0,2,1,0,0,0,0,0,0,0,0,0,0,1,1,0,0,0,0,0,0,0,0,12
"Freimettigenstrasse 16, 3672 Oberdiessbach",3480,46.8414195,7.620937907989417,4002054507,4.5,117.0,0,0,1,1,1,1,0,0,0,0,0,0,0,0,0,0,0,0,0,0,1,1,1,1,0,0,0,0,0,0,4
"Freimettigenstrasse 16, 3672 Oberdiessbach",3480,46.8414195,7.620937907989417,4002054505,4.5,117.0,0,0,1,1,1,1,0,0,0,0,0,0,0,0,0,0,0,0,0,0,1,1,1,1,0,0,0,0,0,0,4
"Freimettigenstrasse 16, 3672 Oberdiessbach",3480,46.8414195,7.620937907989417,4002054504,4.5,117.0,0,0,1,1,1,1,0,0,0,0,0,0,0,0,0,0,0,0,0,0,1,1,1,1,0,0,0,0,0,0,4
"Thurgauerstrasse 107, 8152 Opfikon",3480,47.42274065,8.557988986206166,4002009558,4.5,117.0,0,0,5,1,1,1,0,0,0,0,1,1,0,0,0,0,0,0,0,0,1,1,0,0,2,1,0,0,3,1,13
"Fraumattstrasse 12, 4410 Liestal",3480,47.4926261,7.728784574275336,4002006028,4.5,117.0,1,1,0,0,0,0,0,0,0,0,0,0,0,0,0,0,0,0,0,0,0,0,0,0,0,0,0,0,0,0,1
"Käppeligasse 6, 4125 Riehen",3480,47.5940991,7.6559081,4001969396,4.5,117.0,0,0,0,0,0,0,0,0,0,0,0,0,0,0,0,0,0,0,0,0,0,0,0,0,0,0,0,0,1,1,1
8640 Rapperswil,3480,47.22682681254579,8.82190953580586,4001936608,4.5,117.0,2,1,7,1,1,1,0,0,3,1,1,1,0,0,1,1,0,0,3,1,1,1,2,1,2,1,0,0,2,1,25
"Widenplatz 12, 5070 Frick",3480,47.5073889,8.022840880760747,4001871601,4.5,117.0,1,1,5,1,1,1,1,1,1,1,0,0,0,0,0,0,0,0,0,0,2,1,4,1,2,1,0,0,1,1,18
1285 Sézegnin,3480,46.143945,6.0104963,4001764433,4.5,117.0,0,0,1,1,0,0,0,0,0,0,0,0,0,0,0,0,0,0,0,0,0,0,0,0,0,0,0,0,0,0,1
"Gyrhaldenstrasse 33, 4416 Bubendorf",3480,47.4526658,7.7444548,4001118323,4.5,117.0,1,1,0,0,0,0,0,0,0,0,0,0,0,0,0,0,0,0,0,0,0,0,0,0,0,0,0,0,0,0,1
8640 Rapperswil,3480,47.22682681254579,8.82190953580586,4001936613,4.5,117.0,2,1,7,1,1,1,0,0,3,1,1,1,0,0,1,1,0,0,3,1,1,1,2,1,2,1,0,0,2,1,25
"Langenthalstrasse 7, 4932 Lotzwil",3480,47.19164585,7.789602654279017,4002002619,4.5,117.0,1,1,2,1,0,0,0,0,0,0,0,0,0,0,0,0,0,0,0,0,0,0,0,0,1,1,0,0,0,0,4
"Vogelsang, 6287 Aesch LU",3480,47.2587914,8.2393046,4002067551,4.5,117.0,0,0,1,1,0,0,1,1,0,0,0,0,0,0,0,0,0,0,0,0,0,0,1,1,0,0,0,0,0,0,3
"Hubelstrasse 1B, 5524 Niederwil AG",2490,47.379645800000006,8.294397749999996,4002066177,4.5,108.0,0,0,3,1,0,0,0,0,1,1,0,0,0,0,1,1,0,0,0,0,0,0,1,1,1,1,0,0,0,0,7
"Freimettigenstrasse 16, 3672 Oberdiessbach",2490,46.8414195,7.620937907989417,4002054502,4.5,108.0,0,0,1,1,1,1,0,0,0,0,0,0,0,0,0,0,0,0,0,0,1,1,1,1,0,0,0,0,0,0,4
"Bassbeltweg 11 b, 2542 Pieterlen",2490,47.174822,7.3441028,4001978917,4.5,108.0,0,0,1,1,0,0,1,1,0,0,0,0,0,0,0,0,0,0,0,0,0,0,0,0,1,1,0,0,0,0,3
"Brückenmoosstrasse 21, 3942 Raron",2490,46.3087427,7.7956291,4001067447,4.5,108.0,1,1,3,1,0,0,0,0,0,0,0,0,0,0,0,0,0,0,0,0,0,0,0,0,1,1,0,0,2,1,7
"Rue de creta co, 1936 Verbier",2490,46.0996198,7.2177728,3000491869,4.5,108.0,0,0,1,1,0,0,0,0,0,0,0,0,0,0,0,0,0,0,0,0,0,0,0,0,0,0,0,0,0,0,1
"Im Haldenächer, 8907 Wettswil",2490,47.333387126888816,8.476764674551983,4002039943,4.5,108.0,0,0,1,1,0,0,0,0,0,0,0,0,0,0,0,0,0,0,0,0,0,0,0,0,0,0,0,0,0,0,1
"Avenue de la Perrausaz 90, 1814 La Tour-de-Peilz",2490,46.4560535,6.865725708266229,4001978487,4.5,108.0,0,0,0,0,0,0,0,0,1,1,0,0,0,0,0,0,0,0,0,0,0,0,0,0,0,0,0,0,2,1,3
"Via Giovanni Serodine, 6612 Ascona",2490,46.1517795,8.7793253,4001353098,4.5,108.0,0,0,5,1,2,1,0,0,0,0,0,0,0,0,0,0,0,0,0,0,1,1,0,0,0,0,0,0,1,1,9
8907 Wettswil,2490,47.3362761865497,8.474658964327485,4002039919,4.5,108.0,0,0,2,1,0,0,0,0,0,0,0,0,0,0,1,1,0,0,0,0,0,0,1,1,0,0,0,0,0,0,4
1010 Lausanne,2490,46.53844260968495,6.652783954259043,4002003378,4.5,108.0,0,0,0,0,0,0,0,0,0,0,0,0,0,0,0,0,0,0,0,0,0,0,0,0,0,0,0,0,1,1,1
"Viale Stazione 21, 6500 Bellinzona",2490,46.192673,9.0247308,4002053901,4.5,108.0,1,1,2,1,5,1,1,1,2,1,0,0,0,0,0,0,0,0,0,0,2,1,2,1,3,1,0,0,1,1,19
"Doktorsträssli 5a, 4704 Niederbipp",2490,47.27176935,7.692159349387261,4001668356,4.5,108.0,2,1,2,1,0,0,0,0,2,1,0,0,0,0,0,0,0,0,0,0,0,0,2,1,0,0,0,0,0,0,8
"Langenhagweg 9, 4123 Allschwil",2490,47.5484145,7.5549351,4002032851,4.5,108.0,0,0,4,1,0,0,0,0,0,0,0,0,0,0,0,0,0,0,0,0,0,0,1,1,1,1,0,0,0,0,6
"Bartholoméplatz 3, 7310 Bad Ragaz",2490,47.00311185,9.501156906929587,4001980329,4.5,108.0,5,1,12,1,1,1,2,1,2,1,2,1,0,0,1,1,0,0,0,0,1,1,2,1,3,1,0,0,9,1,40
"Gestadeckplatz 6, 4410 Liestal",3590,47.4858593,7.7372948,4001741543,5.5,170.0,3,1,8,1,0,0,0,0,0,0,0,0,0,0,1,1,0,0,0,0,1,1,0,0,1,1,0,0,2,1,16
"Gerbergasse 70, 4001 Basel",3590,47.5553964,7.5887611,4001669765,5.5,170.0,5,1,23,1,8,1,1,1,8,1,3,1,0,0,2,1,0,0,1,1,2,1,0,0,0,0,0,0,0,0,53
"Oltenstrasse 5, 4536 Attiswil",3590,47.24733975,7.614345777672844,4002051404,5.5,170.0,1,1,3,1,0,0,0,0,0,0,1,1,0,0,0,0,0,0,0,0,0,0,0,0,0,0,0,0,2,1,7
"Bucheggstrasse 130, 8057 Zürich",3590,47.3983777,8.5379052,4002000511,5.5,170.0,0,0,0,0,0,0,0,0,1,1,0,0,0,0,0,0,0,0,0,0,0,0,0,0,0,0,0,0,0,0,1
"Via Lischedo 3, 6802 Rivera",3590,46.1243333,8.9223826,4001668950,5.5,170.0,0,0,4,1,0,0,0,0,1,1,0,0,0,0,0,0,0,0,0,0,0,0,0,0,1,1,0,0,0,0,6
"Wiesenstrasse 4, 8580 Amriswil",3590,47.54249645,9.30764684798977,4001596159,5.5,170.0,1,1,3,1,1,1,0,0,0,0,0,0,0,0,0,0,0,0,0,0,0,0,2,1,2,1,0,0,2,1,11
"Via alla Bozzoreda 37, 6963 Pregassona",3590,46.0195093,8.9727665,4002053900,5.5,170.0,0,0,3,1,0,0,0,0,1,1,0,0,0,0,0,0,0,0,0,0,0,0,0,0,0,0,0,0,0,0,4
"Via Lischedo 3, 6802 Rivera",3590,46.1243333,8.9223826,4002053895,5.5,170.0,0,0,4,1,0,0,0,0,1,1,0,0,0,0,0,0,0,0,0,0,0,0,0,0,1,1,0,0,0,0,6
"Via San Gottardo 58a, 6500 Bellinzona",3590,46.201208300000005,9.0328184,4002038666,5.5,170.0,0,0,3,1,1,1,1,1,1,1,0,0,0,0,0,0,0,0,0,0,2,1,0,0,0,0,0,0,0,0,8
"Frank-Buchserstrasse 3, 4532 Feldbrunnen",3590,47.2198489,7.5552774,4002038659,5.5,170.0,0,0,1,1,0,0,0,0,0,0,0,0,0,0,0,0,0,0,0,0,0,0,0,0,0,0,0,0,4,1,5
"Leutschenbachstrasse 50/50a, 8050 Zürich",3590,47.41698710277659,8.556155144939847,4002002549,5.5,170.0,1,1,3,1,2,1,0,0,1,1,1,1,0,0,0,0,0,0,0,0,0,0,0,0,1,1,0,0,1,1,10
"Viale Stazione 21, 6500 Bellinzona",3590,46.192673,9.0247308,4001980280,5.5,170.0,1,1,2,1,5,1,1,1,2,1,0,0,0,0,0,0,0,0,0,0,2,1,2,1,3,1,0,0,1,1,19
"Vulpera 32, 7552 Vulpera",3590,46.7866961,10.284163,4001912485,5.5,170.0,0,0,1,1,0,0,0,0,0,0,0,0,0,0,0,0,0,0,0,0,0,0,0,0,0,0,0,0,2,1,3
"St. Jakobstrasse 46, 4147 Aesch BL",3590,47.4786529,7.5974942,4001912267,5.5,170.0,0,0,1,1,0,0,0,0,1,1,1,1,0,0,0,0,0,0,0,0,0,0,0,0,0,0,0,0,0,0,3
"Via Sasso Corbaro 19, 6593 Cadenazzo",3590,46.1513709,8.9444258,4001904514,5.5,170.0,0,0,3,1,2,1,1,1,1,1,0,0,0,0,2,1,0,0,0,0,1,1,1,1,0,0,0,0,0,0,11
"Käferholzstrasse 48, 8057 Zürich",2030,47.4021195,8.532901204787251,4001895941,5.0,140.0,0,0,1,1,0,0,0,0,0,0,0,0,0,0,0,0,0,0,0,0,0,0,0,0,0,0,0,0,0,0,1
"Niederfeldstrasse 8, 8932 Mettmenstetten",2030,47.24654755,8.46642889948233,4001836955,5.0,140.0,0,0,1,1,0,0,0,0,0,0,0,0,0,0,1,1,0,0,0,0,0,0,1,1,0,0,0,0,2,1,5
"Hofackerstrasse 6e, 8157 Dielsdorf",2030,47.4854882,8.4560237,4001820529,5.0,140.0,1,1,3,1,0,0,0,0,0,0,0,0,0,0,0,0,0,0,0,0,0,0,0,0,0,0,0,0,0,0,4
"Schwaderloch 7, 8253 Diessenhofen",2030,47.6902444,8.751494199917264,4001797428,5.0,140.0,1,1,2,1,1,1,0,0,0,0,0,0,0,0,1,1,0,0,0,0,0,0,0,0,0,0,0,0,3,1,8
"Via Monte Carmen 13, 6900 Lugano",2030,46.0134631,8.952825049999998,4001714200,5.0,140.0,1,1,5,1,2,1,0,0,0,0,0,0,0,0,2,1,0,0,0,0,1,1,0,0,0,0,0,0,0,0,11
"Langenhagweg 9, 4123 Allschwil",2030,47.5484145,7.5549351,4001669466,5.0,140.0,0,0,4,1,0,0,0,0,0,0,0,0,0,0,0,0,0,0,0,0,0,0,1,1,1,1,0,0,0,0,6
"Langenhagweg 7, 4123 Allschwil",2030,47.5481697,7.5546643,4001669464,5.0,140.0,1,1,4,1,0,0,0,0,1,1,0,0,0,0,0,0,0,0,0,0,1,1,1,1,0,0,0,0,0,0,8
"Via Sasso Corbaro 17, 6593 Cadenazzo",2030,46.1513709,8.9444258,4001668528,5.0,140.0,0,0,3,1,2,1,1,1,1,1,0,0,0,0,2,1,0,0,0,0,1,1,1,1,0,0,0,0,0,0,11
"Via Monte Carmen 13, 6900 Lugano",2030,46.0134631,8.952825049999998,4001668412,5.0,140.0,1,1,5,1,2,1,0,0,0,0,0,0,0,0,2,1,0,0,0,0,1,1,0,0,0,0,0,0,0,0,11
"Oelebachweg 19, 3427 Utzenstorf",2030,47.135010050000005,7.548367062500716,4002062172,5.0,140.0,0,0,3,1,1,1,1,1,0,0,0,0,0,0,0,0,0,0,0,0,0,0,0,0,0,0,0,0,4,1,9
"Tittertenstrasse 9, 4418 Reigoldswil",2030,47.398839,7.6921636,4002060863,5.0,140.0,0,0,2,1,0,0,0,0,0,0,0,0,0,0,0,0,0,0,0,0,0,0,0,0,1,1,0,0,0,0,3
"Chemin des Croisettes 7, 1066 Epalinges",2030,46.54550315,6.660785135862447,4002054444,5.0,140.0,1,1,2,1,0,0,0,0,0,0,0,0,0,0,0,0,0,0,0,0,1,1,0,0,1,1,0,0,0,0,5
"Hauptstrasse 119, 4102 Binningen",2030,47.5382215,7.5721395,4002050661,5.0,140.0,2,1,5,1,1,1,0,0,0,0,1,1,0,0,1,1,0,0,1,1,2,1,4,1,1,1,0,0,1,1,19
"Spyristrasse 20, 8044 Zürich",2030,47.38233855,8.552323701211794,4002047844,5.0,140.0,1,1,2,1,0,0,0,0,2,1,3,1,0,0,0,0,0,0,0,0,1,1,0,0,0,0,0,0,0,0,9
"Avenue Beauregard 2, 1700 Fribourg",2030,46.8019815,7.148923834893623,4002039926,5.0,140.0,1,1,10,1,1,1,0,0,1,1,0,0,3,1,2,1,0,0,0,0,1,1,0,0,0,0,0,0,8,1,27
"Via Ghiringhelli 27 a, 6500 Bellinzona",2030,46.18717845,9.016370013509558,4002038664,5.0,140.0,0,0,4,1,2,1,0,0,2,1,0,0,0,0,0,0,0,0,0,0,1,1,1,1,0,0,0,0,0,0,10
"Via Franco Zorzi 25A, 6500 Bellinzona",2030,46.1909836,9.0172659,4002031463,5.0,140.0,5,1,13,1,6,1,1,1,2,1,0,0,0,0,5,1,0,0,0,0,2,1,1,1,0,0,0,0,0,0,35
"Innere Mattenstrasse 20, 5036 Oberentfelden",2590,47.35998,8.042668708213048,4002018334,5.5,122.0,0,0,3,1,0,0,0,0,3,1,1,1,0,0,1,1,0,0,0,0,1,1,0,0,1,1,0,0,0,0,10
"Stengelmattstrasse 24, 6252 Dagmersellen",2590,47.2130905,7.983813114006721,4002009638,5.5,122.0,0,0,2,1,0,0,0,0,1,1,2,1,0,0,0,0,0,0,0,0,0,0,1,1,1,1,0,0,3,1,10
"Küchengasse 16, 4051 Basel",2590,47.5485517,7.5889376,4002009504,5.5,122.0,3,1,2,1,1,1,1,1,1,1,0,0,0,0,0,0,0,0,1,1,2,1,1,1,0,0,0,0,0,0,12
"Esterlistrasse 20, 4133 Pratteln",2590,47.5193907,7.6870362,4002009500,5.5,122.0,0,0,0,0,1,1,0,0,0,0,0,0,0,0,0,0,0,0,0,0,0,0,0,0,2,1,0,0,2,1,5
"Jurastrasse 92, 2540 Grenchen",2590,47.1980531,7.4066132,4002006074,5.5,122.0,0,0,2,1,0,0,0,0,2,1,0,0,0,0,0,0,0,0,1,1,0,0,0,0,0,0,0,0,0,0,5
"Wartenweilerweg 3, 9214 Kradolf-Schönenberg",2590,47.52572055,9.202142495289774,4001996813,5.5,122.0,0,0,1,1,0,0,0,0,0,0,0,0,0,0,0,0,0,0,0,0,0,0,0,0,0,0,0,0,1,1,2
"Via alla Bozzoreda 37, 6963 Pregassona",2590,46.0195093,8.9727665,4001980272,5.5,122.0,0,0,3,1,0,0,0,0,1,1,0,0,0,0,0,0,0,0,0,0,0,0,0,0,0,0,0,0,0,0,4
"Eugen-Huber-Str. 113, 8048 Zürich",2590,47.3871702,8.47548810019084,4001852119,5.5,122.0,2,1,0,0,0,0,0,0,0,0,0,0,0,0,0,0,0,0,0,0,0,0,0,0,0,0,0,0,0,0,2
"Paracelsusstrasse 63, 4058 Basel",2590,47.5659154,7.6115288,4001794440,5.5,122.0,1,1,0,0,0,0,0,0,0,0,0,0,0,0,0,0,0,0,0,0,0,0,0,0,1,1,0,0,1,1,3
"Haltingerstr. 78, 4057 Basel",2590,47.5661802,7.5958747,4001793291,5.5,122.0,9,1,16,1,3,1,1,1,9,1,0,0,0,0,0,0,0,0,0,0,2,1,0,0,1,1,0,0,0,0,41
"Rosenstrasse 1, 4410 Liestal",2590,47.4856124,7.7376025,4001749938,5.5,122.0,3,1,14,1,2,1,0,0,0,0,0,0,0,0,1,1,0,0,1,1,1,1,2,1,3,1,0,0,3,1,30
"Gestadeckplatz 6, 4410 Liestal",2590,47.4858593,7.7372948,4001669298,5.5,122.0,3,1,8,1,0,0,0,0,0,0,0,0,0,0,1,1,0,0,0,0,1,1,0,0,1,1,0,0,2,1,16
"Pilgerstr. 71, 5405 Dättwil AG",3270,47.4515213,8.285572549999998,4001668614,4.5,128.0,0,0,1,1,0,0,0,0,3,1,0,0,0,0,0,0,0,0,0,0,1,1,0,0,0,0,0,0,0,0,5
"Wylerstrasse 115, 3014 Bern",3270,46.9614166,7.4471717,4002073453,4.5,128.0,1,1,2,1,0,0,1,1,0,0,0,0,0,0,0,0,0,0,0,0,0,0,0,0,0,0,0,0,1,1,5
"Burgdorfstrasse 13, 3422 Alchenflüh",3270,47.081564150000005,7.5817915,4002071006,4.5,128.0,0,0,5,1,0,0,0,0,0,0,0,0,0,0,0,0,0,0,0,0,0,0,2,1,1,1,0,0,2,1,10
"Bahnstrasse 6, 9445 Rebstein",3270,47.39335805,9.587488738992535,4002054432,4.5,128.0,0,0,2,1,0,0,0,0,2,1,0,0,0,0,0,0,0,0,0,0,0,0,1,1,2,1,0,0,0,0,7
"Via del Tiglio 5, 6592 S. Antonino",3270,46.1572824,8.9814849,4002051393,4.5,128.0,0,0,2,1,0,0,0,0,0,0,0,0,0,0,0,0,0,0,0,0,0,0,1,1,0,0,0,0,0,0,3
"Redingstrasse 24, 4052 Basel",3270,47.54671,7.6201878,4002047930,4.5,128.0,1,1,1,1,0,0,0,0,0,0,0,0,0,0,0,0,0,0,0,0,1,1,0,0,0,0,0,0,3,1,6
"Rue de Romont 1, 1700 Fribourg",3270,46.8049405,7.1552585,4002039930,4.5,128.0,5,1,13,1,5,1,0,0,5,1,0,0,0,0,0,0,0,0,0,0,2,1,8,1,5,1,0,0,4,1,47
"Grabenwies 32, 8057 Zürich",3270,47.4020363,8.5371545,4002039927,4.5,128.0,0,0,5,1,0,0,0,0,0,0,0,0,0,0,0,0,0,0,0,0,1,1,0,0,0,0,0,0,0,0,6
"Rue Jacques-Vogt 2, 1700 Fribourg",3270,46.799118,7.1532811,4002039925,4.5,128.0,3,1,17,1,3,1,1,1,16,1,1,1,2,1,1,1,0,0,0,0,3,1,1,1,3,1,0,0,16,1,67
"Chemin de la Colline 2, 1023 Crissier",3270,46.5417357,6.574662,4002017373,4.5,128.0,0,0,0,0,0,0,0,0,0,0,0,0,0,0,1,1,0,0,0,0,0,0,0,0,0,0,0,0,0,0,1
"Via Franco Zorzi 25A, 6500 Bellinzona",3270,46.1909836,9.0172659,4001995971,4.5,128.0,5,1,13,1,6,1,1,1,2,1,0,0,0,0,5,1,0,0,0,0,2,1,1,1,0,0,0,0,0,0,35
"Paul-Kleestrasse 107, 3053 Münchenbuchsee",3270,47.0213248,7.438463979875334,4001989296,4.5,128.0,0,0,1,1,0,0,0,0,0,0,0,0,0,0,0,0,0,0,0,0,0,0,0,0,0,0,0,0,1,1,2
"Via Franco Zorzi 25A, 6500 Bellinzona",3270,46.1909836,9.0172659,4001979003,4.5,128.0,5,1,13,1,6,1,1,1,2,1,0,0,0,0,5,1,0,0,0,0,2,1,1,1,0,0,0,0,0,0,35
"Chemin des Grands-Pins 2, 2000 Neuchâtel",3270,46.99772462006891,6.93381776677924,4001867848,4.5,128.0,0,0,2,1,0,0,0,0,0,0,0,0,0,0,0,0,0,0,0,0,0,0,0,0,0,0,0,0,0,0,2
"Via Cantonale 12 A, 6942 Savosa",3270,46.02190331744186,8.948039760912136,4001860704,4.5,128.0,0,0,1,1,1,1,0,0,1,1,0,0,0,0,1,1,0,0,0,0,1,1,1,1,3,1,0,0,1,1,10
"Rue Adrien-Pichard 2, 1003 Lausanne",3480,46.5222215,6.630389990562497,4001847621,4.0,120.0,6,1,15,1,3,1,2,1,14,1,0,0,0,0,1,1,0,0,0,0,3,1,3,1,1,1,0,0,0,0,48
"Feldeggstrasse 73, 3322 Urtenen-Schönbühl",3480,47.019027,7.512513961459841,4001809020,4.0,120.0,0,0,1,1,0,0,0,0,0,0,0,0,0,0,0,0,0,0,0,0,0,0,0,0,0,0,0,0,2,1,3
"Heidenerstrasse 6, 9400 Rorschach",3480,47.4734897,9.49802463109404,4001765042,4.0,120.0,0,0,10,1,1,1,0,0,1,1,0,0,0,0,1,1,0,0,0,0,0,0,0,0,0,0,0,0,5,1,18
"Truttikerstrasse 19, 8475 Ossingen",3480,47.613678750000005,8.725939259196991,4002081184,4.0,120.0,1,1,1,1,0,0,0,0,0,0,2,1,0,0,0,0,0,0,0,0,0,0,0,0,1,1,0,0,0,0,5
"Wilfriedstrasse 7, 8032 Zürich",3480,47.3700424,8.554653802798512,4002078663,4.0,120.0,4,1,5,1,1,1,1,1,1,1,0,0,0,0,0,0,0,0,0,0,2,1,0,0,0,0,0,0,1,1,15
"Husächerstr. 5, 8907 Wettswil",3480,47.34076515,8.47290759882921,4002075419,4.0,120.0,0,0,2,1,0,0,0,0,0,0,0,0,0,0,0,0,0,0,0,0,0,0,1,1,0,0,0,0,0,0,3
"Route de Vandœuvres 6, 1223 Cologny",3480,46.20678975,6.180745826280712,4002075044,4.0,120.0,1,1,0,0,0,0,0,0,0,0,0,0,0,0,0,0,0,0,0,0,0,0,0,0,0,0,0,0,0,0,1
"Wylerstrasse 115, 3014 Bern",3480,46.9614166,7.4471717,4002073382,4.0,120.0,1,1,2,1,0,0,1,1,0,0,0,0,0,0,0,0,0,0,0,0,0,0,0,0,0,0,0,0,1,1,5
"Hammerstrasse 92, 4057 Basel",3480,47.5646568,7.5957185,4002073335,4.0,120.0,5,1,14,1,3,1,1,1,6,1,0,0,0,0,0,0,0,0,0,0,1,1,0,0,2,1,0,0,0,0,32
"Bleicherstrasse, Nr. 33, 8953 Dietikon",3480,47.4076388,8.397884,4002070471,4.0,120.0,0,0,2,1,0,0,0,0,0,0,0,0,0,0,0,0,0,0,0,0,0,0,0,0,0,0,0,0,0,0,2
"Rue Daubin 4, 1203 Genève",3480,46.2058238,6.1294096,4002070191,4.0,120.0,2,1,12,1,1,1,0,0,1,1,1,1,0,0,1,1,0,0,0,0,2,1,0,0,0,0,0,0,0,0,20
"Eigenheimweg 18, 4614 Hägendorf",3480,47.338101300000005,7.850007494505492,4002066673,4.0,120.0,0,0,0,0,0,0,0,0,0,0,1,1,0,0,0,0,0,0,0,0,0,0,0,0,0,0,0,0,0,0,1
"Langgasse 58, 8400 Winterthur",3480,47.49216555,8.733411217709435,4002061897,4.0,120.0,1,1,1,1,2,1,0,0,0,0,1,1,0,0,0,0,0,0,1,1,0,0,0,0,0,0,0,0,1,1,7
"Rathausstrasse 30, 8570 Weinfelden",3480,47.5666802,9.108451,4002060913,4.0,120.0,4,1,19,1,6,1,3,1,3,1,4,1,0,0,1,1,0,0,0,0,2,1,3,1,4,1,0,0,1,1,50
"Seeburgstrasse 49B, 6006 Luzern",3480,47.04806665,8.343181157242544,4002059937,4.0,120.0,0,0,1,1,0,0,0,0,0,0,0,0,0,0,0,0,0,0,0,0,0,0,0,0,0,0,0,0,2,1,3
"Hofmattstrasse 46, 4415 Lausen",2240,47.468552,7.757767422605271,4002055430,5.0,110.0,0,0,1,1,0,0,0,0,0,0,0,0,0,0,0,0,0,0,0,0,0,0,0,0,0,0,0,0,1,1,2
"Am Stausee 25, 4127 Birsfelden",2240,47.5564628,7.6317042,4002055429,5.0,110.0,0,0,1,1,0,0,0,0,0,0,0,0,0,0,0,0,0,0,0,0,0,0,0,0,0,0,0,0,3,1,4
"Westerholz 6, 2504 Biel/Bienne",2240,47.1502368,7.272092,4002054443,5.0,110.0,0,0,1,1,0,0,0,0,1,1,0,0,0,0,0,0,0,0,0,0,0,0,0,0,2,1,0,0,0,0,4
"Kurvenstrasse 15, 8600 Dübendorf",2240,47.397128550000005,8.61408523764917,4002054439,5.0,110.0,1,1,4,1,0,0,0,0,1,1,0,0,0,0,0,0,0,0,0,0,0,0,0,0,0,0,0,0,1,1,7
"Pfruendhofstrasse 48, 8910 Affoltern am Albis",2240,47.27652985,8.456831881170883,4002054433,5.0,110.0,1,1,0,0,0,0,0,0,0,0,0,0,0,0,0,0,0,0,0,0,0,0,0,0,0,0,0,0,0,0,1
"Bernstrasse 147, 3400 Burgdorf",2240,47.0517618,7.609701935373495,4002051403,5.0,110.0,0,0,0,0,0,0,0,0,0,0,0,0,0,0,0,0,0,0,0,0,0,0,0,0,0,0,0,0,3,1,3
"Batteriestrasse 4a, 4103 Bottmingen",2240,47.5273022,7.5747135,4002051395,5.0,110.0,0,0,1,1,0,0,0,0,0,0,0,0,0,0,0,0,0,0,0,0,0,0,0,0,0,0,0,0,0,0,1
"Via Giuseppe Torti 6, 6500 Bellinzona",2240,46.1867087,9.01815559314312,4002051394,5.0,110.0,0,0,3,1,1,1,0,0,0,0,0,0,0,0,0,0,0,0,0,0,1,1,0,0,0,0,0,0,0,0,5
"Via Monte Carmen 13, 6900 Lugano",2240,46.0134631,8.952825049999998,4002051338,5.0,110.0,1,1,5,1,2,1,0,0,0,0,0,0,0,0,2,1,0,0,0,0,1,1,0,0,0,0,0,0,0,0,11
"Hammerstrasse 33, 8008 Zürich",2240,47.36028865,8.560204209430795,4002050823,5.0,110.0,3,1,7,1,0,0,0,0,2,1,0,0,0,0,1,1,0,0,0,0,1,1,0,0,0,0,0,0,0,0,14
"Via ai Saleggi 26, 6600 Locarno",2240,46.1628665,8.7946646,4002050783,5.0,110.0,0,0,3,1,0,0,0,0,1,1,0,0,0,0,1,1,0,0,0,0,1,1,0,0,0,0,0,0,3,1,9
"Wyde 7, 5242 Birr",2240,47.4383401,8.2119354,4002050667,5.0,110.0,0,0,2,1,0,0,0,0,0,0,0,0,0,0,1,1,0,0,0,0,1,1,2,1,0,0,0,0,9,1,15
"Dorfstrasse 31, 8310 Grafstal",2240,47.4439564,8.699784,4002048119,5.0,110.0,0,0,2,1,0,0,0,0,0,0,0,0,0,0,0,0,0,0,0,0,0,0,0,0,0,0,0,0,3,1,5
"Am Stausee 25, 4127 Birsfelden",2240,47.5564628,7.6317042,4002044164,5.0,110.0,0,0,1,1,0,0,0,0,0,0,0,0,0,0,0,0,0,0,0,0,0,0,0,0,0,0,0,0,3,1,4
"Rue de l'Aubépine 3, 1205 Genève",2240,46.1903575,6.1439867,4002042526,5.0,110.0,6,1,12,1,3,1,0,0,5,1,0,0,0,0,0,0,0,0,0,0,3,1,0,0,0,0,0,0,0,0,29
"Mattengasse 11, 8005 Zürich",2240,47.3822054,8.530119794759537,4002039327,5.0,110.0,10,1,43,1,15,1,1,1,15,1,1,1,0,0,0,0,0,0,0,0,4,1,1,1,5,1,0,0,0,0,95
"Rainstrasse 1, 5415 Nussbaumen AG",2240,47.4891599,8.295717210445172,4002038160,5.0,110.0,1,1,2,1,0,0,0,0,0,0,0,0,0,0,0,0,0,0,0,0,0,0,2,1,2,1,0,0,1,1,8
"Blochmonterstr. 4, 4054 Basel",2140,47.5473878,7.5748705,4002032820,3.5,81.0,0,0,1,1,0,0,0,0,0,0,0,0,0,0,0,0,0,0,0,0,1,1,0,0,0,0,0,0,0,0,2
"Bahnweg 1, 8700 Küsnacht",2140,47.31359705,8.583121980708345,4002032033,3.5,81.0,0,0,1,1,1,1,0,0,0,0,0,0,0,0,0,0,0,0,0,0,0,0,0,0,0,0,0,0,0,0,2
"Wehrligasse 5A, 8476 Stammheim",2140,47.63902950885018,8.78807594115428,4002031831,3.5,81.0,0,0,1,1,0,0,0,0,0,0,0,0,0,0,0,0,0,0,0,0,0,0,0,0,0,0,0,0,0,0,1
"Bernapark 28, 3066 Stettlen",2140,46.96048,7.51292,4002028305,3.5,81.0,0,0,1,1,0,0,0,0,0,0,0,0,0,0,0,0,0,0,0,0,0,0,0,0,0,0,0,0,0,0,1
"Pappelnweg 34b, 4310 Rheinfelden",2140,47.5476981,7.7730956,4002027464,3.5,81.0,0,0,1,1,0,0,0,0,0,0,0,0,0,0,0,0,0,0,0,0,0,0,0,0,0,0,0,0,0,0,1
"Zihlweg 41, 2557 Studen BE",2140,47.1178126,7.300076177451997,4002022332,3.5,81.0,0,0,2,1,0,0,0,0,0,0,1,1,0,0,0,0,0,0,0,0,1,1,0,0,0,0,0,0,1,1,5
"Schiltstrasse 49, 8750 Glarus",2140,47.03758505,9.063123102820336,4002015998,3.5,81.0,3,1,3,1,3,1,0,0,2,1,0,0,0,0,0,0,0,0,0,0,1,1,1,1,0,0,0,0,0,0,13
"Birsfelderstrasse 95, 4132 Muttenz",2140,47.5390924,7.6310616,4002009502,3.5,81.0,0,0,1,1,0,0,0,0,0,0,2,1,0,0,0,0,0,0,1,1,0,0,0,0,0,0,0,0,2,1,6
"Rothausstrasse 15, 4132 Muttenz",2140,47.5257782,7.6560595,4002005842,3.5,81.0,0,0,0,0,0,0,0,0,0,0,0,0,0,0,0,0,0,0,0,0,0,0,0,0,0,0,0,0,3,1,3
"Heinrich-Wolff-Strasse 10, 8046 Zürich",2140,47.4236779,8.4997459,4002005129,3.5,81.0,0,0,3,1,0,0,0,0,0,0,0,0,0,0,0,0,0,0,0,0,0,0,0,0,0,0,0,0,0,0,3
"Zürcherstrasse 24B, 8852 Altendorf",2140,47.1932529,8.8263019,4002001854,3.5,81.0,2,1,5,1,0,0,0,0,0,0,0,0,0,0,1,1,0,0,0,0,0,0,2,1,0,0,0,0,2,1,12
"Schärenfeld 30, 8052 Seebach",2140,47.4196989,8.5500524,4002000627,3.5,81.0,1,1,8,1,3,1,1,1,3,1,0,0,0,0,0,0,0,0,0,0,3,1,0,0,2,1,0,0,1,1,22
"Altweg 25, 8905 Arni",2140,47.3209176,8.42691644742525,4001997328,3.5,81.0,1,1,0,0,0,0,0,0,0,0,0,0,0,0,0,0,0,0,0,0,0,0,0,0,0,0,0,0,0,0,1
"Steinenbühlstrasse 50A, 5417 Untersiggenthal",2140,47.5126923,8.2705985,4001988533,3.5,81.0,0,0,0,0,0,0,0,0,0,0,0,0,0,0,0,0,0,0,0,0,0,0,0,0,0,0,0,0,1,1,1
"Delsbergerallee 68, 4053 Basel",2140,47.5397015,7.5990901,4001987266,3.5,81.0,4,1,6,1,0,0,0,0,0,0,0,0,0,0,0,0,0,0,0,0,1,1,1,1,0,0,0,0,0,0,12
"Schwärzere 19, 3425 Koppigen",2140,47.1324178,7.6059752,4001983791,3.5,81.0,0,0,0,0,0,0,0,0,0,0,1,1,0,0,0,0,0,0,0,0,0,0,1,1,0,0,0,0,7,1,9
"Trogmattweg 9, 3506 Grosshöchstetten",2140,46.90452365,7.634434849999991,4001982696,3.5,81.0,1,1,2,1,0,0,0,0,0,0,0,0,0,0,0,0,0,0,0,0,1,1,2,1,3,1,0,0,1,1,10
"Grubenstrasse 13b, 5070 Frick",2490,47.5102226,8.020031975629749,4001980147,5.0,120.0,1,1,1,1,0,0,0,0,1,1,0,0,0,0,0,0,0,0,0,0,2,1,1,1,0,0,0,0,0,0,6
"Elsastrasse 16, 8004 Zürich",2490,47.3771242,8.514328753943873,4001970464,5.0,120.0,3,1,17,1,1,1,3,1,7,1,0,0,0,0,0,0,0,0,0,0,2,1,1,1,3,1,0,0,1,1,38
"Mühlemattstrasse 11, 6374 Buochs",2490,46.97376468661957,8.418765948002582,4001966990,5.0,120.0,1,1,6,1,0,0,1,1,2,1,0,0,0,0,0,0,0,0,0,0,0,0,2,1,1,1,0,0,0,0,13
"Birsfelderstrasse 34, 4132 Muttenz",2490,47.5347248,7.634326,4001966134,5.0,120.0,0,0,2,1,0,0,0,0,0,0,3,1,0,0,0,0,0,0,1,1,0,0,0,0,0,0,0,0,0,0,6
"Apfelseestr. 9, 4143 Dornach",2490,47.47575195,7.609075814242029,4001962223,5.0,120.0,0,0,1,1,0,0,0,0,0,0,0,0,0,0,0,0,0,0,0,0,0,0,0,0,0,0,0,0,0,0,1
"Bergstrasse 14, 8953 Dietikon",2490,47.4041445,8.398524000000005,4001960538,5.0,120.0,1,1,10,1,4,1,1,1,11,1,0,0,0,0,0,0,0,0,0,0,3,1,1,1,3,1,0,0,3,1,37
"Kempttalstrasse 78, 8308 Illnau-Effretikon",2490,47.41100875,8.724510062325784,4001953394,5.0,120.0,1,1,4,1,1,1,0,0,0,0,0,0,0,0,1,1,0,0,0,0,0,0,0,0,2,1,0,0,0,0,9
"Via Galli 8, 6600 Locarno",2490,46.16895456964882,8.787960044939735,4001948106,5.0,120.0,1,1,4,1,0,0,0,0,0,0,0,0,0,0,0,0,0,0,0,0,0,0,0,0,1,1,0,0,1,1,7
"Schipferstrasse 5, 8800 Thalwil",2490,47.2835233,8.574650081167732,4001937866,5.0,120.0,0,0,1,1,0,0,0,0,0,0,0,0,0,0,0,0,0,0,0,0,0,0,0,0,0,0,0,0,4,1,5
"Billoweg 3, 8038 Zürich",2490,47.3521244,8.531395453366446,4001910546,5.0,120.0,0,0,0,0,0,0,0,0,0,0,0,0,0,0,0,0,0,0,0,0,0,0,0,0,0,0,0,0,1,1,1
"Baselstrasse 95, 4153 Reinach",2490,47.505625550000005,7.601726523178613,4001906397,5.0,120.0,0,0,2,1,0,0,0,0,0,0,1,1,0,0,0,0,0,0,0,0,0,0,0,0,1,1,0,0,3,1,7
"Werkgasse 28, 3018 Bern",2490,46.94342855,7.402900516018621,4001898329,5.0,120.0,0,0,1,1,0,0,0,0,0,0,0,0,0,0,0,0,0,0,0,0,1,1,0,0,0,0,0,0,0,0,2
"Winzerweg 9, 4123 Allschwil",2490,47.54724455,7.539286550000006,4001893464,5.0,120.0,1,1,3,1,0,0,0,0,1,1,0,0,0,0,0,0,0,0,0,0,0,0,0,0,0,0,0,0,0,0,5
"Haldenstrasse 8, 8045 Zürich",2490,47.36316115,8.518535792443249,4001893301,5.0,120.0,1,1,15,1,0,0,0,0,4,1,1,1,0,0,1,1,0,0,1,1,1,1,0,0,0,0,0,0,0,0,24
"Hauptstrasse 7, 4132 Muttenz",2490,47.5232867,7.644928819844468,4001892969,5.0,120.0,0,0,7,1,1,1,0,0,2,1,1,1,0,0,0,0,0,0,0,0,1,1,2,1,1,1,0,0,1,1,16
"Dammweg 35, 5610 Wohlen AG",2490,47.34419055,8.278715696733439,4001888521,5.0,120.0,0,0,0,0,0,0,1,1,0,0,0,0,0,0,0,0,0,0,0,0,1,1,0,0,1,1,0,0,4,1,7
"Via Monte Carmen 13, 6900 Lugano",1690,46.0134631,8.952825049999998,4001884400,3.0,49.0,1,1,5,1,2,1,0,0,0,0,0,0,0,0,2,1,0,0,0,0,1,1,0,0,0,0,0,0,0,0,11
"Sonnhaldenstrasse 1, 8113 Boppelsen",1690,47.47083325,8.402901931889762,4001883675,3.0,49.0,0,0,1,1,0,0,0,0,0,0,0,0,0,0,0,0,0,0,0,0,0,0,0,0,0,0,0,0,0,0,1
"Lungolago Giuseppe Motta 78, 6815 Melide",1690,45.9478196,8.9403066,4001871860,3.0,49.0,0,0,2,1,0,0,0,0,0,0,0,0,0,0,1,1,0,0,0,0,1,1,0,0,1,1,0,0,0,0,5
"Oberburgstrasse 90, 3400 Burgdorf",1690,47.04559505,7.62219187575692,4001867855,3.0,49.0,1,1,1,1,0,0,0,0,0,0,0,0,0,0,0,0,0,0,0,0,0,0,0,0,1,1,0,0,3,1,6
"Bernstrasse 149, 3400 Burgdorf",1690,47.05178875,7.609185739948456,4001852928,3.0,49.0,0,0,3,1,0,0,0,0,0,0,0,0,0,0,0,0,0,0,0,0,0,0,0,0,0,0,0,0,4,1,7
"Länggasse 43, 4624 Härkingen",1690,47.30563544239009,7.815977558866495,4001847968,3.0,49.0,0,0,1,1,0,0,0,0,0,0,1,1,0,0,0,0,0,0,0,0,0,0,0,0,0,0,0,0,0,0,2
"Rainackerweg 70, 5303 Würenlingen",1690,47.5279237,8.248165,4001815017,3.0,49.0,0,0,2,1,0,0,0,0,0,0,0,0,0,0,0,0,0,0,0,0,0,0,0,0,0,0,0,0,0,0,2
"Via Mario Jaeggli 10, 6500 Bellinzona",1690,46.20418855377601,9.026276238479598,4001793303,3.0,49.0,0,0,1,1,0,0,0,0,0,0,0,0,0,0,0,0,0,0,0,0,1,1,0,0,0,0,0,0,6,1,8
"Länggenstrasse 3, 8184 Bachenbülach",1690,47.50265715553123,8.540043901235798,4001790468,3.0,49.0,0,0,2,1,0,0,0,0,2,1,0,0,0,0,0,0,0,0,0,0,1,1,0,0,1,1,0,0,7,1,13
"Worbigstrasse 10B, 8416 Flaach",1690,47.57571707567317,8.613739979021048,4001709598,3.0,49.0,0,0,1,1,0,0,0,0,0,0,0,0,0,0,0,0,0,0,0,0,0,0,0,0,1,1,0,0,0,0,2
"Heimstr. 12, 9014 St. Gallen",1690,47.414502600000006,9.337264349999996,4001668923,3.0,49.0,1,1,1,1,0,0,0,0,0,0,0,0,0,0,0,0,0,0,0,0,0,0,0,0,0,0,0,0,0,0,2
"Via Crocetta 27a, 6962 Lugano",1690,46.01508128415641,8.966345803085744,4001668314,3.0,49.0,0,0,2,1,0,0,0,0,0,0,0,0,0,0,0,0,0,0,0,0,0,0,0,0,0,0,0,0,0,0,2
"Via Crocetta 25, 6962 Lugano",1690,46.01597435,8.966801499999999,4001668313,3.0,49.0,2,1,4,1,1,1,1,1,0,0,0,0,0,0,0,0,0,0,0,0,2,1,0,0,0,0,0,0,0,0,10
"Auweg 20, 4450 Sissach",1690,47.4709665,7.8018981341067875,4001668188,3.0,49.0,0,0,0,0,0,0,0,0,0,0,0,0,0,0,0,0,0,0,0,0,0,0,0,0,0,0,0,0,1,1,1
"Tulpenweg 19, 4153 Reinach",1690,47.4931212,7.5842139,4001608152,3.0,49.0,2,1,1,1,0,0,0,0,0,0,0,0,0,0,0,0,0,0,0,0,0,0,1,1,0,0,0,0,0,0,4
"Frohburgerstrasse 9, 4132 Muttenz",1690,47.5282337,7.6524755,4001510353,3.0,49.0,0,0,0,0,0,0,0,0,0,0,0,0,0,0,0,0,0,0,0,0,0,0,0,0,0,0,0,0,4,1,4
"Kronengasse 1, 5000 Aarau",1690,47.3929414,8.043904,4001447177,3.0,49.0,8,1,27,1,13,1,3,1,8,1,0,0,0,0,1,1,0,0,0,0,3,1,3,1,3,1,0,0,2,1,71
"Heidenlochstrasse 110, 4410 Liestal",1690,47.4787022,7.750941045112778,4001190324,3.0,49.0,0,0,0,0,0,0,0,0,0,0,0,0,0,0,0,0,0,0,0,0,0,0,0,0,0,0,0,0,1,1,1
"Schlossbergweg 6b, 5400 Baden",1690,47.4726002,8.3052335,4001123839,3.0,49.0,0,0,2,1,0,0,0,0,0,0,0,0,0,0,0,0,0,0,0,0,0,0,0,0,0,0,0,0,1,1,3
"Zürcherstrasse 42, 8142 Uitikon Waldegg",4760,47.37024365,8.455823626386483,4002076836,4.5,170.0,0,0,2,1,0,0,0,0,0,0,0,0,0,0,1,1,0,0,0,0,1,1,1,1,1,1,0,0,1,1,7
"Bächtelenweg 3, 3084 Wabern",4760,46.925251200000005,7.455897556289661,4002076759,4.5,170.0,0,0,3,1,0,0,0,0,2,1,0,0,0,0,0,0,0,0,0,0,0,0,0,0,0,0,0,0,0,0,5
"Parkweg 2, 4852 Rothrist",4760,47.30602742185098,7.894973696697397,4002076367,4.5,170.0,1,1,4,1,0,0,0,0,0,0,0,0,0,0,1,1,0,0,0,0,1,1,1,1,0,0,0,0,12,1,20
"Parkweg 2, 4852 Rothrist",4760,47.30602742185098,7.894973696697397,4002076355,4.5,170.0,1,1,4,1,0,0,0,0,0,0,0,0,0,0,1,1,0,0,0,0,1,1,1,1,0,0,0,0,12,1,20
"Holeestrasse 101, 4054 Basel",4760,47.5451884,7.5686832,4002075874,4.5,170.0,0,0,3,1,0,0,0,0,0,0,0,0,0,0,0,0,0,0,0,0,0,0,1,1,1,1,0,0,0,0,5
"Hammerstrasse 92, 4057 Basel",4760,47.5646568,7.5957185,4002073300,4.5,170.0,5,1,14,1,3,1,1,1,6,1,0,0,0,0,0,0,0,0,0,0,1,1,0,0,2,1,0,0,0,0,32
"Parkweg 2, 4852 Rothrist",4760,47.30602742185098,7.894973696697397,4002072457,4.5,170.0,1,1,4,1,0,0,0,0,0,0,0,0,0,0,1,1,0,0,0,0,1,1,1,1,0,0,0,0,12,1,20
"Dietenrainweg 8, 8610 Uster",4760,47.33931025,8.716507492458366,4002063359,4.5,170.0,0,0,0,0,0,0,0,0,0,0,0,0,0,0,0,0,0,0,0,0,0,0,0,0,0,0,0,0,2,1,2
"Zürcherstrasse 35, 9500 Wil SG",4760,47.46471715,9.03736830541764,4002063238,4.5,170.0,1,1,10,1,4,1,0,0,0,0,0,0,0,0,1,1,0,0,0,0,1,1,5,1,4,1,1,1,2,1,29
"Im Kirchbrunnen 7, 8153 Rümlang",4760,47.4520824,8.5332495400413,4002062320,4.5,170.0,0,0,3,1,1,1,0,0,1,1,0,0,0,0,0,0,0,0,0,0,0,0,0,0,3,1,0,0,0,0,8
"Mühlestrasse 9, 6022 Grosswangen",4760,47.13506945,8.048150283694106,4002061078,4.5,170.0,1,1,4,1,0,0,0,0,1,1,0,0,0,0,0,0,0,0,0,0,0,0,0,0,0,0,0,0,0,0,6
"Teufenerstrasse 4, 9000 St. Gallen",4760,47.4209529,9.3713811,4002056374,4.5,170.0,1,1,10,1,3,1,0,0,1,1,2,1,0,0,1,1,0,0,2,1,0,0,1,1,0,0,0,0,5,1,26
"Freihofstrasse 5A, 8280 Kreuzlingen",4760,47.65529565,9.167426163049452,4002055437,4.5,170.0,3,1,4,1,1,1,1,1,3,1,0,0,0,0,0,0,0,0,0,0,0,0,0,0,5,1,0,0,0,0,17
"Via Pazzalino 9, 6962 Viganello",4760,46.01512990755056,8.970530532761147,4002054436,4.5,170.0,4,1,7,1,1,1,0,0,1,1,2,1,0,0,1,1,0,0,0,0,2,1,0,0,0,0,0,0,2,1,20
"Via Tesserete 33, 6900 Massagno",4760,46.01194953517147,8.949353416936145,4002051398,4.5,170.0,3,1,7,1,1,1,0,0,0,0,1,1,0,0,2,1,0,0,0,0,1,1,1,1,0,0,0,0,2,1,18
"Kanalweg 38, 4800 Zofingen",4760,47.28255645,7.936357713109162,4002051396,4.5,170.0,0,0,0,0,0,0,0,0,1,1,0,0,0,0,0,0,0,0,0,0,0,0,0,0,0,0,0,0,0,0,1
"Via al Castello 12, 6964 Davesco-Soragno",2110,46.03655985739629,8.976160583156183,4002051392,4.5,97.0,0,0,1,1,0,0,0,0,0,0,0,0,0,0,0,0,0,0,0,0,0,0,0,0,0,0,0,0,0,0,1
"Langenmattstrasse 68, 8617 Mönchaltorf",2110,47.3141779,8.718913226426208,4002050988,4.5,97.0,1,1,1,1,0,0,0,0,0,0,0,0,0,0,0,0,0,0,0,0,0,0,1,1,1,1,0,0,1,1,5
"Bellariastrasse 81, 8038 Zürich",2110,47.34711055,8.529533334862611,4002050670,4.5,97.0,1,1,1,1,0,0,0,0,0,0,0,0,0,0,0,0,0,0,0,0,1,1,2,1,0,0,0,0,2,1,7
"Brotkorbstrasse 30 B, 4332 Stein AG",2110,47.54655414765215,7.952595984967506,4002050666,4.5,97.0,1,1,1,1,0,0,0,0,0,0,0,0,0,0,0,0,0,0,0,0,1,1,0,0,0,0,0,0,3,1,6
"Leimenstrasse 49, 4051 Basel",2110,47.5528828,7.5815009,4002050660,4.5,97.0,0,0,10,1,0,0,1,1,0,0,0,0,0,0,1,1,0,0,1,1,1,1,0,0,0,0,0,0,0,0,14
"Ramuzstrasse 17, 3027 Bern",2110,46.9447697,7.3756914,4002050076,4.5,97.0,0,0,1,1,0,0,0,0,0,0,0,0,0,0,0,0,0,0,0,0,0,0,0,0,0,0,0,0,0,0,1
"Rennweg 43, 8001 Zürich",2110,47.3735089,8.5390344,4002046815,4.5,97.0,4,1,7,1,2,1,3,1,2,1,0,0,0,0,0,0,0,0,0,0,1,1,2,1,2,1,0,0,2,1,25
"Zielhagweg 28, 8240 Thayngen",2110,47.7520187,8.700819450000001,4002046662,4.5,97.0,0,0,0,0,0,0,0,0,0,0,0,0,0,0,0,0,0,0,0,0,0,0,0,0,0,0,0,0,1,1,1
"Südstrasse 36, 2504 Biel/Bienne",2110,47.1425522,7.274105582227786,4002046472,4.5,97.0,0,0,4,1,0,0,0,0,2,1,0,0,0,0,0,0,0,0,0,0,2,1,0,0,1,1,0,0,5,1,14
"Südstrasse 33, 2504 Biel/Bienne",2110,47.142795,7.272640641787747,4002046471,4.5,97.0,0,0,4,1,0,0,0,0,2,1,0,0,0,0,0,0,0,0,0,0,2,1,0,0,1,1,0,0,6,1,15
"Schollstrasse 3-13, 2504 Biel/Bienne",2110,47.14224475,7.2730028641108495,4002046470,4.5,97.0,0,0,4,1,0,0,0,0,2,1,0,0,0,0,0,0,0,0,0,0,2,1,0,0,1,1,0,0,5,1,14
"Lothringerstrasse 51, 4056 Basel",2110,47.56772825,7.577835327923802,4002044165,4.5,97.0,0,0,1,1,0,0,0,0,0,0,0,0,0,0,0,0,0,0,0,0,0,0,0,0,0,0,0,0,0,0,1
"Baslerstrasse 71, 8048 Zürich",2110,47.3856884,8.497091985801433,4002042483,4.5,97.0,0,0,5,1,0,0,0,0,2,1,1,1,0,0,0,0,0,0,1,1,0,0,2,1,1,1,0,0,6,1,18
"St. Alban-Anlage 59/61/63, 4052 Basel",2110,47.55273940119511,7.60301460462026,4002042477,4.5,97.0,1,1,3,1,0,0,0,0,0,0,0,0,0,0,0,0,0,0,0,0,1,1,1,1,0,0,0,0,0,0,6
"Freilager-Platz 4, 4142 Münchenstein",2110,47.5323852,7.6104069,4002042476,4.5,97.0,0,0,0,0,1,1,0,0,0,0,0,0,0,0,3,1,0,0,0,0,0,0,0,0,0,0,0,0,0,0,4
"Route de la Feuillère 21, 1010 Lausanne",2110,46.5353324,6.652067520123083,4002042472,4.5,97.0,1,1,1,1,0,0,0,0,0,0,1,1,0,0,0,0,0,0,0,0,2,1,0,0,0,0,0,0,2,1,7
"Stauffacherstrasse 1, 6020 Emmenbrücke",2110,47.0743514,8.28724384455263,4002039922,4.5,97.0,2,1,2,1,1,1,0,0,0,0,0,0,0,0,0,0,0,0,0,0,1,1,0,0,1,1,0,0,0,0,7
"Zieglerweg 53, 8240 Thayngen",1750,47.75149385,8.70152255,4002039796,4.0,92.0,0,0,0,0,0,0,0,0,0,0,0,0,0,0,0,0,0,0,0,0,0,0,0,0,0,0,0,0,1,1,1
"Via Beltramina 10, 6900 Lugano",1750,46.0170708,8.957293372791668,4002038669,4.0,92.0,4,1,5,1,1,1,1,1,6,1,0,0,0,0,2,1,0,0,0,0,2,1,0,0,0,0,0,0,1,1,22
"Grendelbachstrasse 45, 8307 Effretikon",1750,47.4219013,8.6923734,4002032173,4.0,92.0,0,0,1,1,0,0,0,0,0,0,0,0,0,0,0,0,0,0,0,0,0,0,0,0,0,0,0,0,4,1,5
"Schlossstr. 5c, 4133 Pratteln",1750,47.5215712,7.6964005,4002031440,4.0,92.0,1,1,2,1,0,0,0,0,0,0,1,1,0,0,0,0,0,0,0,0,1,1,0,0,0,0,0,0,1,1,6
"Schlossstr. 5e, 4133 Pratteln",1750,47.5219526,7.6962418,4002031439,4.0,92.0,1,1,4,1,0,0,0,0,1,1,1,1,0,0,0,0,0,0,0,0,3,1,1,1,1,1,0,0,2,1,14
"Voltastrasse 2, 6005 Luzern",1750,47.0407079,8.307770124491716,4002030767,4.0,92.0,0,0,22,1,4,1,1,1,2,1,0,0,0,0,0,0,0,0,0,0,0,0,0,0,0,0,0,0,10,1,39
"Seestrasse 46A, 8855 Wangen",1750,47.19467079720146,8.892427862473681,4002021045,4.0,92.0,1,1,6,1,0,0,0,0,2,1,0,0,0,0,0,0,0,0,0,0,0,0,1,1,0,0,0,0,2,1,12
"Hammerstrasse 61, 8032 Zürich",1750,47.3603217,8.5630643,4002018331,4.0,92.0,3,1,5,1,0,0,0,0,1,1,0,0,0,0,0,0,0,0,0,0,2,1,0,0,0,0,0,0,0,0,11
"Zur Stahlgiesserei 3, 8200 Schaffhausen",1750,47.70332075,8.63034981645054,4002009503,4.0,92.0,0,0,5,1,1,1,0,0,1,1,0,0,0,0,0,0,0,0,0,0,0,0,0,0,0,0,0,0,1,1,8
"Bruggstrasse 7, 4153 Reinach BL",1750,47.4907529,7.5909074,4002009498,4.0,92.0,2,1,7,1,0,0,0,0,2,1,0,0,0,0,0,0,0,0,0,0,1,1,4,1,2,1,0,0,1,1,19
"Ob der Müli, 8166 Niederweningen",1750,47.50809897646639,8.382890724469666,4002008739,4.0,92.0,0,0,1,1,0,0,0,0,0,0,0,0,0,0,1,1,0,0,0,0,0,0,1,1,0,0,0,0,0,0,3
"Marktstrasse 3, 2540 Grenchen",1750,47.193697,7.3972052,4002006071,4.0,92.0,1,1,8,1,0,0,2,1,1,1,0,0,0,0,0,0,0,0,1,1,1,1,1,1,1,1,0,0,1,1,17
"Pfirsichstrasse 9, 8006 Zürich",1750,47.38945525,8.537542392590117,4002002556,4.0,92.0,0,0,7,1,0,0,0,0,3,1,0,0,0,0,0,0,0,0,0,0,0,0,0,0,0,0,0,0,1,1,11
"Schaffhauserstrasse 230 A, 8057 Zürich",1750,47.4022172,8.547022474097131,4002002543,4.0,92.0,0,0,4,1,0,0,0,0,1,1,0,0,0,0,1,1,0,0,0,0,2,1,0,0,1,1,0,0,1,1,10
"Poststrasse 98, 7050 Arosa",1750,46.780591400000006,9.678568732912016,4002000431,4.0,92.0,0,0,7,1,2,1,1,1,2,1,0,0,0,0,1,1,0,0,0,0,1,1,2,1,0,0,0,0,0,0,16
"Büelstrasse 3, 8863 Buttikon SZ",2540,47.1746515,8.955432471863649,4001995448,4.5,124.0,2,1,6,1,0,0,0,0,0,0,0,0,0,0,0,0,0,0,0,0,0,0,0,0,1,1,0,0,0,0,9
"Hubelweg 5, 3504 Niederhünigen",2540,46.87578605,7.638747712829532,4001994870,4.5,124.0,0,0,1,1,0,0,0,0,0,0,0,0,0,0,0,0,0,0,0,0,0,0,0,0,0,0,0,0,0,0,1
"Gutenbergstr. 37, 3011 Bern",2540,46.9434251,7.434045,4001987280,4.5,124.0,4,1,15,1,0,0,1,1,6,1,1,1,0,0,2,1,0,0,2,1,0,0,0,0,0,0,0,0,0,0,31
"Tellstrasse 26, 3014 Bern",2540,46.9622983,7.4597325,4001981892,4.5,124.0,0,0,0,0,0,0,0,0,1,1,0,0,0,0,0,0,0,0,0,0,0,0,0,0,0,0,0,0,0,0,1
"Tellstrasse 26, 3014 Bern",2540,46.9622983,7.4597325,4001981830,4.5,124.0,0,0,0,0,0,0,0,0,1,1,0,0,0,0,0,0,0,0,0,0,0,0,0,0,0,0,0,0,0,0,1
"Grabenwies 20, 8057 Zürich",2540,47.40234495,8.537503571428573,4001980219,4.5,124.0,0,0,5,1,0,0,0,0,0,0,0,0,0,0,0,0,0,0,0,0,1,1,0,0,0,0,0,0,0,0,6
"Theaterstrasse 13, 6003 Luzern",2540,47.04987255,8.307012053641147,4001978464,4.5,124.0,5,1,11,1,8,1,0,0,0,0,1,1,0,0,0,0,0,0,1,1,1,1,3,1,3,1,0,0,0,0,33
"Marktplatz 14, 9000 St. Gallen",2540,47.426303,9.375243,4001976822,4.5,124.0,15,1,45,1,25,1,4,1,11,1,0,0,0,0,1,1,0,0,0,0,3,1,6,1,7,1,0,0,6,1,123
"Seemoosholzstrasse 20, 9320 Arbon",2540,47.5208443,9.423905756152203,4001976806,4.5,124.0,0,0,0,0,0,0,0,0,0,0,0,0,0,0,0,0,0,0,0,0,0,0,0,0,0,0,0,0,2,1,2
"Rue du Chêne 5, 1020 Renens",2540,46.5307907,6.5906664,4001974662,4.5,124.0,0,0,2,1,0,0,0,0,0,0,0,0,1,1,0,0,0,0,0,0,0,0,0,0,0,0,0,0,1,1,4
"Rue du Chêne 5, 1020 Renens",2540,46.5307907,6.5906664,4001974661,4.5,124.0,0,0,2,1,0,0,0,0,0,0,0,0,1,1,0,0,0,0,0,0,0,0,0,0,0,0,0,0,1,1,4
"Rue du Chêne 5, 1020 Renens",2540,46.5307907,6.5906664,4001974660,4.5,124.0,0,0,2,1,0,0,0,0,0,0,0,0,1,1,0,0,0,0,0,0,0,0,0,0,0,0,0,0,1,1,4
"Rue du Chêne 5, 1020 Renens",2540,46.5307907,6.5906664,4001974657,4.5,124.0,0,0,2,1,0,0,0,0,0,0,0,0,1,1,0,0,0,0,0,0,0,0,0,0,0,0,0,0,1,1,4
"Säntisstrasse, 9542 Münchwilen TG",2540,47.47440185249841,8.988025897811523,4001972101,4.5,124.0,0,0,0,0,1,1,0,0,1,1,0,0,0,0,0,0,0,0,0,0,0,0,1,1,0,0,0,0,0,0,3
"Nüchternweg 12, 3038 Kirchlindach",2540,47.0003111,7.4114947,4001971322,4.5,124.0,0,0,1,1,0,0,0,0,0,0,0,0,0,0,0,0,0,0,0,0,0,0,0,0,0,0,0,0,1,1,2
"Murtenstrasse 143 D, 3008 Bern",2540,46.9484633,7.4099937,4001970764,4.5,124.0,0,0,2,1,0,0,0,0,0,0,0,0,0,0,0,0,0,0,0,0,0,0,0,0,0,0,0,0,0,0,2
"Erikastrasse 1, 4057 Basel",2540,47.5715692,7.5910111,4001958798,4.5,124.0,0,0,3,1,1,1,0,0,1,1,0,0,0,0,0,0,0,0,0,0,0,0,0,0,0,0,0,0,0,0,5
"Hinterdorfstrasse 27, 8157 Dielsdorf",2540,47.4846367,8.4556048,4001958714,4.5,124.0,1,1,8,1,0,0,0,0,1,1,0,0,0,0,1,1,0,0,0,0,1,1,1,1,2,1,0,0,0,0,15
"Untere Bühlenstrasse, 8708 Männedorf",2540,47.25943360135352,8.685129579773593,4001954405,4.5,124.0,0,0,0,0,0,0,0,0,0,0,0,0,0,0,0,0,0,0,0,0,0,0,0,0,0,0,0,0,1,1,1
"Avenue De France 22, 1004 Lausanne",4480,46.5249493,6.6233321,4001953666,5.5,150.0,1,1,5,1,0,0,1,1,1,1,0,0,0,0,1,1,0,0,0,0,0,0,0,0,0,0,0,0,0,0,9
"Baselmattweg 87, 4123 Allschwil",4480,47.5553292,7.549207,4001943629,5.5,150.0,1,1,1,1,0,0,0,0,0,0,0,0,0,0,0,0,0,0,0,0,1,1,0,0,1,1,0,0,1,1,5
"Obere Schöntalstrasse 48, 8406 Winterthur",4480,47.4952892,8.7105785,4001939095,5.5,150.0,0,0,0,0,0,0,0,0,0,0,1,1,0,0,0,0,0,0,0,0,0,0,0,0,1,1,0,0,1,1,3
"Felsenaustrasse 13, 8704 Herrliberg",4480,47.28965035,8.607884033005254,4001933501,5.5,150.0,0,0,3,1,1,1,0,0,0,0,0,0,0,0,0,0,0,0,0,0,0,0,0,0,0,0,0,0,1,1,5
"Überlandstrasse 198, 8600 Dübendorf",4480,47.395456800000005,8.640347440101344,4001928257,5.5,150.0,0,0,2,1,0,0,0,0,2,1,0,0,0,0,0,0,0,0,0,0,0,0,0,0,0,0,0,0,4,1,8
"Via Borenco 22, 6648 Minusio",4480,46.174454832996496,8.811003269702761,4001889310,5.5,150.0,0,0,2,1,0,0,0,0,0,0,0,0,0,0,0,0,0,0,0,0,1,1,0,0,2,1,0,0,7,1,12
"Am Schmittenbach 10 A, 5236 Remigen",4480,47.5141175,8.189743,4001867863,5.5,150.0,0,0,3,1,0,0,0,0,0,0,1,1,0,0,0,0,0,0,0,0,0,0,0,0,1,1,0,0,1,1,6
"Eichholzstrasse 35, 8620 Wetzikon ZH",4480,47.334924650000005,8.816746014793356,4001866303,5.5,150.0,0,0,1,1,0,0,0,0,0,0,1,1,0,0,0,0,0,0,0,0,0,0,0,0,0,0,0,0,6,1,8
"Via Mulino Rosso 8, 6517 Arbedo",4480,46.210834857009694,9.041734079584732,4001862435,5.5,150.0,2,1,0,0,1,1,0,0,1,1,0,0,0,0,0,0,0,0,0,0,0,0,0,0,1,1,0,0,2,1,7
"Zwickystrasse 30, 8304 Wallisellen",4480,47.4050721,8.6016424,4001858736,5.5,150.0,1,1,4,1,0,0,1,1,1,1,1,1,0,0,0,0,0,0,0,0,0,0,0,0,0,0,0,0,0,0,8
"Dorfstrasse 68, 8630 Rüti ZH",4480,47.25927284056309,8.850536587914371,4001856667,5.5,150.0,4,1,20,1,1,1,0,0,10,1,1,1,0,0,0,0,0,0,2,1,1,1,3,1,5,1,1,1,12,1,60
"Dorfstrasse 66a, 8630 Rüti ZH",4480,47.25927284056309,8.850536587914371,4001856666,5.5,150.0,4,1,20,1,1,1,0,0,10,1,1,1,0,0,0,0,0,0,2,1,1,1,3,1,5,1,1,1,12,1,60
"Route de Sion 81, 3960 Sierre",4480,46.2845187,7.5163885,4001841517,5.5,150.0,1,1,7,1,1,1,0,0,0,0,0,0,0,0,1,1,0,0,0,0,3,1,0,0,1,1,0,0,12,1,26
"Bernstrasse 141, 3400 Burgdorf",4480,47.05214545,7.61092275658309,4001838215,5.5,150.0,0,0,2,1,0,0,0,0,0,0,0,0,0,0,0,0,0,0,0,0,0,0,0,0,0,0,0,0,3,1,5
"Via Lugano 17, 6500 Bellinzona",4480,46.1889259,9.02161625,4001837441,5.5,150.0,4,1,9,1,4,1,0,0,0,0,0,0,0,0,2,1,0,0,0,0,2,1,2,1,0,0,0,0,0,0,23
"Am Oeschbrig 5, 8053 Zürich",4480,47.3572566,8.599926624130191,4001835702,5.5,150.0,2,1,1,1,0,0,0,0,0,0,0,0,0,0,0,0,0,0,0,0,0,0,0,0,0,0,0,0,1,1,4
"Gellertstrasse 2a, 4052 Basel",4480,47.5522254,7.605309,4001810866,5.5,150.0,2,1,5,1,0,0,0,0,0,0,0,0,0,0,0,0,0,0,0,0,1,1,2,1,0,0,0,0,0,0,10
"Iselisberg, 8524 Uesslingen-Buch",4480,47.5865601,8.8261897,4001803665,5.5,150.0,0,0,1,1,0,0,0,0,0,0,0,0,0,0,0,0,0,0,0,0,0,0,0,0,0,0,0,0,0,0,1
"Waffenplatzstrasse 80, 8002 Zürich",3590,47.35566425,8.526745374054133,4001790015,4.0,102.0,0,0,1,1,0,0,0,0,0,0,0,0,0,0,0,0,0,0,0,0,0,0,0,0,0,0,0,0,0,0,1
"Rue de la Fiaz 38, 2300 La Chaux-de-Fonds",3590,47.0893454,6.807948252817535,4001681223,4.0,102.0,0,0,1,1,0,0,0,0,0,0,0,0,0,0,0,0,0,0,0,0,0,0,0,0,1,1,0,0,1,1,3
"Rue des Musées 58, 2300 La Chaux-de-Fonds",3590,47.0996733,6.826494632796034,4001662189,4.0,102.0,17,1,11,1,2,1,2,1,3,1,0,0,0,0,0,0,0,0,1,1,4,1,5,1,1,1,0,0,2,1,48
"Rue du Nord 54, 2300 La Chaux-de-Fonds",3590,47.10687075,6.826619204339931,4001642199,4.0,102.0,6,1,15,1,0,0,1,1,3,1,0,0,0,0,2,1,0,0,0,0,1,1,0,0,0,0,0,0,1,1,29
"Via Montalbano 1, 6925 Gentilino",3590,45.99226214187392,8.935168034601803,4001442139,4.0,102.0,0,0,0,0,0,0,0,0,0,0,0,0,0,0,0,0,0,0,0,0,0,0,0,0,0,0,0,0,2,1,2
"Hauptstrasse 41, 4437 Waldenburg",3590,47.3830863,7.748652,4001255523,4.0,102.0,1,1,3,1,0,0,0,0,0,0,0,0,0,0,0,0,0,0,0,0,1,1,1,1,3,1,0,0,0,0,9
"Amerbachstrasse 64, 4057 Basel",3590,47.5689904,7.5940014,4000976400,4.0,102.0,4,1,11,1,2,1,3,1,1,1,0,0,0,0,1,1,0,0,0,0,2,1,0,0,1,1,0,0,0,0,25
"Rue de la Fiaz 38, 2300 La Chaux-de-Fonds",3590,47.0893454,6.807948252817535,4000744811,4.0,102.0,0,0,1,1,0,0,0,0,0,0,0,0,0,0,0,0,0,0,0,0,0,0,0,0,1,1,0,0,1,1,3
"Rue de la Fiaz 38, 2300 La Chaux-de-Fonds",3590,47.0893454,6.807948252817535,4000744717,4.0,102.0,0,0,1,1,0,0,0,0,0,0,0,0,0,0,0,0,0,0,0,0,0,0,0,0,1,1,0,0,1,1,3
"Bahnhofstrasse 172, 6423 Seewen SZ",3590,47.0293613,8.6299986,3003296264,4.0,102.0,1,1,3,1,1,1,0,0,0,0,0,0,0,0,0,0,0,0,0,0,1,1,1,1,1,1,0,0,1,1,9
"Bahnhofstrasse 172, 6423 Seewen SZ",3590,47.0293613,8.6299986,3003296216,4.0,102.0,1,1,3,1,1,1,0,0,0,0,0,0,0,0,0,0,0,0,0,0,1,1,1,1,1,1,0,0,1,1,9
"Landstrasse 49, 5415 Nussbaumen",3590,47.4861515,8.2975326,4002078671,4.0,102.0,1,1,6,1,2,1,0,0,0,0,0,0,0,0,1,1,0,0,0,0,1,1,3,1,3,1,0,0,6,1,23
"Murgenthalstrasse 4C, 4900 Langenthal",3590,47.2149877,7.787946862508207,4002078590,4.0,102.0,4,1,9,1,0,0,1,1,0,0,0,0,0,0,0,0,0,0,1,1,2,1,1,1,3,1,0,0,9,1,30
"Ziegelhofstrasse 1, 8730 Uznach",3590,47.22221975,8.981310696907395,4002078153,4.0,102.0,3,1,6,1,0,0,1,1,1,1,6,1,0,0,0,0,0,0,1,1,2,1,3,1,2,1,0,0,2,1,27
"Waldmeisterstrasse 46, 3018 Bern",3590,46.9393001,7.3822752,4002076914,4.0,102.0,0,0,2,1,0,0,0,0,0,0,0,0,0,0,0,0,0,0,0,0,0,0,1,1,2,1,0,0,0,0,5
"Bibersteinerstrasse 41A, 5022 Rombach",3590,47.40430595,8.049133592598787,4002075578,4.0,102.0,0,0,2,1,0,0,0,0,0,0,0,0,0,0,0,0,0,0,0,0,1,1,0,0,1,1,0,0,1,1,5
"Culmannstrasse 20, 8006 Zürich",3590,47.38044745,8.547529883985145,4002075344,4.0,102.0,3,1,10,1,0,0,1,1,5,1,2,1,0,0,2,1,0,0,0,0,0,0,0,0,0,0,0,0,0,0,23
"Sandgrubenstrasse 18, 8330 Pfäffikon ZH",3590,47.3696913,8.777423723618387,4002075315,4.0,102.0,2,1,9,1,3,1,0,0,2,1,0,0,0,0,1,1,0,0,1,1,2,1,4,1,3,1,0,0,0,0,27
"Untermatt 2, 8902 Urdorf",4060,47.3908453,8.417148876306438,4002073826,5.5,140.0,0,0,0,0,0,0,1,1,0,0,0,0,0,0,0,0,0,0,0,0,0,0,0,0,0,0,0,0,0,0,1
"Akazienweg 22, 8500 Frauenfeld",4060,47.5555129,8.8849376,4002073576,5.5,140.0,1,1,0,0,0,0,0,0,1,1,0,0,0,0,1,1,0,0,1,1,0,0,0,0,0,0,0,0,0,0,4
"Fluhmattstrasse 31, 5400 Baden",4060,47.48146795,8.280336251021026,4002071968,5.5,140.0,0,0,1,1,0,0,0,0,0,0,0,0,0,0,0,0,0,0,0,0,0,0,0,0,0,0,0,0,0,0,1
"Schulweg 3, 5453 Remetschwil",4060,47.4081806,8.327730330427364,4002060883,5.5,140.0,0,0,2,1,0,0,0,0,0,0,0,0,0,0,0,0,0,0,0,0,0,0,0,0,0,0,0,0,3,1,5
"Chapfstrasse 13, 8625 Gossau",4060,47.304239800000005,8.76004094799984,4002059591,5.5,140.0,0,0,4,1,0,0,0,0,1,1,0,0,0,0,0,0,0,0,0,0,2,1,1,1,2,1,0,0,0,0,10
"Auf den Fiechten 4, 4147 Aesch BL",4060,47.48022,7.595008,4002055443,5.5,140.0,0,0,0,0,0,0,0,0,2,1,1,1,0,0,0,0,0,0,0,0,0,0,0,0,1,1,0,0,0,0,4
"Erlenweg 12, 5036 Oberentfelden",4060,47.359714,8.043743221414639,4002055434,5.5,140.0,0,0,6,1,0,0,1,1,3,1,1,1,0,0,1,1,0,0,0,0,1,1,0,0,2,1,0,0,0,0,15
"Gartenstrasse 4, 9320 Arbon",4060,47.5165508,9.4260351,4002055432,5.5,140.0,0,0,0,0,1,1,0,0,0,0,0,0,0,0,0,0,0,0,0,0,0,0,0,0,1,1,0,0,6,1,8
"Altstetterstrasse 247 + 249, 8048 Zürich",4060,47.38419007709569,8.48442893979978,4002051424,5.5,140.0,2,1,8,1,0,0,0,0,3,1,1,1,0,0,1,1,0,0,0,0,2,1,1,1,0,0,0,0,4,1,22
"Zähringerstrasse 18, 4057 Basel",4060,47.5699369,7.5884312,4002051399,5.5,140.0,0,0,0,0,1,1,0,0,0,0,0,0,0,0,0,0,0,0,0,0,0,0,0,0,0,0,0,0,0,0,1
"Erlenmattweg 7, 4058 Basel",4060,47.5694446,7.6017367,4002051268,5.5,140.0,1,1,5,1,2,1,1,1,2,1,1,1,0,0,2,1,0,0,0,0,1,1,0,0,0,0,0,0,0,0,15
"Nordeckstrasse 10, 8636 Wald ZH",4060,47.2680332,8.9159312,4002051266,5.5,140.0,0,0,2,1,0,0,0,0,0,0,0,0,0,0,0,0,0,0,0,0,0,0,0,0,0,0,0,0,1,1,3
"Altstetterstrasse 247 + 249, 8048 Zürich",4060,47.38419007709569,8.48442893979978,4002050974,5.5,140.0,2,1,8,1,0,0,0,0,3,1,1,1,0,0,1,1,0,0,0,0,2,1,1,1,0,0,0,0,4,1,22
"Altstetterstrasse 247 + 249, 8048 Zürich",4060,47.38419007709569,8.48442893979978,4002050973,5.5,140.0,2,1,8,1,0,0,0,0,3,1,1,1,0,0,1,1,0,0,0,0,2,1,1,1,0,0,0,0,4,1,22
"Altstetterstrasse 247 + 249, 8048 Zürich",4060,47.38419007709569,8.48442893979978,4002050972,5.5,140.0,2,1,8,1,0,0,0,0,3,1,1,1,0,0,1,1,0,0,0,0,2,1,1,1,0,0,0,0,4,1,22
"Buckhauserstrasse 49, 8048 Zürich",4060,47.38425,8.4941461,4002047849,5.5,140.0,0,0,9,1,0,0,0,0,1,1,2,1,0,0,0,0,0,0,0,0,0,0,2,1,2,1,0,0,1,1,17
"Gartenstrasse 6, 8002 Zürich",2210,47.3688989,8.5346665,4002042468,3.5,93.0,5,1,13,1,3,1,2,1,6,1,0,0,0,0,0,0,0,0,0,0,1,1,4,1,0,0,0,0,2,1,36
"Kieshübelweg 2, 4310 Rheinfelden",2210,47.5484714,7.7761875,4002042222,3.5,93.0,0,0,1,1,0,0,0,0,0,0,0,0,0,0,0,0,0,0,0,0,0,0,0,0,0,0,0,0,0,0,1
"Rue Louis-D'Affry 6, 1700 Fribourg",2210,46.80358593281353,7.150016759877996,4002039938,3.5,93.0,2,1,7,1,2,1,0,0,3,1,0,0,1,1,3,1,0,0,0,0,0,0,2,1,1,1,0,0,3,1,24
"Erlenmattstrasse 18, 4058 Basel",2210,47.5696198,7.6003248,4002039720,3.5,93.0,0,0,5,1,2,1,2,1,2,1,1,1,0,0,2,1,0,0,0,0,1,1,0,0,0,0,0,0,0,0,15
"Via Quinta 59, 6710 Biasca",2210,46.34970094451258,8.972572549112444,4002038670,3.5,93.0,0,0,3,1,0,0,0,0,1,1,0,0,0,0,1,1,0,0,0,0,1,1,0,0,0,0,0,0,1,1,7
"Via Beltramina 8, 6900 Lugano",2210,46.01733183132692,8.956635744418996,4002038668,3.5,93.0,5,1,6,1,2,1,1,1,6,1,0,0,0,0,3,1,0,0,0,0,3,1,1,1,0,0,0,0,0,0,27
"Bahnhofstrasse 7, 4415 Lausen",2210,47.4704259,7.760250659513142,4002038663,3.5,93.0,0,0,4,1,0,0,0,0,2,1,0,0,0,0,0,0,0,0,0,0,0,0,1,1,1,1,0,0,1,1,9
"Berntorgasse 16, 3600 Thun",2210,46.76093845,7.62720647145314,4002037350,3.5,93.0,3,1,28,1,7,1,2,1,5,1,0,0,0,0,0,0,0,0,0,0,1,1,2,1,1,1,0,0,5,1,54
"Zwischenbächen 8, 8048 Zürich",2210,47.38546525,8.480893407862188,4002036031,3.5,93.0,2,1,0,0,0,0,0,0,0,0,0,0,0,0,0,0,0,0,0,0,0,0,0,0,0,0,0,0,0,0,2
"Steigstr. 36, 8200 Schaffhausen",2210,47.6959401,8.6293407,4002034028,3.5,93.0,2,1,14,1,2,1,0,0,2,1,0,0,0,0,0,0,0,0,0,0,3,1,5,1,2,1,0,0,1,1,31
"Bois de la Chapelle 63, 1213 Onex",2210,46.1890413,6.102466,4002029971,3.5,93.0,1,1,3,1,0,0,0,0,1,1,0,0,0,0,0,0,0,0,0,0,2,1,1,1,1,1,0,0,1,1,10
"Margrethenstrasse 3, 4103 Bottmingen",2210,47.5270834,7.573730799999999,4002023503,3.5,93.0,0,0,1,1,0,0,0,0,0,0,0,0,0,0,0,0,0,0,0,0,0,0,0,0,0,0,0,0,0,0,1
"Gellertpark 4, 4052 Basel",2210,47.5523999,7.6088055,4002018499,3.5,93.0,1,1,0,0,0,0,0,0,0,0,0,0,0,0,0,0,0,0,0,0,0,0,1,1,0,0,0,0,0,0,2
"Avenue du Temple 1-3, 1020 Renens VD",2210,46.53648792285093,6.588527170146207,4002017369,3.5,93.0,2,1,5,1,0,0,0,0,0,0,1,1,0,0,0,0,0,0,0,0,1,1,0,0,0,0,0,0,4,1,13
"Lochäckerstrasse 12, 8302 Kloten",2210,47.44462435,8.590296690387076,4002017366,3.5,93.0,0,0,0,0,1,1,0,0,0,0,1,1,0,0,0,0,0,0,0,0,0,0,0,0,0,0,0,0,0,0,2
"Oberer Rheinweg 35, 4058 Basel",2210,47.5596364,7.5922363,4002009966,3.5,93.0,1,1,15,1,7,1,1,1,2,1,0,0,0,0,0,0,0,0,0,0,3,1,0,0,0,0,0,0,0,0,29
"Girhaldenstrasse 20, 8048 Zürich",2610,47.3887106,8.4778869,4001998768,2.5,38.0,1,1,0,0,0,0,0,0,0,0,0,0,0,0,0,0,0,0,0,0,0,0,0,0,0,0,0,0,0,0,1
"Im Römerquartier 4A, 4800 Zofingen",2610,47.2842437,7.9478069,4001980238,2.5,38.0,6,1,17,1,1,1,5,1,3,1,0,0,0,0,1,1,0,0,0,0,2,1,6,1,0,0,0,0,1,1,42
"Centralweg 16, 3013 Bern",2610,46.9568007,7.4460501,4001976792,2.5,38.0,2,1,14,1,2,1,0,0,2,1,1,1,0,0,0,0,0,0,0,0,1,1,0,0,1,1,0,0,3,1,26
"Hegenheimerstrasse 47, 4055 Basel",2610,47.5602871,7.572334,4001964147,2.5,38.0,4,1,9,1,1,1,0,0,0,0,0,0,1,1,0,0,0,0,0,0,2,1,1,1,1,1,0,0,1,1,20
"Radarstrasse 7, 3013 Bern",2610,46.9544023,7.4583427,4001963761,2.5,38.0,0,0,5,1,0,0,0,0,0,0,0,0,0,0,1,1,0,0,0,0,0,0,0,0,0,0,0,0,1,1,7
"Lörracherstrasse 146, 4125 Riehen",2610,47.59397565,7.655076756066734,4001962645,2.5,38.0,0,0,2,1,0,0,0,0,0,0,0,0,0,0,0,0,0,0,0,0,0,0,0,0,1,1,0,0,2,1,5
"Büchelring 7, 8134 Adliswil",2610,47.3008182,8.5204045,4001962409,2.5,38.0,0,0,0,0,0,0,0,0,0,0,0,0,0,0,0,0,0,0,0,0,0,0,0,0,0,0,0,0,1,1,1
"Torggelstrasse 12, 8265 Mammern",2610,47.64235715,8.913912191645869,4001961365,2.5,38.0,0,0,0,0,0,0,0,0,0,0,0,0,0,0,0,0,0,0,0,0,0,0,0,0,0,0,0,0,1,1,1
"Bachlettenstrasse 47, 4054 Basel",2610,47.5485763,7.5792627,4001961205,2.5,38.0,1,1,5,1,0,0,1,1,0,0,0,0,0,0,1,1,0,0,0,0,1,1,1,1,0,0,0,0,0,0,10
"Lessingstrasse 9, 8002 Zürich",2610,47.3589702,8.524235995596992,4001955020,2.5,38.0,3,1,7,1,2,1,0,0,3,1,2,1,0,0,0,0,0,0,0,0,0,0,0,0,0,0,0,0,0,0,17
"Rosengartenhalde 9B, 6006 Luzern",2610,47.05582685,8.33943285,4001908721,2.5,38.0,0,0,0,0,0,0,0,0,0,0,0,0,0,0,0,0,0,0,0,0,1,1,0,0,0,0,0,0,1,1,2
"Bahnhofstrasse 29, 6162 Entlebuch",2610,46.99279905,8.062181943454604,4001879398,2.5,38.0,0,0,3,1,0,0,0,0,0,0,1,1,0,0,1,1,0,0,0,0,1,1,1,1,1,1,0,0,1,1,9
"Dorfstrasse 68, 8630 Rüti ZH",2610,47.25927284056309,8.850536587914371,4001858474,2.5,38.0,4,1,20,1,1,1,0,0,10,1,1,1,0,0,0,0,0,0,2,1,1,1,3,1,5,1,1,1,12,1,60
"Neuhardstrasse 11, 4600 Olten",2610,47.3491937,7.9097581,4001858368,2.5,38.0,2,1,3,1,1,1,0,0,4,1,1,1,0,0,1,1,0,0,0,0,0,0,0,0,0,0,0,0,1,1,13
"Dorfstrasse 66, 8630 Rüti ZH",2610,47.2592739,8.85609225,4001858314,2.5,38.0,3,1,6,1,1,1,0,0,5,1,0,0,0,0,0,0,0,0,1,1,0,0,2,1,3,1,1,1,16,1,38
"Dorfstrasse 68, 8630 Rüti ZH",2610,47.2592739,8.85609225,4001856669,2.5,38.0,3,1,6,1,1,1,0,0,5,1,0,0,0,0,0,0,0,0,1,1,0,0,2,1,3,1,1,1,16,1,38
"Klingentalgraben 37, 4057 Basel",2610,47.5642678,7.5911068,4001852654,2.5,38.0,9,1,24,1,7,1,2,1,9,1,0,0,0,0,0,0,0,0,0,0,2,1,0,0,5,1,0,0,4,1,62
"Niederdorfstrasse 37, 8001 Zürich",2610,47.37487745,8.543692238869863,4001836989,2.5,38.0,7,1,23,1,7,1,5,1,8,1,1,1,0,0,0,0,0,0,2,1,1,1,3,1,4,1,0,0,1,1,62
"Madretschstrasse 72, 2503 Bienne",2610,47.134571,7.2555474,4001809267,2.5,38.0,2,1,8,1,0,0,1,1,2,1,3,1,0,0,0,0,0,0,0,0,0,0,0,0,1,1,0,0,10,1,27
"Beckenmoosstrasse 10, 8586 Riedt b. Erlen",2610,47.547846907271904,9.218592585520312,4001799566,2.5,38.0,0,0,0,0,0,0,0,0,0,0,0,0,0,0,0,0,0,0,0,0,0,0,1,1,0,0,0,0,0,0,1
"Turnerstrasse 18, 8006 Zürich",2730,47.38470215,8.544353751317338,4002078048,4.5,121.0,2,1,4,1,0,0,0,0,0,0,3,1,0,0,0,0,0,0,0,0,0,0,0,0,0,0,0,0,0,0,9
"Engerainhalde 10, 3613 Steffisburg",2730,46.7807866,7.611936462533876,4002077719,4.5,121.0,2,1,2,1,0,0,0,0,1,1,0,0,0,0,0,0,0,0,0,0,0,0,0,0,0,0,0,0,1,1,6
"Langägertenstrasse 22, 8125 Zollikerberg",2730,47.34447545,8.596223350954984,4002076412,4.5,121.0,1,1,0,0,0,0,0,0,0,0,0,0,0,0,0,0,0,0,0,0,0,0,0,0,0,0,0,0,0,0,1
"Promenada 35b, 7018 Flims",2730,46.82793445,9.28826024334023,4002074918,4.5,121.0,3,1,6,1,3,1,0,0,1,1,0,0,0,0,0,0,0,0,0,0,1,1,1,1,1,1,0,0,1,1,17
"Laubisrütistrasse 53, 8712 Stäfa",2730,47.23907335,8.74622725,4002074913,4.5,121.0,1,1,0,0,0,0,0,0,0,0,0,0,0,0,0,0,0,0,0,0,0,0,0,0,0,0,0,0,4,1,5
"Oberwilerstrasse 27, 4106 Therwil",2730,47.5011527,7.5533118,4002074480,4.5,121.0,1,1,4,1,0,0,1,1,0,0,0,0,0,0,0,0,0,0,0,0,2,1,1,1,2,1,0,0,1,1,12
"Herbstweg 77, 8050 Zürich",2730,47.4064039,8.5626009,4002073985,4.5,121.0,0,0,1,1,0,0,0,0,0,0,0,0,0,0,0,0,0,0,0,0,0,0,0,0,0,0,0,0,3,1,4
"Kirchweg 3, 5622 Waltenschwil",2730,47.33391275,8.301122100000002,4002073696,4.5,121.0,1,1,1,1,0,0,0,0,0,0,0,0,0,0,0,0,0,0,0,0,0,0,1,1,1,1,0,0,3,1,7
"Dorfstrasse 51, 8192 Glattfelden",2730,47.5585478,8.502958,4002073617,4.5,121.0,0,0,3,1,0,0,0,0,0,0,0,0,0,0,0,0,0,0,0,0,0,0,0,0,1,1,0,0,4,1,8
"Ausserdorf 15, 5705 Hallwil",2730,47.3260912,8.179163397448097,4002073572,4.5,121.0,0,0,1,1,0,0,0,0,0,0,1,1,0,0,0,0,0,0,0,0,0,0,0,0,0,0,0,0,0,0,2
"Grampenweg 29, 8180 Bülach",2730,47.5168349,8.535016696550846,4002073464,4.5,121.0,0,0,6,1,2,1,0,0,1,1,0,0,0,0,1,1,0,0,0,0,0,0,1,1,1,1,0,0,2,1,14
"Plattenstrasse 15, 8706 Meilen",2730,47.2715848,8.637940756052142,4002073384,4.5,121.0,0,0,1,1,0,0,0,0,1,1,0,0,0,0,0,0,0,0,0,0,1,1,1,1,0,0,0,0,1,1,5
4202 Duggingen,2730,47.452058338444445,7.606126141222222,4002073307,4.5,121.0,0,0,1,1,0,0,0,0,0,0,0,0,0,0,0,0,0,0,0,0,0,0,0,0,0,0,0,0,0,0,1
"Chastli 40, 8718 Schänis",2730,47.1636044,9.054859408769763,4002072656,4.5,121.0,0,0,0,0,0,0,0,0,0,0,0,0,0,0,0,0,0,0,0,0,0,0,0,0,0,0,0,0,1,1,1
"Kruft 6, 9425 Thal",2730,47.46471255,9.57227649864157,4002072569,4.5,121.0,1,1,4,1,0,0,1,1,0,0,2,1,0,0,0,0,0,0,0,0,0,0,0,0,0,0,0,0,3,1,11
"Dorfstrasse 1, 8934 Knonau",2730,47.223993,8.462869335753219,4002072547,4.5,121.0,0,0,0,0,0,0,0,0,0,0,1,1,0,0,1,1,0,0,0,0,0,0,0,0,0,0,0,0,0,0,2
"Neubadstrasse 149, 4054 Basel",2730,47.5469038,7.565355,4002072378,4.5,121.0,4,1,5,1,0,0,0,0,0,0,0,0,0,0,1,1,0,0,0,0,1,1,2,1,1,1,0,0,0,0,14
"Lombardeiweg 12, 3904 Naters",2310,46.32691389480042,7.988903061959285,4002071726,5.0,96.0,0,0,11,1,1,1,0,0,0,0,2,1,0,0,1,1,0,0,0,0,1,1,1,1,0,0,0,0,0,0,17
"Dorfstrasse 45, 5436 Würenlos",2310,47.44325035,8.3651756,4002071702,5.0,96.0,2,1,3,1,0,0,0,0,0,0,1,1,0,0,0,0,0,0,0,0,1,1,1,1,1,1,0,0,2,1,11
"Oberdorfstrasse 43, 8874 Mühlehorn",2310,47.1165534,9.17123933169014,4002071697,5.0,96.0,0,0,1,1,0,0,0,0,0,0,0,0,0,0,0,0,0,0,0,0,0,0,0,0,0,0,0,0,0,0,1
"Bättwilerstrasse 37, 4108 Witterswil",2310,47.48694305,7.519845104275655,4002071526,5.0,96.0,0,0,1,1,0,0,0,0,0,0,0,0,0,0,0,0,0,0,0,0,0,0,1,1,1,1,0,0,0,0,3
"Roswiesenstrasse 122, 8051 Zürich",2310,47.40621455,8.578507400000003,4002071320,5.0,96.0,0,0,3,1,0,0,0,0,1,1,1,1,0,0,1,1,0,0,0,0,0,0,0,0,0,0,0,0,0,0,6
"Lindhaldenstrasse 120, 3076 Worb",2310,46.9278411,7.577855769082266,4002071305,5.0,96.0,1,1,1,1,0,0,0,0,1,1,0,0,0,0,0,0,0,0,0,0,0,0,0,0,0,0,0,0,0,0,3
8008 Zürich,2310,47.3537532,8.560742331897757,4002070235,5.0,96.0,2,1,3,1,1,1,0,0,0,0,0,0,0,0,0,0,0,0,1,1,0,0,0,0,0,0,0,0,1,1,8
"Tobelhofstrasse 344, 8044 Gockhausen",2310,47.3819456324624,8.598339804624782,4002069898,5.0,96.0,0,0,0,0,0,0,0,0,0,0,1,1,0,0,0,0,0,0,0,0,0,0,0,0,0,0,0,0,0,0,1
"Kurvenstrasse 13, 8006 Zürich",2310,47.3843066,8.542326805989921,4002069772,5.0,96.0,0,0,4,1,0,0,0,0,4,1,3,1,0,0,1,1,0,0,0,0,0,0,0,0,0,0,0,0,0,0,12
"Stückelbergstrasse 4, 9000 St. Gallen",2310,47.4164503,9.356135,4002068897,5.0,96.0,1,1,4,1,1,1,0,0,2,1,0,0,0,0,0,0,0,0,0,0,1,1,0,0,0,0,0,0,1,1,10
"Pfäffikonerstrasse 16, 8834 Schindellegi",2310,47.1761,8.713699,4002068567,5.0,96.0,0,0,2,1,0,0,0,0,0,0,0,0,0,0,0,0,0,0,0,0,0,0,1,1,1,1,0,0,0,0,4
"Grünrain 7, 6026 Rain",2310,47.1277791,8.245222155824393,4002067781,5.0,96.0,0,0,0,0,0,0,0,0,0,0,0,0,0,0,0,0,0,0,0,0,0,0,0,0,1,1,0,0,0,0,1
"Steinacherrain 5, 6232 Geuensee",2310,47.2030294,8.10650175,4002067473,5.0,96.0,0,0,1,1,1,1,0,0,0,0,0,0,0,0,0,0,0,0,0,0,0,0,1,1,1,1,0,0,2,1,6
"Püntenstrasse 18, 8184 Bachenbülach",2310,47.5068791,8.546710882453894,4002066827,5.0,96.0,0,0,2,1,0,0,0,0,0,0,0,0,0,0,0,0,0,0,0,0,0,0,0,0,0,0,0,0,3,1,5
"Fischerhäuserstrasse 7, 8200 Schaffhausen",2310,47.69600445,8.642428101973131,4002066394,5.0,96.0,5,1,10,1,3,1,0,0,1,1,0,0,0,0,0,0,0,0,0,0,2,1,0,0,1,1,1,1,3,1,26
"Bergstrasse 10, 8735 St. Gallenkappel",2310,47.24392435,8.960577349863977,4002066349,5.0,96.0,0,0,1,1,0,0,0,0,0,0,0,0,0,0,0,0,0,0,0,0,0,0,0,0,0,0,0,0,1,1,2
"Bahnhofplatz 1, 8802 Kilchberg",2310,47.3250602,8.5479821,4002064906,5.0,96.0,1,1,1,1,0,0,0,0,0,0,0,0,0,0,0,0,0,0,1,1,1,1,1,1,1,1,0,0,0,0,6
"Frohsinnweg 3, 6314 Unterägeri",2310,47.1368492,8.5840794,4002064689,5.0,96.0,6,1,6,1,2,1,1,1,1,1,1,1,0,0,1,1,0,0,0,0,2,1,2,1,0,0,0,0,3,1,25
"Baarerstrasse 125, 6300 Zug",2310,47.180355,8.5186036,4002064402,5.0,96.0,2,1,9,1,2,1,1,1,1,1,0,0,0,0,0,0,0,0,0,0,0,0,0,0,0,0,0,0,1,1,16
"Schulhausstrasse 17, 5106 Veltheim AG",4690,47.4369809,8.150988,4002061838,6.5,220.0,0,0,1,1,0,0,0,0,0,0,0,0,0,0,0,0,0,0,0,0,0,0,0,0,0,0,0,0,0,0,1
"Engelwiese 5, 8913 Ottenbach",4690,47.28176296438912,8.405592557776508,4002059733,6.5,220.0,0,0,2,1,0,0,0,0,0,0,0,0,0,0,1,1,0,0,0,0,0,0,0,0,0,0,0,0,0,0,3
"Via alle Vigne 8, 6963 Lugano",4690,46.0203506,8.96728355,4002059469,6.5,220.0,0,0,3,1,0,0,1,1,1,1,0,0,0,0,0,0,0,0,1,1,3,1,0,0,0,0,0,0,0,0,9
"Naphtastrasse 10, 8005 Zürich",4690,47.3864105,8.5156886,4002059462,6.5,220.0,2,1,7,1,7,1,0,0,0,0,2,1,0,0,0,0,0,0,0,0,0,0,1,1,2,1,0,0,0,0,21
"Dorfstrasse 22, 8906 Bonstetten",4690,47.3150654,8.468717621705022,4002059045,6.5,220.0,0,0,2,1,0,0,0,0,1,1,0,0,0,0,0,0,0,0,0,0,0,0,0,0,0,0,0,0,0,0,3
"Via Consiglio Mezzano 40, 6644 Orselina",4690,46.17750495,8.799296708402487,4002058754,6.5,220.0,1,1,0,0,0,0,0,0,0,0,0,0,0,0,1,1,0,0,1,1,0,0,0,0,0,0,0,0,1,1,4
"Fälimattstrasse 4, 5735 Pfeffikon LU",4690,47.2522456,8.174853842945469,4002057921,6.5,220.0,0,0,0,0,1,1,0,0,0,0,0,0,0,0,0,0,0,0,0,0,0,0,0,0,0,0,0,0,0,0,1
"Im Schachenhof 21A, 8906 Bonstetten",4690,47.32712825,8.47221092671893,4002055053,6.5,220.0,0,0,0,0,0,0,0,0,1,1,0,0,0,0,0,0,0,0,0,0,1,1,0,0,1,1,0,0,3,1,6
"Ala Brüga 15, 6593 Cadenazzo",4690,46.15356315749807,8.953695288793071,4002054477,6.5,220.0,0,0,1,1,0,0,0,0,0,0,0,0,0,0,0,0,0,0,0,0,0,0,0,0,0,0,0,0,0,0,1
"Route de Sion 81, 3960 Sierre",4690,46.2845187,7.5163885,4002054431,6.5,220.0,1,1,7,1,1,1,0,0,0,0,0,0,0,0,1,1,0,0,0,0,3,1,0,0,1,1,0,0,12,1,26
"Isenbachweg 8, 8906 Bonstetten",4690,47.31540825,8.470818701406255,4002054430,6.5,220.0,0,0,2,1,0,0,0,0,0,0,0,0,0,0,0,0,0,0,0,0,0,0,0,0,0,0,0,0,0,0,2
"Hungerbachweg 40, 4125 Riehen",5390,47.5889643,7.6619283,4002053071,8.0,300.0,0,0,0,0,0,0,0,0,0,0,0,0,0,0,0,0,0,0,0,0,0,0,0,0,0,0,0,0,1,1,1
"Via Ponte Vecchio 6, 6807 Taverne",5390,46.06536441464017,8.931921138003231,4002052099,8.0,300.0,0,0,2,1,0,0,0,0,0,0,0,0,0,0,0,0,0,0,0,0,1,1,0,0,0,0,0,0,2,1,5
"Hürststrasse 60, 8046 Zürich",5390,47.4146042,8.5275469,4002051978,8.0,300.0,0,0,1,1,0,0,0,0,0,0,0,0,0,0,0,0,0,0,0,0,0,0,0,0,0,0,0,0,1,1,2
"Gartenstrasse 2a, 8910 Affoltern am Albis",5390,47.2752468,8.450888866952383,4002051765,8.0,300.0,4,1,4,1,0,0,2,1,0,0,0,0,0,0,0,0,0,0,0,0,3,1,4,1,2,1,0,0,3,1,22
"Chemin Du Devin 47c, 1012 Lausanne",5390,46.5315348,6.6517867,4002051568,8.0,300.0,0,0,0,0,0,0,0,0,0,0,0,0,0,0,0,0,0,0,0,0,0,0,0,0,0,0,0,0,5,1,5
"Rue du Petit-St-Jean 5, 1003 Lausanne",5390,46.52120455,6.632888237616485,4002051405,8.0,300.0,7,1,19,1,8,1,4,1,5,1,0,0,0,0,0,0,0,0,0,0,1,1,2,1,5,1,0,0,0,0,51
"Quai du Seujet 14, 1201 Genève",5390,46.2055031,6.1359321,4002050199,8.0,300.0,3,1,11,1,1,1,1,1,0,0,1,1,0,0,0,0,0,0,0,0,0,0,1,1,0,0,0,0,1,1,19
"Hofwiesenweg 5, 8405 Winterthur",5390,47.48631635,8.75760475,4002049785,8.0,300.0,1,1,3,1,1,1,1,1,1,1,0,0,0,0,0,0,0,0,0,0,0,0,1,1,0,0,0,0,8,1,16
"Frankengasse 25, 8001 Zürich",5390,47.37006135,8.546002265894861,4002049471,8.0,300.0,1,1,9,1,1,1,0,0,1,1,1,1,0,0,3,1,0,0,0,0,1,1,1,1,0,0,0,0,1,1,19
"Hauptstrasse 20, 8246 Langwiesen",5390,47.68422685,8.665684221652457,4002048472,8.0,300.0,0,0,1,1,0,0,0,0,0,0,1,1,0,0,0,0,0,0,0,0,0,0,0,0,0,0,0,0,0,0,2
"Im Grossacher 38, 5622 Waltenschwil",5390,47.3326944,8.2815917,4002048104,8.0,300.0,0,0,1,1,0,0,0,0,0,0,0,0,0,0,0,0,0,0,0,0,0,0,0,0,0,0,0,0,0,0,1
"Rue de Lyon 61bis, 1203 Genève",5390,46.2084372,6.1303105,4002047744,8.0,300.0,6,1,17,1,4,1,0,0,7,1,1,1,0,0,1,1,0,0,0,0,4,1,1,1,1,1,0,0,1,1,43
"Steinhaldenweg 4, 8590 Romanshorn",5390,47.57479995,9.3685976,4002047404,8.0,300.0,0,0,0,0,0,0,0,0,0,0,0,0,0,0,0,0,0,0,0,0,0,0,0,0,0,0,0,0,1,1,1
"Hochstrasse 307, 8200 Schaffhausen",5390,47.7159238,8.6467475,4002046383,8.0,300.0,0,0,1,1,0,0,0,0,0,0,0,0,0,0,0,0,0,0,0,0,0,0,0,0,0,0,0,0,1,1,2
"Feldeckstrasse 13, 2502 Biel/Bienne",5390,47.14671255,7.256731036832464,4002044163,8.0,300.0,2,1,4,1,0,0,0,0,2,1,0,0,0,0,0,0,0,0,0,0,0,0,0,0,0,0,0,0,0,0,8
"Werftstrasse 1, 9320 Arbon",5390,47.5187188,9.427976136753465,4002042588,8.0,300.0,0,0,1,1,2,1,0,0,0,0,0,0,0,0,0,0,0,0,0,0,0,0,0,0,1,1,0,0,7,1,11
"Rue du Lac 138, 1815 Clarens",5390,46.44283295,6.886041245909942,4002040397,8.0,300.0,1,1,3,1,0,0,0,0,0,0,0,0,0,0,0,0,0,0,0,0,2,1,1,1,0,0,0,0,0,0,7
"Zur Stahlgiesserei 5, 8200 Schaffhausen",2130,47.70398985,8.630736944176315,4002039929,3.5,85.0,0,0,3,1,1,1,0,0,1,1,0,0,0,0,0,0,0,0,0,0,0,0,0,0,0,0,0,0,1,1,6
"Niesenstrasse 9, 3700 Spiez",2130,46.6908436,7.672332531668237,4002038841,3.5,85.0,0,0,4,1,1,1,0,0,0,0,0,0,0,0,0,0,0,0,0,0,2,1,1,1,0,0,0,0,0,0,8
"Flühstrasse 15, 4114 Hofstetten SO",2130,47.47592445,7.5139942387514065,4002038373,3.5,85.0,0,0,0,0,0,0,0,0,0,0,1,1,0,0,0,0,0,0,0,0,0,0,1,1,0,0,0,0,0,0,2
"Haldenweidstrasse 6, 8309 Nürensdorf",2130,47.45796345,8.634237749999999,4002036023,3.5,85.0,0,0,0,0,0,0,0,0,0,0,0,0,0,0,0,0,0,0,0,0,0,0,0,0,0,0,0,0,1,1,1
"Zürichstrasse 10A, 8340 Hinwil",2130,47.30270955,8.842942360843399,4002034708,3.5,85.0,3,1,4,1,1,1,0,0,1,1,0,0,0,0,1,1,0,0,0,0,3,1,3,1,3,1,0,0,12,1,31
"Ch. de la Milice 9, 1228 Plan-les-Ouates",2130,46.1692956,6.1235529,4002031456,3.5,85.0,0,0,0,0,0,0,0,0,0,0,0,0,0,0,0,0,0,0,0,0,0,0,0,0,0,0,0,0,1,1,1
"Via Bellavista 1, 6949 Comano",2130,46.03851725376781,8.952516686194738,4002026606,3.5,85.0,0,0,2,1,0,0,0,0,0,0,0,0,0,0,0,0,0,0,0,0,0,0,0,0,0,0,0,0,2,1,4
"Im Feldacher 22, 8320 Fehraltorf",2130,47.384338,8.75798164812433,4002024874,3.5,85.0,0,0,1,1,0,0,1,1,0,0,0,0,0,0,0,0,0,0,0,0,0,0,1,1,1,1,0,0,0,0,4
"Viale 1814 11, 6512 Bellinzona",2130,46.17245525294192,9.006938874591432,4002024738,3.5,85.0,3,1,8,1,3,1,0,0,2,1,0,0,0,0,0,0,0,0,0,0,2,1,1,1,0,0,0,0,2,1,21
"Im Chratz 2, 8158 Regensberg",2130,47.48259805,8.437281552362764,4002023569,3.5,85.0,1,1,2,1,0,0,0,0,0,0,0,0,0,0,0,0,0,0,0,0,0,0,0,0,0,0,0,0,0,0,3
"Schuetzenweg 24, 9470 Buchs SG",2130,47.15643981627353,9.477351465180057,4002023036,3.5,85.0,0,0,1,1,0,0,0,0,0,0,1,1,0,0,0,0,0,0,0,0,0,0,0,0,0,0,0,0,13,1,15
"Amerikanerstrasse 36, 4102 Binningen",2130,47.53654825,7.572151958680555,4002017920,3.5,85.0,1,1,6,1,1,1,0,0,0,0,2,1,0,0,0,0,0,0,0,0,2,1,1,1,0,0,0,0,2,1,15
"Bahnhofstrasse 47, 4900 Langenthal",2460,47.2161873,7.78442495894935,4002017613,4.5,118.0,3,1,6,1,0,0,0,0,0,0,0,0,0,0,0,0,0,0,0,0,1,1,1,1,2,1,0,0,3,1,16
"Goldschlägistrasse 14, 8952 Schlieren",2460,47.3983557,8.439049653209148,4002016199,4.5,118.0,0,0,2,1,0,0,0,0,2,1,0,0,0,0,0,0,0,0,0,0,0,0,0,0,0,0,0,0,1,1,5
"Nordstrasse 34, 8200 Schaffhausen",2460,47.70199065,8.62784157911237,4002015281,4.5,118.0,2,1,2,1,0,0,0,0,0,0,0,0,0,0,0,0,0,0,0,0,0,0,0,0,1,1,0,0,0,0,5
"Gundeldingerstrasse 462, 4053 Basel",2460,47.5375231,7.6014768,4002015001,4.5,118.0,0,0,1,1,0,0,0,0,0,0,0,0,0,0,0,0,0,0,0,0,0,0,0,0,0,0,0,0,0,0,1
"Stöcklen 30, 6344 Meierskappel",2460,47.12195175,8.439174705335695,4002014784,4.5,118.0,0,0,1,1,0,0,0,0,0,0,0,0,0,0,0,0,0,0,0,0,0,0,0,0,0,0,0,0,0,0,1
"Rebweg 11, 8174 Stadel b. Niederglatt",2460,47.5284326,8.4610729,4002013547,4.5,118.0,0,0,2,1,0,0,0,0,0,0,0,0,0,0,0,0,0,0,0,0,0,0,0,0,1,1,0,0,0,0,3
"Brömliackerweg 12, 5303 Würenlingen",2460,47.5235471,8.2448058,4002013339,4.5,118.0,1,1,2,1,0,0,0,0,0,0,0,0,0,0,0,0,0,0,0,0,1,1,0,0,0,0,0,0,1,1,5
"Ringstrasse 20, 8600 Dübendorf",2460,47.39774015,8.603934038914236,4002009665,4.5,118.0,0,0,2,1,0,0,0,0,0,0,0,0,0,0,0,0,0,0,0,0,0,0,0,0,0,0,0,0,0,0,2
"Rämpferstrasse 8, 8834 Schindellegi",2460,47.1824817,8.708863753407398,4002005603,4.5,118.0,0,0,1,1,0,0,0,0,0,0,0,0,0,0,0,0,0,0,0,0,0,0,0,0,0,0,0,0,0,0,1
"Rathausgässli 7, 5600 Lenzburg",2460,47.3872271,8.179845,4002003864,4.5,118.0,2,1,6,1,1,1,1,1,1,1,0,0,0,0,1,1,0,0,0,0,1,1,0,0,1,1,0,0,0,0,14
"Bettingerstrasse 116, 4125 Riehen",2460,47.5774,7.650852080201407,4002002711,4.5,118.0,1,1,0,0,0,0,0,0,0,0,0,0,0,0,1,1,0,0,0,0,0,0,0,0,2,1,0,0,0,0,4
"Rindermarkt 12, 8001 Zürich",2460,47.3722918,8.544615630873217,4002001659,4.5,118.0,0,0,8,1,3,1,1,1,0,0,0,0,0,0,2,1,0,0,0,0,0,0,0,0,0,0,0,0,1,1,15
"Rue Bourg-de-Four 23, 1170 Aubonne",2460,46.49614837763982,6.387887812337826,4002000737,4.5,118.0,0,0,5,1,0,0,0,0,0,0,0,0,0,0,2,1,0,0,0,0,1,1,0,0,1,1,0,0,1,1,10
"Hauptstrasse 76, 4148 Pfeffingen",4340,47.4581283,7.589858962252475,4001999942,5.5,220.0,0,0,1,1,0,0,0,0,0,0,0,0,0,0,0,0,0,0,0,0,0,0,0,0,0,0,0,0,2,1,3
"Hardstrasse 14, 4127 Birsfelden",4340,47.5521047,7.6248063,4001999448,5.5,220.0,2,1,5,1,1,1,0,0,1,1,0,0,0,0,1,1,0,0,0,0,1,1,1,1,0,0,0,0,2,1,14
"Hegenheimerstrasse 86, 4055 Basel",4340,47.5612957,7.569739,4001999182,5.5,220.0,4,1,1,1,0,0,0,0,0,0,0,0,0,0,1,1,0,0,0,0,1,1,0,0,1,1,0,0,0,0,8
"Gerlisbergstrasse 15, 8302 Kloten",4340,47.4546413,8.585207855,4001997261,5.5,220.0,2,1,2,1,0,0,0,0,0,0,0,0,0,0,1,1,0,0,0,0,0,0,1,1,0,0,0,0,1,1,7
"Orbe 68, 1400 Yverdon-les-Bains",4340,46.77907035,6.629486699061843,4001993429,5.5,220.0,4,1,1,1,0,0,0,0,0,0,0,0,0,0,0,0,0,0,0,0,0,0,0,0,0,0,0,0,0,0,5
"Hauptstrasse 59, 6313 Edlibach",4340,47.180891,8.5748086,4001993005,5.5,220.0,0,0,2,1,0,0,0,0,0,0,0,0,0,0,0,0,0,0,0,0,0,0,0,0,0,0,0,0,1,1,3
"Kirchbodenstrasse 77, 8800 Thalwil",4340,47.29148245,8.568246586099693,4001991999,5.5,220.0,2,1,4,1,1,1,0,0,2,1,1,1,0,0,0,0,0,0,0,0,2,1,4,1,1,1,0,0,10,1,27
"Alte Bahnhofstrasse 6, 5610 Wohlen AG",4340,47.35080845,8.269965817563254,4001990553,5.5,220.0,2,1,7,1,2,1,1,1,1,1,1,1,0,0,0,0,0,0,0,0,3,1,5,1,6,1,0,0,3,1,31
"Dorfplatz 2, 4142 Münchenstein",4340,47.5125237,7.6205408,4001990269,5.5,220.0,0,0,5,1,0,0,0,0,0,0,0,0,0,0,0,0,0,0,0,0,0,0,0,0,0,0,0,0,1,1,6
"Blockweg 8, 3007 Bern",4340,46.94129115,7.426976701906019,4001987254,5.5,220.0,0,0,0,0,1,1,0,0,0,0,0,0,0,0,0,0,0,0,0,0,0,0,0,0,0,0,0,0,0,0,1
"Winkelbüel 2, 6043 Adligenswil",4340,47.071928850000006,8.378335477598284,4001985374,5.5,220.0,0,0,0,0,0,0,0,0,0,0,0,0,0,0,0,0,0,0,0,0,0,0,0,0,0,0,0,0,10,1,10
"Landoltstrasse 64, 3007 Bern",4340,46.9343417,7.4410165,4001983891,5.5,220.0,0,0,2,1,0,0,0,0,1,1,0,0,0,0,0,0,0,0,0,0,0,0,0,0,0,0,0,0,1,1,4
"Via Maistra 11, 7505 Celerina/Schlarigna",4340,46.509209600000005,9.852171079703773,4001983485,5.5,220.0,0,0,3,1,0,0,0,0,0,0,0,0,0,0,0,0,0,0,0,0,0,0,1,1,0,0,0,0,1,1,5
"Oetlingerstr. 8, 4057 Basel",4340,47.5672517,7.5873462,4001980266,5.5,220.0,1,1,2,1,1,1,0,0,3,1,0,0,0,0,0,0,0,0,0,0,0,0,0,0,0,0,0,0,0,0,7
"Eigerstr. 60, 3007 Bern",4340,46.939566,7.4370091,4001980264,5.5,220.0,1,1,2,1,0,0,0,0,2,1,1,1,0,0,0,0,0,0,0,0,2,1,0,0,1,1,0,0,0,0,9
"Birsigstrasse 3, 4103 Bottmingen",4340,47.5248632,7.5699411,4001979045,5.5,220.0,0,0,2,1,0,0,0,0,2,1,0,0,0,0,1,1,0,0,0,0,1,1,0,0,1,1,0,0,0,0,7
"Avenue de la Chablière 35bis, 1004 Lausanne",4340,46.5298288709395,6.615713250744644,4001976823,5.5,220.0,0,0,4,1,0,0,1,1,1,1,0,0,0,0,0,0,0,0,0,0,3,1,0,0,0,0,0,0,3,1,12
"Via del Sole 5, 6987 Caslano",2520,45.97676105,8.878260727612465,4001976816,5.5,140.0,1,1,0,0,0,0,0,0,0,0,0,0,0,0,0,0,0,0,0,0,1,1,0,0,1,1,0,0,0,0,3
"Av. de Beaulieu 28, 1004 Lausanne",2520,46.526465400000006,6.627249028809684,4001976815,5.5,140.0,1,1,4,1,0,0,0,0,2,1,1,1,0,0,0,0,0,0,0,0,1,1,0,0,0,0,0,0,2,1,11
"Bucheggweg 12, 4500 Solothurn",2520,47.2012094,7.5348116,4001976808,5.5,140.0,3,1,13,1,0,0,1,1,6,1,1,1,0,0,0,0,0,0,0,0,0,0,0,0,2,1,0,0,2,1,28
"Waldheimweg 2, 3052 Zollikofen",2520,47.00185255,7.449794172121207,4001975437,5.5,140.0,0,0,0,0,0,0,0,0,1,1,0,0,0,0,0,0,0,0,0,0,0,0,0,0,0,0,0,0,1,1,2
"Pestalozzistrasse 38, 8032 Zürich",2520,47.3731085,8.55507589487805,4001974951,5.5,140.0,4,1,2,1,0,0,0,0,1,1,2,1,0,0,3,1,0,0,0,0,0,0,0,0,0,0,0,0,0,0,12
"Mühlegasse 27, 8001 Zürich",2520,47.3746395,8.545376530133556,4001974933,5.5,140.0,10,1,34,1,12,1,5,1,8,1,1,1,0,0,3,1,0,0,2,1,0,0,1,1,3,1,0,0,1,1,80
"Via Mezzaro 2, 6648 Minusio",2520,46.17635925014044,8.816562719431133,4001974313,5.5,140.0,0,0,2,1,0,0,0,0,0,0,0,0,0,0,0,0,0,0,0,0,2,1,0,0,2,1,0,0,7,1,13
"Chasa Plavna, 7552 Vulpera",2520,46.7866657,10.287280849977162,4001974073,5.5,140.0,0,0,1,1,0,0,0,0,0,0,0,0,0,0,0,0,0,0,0,0,0,0,0,0,0,0,0,0,0,0,1
"Nordstrasse 34, 8200 Schaffhausen",2520,47.70199065,8.62784157911237,4001971444,5.5,140.0,2,1,2,1,0,0,0,0,0,0,0,0,0,0,0,0,0,0,0,0,0,0,0,0,1,1,0,0,0,0,5
"Sempacherstrasse 39A, 8032 Zürich",2520,47.36159845,8.568544812739969,4001970904,5.5,140.0,0,0,0,0,0,0,0,0,0,0,0,0,0,0,0,0,0,0,0,0,1,1,1,1,1,1,0,0,0,0,3
"Breitwiesstr. 4, 8135 Langnau am Albis",2520,47.2930064,8.5371862,4001967228,5.5,140.0,0,0,0,0,0,0,0,0,0,0,0,0,0,0,1,1,0,0,0,0,1,1,0,0,0,0,0,0,1,1,3
"Place des Charmilles 3, 1203 Genève",2520,46.2079553,6.127365,4001967223,5.5,140.0,2,1,7,1,2,1,0,0,2,1,0,0,0,0,0,0,0,0,0,0,3,1,0,0,0,0,0,0,0,0,16
"Elfenauweg 1, 3006 Bern",2520,46.939022,7.468719,4001965315,5.5,140.0,0,0,1,1,0,0,0,0,0,0,0,0,0,0,0,0,0,0,0,0,0,0,0,0,0,0,0,0,0,0,1
"Eichbergstrasse 8, 9463 Oberriet",2520,47.33108427189669,9.556575705328838,4001963656,5.5,140.0,0,0,1,1,0,0,0,0,1,1,0,0,0,0,0,0,0,0,0,0,0,0,0,0,0,0,0,0,0,0,2
"Weieren 31A, 9523 Züberwangen",2520,47.4647054,9.102930428014416,4001963126,5.5,140.0,0,0,0,0,0,0,0,0,0,0,0,0,0,0,0,0,0,0,0,0,0,0,0,0,1,1,0,0,0,0,1
"Rütihofstrasse 7, 6340 Baar",2520,47.1739423,8.5307936,4001962452,5.5,140.0,0,0,0,0,0,0,0,0,0,0,0,0,0,0,0,0,0,0,0,0,0,0,0,0,0,0,0,0,1,1,1
"Jonentalstrasse 18, 8910 Affoltern am Albis",9100,47.275085336473005,8.458223860447417,4001955510,5.5,310.0,3,1,4,1,0,0,0,0,0,0,0,0,0,0,0,0,0,0,0,0,1,1,1,1,0,0,0,0,3,1,12
"Sihlhaldenstrasse 16, 8803 Rüschlikon",9100,47.2965487,8.5479915,4001948607,5.5,310.0,0,0,0,0,0,0,0,0,0,0,0,0,0,0,0,0,0,0,0,0,0,0,0,0,0,0,0,0,2,1,2
"Via Cantunètt 9, 6714 Serravalle",9100,46.405409500000005,8.971996,4001945588,5.5,310.0,0,0,1,1,0,0,0,0,0,0,0,0,0,0,0,0,0,0,0,0,0,0,0,0,0,0,0,0,0,0,1
"Pionierstrasse 10, 8400 Winterthur",9100,47.497162,8.7201578,4001935112,5.5,310.0,3,1,5,1,0,0,3,1,1,1,1,1,0,0,0,0,0,0,0,0,1,1,0,0,1,1,0,0,1,1,16
"Haselwiesstrasse 12, 8734 Ermenswil",9100,47.2445986,8.881727151217213,4001922346,5.5,310.0,0,0,1,1,0,0,0,0,0,0,0,0,0,0,0,0,0,0,0,0,0,0,0,0,0,0,0,0,0,0,1
"Bahnhofmatten 4, 5502 Hunzenschwil",9100,47.3879206,8.121208345558689,4001919474,5.5,310.0,1,1,0,0,0,0,0,0,2,1,0,0,0,0,1,1,0,0,0,0,1,1,1,1,0,0,0,0,4,1,10
"Ringstrasse 16, 8306 Brüttisellen",9100,47.417035350000006,8.625359274858209,4001917322,5.5,310.0,1,1,2,1,0,0,0,0,1,1,0,0,0,0,0,0,0,0,0,0,0,0,0,0,0,0,0,0,5,1,9
"Ringstrasse 4, 8737 Gommiswald",9100,47.2338225,9.0214415574208,4001909920,5.5,310.0,0,0,2,1,0,0,0,0,0,0,0,0,0,0,0,0,0,0,0,0,0,0,1,1,1,1,0,0,0,0,4
"Friedensgasse 35, 4056 Basel",9100,47.56232315,7.578130879363202,4001898585,5.5,310.0,2,1,1,1,0,0,0,0,0,0,0,0,0,0,1,1,1,1,0,0,0,0,0,0,0,0,0,0,0,0,5
"Breitenacher 49, 8906 Bonstetten",9100,47.3217397,8.472936769989264,4001893012,5.5,310.0,0,0,0,0,0,0,0,0,0,0,0,0,0,0,1,1,0,0,0,0,0,0,0,0,1,1,0,0,0,0,2
"Feldeggstrasse 80, 8008 Zürich",9100,47.3617956,8.554657749716117,4001889122,5.5,310.0,4,1,16,1,1,1,1,1,2,1,3,1,0,0,1,1,0,0,1,1,2,1,2,1,4,1,0,0,2,1,39
"Hardstrasse 14, 8604 Volketswil",9100,47.38663015,8.692620969527574,4001887339,5.5,310.0,0,0,2,1,0,0,0,0,0,0,0,0,0,0,0,0,0,0,0,0,0,0,0,0,0,0,0,0,1,1,3
"Hohbächli 10, 5079 Zeihen",9100,47.4770853,8.0879447,4001884815,5.5,310.0,0,0,3,1,0,0,0,0,0,0,0,0,0,0,1,1,0,0,0,0,0,0,0,0,0,0,0,0,0,0,4
"Rütihofstrasse 3, 5462 Siglistorf",9100,47.5426202,8.3842726,4001880268,5.5,310.0,0,0,0,0,0,0,0,0,0,0,0,0,0,0,0,0,0,0,0,0,0,0,0,0,1,1,0,0,0,0,1
"Halden 3, 9043 Trogen",9100,47.40713065,9.46021125,4001878385,5.5,310.0,1,1,3,1,2,1,0,0,0,0,0,0,0,0,1,1,0,0,0,0,0,0,0,0,1,1,0,0,1,1,9
"Bäumlihofstrasse 41, 4058 Basel",9100,47.5633333,7.6131817,4001876824,5.5,310.0,1,1,1,1,0,0,0,0,0,0,0,0,0,0,0,0,0,0,0,0,1,1,0,0,0,0,0,0,0,0,3
"Wülflingerstrasse 118, 8408 Winterthur",9100,47.50852945,8.708372405014021,4001859888,5.5,310.0,0,0,5,1,0,0,0,0,1,1,0,0,0,0,0,0,0,0,0,0,1,1,0,0,0,0,0,0,3,1,10
"Kanzleistrasse 3, 8004 Zürich",9100,47.37352,8.5277751,4001857308,5.5,310.0,7,1,35,1,5,1,3,1,11,1,0,0,0,0,1,1,0,0,1,1,3,1,0,0,1,1,0,0,4,1,71
"Blauenstrasse 1, 4153 Reinach BL",9100,47.4940241,7.5881277,4001850950,5.5,310.0,2,1,5,1,0,0,0,0,1,1,0,0,0,0,0,0,0,0,0,0,0,0,3,1,1,1,0,0,1,1,13
"Hegenheimerstrasse 86, 4055 Basel",3920,47.5612957,7.569739,4001817493,5.5,122.0,4,1,1,1,0,0,0,0,0,0,0,0,0,0,1,1,0,0,0,0,1,1,0,0,1,1,0,0,0,0,8
"Pfingstweidstrasse 98, 8005 Zürich",3920,47.3904653,8.5102824,4001814823,5.5,122.0,4,1,7,1,3,1,0,0,2,1,1,1,0,0,0,0,0,0,0,0,0,0,0,0,3,1,0,0,0,0,20
"Spitzenrainweg 54, 4147 Aesch BL",3920,47.474477,7.5992428,4001805845,5.5,122.0,0,0,0,0,0,0,0,0,1,1,1,1,0,0,0,0,0,0,0,0,0,0,1,1,1,1,0,0,1,1,5
"Rue Crespin 20, 1206 Genève",3920,46.1951941,6.1597784,4001761938,5.5,122.0,1,1,2,1,0,0,0,0,0,0,0,0,0,0,0,0,0,0,0,0,1,1,0,0,0,0,0,0,0,0,4
"Neuweilerstrasse 4a, 4123 Allschwil",3920,47.5503344,7.5358286,4001732294,5.5,122.0,2,1,5,1,0,0,0,0,1,1,0,0,0,0,0,0,0,0,0,0,1,1,1,1,2,1,0,0,0,0,12
"Pfaffenmattweg 31, 4132 Muttenz",3920,47.52237635,7.639322086561121,4001719525,5.5,122.0,0,0,3,1,0,0,0,0,0,0,0,0,0,0,0,0,0,0,0,0,0,0,0,0,0,0,0,0,0,0,3
"Laufenstrasse 4, 4053 Basel",3920,47.5426561,7.6001145,4001687224,5.5,122.0,2,1,1,1,0,0,0,0,0,0,0,0,0,0,0,0,0,0,0,0,0,0,0,0,0,0,0,0,0,0,3
"Curt Goetz-Strasse 27, 4102 Binningen",3920,47.539852,7.5747952,4001677606,5.5,122.0,2,1,8,1,0,0,0,0,0,0,1,1,0,0,1,1,0,0,1,1,3,1,4,1,1,1,0,0,1,1,22
"Hälderstrasse 4, 8451 Kleinandelfingen",3920,47.6012332,8.687598544892069,4001609453,5.5,122.0,0,0,2,1,0,0,0,0,0,0,0,0,0,0,0,0,0,0,0,0,0,0,1,1,1,1,0,0,0,0,4
"47 Hauptstrasse, 4148 Pfeffingen",3920,47.45919015,7.589662569100295,4001580868,5.5,122.0,0,0,1,1,0,0,0,0,0,0,0,0,0,0,0,0,0,0,0,0,0,0,0,0,0,0,0,0,2,1,3
"Centralstrasse 93, 2540 Grenchen",3920,47.1963164,7.3943971,4001314241,5.5,122.0,1,1,10,1,0,0,2,1,1,1,0,0,0,0,0,0,0,0,1,1,1,1,1,1,1,1,0,0,1,1,19
"Hubstrasse 42, 9500 Wil SG",3920,47.461453,9.0381292,4001253427,5.5,122.0,1,1,11,1,2,1,0,0,3,1,2,1,0,0,0,0,0,0,0,0,1,1,0,0,2,1,0,0,0,0,22
"Via Boscioro 18, 6962 Viganello",3920,46.01405855,8.961853399999999,4001232560,5.5,122.0,1,1,3,1,2,1,0,0,1,1,2,1,0,0,1,1,0,0,0,0,0,0,0,0,1,1,0,0,1,1,12
"Bahnhofstrasse 8, 8902 Urdorf",3920,47.38953055,8.431263800000004,4001200920,5.5,122.0,0,0,3,1,0,0,0,0,0,0,0,0,0,0,0,0,0,0,0,0,0,0,0,0,0,0,0,0,0,0,3
"Johann Brüderlin-Strasse 18, 4132 Muttenz",3920,47.5277388,7.649358,4001011109,5.5,122.0,0,0,4,1,1,1,0,0,2,1,0,0,0,0,0,0,0,0,0,0,2,1,2,1,1,1,0,0,1,1,13
"Clausiusstrasse 67, 8006 Zürich",3850,47.381258,8.544542731365324,4002077790,5.0,140.0,3,1,8,1,0,0,0,0,3,1,2,1,0,0,0,0,0,0,0,0,0,0,1,1,0,0,0,0,0,0,17
"Poststrasse 13, 8312 Winterberg ZH",3850,47.45669705,8.692848716564725,4002077100,5.0,140.0,0,0,1,1,0,0,0,0,0,0,0,0,0,0,0,0,0,0,0,0,0,0,0,0,0,0,0,0,0,0,1
"Chemin de la Bruyère, 1009 Pully",3850,46.52305086193982,6.662501093905755,4002075822,5.0,140.0,0,0,2,1,0,0,0,0,0,0,0,0,0,0,0,0,0,0,0,0,0,0,0,0,0,0,0,0,0,0,2
"Rorschacher Strasse 124, 9000 St. Gallen",3850,47.4307514,9.3937413,4002075469,5.0,140.0,0,0,5,1,1,1,0,0,0,0,0,0,0,0,0,0,0,0,0,0,0,0,0,0,1,1,0,0,6,1,13
"Etzelstrasse 9, 8832 Wollerau",3850,47.19472965,8.723385374076774,4002075452,5.0,140.0,0,0,4,1,1,1,1,1,0,0,0,0,0,0,0,0,0,0,0,0,0,0,1,1,2,1,0,0,0,0,9
"Schulhausstrasse 12, 8704 Herrliberg",3850,47.2872275,8.615177956890435,4002075244,5.0,140.0,0,0,1,1,0,0,0,0,0,0,0,0,0,0,1,1,0,0,0,0,0,0,0,0,0,0,0,0,0,0,2
"Luegislandstrasse 68, 8051 Zürich",3850,47.4065564,8.5679286,4002075228,5.0,140.0,1,1,1,1,0,0,0,0,0,0,1,1,0,0,0,0,0,0,0,0,0,0,0,0,0,0,0,0,1,1,4
"Wiesliacher 44, 8053 Zürich",3850,47.3551939,8.597106372769524,4002074947,5.0,140.0,0,0,1,1,0,0,0,0,0,0,0,0,0,0,0,0,0,0,0,0,0,0,0,0,0,0,0,0,4,1,5
"Schulstrasse 60, 8952 Schlieren",3850,47.3964912,8.459537036205372,4002074782,5.0,140.0,0,0,1,1,0,0,0,0,1,1,0,0,0,0,0,0,0,0,1,1,0,0,0,0,1,1,0,0,3,1,7
"Ferdinand Hodlerstrasse 32, 8049 Zürich",3850,47.4047376,8.4992556,4002074613,5.0,140.0,0,0,0,0,0,0,0,0,0,0,0,0,0,0,0,0,0,0,0,0,0,0,0,0,1,1,0,0,1,1,2
"Asylstrasse 9, 8810 Horgen",3850,47.2640014,8.5893821,4002073824,5.0,140.0,0,0,1,1,0,0,0,0,0,0,0,0,0,0,0,0,0,0,2,1,1,1,1,1,1,1,0,0,1,1,7
"Kantonsstrasse 69, 8807 Freienbach",3850,47.2069542,8.7532486,4002073808,5.0,140.0,1,1,3,1,0,0,0,0,0,0,6,1,0,0,0,0,0,0,1,1,0,0,0,0,1,1,0,0,0,0,12
"Starrkircherstrasse, 4600 Olten",3850,47.3485034415819,7.922396476011055,4002073792,5.0,140.0,0,0,1,1,0,0,0,0,1,1,0,0,0,0,0,0,0,0,0,0,0,0,0,0,0,0,0,0,0,0,2
"Runal 3, 7453 Tinizong",3850,46.58452695542345,9.616761561144736,4002072918,5.0,140.0,0,0,1,1,0,0,0,0,0,0,0,0,0,0,0,0,0,0,0,0,0,0,0,0,0,0,0,0,0,0,1
"Brandschenkestrasse 54, 8002 Zurigo",3850,47.36793595,8.52933841451653,4002072688,5.0,140.0,2,1,4,1,1,1,0,0,3,1,2,1,0,0,0,0,0,0,0,0,1,1,2,1,1,1,0,0,0,0,16
"Himmeriweg 6, 8052 Seebach",3850,47.41856285,8.537337173801262,4002072494,5.0,140.0,1,1,1,1,0,0,0,0,0,0,0,0,0,0,0,0,0,0,0,0,0,0,0,0,0,0,0,0,0,0,2
"Leimenstrasse 7, 4051 Basel",3850,47.554853,7.5834421,4002072377,5.0,140.0,1,1,11,1,3,1,0,0,1,1,0,0,0,0,2,1,0,0,1,1,1,1,0,0,1,1,0,0,0,0,21
"Rue des Epinettes, 1227 Genève",3850,46.19066689007368,6.135290579643525,4002071326,5.0,140.0,3,1,19,1,0,0,0,0,0,0,0,0,0,0,0,0,0,0,1,1,0,0,0,0,0,0,0,0,1,1,24
"Chemin de la Résidence, 1009 Pully",5810,46.50586602203233,6.667514731691663,4002071049,4.5,121.0,0,0,1,1,0,0,0,0,0,0,0,0,0,0,0,0,0,0,0,0,0,0,0,0,0,0,0,0,1,1,2
"La Voie-du-Coin, 1218 Le Grand-Saconnex",5810,46.23672404523945,6.128868385611172,4002069703,4.5,121.0,0,0,3,1,0,0,1,1,0,0,0,0,0,0,0,0,0,0,0,0,0,0,1,1,0,0,0,0,1,1,6
"Sonnenrain 2, 4800 Zofingen",5810,47.28132095,7.950091711018208,4002069525,4.5,121.0,2,1,9,1,1,1,4,1,1,1,0,0,0,0,0,0,0,0,0,0,1,1,0,0,0,0,0,0,1,1,19
"Oberburgstrasse 11a, 3400 Burgdorf",5810,47.0531545,7.62424613025687,4002069522,4.5,121.0,0,0,9,1,1,1,3,1,2,1,1,1,0,0,1,1,0,0,0,0,0,0,0,0,1,1,0,0,6,1,24
"Erachfeldstrasse 6, 8180 Bülach",5810,47.5156686,8.540641050000001,4002068939,4.5,121.0,0,0,8,1,2,1,0,0,0,0,0,0,0,0,1,1,0,0,0,0,0,0,3,1,1,1,0,0,2,1,17
"Ruberbaum 36, 8560 Märstetten",5810,47.588510948432216,9.078946701784885,4002067505,4.5,121.0,0,0,1,1,0,0,0,0,0,0,0,0,0,0,0,0,0,0,0,0,0,0,0,0,0,0,0,0,0,0,1
"Chemin du Dézaley 5, 1026 Echandens",5810,46.53064685,6.5408744,4002065689,4.5,121.0,0,0,1,1,0,0,0,0,0,0,0,0,0,0,0,0,0,0,0,0,1,1,0,0,2,1,0,0,0,0,4
"Seestrasse 38B, 8806 Wollerau",5810,47.2007844,8.7241271,4002065303,4.5,121.0,0,0,1,1,1,1,0,0,1,1,0,0,0,0,0,0,0,0,1,1,0,0,0,0,1,1,0,0,0,0,5
"Chemin du Liaudoz 2, 1009 Pully",5810,46.51259815,6.658092028229032,4002064891,4.5,121.0,0,0,0,0,0,0,0,0,0,0,0,0,0,0,0,0,0,0,0,0,1,1,0,0,0,0,0,0,0,0,1
"Grand-Rue, 1204 Genève",5810,46.20155636747135,6.146377569489403,4002062532,4.5,121.0,2,1,5,1,2,1,1,1,1,1,0,0,0,0,0,0,0,0,0,0,0,0,0,0,0,0,0,0,0,0,11
"Friesstrasse 25, 8050 Zürich",5810,47.41511825,8.546343590228052,4002059883,4.5,121.0,2,1,6,1,3,1,0,0,2,1,3,1,0,0,0,0,0,0,0,0,0,0,0,0,0,0,0,0,0,0,16
"Schaffhauserplatz 10, 8006 Zürich",5810,47.3916747,8.539097623581638,4002059465,4.5,121.0,4,1,3,1,0,0,0,0,4,1,0,0,0,0,0,0,0,0,0,0,1,1,0,0,1,1,0,0,0,0,13
"Schaffhauserplatz 10, 8006 Zürich",6270,47.3916747,8.539097623581638,4002059352,5.5,150.0,4,1,3,1,0,0,0,0,4,1,0,0,0,0,0,0,0,0,0,0,1,1,0,0,1,1,0,0,0,0,13
"Widenhubstrasse 8, 8552 Felben-Wellhausen",6270,47.5791369,8.939931771031738,4002059201,5.5,150.0,0,0,1,1,0,0,0,0,0,0,0,0,0,0,0,0,0,0,0,0,0,0,0,0,1,1,0,0,0,0,2
"Steinwichslenstrasse 11, 9052 Niederteufen",6270,47.39089635,9.3661649504245,4002059066,5.5,150.0,0,0,1,1,0,0,0,0,0,0,1,1,0,0,0,0,0,0,0,0,0,0,0,0,0,0,0,0,0,0,2
"Ernst-Schüler-Strasse 30, 2502 Biel",6270,47.13993135,7.249555897854606,4002057244,5.5,150.0,4,1,4,1,4,1,0,0,3,1,0,0,0,0,1,1,0,0,0,0,0,0,0,0,1,1,0,0,2,1,19
"Rohrhagstrasse 4, 4104 Oberwil BL",6270,47.517254,7.5663809,4002056554,5.5,150.0,0,0,1,1,0,0,0,0,0,0,0,0,0,0,0,0,0,0,0,0,0,0,0,0,0,0,0,0,0,0,1
"Müllheimerstrasse 53, 4057 Basel",6270,47.5659391,7.592823,4002055428,5.5,150.0,8,1,14,1,4,1,1,1,7,1,0,0,0,0,0,0,0,0,0,0,1,1,0,0,1,1,0,0,0,0,36
"Kurhausstrasse 80, 8032 Zürich",6270,47.37210855,8.575571313813732,4002055297,5.5,150.0,0,0,2,1,1,1,0,0,1,1,0,0,0,0,0,0,0,0,0,0,0,0,0,0,0,0,0,0,0,0,4
"Rue des Longs-Champs 49, 2854 Bassecourt",6270,47.3414618,7.2436329,4002054855,5.5,150.0,1,1,1,1,1,1,0,0,0,0,1,1,0,0,0,0,0,0,0,0,1,1,1,1,1,1,0,0,0,0,7
"Meierhöflistrasse 12, 6020 Emmenbrücke",6270,47.07103925,8.288410832095941,4002054785,5.5,150.0,0,0,3,1,0,0,0,0,1,1,0,0,0,0,0,0,0,0,0,0,0,0,0,0,1,1,0,0,1,1,6
"Dottikerstrasse 45, 5611 Anglikon",6270,47.3666398,8.2595156,4002054446,5.5,150.0,0,0,1,1,0,0,0,0,0,0,1,1,0,0,0,0,0,0,0,0,0,0,0,0,0,0,0,0,2,1,4
"Aeussere Lange Heid 14, 4142 Münchenstein",6270,47.5240537,7.6065803,4002054083,5.5,150.0,0,0,2,1,0,0,0,0,1,1,0,0,0,0,0,0,0,0,0,0,0,0,0,0,0,0,0,0,0,0,3
"Wächlenstrasse 25, 8832 Wollerau",6270,47.19588005,8.724117040356827,4002052713,5.5,150.0,1,1,5,1,0,0,1,1,0,0,0,0,0,0,0,0,0,0,0,0,1,1,2,1,3,1,0,0,1,1,14
"Untere Leimenstrasse 1, 8718 Schänis",6270,47.1590018,9.04760133447894,4002051744,5.5,150.0,0,0,1,1,0,0,0,0,0,0,0,0,0,0,1,1,0,0,0,0,0,0,1,1,0,0,0,0,0,0,3
"Grenzstrasse 36, 5525 Fischbach-Göslikon",6270,47.3754157,8.302994,4002049133,5.5,150.0,0,0,3,1,0,0,0,0,0,0,0,0,0,0,0,0,0,0,0,0,0,0,0,0,0,0,0,0,0,0,3
"J.C. Fischer-Strasse 7, 8200 Schaffhausen",6270,47.70286875,8.631679498269847,4002048659,5.5,150.0,0,0,1,1,0,0,0,0,0,0,0,0,0,0,0,0,0,0,0,0,0,0,0,0,0,0,0,0,0,0,1
"Nordstrasse 5, 8006 Zürich",6270,47.3836685,8.539988108260296,4002047956,5.5,150.0,3,1,4,1,0,0,0,0,3,1,1,1,0,0,1,1,0,0,0,0,0,0,0,0,0,0,0,0,1,1,13
"Dottikerstrasse 45, 5611 Anglikon",6270,47.3666398,8.2595156,4002046813,5.5,150.0,0,0,1,1,0,0,0,0,0,0,1,1,0,0,0,0,0,0,0,0,0,0,0,0,0,0,0,0,2,1,4
"Bornstrasse 21, 4612 Wangen bei Olten",6270,47.338854350000005,7.872391527147857,4002045379,5.5,150.0,0,0,5,1,0,0,0,0,0,0,0,0,0,0,0,0,0,0,0,0,0,0,1,1,0,0,0,0,0,0,6
"Teufenerstrasse 180, 9012 St. Gallen",6270,47.40759625,9.369031613612478,4002044550,5.5,150.0,0,0,0,0,0,0,0,0,1,1,0,0,0,0,0,0,0,0,1,1,0,0,0,0,2,1,0,0,0,0,4
"Erlenmattstrasse 10, 4058 Basel",3770,47.5693929,7.6010188,4002042218,4.5,150.0,1,1,6,1,2,1,1,1,1,1,1,1,0,0,2,1,0,0,0,0,1,1,0,0,0,0,0,0,0,0,15
"Zürichstr. 50, 8184 Bachenbülach",3770,47.50496475,8.5462764,4002042146,4.5,150.0,0,0,2,1,0,0,0,0,3,1,0,0,0,0,1,1,0,0,0,0,0,0,0,0,0,0,0,0,7,1,13
"Höschgasse 83, 8008 Zürich",3770,47.3584598,8.556447398630137,4002039268,4.5,150.0,4,1,10,1,1,1,0,0,0,0,1,1,0,0,1,1,0,0,0,0,3,1,0,0,1,1,0,0,0,0,21
"Badgasse 5, 9320 Arbon",3770,47.5172734,9.4356511,4002037810,4.5,150.0,0,0,1,1,2,1,0,0,0,0,0,0,0,0,0,0,0,0,0,0,0,0,0,0,0,0,0,0,0,0,3
"Hauptstrasse 40, 5070 Frick",3770,47.50830995,8.018680632150458,4002036004,4.5,150.0,2,1,6,1,1,1,1,1,1,1,0,0,0,0,0,0,0,0,0,0,2,1,5,1,2,1,0,0,2,1,22
"Oberglatterstrasse, 8184 Bachenbülach",3770,47.4969769,8.5398181,4002032155,4.5,150.0,0,0,3,1,0,0,0,0,0,0,0,0,0,0,0,0,0,0,0,0,0,0,0,0,0,0,0,0,3,1,6
"Bahnhofstrasse 4, 8932 Mettmenstetten",3770,47.24402735,8.462191381408006,4002030700,4.5,150.0,0,0,4,1,0,0,0,0,0,0,0,0,0,0,1,1,0,0,0,0,0,0,2,1,0,0,0,0,3,1,10
"Buhofstrasse 64a, 9424 Rheineck",3770,47.47031625,9.575892532296226,4002029958,4.5,150.0,1,1,2,1,0,0,0,0,0,0,0,0,0,0,0,0,0,0,0,0,0,0,0,0,0,0,0,0,1,1,4
"Rittergutstrasse 14, 8200 Schaffhausen",3770,47.702022150000005,8.63413917372062,4002025866,4.5,150.0,0,0,1,1,0,0,0,0,0,0,1,1,0,0,0,0,0,0,0,0,0,0,0,0,0,0,0,0,0,0,2
"Chapfstrasse 1, 8625 Gossau",3770,47.3050499,8.75887305,4002024688,4.5,150.0,0,0,4,1,0,0,0,0,1,1,0,0,0,0,0,0,0,0,0,0,2,1,1,1,2,1,0,0,0,0,10
"Brünnenstrasse 108, 3018 Berna",3770,46.941966,7.390173,4002023779,4.5,150.0,0,0,10,1,2,1,0,0,1,1,1,1,0,0,1,1,0,0,1,1,2,1,2,1,4,1,0,0,0,0,24
"Route de Valavran, 1294 Genthod",3770,46.2607499,6.146791,4002022678,4.5,150.0,0,0,0,0,0,0,0,0,0,0,0,0,0,0,1,1,0,0,0,0,0,0,0,0,0,0,0,0,0,0,1
"Stationsstrasse 31, 9014 St. Gallen",3770,47.4077071,9.3311667,4002022514,4.5,150.0,1,1,1,1,0,0,0,0,0,0,0,0,0,0,0,0,0,0,0,0,1,1,1,1,2,1,0,0,0,0,6
"Längistrasse 11, 4133 Pratteln",3770,47.5326261,7.7098470090622175,4002020757,4.5,150.0,0,0,0,0,0,0,0,0,0,0,0,0,0,0,0,0,0,0,0,0,0,0,1,1,0,0,0,0,0,0,1
"Flurmatte 10, 6033 Buchrain",1440,47.098514,8.3558819868362,4002020273,3.0,51.0,0,0,2,1,0,0,0,0,3,1,0,0,0,0,0,0,0,0,0,0,1,1,0,0,0,0,0,0,14,1,20
"Buckhauserstrasse 45, 8048 Zürich",1440,47.3843834,8.4938457,4002017368,3.0,51.0,0,0,9,1,0,0,0,0,1,1,2,1,0,0,0,0,0,0,0,0,0,0,1,1,2,1,0,0,1,1,16
"Zürcherstrasse 7, 8730 Uznach",1440,47.2252829,8.9826899,4002010471,3.0,51.0,3,1,6,1,0,0,1,1,1,1,7,1,0,0,1,1,0,0,1,1,2,1,3,1,2,1,0,0,1,1,28
"Socinstrasse, 4051 Basel",1440,47.556495382391645,7.578326663122431,4002009342,3.0,51.0,2,1,5,1,0,0,0,0,1,1,0,0,0,0,2,1,0,0,0,0,0,0,0,0,0,0,0,0,0,0,10
"Schweizerhaus 2, 8755 Ennenda",1440,47.02874415,9.074834376493364,4002006184,3.0,51.0,2,1,7,1,2,1,0,0,1,1,0,0,0,0,0,0,0,0,0,0,0,0,1,1,0,0,0,0,1,1,14
"Rue de France 24, 2400 Le Locle",1440,47.05565345,6.74319895896503,4002003069,3.0,51.0,1,1,4,1,0,0,2,1,0,0,0,0,0,0,0,0,0,0,0,0,1,1,1,1,0,0,0,0,1,1,10
"Seestrasse 72e, 9320 Arbon",1440,47.522085,9.417513794887087,4002002339,3.0,51.0,0,0,0,0,0,0,0,0,0,0,0,0,0,0,0,0,0,0,0,0,0,0,0,0,0,0,0,0,8,1,8
"Via Santuario 8, 6644 Orselina",1440,46.17633795,8.794883487862204,4001997388,3.0,51.0,1,1,0,0,0,0,0,0,0,0,0,0,0,0,0,0,0,0,1,1,0,0,0,0,0,0,0,0,1,1,3
"Unterdorfstr. 43, 3072 Ostermundigen",1440,46.96108405,7.489252261236826,4001987270,3.0,51.0,0,0,0,0,0,0,0,0,1,1,0,0,0,0,0,0,0,0,0,0,0,0,0,0,0,0,0,0,1,1,2
"Dornacherstrasse 3, 6003 Luzern",1440,47.04684,8.3051063,4001987253,3.0,51.0,9,1,16,1,9,1,0,0,1,1,0,0,0,0,0,0,0,0,0,0,0,0,1,1,2,1,0,0,20,1,58
"Scheuermattweg 4, 3007 Bern",1440,46.9390963,7.4369848,4001983870,3.0,51.0,2,1,7,1,0,0,0,0,4,1,1,1,0,0,1,1,0,0,0,0,2,1,0,0,1,1,0,0,1,1,19
"Lange Gasse 32, 4052 Basel",1440,47.5508256,7.5998959,4001981304,3.0,51.0,0,0,5,1,0,0,0,0,0,0,0,0,0,0,0,0,0,0,0,0,0,0,4,1,1,1,0,0,1,1,11
"Rue Charles Monnard 6, 1003 Lausanne",1440,46.5170645,6.6367976,4001980204,3.0,51.0,1,1,16,1,1,1,0,0,0,0,0,0,0,0,0,0,0,0,0,0,2,1,2,1,1,1,0,0,1,1,24
"Av. d'Echallens 8, 1004 Lausanne",1440,46.52538315,6.620657831830956,4001980189,3.0,51.0,1,1,4,1,1,1,0,0,0,0,0,0,0,0,0,0,0,0,0,0,0,0,0,0,0,0,0,0,0,0,6
"General-Guisan-Quai, 8002 Zürich",1440,47.3628656,8.535225,4001978372,3.0,51.0,1,1,11,1,0,0,0,0,2,1,0,0,0,0,0,0,0,0,0,0,0,0,0,0,0,0,0,0,1,1,15
"Unterdorfstr. 11a, 3072 Ostermundigen",1440,46.9601253,7.490518980452966,4001976824,3.0,51.0,1,1,0,0,0,0,0,0,1,1,0,0,0,0,1,1,0,0,0,0,0,0,0,0,0,0,0,0,1,1,4
"Gutenbergstr. 39, 3011 Bern",2550,46.9432773,7.4338885,4001976800,3.5,69.0,5,1,16,1,0,0,1,1,5,1,1,1,0,0,2,1,0,0,2,1,0,0,0,0,2,1,0,0,0,0,34
"Eigerstr. 60, 3007 Bern",2550,46.939566,7.4370091,4001976798,3.5,69.0,1,1,2,1,0,0,0,0,2,1,1,1,0,0,0,0,0,0,0,0,2,1,0,0,1,1,0,0,0,0,9
"Alpwegern 7, 3860 Meiringen",2550,46.72812255,8.182266941751024,4001976786,3.5,69.0,1,1,7,1,0,0,0,0,1,1,0,0,0,0,0,0,0,0,0,0,1,1,1,1,2,1,0,0,0,0,13
"Eugen-Huber-Strasse 22, 8048 Zürich",2550,47.38568239999999,8.483460776723966,4001976700,3.5,69.0,3,1,7,1,0,0,0,0,2,1,1,1,0,0,1,1,0,0,0,0,2,1,2,1,1,1,0,0,2,1,21
"Waagtalstrasse 32, 8842 Unteriberg",2550,47.0562848,8.802128,4001976165,3.5,69.0,0,0,6,1,0,0,0,0,0,0,0,0,0,0,0,0,0,0,0,0,0,0,2,1,0,0,0,0,0,0,8
"Rue du Centre 8, 1025 Saint-Sulpice",2550,46.5137039,6.55893080821993,4001974048,3.5,69.0,1,1,2,1,0,0,0,0,0,0,1,1,0,0,0,0,0,0,0,0,1,1,0,0,1,1,0,0,5,1,11
"Kilchbergstrasse 122, 8038 Zürich",2550,47.33661875,8.536889210230061,4001973951,3.5,69.0,0,0,0,0,0,0,0,0,0,0,0,0,0,0,0,0,0,0,0,0,0,0,0,0,0,0,0,0,1,1,1
"Käpfnerweg 11, 8810 Horgen",2550,47.2538042,8.6169573,4001973447,3.5,69.0,1,1,1,1,0,0,0,0,1,1,0,0,0,0,0,0,0,0,0,0,0,0,0,0,0,0,0,0,0,0,3
"Ch. du Devin 57, 1012 Lausanne",2550,46.5315286,6.6533705279609645,4001970767,3.5,69.0,0,0,0,0,0,0,0,0,0,0,0,0,0,0,0,0,0,0,0,0,0,0,0,0,0,0,0,0,6,1,6
"Av. d'Epenex 25, 1024 Ecublens VD",2550,46.5386136,6.574493,4001970765,3.5,69.0,0,0,0,0,0,0,0,0,1,1,0,0,0,0,0,0,0,0,0,0,1,1,0,0,0,0,0,0,0,0,2
"Sentiero Tazzino, 6605 Locarno",2550,46.1734328,8.7915681,4001969461,3.5,69.0,1,1,0,0,0,0,0,0,0,0,0,0,0,0,1,1,0,0,0,0,0,0,0,0,0,0,0,0,1,1,3
"Langhagstr. 28, 4600 Olten",2550,47.3471064,7.919806419556272,4001967220,3.5,69.0,0,0,1,1,0,0,0,0,0,0,0,0,0,0,0,0,0,0,0,0,0,0,0,0,0,0,0,0,1,1,2
"Hegenheimerstrasse 43, 4055 Basel",2550,47.5600708,7.5725638,4001964148,3.5,69.0,5,1,9,1,1,1,0,0,1,1,0,0,1,1,0,0,0,0,0,0,3,1,1,1,1,1,0,0,1,1,23
"Route de la Veveyse 14, 1700 Fribourg",2550,46.79631375,7.1394946,4001964127,3.5,69.0,1,1,1,1,0,0,0,0,0,0,0,0,0,0,0,0,0,0,0,0,1,1,0,0,0,0,0,0,1,1,4
"Neumattstrasse 29, 4657 Dulliken",2550,47.3528283,7.940004596240602,4001961202,3.5,69.0,0,0,1,1,0,0,0,0,2,1,0,0,0,0,1,1,0,0,0,0,0,0,0,0,0,0,0,0,0,0,4
"Wiggisstrasse 14, 8752 Glarus Nord",2550,47.0907673,9.064017373805228,4001956647,3.5,69.0,0,0,0,0,0,0,0,0,0,0,0,0,0,0,0,0,0,0,0,0,0,0,0,0,1,1,0,0,1,1,2
"Dammweg, 3176 Neuenegg",4550,46.8922856,7.3061424,4001953719,6.5,220.0,0,0,1,1,0,0,0,0,0,0,0,0,0,0,0,0,0,0,0,0,0,0,0,0,0,0,0,0,0,0,1
"Rue du Lac 19, 1342 Le Pont",4550,46.6621247,6.328272141008977,4001951399,6.5,220.0,1,1,2,1,0,0,0,0,0,0,0,0,0,0,0,0,0,0,0,0,0,0,0,0,0,0,0,0,0,0,3
"Weinfelderstrasse 71, 8580 Amriswil",4550,47.54516686329259,9.298733683475591,4001940398,6.5,220.0,1,1,9,1,4,1,0,0,0,0,0,0,0,0,1,1,0,0,0,0,2,1,3,1,3,1,0,0,8,1,31
"Im Stoffel 31, 8887 Mels",4550,47.0432016,9.4156205,4001939155,6.5,220.0,0,0,2,1,0,0,0,0,0,0,0,0,0,0,0,0,0,0,0,0,0,0,0,0,0,0,0,0,0,0,2
"Hofgasse 4, 4144 Arlesheim",4550,47.4941932,7.6217658,4001935507,6.5,220.0,0,0,6,1,0,0,0,0,0,0,0,0,0,0,0,0,0,0,0,0,2,1,2,1,1,1,0,0,0,0,11
"Längmattstrasse, 4632 Trimbach",4550,47.3613499,7.9049495,4001914312,6.5,220.0,0,0,2,1,0,0,0,0,1,1,0,0,0,0,0,0,0,0,0,0,0,0,0,0,1,1,0,0,0,0,4
"Bruchstrasse 4, 6003 Luzern",4550,47.0513146,8.2986743,4001905695,6.5,220.0,5,1,11,1,9,1,4,1,3,1,0,0,0,0,0,0,0,0,0,0,0,0,0,0,1,1,0,0,3,1,36
"Hofackerstrasse 15, 8032 Zürich",4550,47.36201885,8.5629195,4001892538,6.5,220.0,4,1,5,1,0,0,0,0,2,1,0,0,0,0,0,0,0,0,0,0,0,0,0,0,0,0,0,0,0,0,11
"Strada dra Vall, 6968 Sonvico",4550,46.0569058,8.9912339,4001887912,6.5,220.0,0,0,0,0,1,1,0,0,0,0,0,0,0,0,0,0,0,0,0,0,0,0,0,0,0,0,0,0,0,0,1
"Hinterkirchweg 7, 4106 Therwil",4550,47.4982744,7.555376106438414,4001875100,6.5,220.0,1,1,4,1,0,0,1,1,0,0,0,0,0,0,0,0,0,0,0,0,2,1,1,1,2,1,0,0,2,1,13
"Spinnereistrasse, 8640 Rapperswil-Jona",4550,47.22954918721033,8.829398588518252,4001864560,6.5,220.0,2,1,6,1,1,1,0,0,3,1,0,0,0,0,0,0,0,0,2,1,0,0,0,0,0,0,0,0,0,0,14
"Via Calchera 2, 6825 Capolago",4550,45.90700135,8.98268461507282,4001859833,6.5,220.0,0,0,2,1,0,0,0,0,0,0,0,0,0,0,0,0,0,0,0,0,0,0,0,0,0,0,0,0,0,0,2
"Einschlagweg 10, 4153 Reinach BL",4550,47.491272300000006,7.59907429831581,4001840934,6.5,220.0,0,0,1,1,0,0,0,0,0,0,0,0,0,0,0,0,0,0,0,0,0,0,0,0,1,1,0,0,0,0,2
"Plateau de Frontenex 9D, 1223 Cologny",4550,46.2044803,6.1749598,4001834378,6.5,220.0,0,0,0,0,0,0,0,0,0,0,0,0,0,0,0,0,0,0,0,0,1,1,0,0,0,0,0,0,0,0,1
"Schützenwisstr. 1, 8124 Maur",4550,47.3399435,8.668193790551843,4001792610,6.5,220.0,1,1,3,1,0,0,0,0,0,0,0,0,0,0,1,1,0,0,0,0,0,0,0,0,0,0,0,0,3,1,8
"Schädrütihalde, 6006 Luzern",4550,47.0568513,8.3460122,4001785989,6.5,220.0,0,0,1,1,0,0,0,0,0,0,0,0,0,0,0,0,0,0,0,0,1,1,0,0,0,0,0,0,4,1,6
