property_id,rental_address,amenity_type,amenity_name,lat,lon
4002065802,"Bläsiring 10, 4057 Basel",pub,Buvette Dreirosen,47.5694909,7.5863581
4002065802,"Bläsiring 10, 4057 Basel",pub,DejaVu,47.5694062,7.5901309
4002065802,"Bläsiring 10, 4057 Basel",restaurant,Eintracht,47.5675379,7.5903738
4002065802,"Bläsiring 10, 4057 Basel",restaurant,Gatto Nero,47.5677788,7.5906834
4002065802,"Bläsiring 10, 4057 Basel",cafe,Antik Café Bar,47.5690588,7.5902334
4002065802,"Bläsiring 10, 4057 Basel",pharmacy,Bläsi Apotheke,47.5674348,7.5903846
4002065802,"Bläsiring 10, 4057 Basel",parking,n/a,47.5673091,7.5902186
4002065802,"Bläsiring 10, 4057 Basel",cafe,Café frühling,47.5677589,7.5903535
4002065802,"Bläsiring 10, 4057 Basel",atm,n/a,47.568672,7.5897794
4002065802,"Bläsiring 10, 4057 Basel",library,GGG Stadtbibliothek Bläsi,47.5687038,7.591119
4002065802,"Bläsiring 10, 4057 Basel",restaurant,Shiro,47.5680679,7.5905993
4002065802,"Bläsiring 10, 4057 Basel",bar,OFF,47.5693615,7.5899974
4002065802,"Bläsiring 10, 4057 Basel",fast_food,The Kebab Factory,47.5680175,7.5903641
4002065802,"Bläsiring 10, 4057 Basel",restaurant,Pizza Picassso,47.5694979,7.5901783
4002065802,"Bläsiring 10, 4057 Basel",pharmacy,Dreirosen Apotheke,47.5689793,7.5906307
4002039809,"Erlenmattstr. 75, 4058 Basel",fast_food,Maulbeergrill,47.5676143,7.6023449
4002039809,"Erlenmattstr. 75, 4058 Basel",bar,Qbarana Lounge Bar,47.5687669,7.6018111
4002039809,"Erlenmattstr. 75, 4058 Basel",bar,Carambolage,47.5683278,7.6004231
4002039809,"Erlenmattstr. 75, 4058 Basel",pub,Cafe 360,47.5676417,7.6024174
4002039809,"Erlenmattstr. 75, 4058 Basel",library,feministische bibliothek @spit,47.5684445,7.6009464
4002039809,"Erlenmattstr. 75, 4058 Basel",bar,Bar du Nord,47.568121,7.6065499
4002039809,"Erlenmattstr. 75, 4058 Basel",pharmacy,Coop Vitality,47.5697544,7.6036227
4002039809,"Erlenmattstr. 75, 4058 Basel",cafe,Finkmüller Erlenmatt Ost,47.5720995,7.6014317
4002039809,"Erlenmattstr. 75, 4058 Basel",restaurant,SILO soulfood.,47.5720403,7.6020549
4002039809,"Erlenmattstr. 75, 4058 Basel",restaurant,Matt & Elly Brewery & Kitchen,47.56969,7.6034296
4002039809,"Erlenmattstr. 75, 4058 Basel",restaurant,ROBA BUONA,47.5719494,7.6016523
4002039809,"Erlenmattstr. 75, 4058 Basel",restaurant,DB Gastronomie Betriebsrestaurant,47.5683186,7.6061343
4001947102,"Käferholzstrasse 60, 8057 Zürich",restaurant,Jeunesse,47.4041372,8.5342275
4002080979,"Fahrnstrasse 25, 9402 Mörschwil",bank,Raiffeisen,47.468475,9.4242167
4002080979,"Fahrnstrasse 25, 9402 Mörschwil",parking,n/a,47.4628197,9.4336961
4002077272,"weidstrasse 11, 8620 Wetzikon ZH",parking,n/a,47.3292923,8.7987887
4002059199,"Muttenzerstrasse 129, 4127 Birsfelden",parking,n/a,47.5476067,7.6293905
4002059199,"Muttenzerstrasse 129, 4127 Birsfelden",parking,n/a,47.5473354,7.6280863
4002059199,"Muttenzerstrasse 129, 4127 Birsfelden",parking,n/a,47.5471531,7.629569
4002059199,"Muttenzerstrasse 129, 4127 Birsfelden",parking,n/a,47.5470183,7.6268063
4002059199,"Muttenzerstrasse 129, 4127 Birsfelden",restaurant,cafe flora mangia e bevi,47.5478024,7.6267679
4002059199,"Muttenzerstrasse 129, 4127 Birsfelden",parking,n/a,47.5492549,7.625468
4002058756,"Volkmarstrasse 15, 8006 Zürich",restaurant,Kreis 6,47.3861132,8.5452851
4002058756,"Volkmarstrasse 15, 8006 Zürich",school,Sekundarschule am Rigiplatz,47.3858674,8.5463793
4002053936,"Niklaus Konrad-Strasse 4, 4500 Solothurn",atm,UBS,47.2048431,7.5407604
4002053936,"Niklaus Konrad-Strasse 4, 4500 Solothurn",fast_food,Efem Imbiss & Café,47.2046306,7.5405994
4002053936,"Niklaus Konrad-Strasse 4, 4500 Solothurn",cafe,Vorstadt Bistro,47.2048838,7.5408996
4002053936,"Niklaus Konrad-Strasse 4, 4500 Solothurn",pharmacy,Medbase Apotheke Solothurn,47.2051064,7.5405056
4002053936,"Niklaus Konrad-Strasse 4, 4500 Solothurn",cafe,Caffè Spettacolo,47.2042463,7.54277
4002053936,"Niklaus Konrad-Strasse 4, 4500 Solothurn",restaurant,Akropolis,47.2048882,7.5389356
4002053936,"Niklaus Konrad-Strasse 4, 4500 Solothurn",fast_food,Solo Imbiss,47.2048779,7.5368448
4002053936,"Niklaus Konrad-Strasse 4, 4500 Solothurn",restaurant,Trattoria Napoli,47.2045375,7.5362046
4002053936,"Niklaus Konrad-Strasse 4, 4500 Solothurn",restaurant,Notausgang,47.2044483,7.5363896
4002053936,"Niklaus Konrad-Strasse 4, 4500 Solothurn",bar,The Dock,47.2051717,7.5361348
4002053936,"Niklaus Konrad-Strasse 4, 4500 Solothurn",restaurant,Adler,47.2047763,7.5361643
4002053936,"Niklaus Konrad-Strasse 4, 4500 Solothurn",restaurant,Altes Spital,47.2048314,7.5354098
4002053936,"Niklaus Konrad-Strasse 4, 4500 Solothurn",restaurant,Sonne,47.2047854,7.5363896
4002053936,"Niklaus Konrad-Strasse 4, 4500 Solothurn",restaurant,Vini-Al Grappolo,47.2049778,7.5368094
4002053936,"Niklaus Konrad-Strasse 4, 4500 Solothurn",pub,Steinbock,47.2046387,7.5379426
4002053936,"Niklaus Konrad-Strasse 4, 4500 Solothurn",restaurant,Fragale,47.2046861,7.5375537
4002053936,"Niklaus Konrad-Strasse 4, 4500 Solothurn",restaurant,Fu-Lin,47.2037603,7.5390531
4002053936,"Niklaus Konrad-Strasse 4, 4500 Solothurn",fast_food,McDonald's,47.2040461,7.5415408
4002053936,"Niklaus Konrad-Strasse 4, 4500 Solothurn",restaurant,Thai Sunshine,47.2047013,7.5364428
4002053936,"Niklaus Konrad-Strasse 4, 4500 Solothurn",cafe,Steiner,47.2049949,7.5407086
4002053936,"Niklaus Konrad-Strasse 4, 4500 Solothurn",parking,n/a,47.2037855,7.5398567
4002053936,"Niklaus Konrad-Strasse 4, 4500 Solothurn",school,Kaufmännische Berufsschule,47.2049253,7.5382655
4002053936,"Niklaus Konrad-Strasse 4, 4500 Solothurn",fast_food,Metro Pizza,47.2051584,7.5409779
4002053936,"Niklaus Konrad-Strasse 4, 4500 Solothurn",fast_food,Amun Take-Away,47.2049508,7.540494
4002053936,"Niklaus Konrad-Strasse 4, 4500 Solothurn",restaurant,Il Ponte del Sole,47.2049206,7.5360605
4002053936,"Niklaus Konrad-Strasse 4, 4500 Solothurn",bar,Hafebar,47.2056468,7.5384611
4002053936,"Niklaus Konrad-Strasse 4, 4500 Solothurn",fast_food,Subway,47.2041251,7.5416014
4002053936,"Niklaus Konrad-Strasse 4, 4500 Solothurn",cafe,McCafé,47.2040292,7.5416204
4002053936,"Niklaus Konrad-Strasse 4, 4500 Solothurn",restaurant,Thung Thong,47.2047057,7.537415
4002053936,"Niklaus Konrad-Strasse 4, 4500 Solothurn",restaurant,così Ristorante & Pizzeria,47.2047969,7.5370633
4002053936,"Niklaus Konrad-Strasse 4, 4500 Solothurn",restaurant,Restaurant Thai Shop,47.2046512,7.5355642
4002053936,"Niklaus Konrad-Strasse 4, 4500 Solothurn",restaurant,Zum Chregu,47.2048129,7.5358067
4002053936,"Niklaus Konrad-Strasse 4, 4500 Solothurn",restaurant,H4,47.2058565,7.5416093
4002053936,"Niklaus Konrad-Strasse 4, 4500 Solothurn",cafe,Stadtrösterei,47.2049559,7.5414198
4002053936,"Niklaus Konrad-Strasse 4, 4500 Solothurn",restaurant,Nonna Rosetta,47.2044825,7.535911
4002053936,"Niklaus Konrad-Strasse 4, 4500 Solothurn",atm,n/a,47.2042566,7.5387939
4002053936,"Niklaus Konrad-Strasse 4, 4500 Solothurn",atm,n/a,47.2042644,7.5422564
4002053936,"Niklaus Konrad-Strasse 4, 4500 Solothurn",fast_food,n/a,47.2045897,7.541447
4002053936,"Niklaus Konrad-Strasse 4, 4500 Solothurn",bar,Weinstüberl & Weinverkauf,47.2053474,7.5367652
4002053936,"Niklaus Konrad-Strasse 4, 4500 Solothurn",parking,n/a,47.1998299,7.5320215
4002053936,"Niklaus Konrad-Strasse 4, 4500 Solothurn",restaurant,Solo Fresh & fast Crispy Chicken,47.2041652,7.5388339
4002053936,"Niklaus Konrad-Strasse 4, 4500 Solothurn",restaurant,Mezami,47.2046585,7.5376996
4002014835,"Hölzliweg 9, 8405 Winterthur",school,Zentrum Eule,47.4870042,8.7647046
4002014835,"Hölzliweg 9, 8405 Winterthur",pharmacy,Post Apotheke,47.4854996,8.764709
4001972648,"Weidmannstrasse 13, 8046 Zürich",restaurant,Wirtschaft Unterdorf,47.4262082,8.5054134
4001669568,"Ahornweg 23, 2542 Pieterlen",restaurant,La Perla,47.1746758,7.336839
4001669568,"Ahornweg 23, 2542 Pieterlen",pub,Ascot Pub,47.1752263,7.3382981
4001669568,"Ahornweg 23, 2542 Pieterlen",atm,n/a,47.1746141,7.3368858
4001668530,"Via Sasso Corbaro 23, 6593 Cadenazzo",restaurant,Ristorante Al Ponte,46.1522025,8.9493151
4001668530,"Via Sasso Corbaro 23, 6593 Cadenazzo",pharmacy,Pharmacia Centrale,46.1517314,8.9461626
4001668530,"Via Sasso Corbaro 23, 6593 Cadenazzo",bar,Osteria Centrale,46.1506825,8.9485094
4001668530,"Via Sasso Corbaro 23, 6593 Cadenazzo",bank,Raiffeisen,46.1518588,8.9452132
4001668530,"Via Sasso Corbaro 23, 6593 Cadenazzo",restaurant,Pizza chez Boubou,46.1525202,8.9399504
4001668530,"Via Sasso Corbaro 23, 6593 Cadenazzo",pub,Leilo Bar,46.1516511,8.9458343
4001668530,"Via Sasso Corbaro 23, 6593 Cadenazzo",fast_food,Il Cantuccio,46.1524371,8.9399602
4001668530,"Via Sasso Corbaro 23, 6593 Cadenazzo",library,Biblioteca della Scuola Media di Cadenazzo,46.1510167,8.9418564
4001668530,"Via Sasso Corbaro 23, 6593 Cadenazzo",library,Biblioteca comunale per ragazzi,46.1504232,8.9507171
4001668530,"Via Sasso Corbaro 23, 6593 Cadenazzo",restaurant,Pizzeria Bar CLUB,46.1507227,8.9431726
4002053939,"Niklaus Konrad-Strasse 4, 4500 Solothurn",atm,UBS,47.2048431,7.5407604
4002053939,"Niklaus Konrad-Strasse 4, 4500 Solothurn",fast_food,Efem Imbiss & Café,47.2046306,7.5405994
4002053939,"Niklaus Konrad-Strasse 4, 4500 Solothurn",cafe,Vorstadt Bistro,47.2048838,7.5408996
4002053939,"Niklaus Konrad-Strasse 4, 4500 Solothurn",pharmacy,Medbase Apotheke Solothurn,47.2051064,7.5405056
4002053939,"Niklaus Konrad-Strasse 4, 4500 Solothurn",cafe,Caffè Spettacolo,47.2042463,7.54277
4002053939,"Niklaus Konrad-Strasse 4, 4500 Solothurn",restaurant,Akropolis,47.2048882,7.5389356
4002053939,"Niklaus Konrad-Strasse 4, 4500 Solothurn",fast_food,Solo Imbiss,47.2048779,7.5368448
4002053939,"Niklaus Konrad-Strasse 4, 4500 Solothurn",restaurant,Trattoria Napoli,47.2045375,7.5362046
4002053939,"Niklaus Konrad-Strasse 4, 4500 Solothurn",restaurant,Notausgang,47.2044483,7.5363896
4002053939,"Niklaus Konrad-Strasse 4, 4500 Solothurn",bar,The Dock,47.2051717,7.5361348
4002053939,"Niklaus Konrad-Strasse 4, 4500 Solothurn",restaurant,Adler,47.2047763,7.5361643
4002053939,"Niklaus Konrad-Strasse 4, 4500 Solothurn",restaurant,Altes Spital,47.2048314,7.5354098
4002053939,"Niklaus Konrad-Strasse 4, 4500 Solothurn",restaurant,Sonne,47.2047854,7.5363896
4002053939,"Niklaus Konrad-Strasse 4, 4500 Solothurn",restaurant,Vini-Al Grappolo,47.2049778,7.5368094
4002053939,"Niklaus Konrad-Strasse 4, 4500 Solothurn",pub,Steinbock,47.2046387,7.5379426
4002053939,"Niklaus Konrad-Strasse 4, 4500 Solothurn",restaurant,Fragale,47.2046861,7.5375537
4002053939,"Niklaus Konrad-Strasse 4, 4500 Solothurn",restaurant,Fu-Lin,47.2037603,7.5390531
4002053939,"Niklaus Konrad-Strasse 4, 4500 Solothurn",fast_food,McDonald's,47.2040461,7.5415408
4002053939,"Niklaus Konrad-Strasse 4, 4500 Solothurn",restaurant,Thai Sunshine,47.2047013,7.5364428
4002053939,"Niklaus Konrad-Strasse 4, 4500 Solothurn",cafe,Steiner,47.2049949,7.5407086
4002053939,"Niklaus Konrad-Strasse 4, 4500 Solothurn",parking,n/a,47.2037855,7.5398567
4002053939,"Niklaus Konrad-Strasse 4, 4500 Solothurn",school,Kaufmännische Berufsschule,47.2049253,7.5382655
4002053939,"Niklaus Konrad-Strasse 4, 4500 Solothurn",fast_food,Metro Pizza,47.2051584,7.5409779
4002053939,"Niklaus Konrad-Strasse 4, 4500 Solothurn",fast_food,Amun Take-Away,47.2049508,7.540494
4002053939,"Niklaus Konrad-Strasse 4, 4500 Solothurn",restaurant,Il Ponte del Sole,47.2049206,7.5360605
4002053939,"Niklaus Konrad-Strasse 4, 4500 Solothurn",bar,Hafebar,47.2056468,7.5384611
4002053939,"Niklaus Konrad-Strasse 4, 4500 Solothurn",fast_food,Subway,47.2041251,7.5416014
4002053939,"Niklaus Konrad-Strasse 4, 4500 Solothurn",cafe,McCafé,47.2040292,7.5416204
4002053939,"Niklaus Konrad-Strasse 4, 4500 Solothurn",restaurant,Thung Thong,47.2047057,7.537415
4002053939,"Niklaus Konrad-Strasse 4, 4500 Solothurn",restaurant,così Ristorante & Pizzeria,47.2047969,7.5370633
4002053939,"Niklaus Konrad-Strasse 4, 4500 Solothurn",restaurant,Restaurant Thai Shop,47.2046512,7.5355642
4002053939,"Niklaus Konrad-Strasse 4, 4500 Solothurn",restaurant,Zum Chregu,47.2048129,7.5358067
4002053939,"Niklaus Konrad-Strasse 4, 4500 Solothurn",restaurant,H4,47.2058565,7.5416093
4002053939,"Niklaus Konrad-Strasse 4, 4500 Solothurn",cafe,Stadtrösterei,47.2049559,7.5414198
4002053939,"Niklaus Konrad-Strasse 4, 4500 Solothurn",restaurant,Nonna Rosetta,47.2044825,7.535911
4002053939,"Niklaus Konrad-Strasse 4, 4500 Solothurn",atm,n/a,47.2042566,7.5387939
4002053939,"Niklaus Konrad-Strasse 4, 4500 Solothurn",atm,n/a,47.2042644,7.5422564
4002053939,"Niklaus Konrad-Strasse 4, 4500 Solothurn",fast_food,n/a,47.2045897,7.541447
4002053939,"Niklaus Konrad-Strasse 4, 4500 Solothurn",bar,Weinstüberl & Weinverkauf,47.2053474,7.5367652
4002053939,"Niklaus Konrad-Strasse 4, 4500 Solothurn",parking,n/a,47.1998299,7.5320215
4002053939,"Niklaus Konrad-Strasse 4, 4500 Solothurn",restaurant,Solo Fresh & fast Crispy Chicken,47.2041652,7.5388339
4002053939,"Niklaus Konrad-Strasse 4, 4500 Solothurn",restaurant,Mezami,47.2046585,7.5376996
4002039822,"Seeblickstr. 12, 9010 St. Gallen",restaurant,Rotmontenhof,47.4370776,9.3776357
4002039822,"Seeblickstr. 12, 9010 St. Gallen",parking,n/a,47.4380156,9.3765338
4002039822,"Seeblickstr. 12, 9010 St. Gallen",parking,n/a,47.4371758,9.3767964
4002039822,"Seeblickstr. 12, 9010 St. Gallen",parking,n/a,47.4395953,9.3809115
4002039822,"Seeblickstr. 12, 9010 St. Gallen",parking,n/a,47.4394536,9.3806368
4002039822,"Seeblickstr. 12, 9010 St. Gallen",parking,n/a,47.439389,9.3805741
4002033013,"Bellerivestrasse 49, 8008 Zürich",restaurant,Yooji's,47.3582879,8.5541672
4002033013,"Bellerivestrasse 49, 8008 Zürich",parking,Parkhaus Zürichhorn,47.3557489,8.5531163
4002033013,"Bellerivestrasse 49, 8008 Zürich",cafe,Valentino,47.3601706,8.550781
4002033013,"Bellerivestrasse 49, 8008 Zürich",fast_food,Chinagarten Take Away,47.3545465,8.5519563
4002033013,"Bellerivestrasse 49, 8008 Zürich",atm,Postfinance,47.3577163,8.5540421
4002033013,"Bellerivestrasse 49, 8008 Zürich",pub,D-Vino,47.3584615,8.553987
4002033013,"Bellerivestrasse 49, 8008 Zürich",pharmacy,TopPharm Apotheke Höschgasse,47.3577116,8.5547536
4002033013,"Bellerivestrasse 49, 8008 Zürich",restaurant,Totò,47.3580896,8.5538491
4002033013,"Bellerivestrasse 49, 8008 Zürich",restaurant,Iroquois,47.3582918,8.5537364
4002033013,"Bellerivestrasse 49, 8008 Zürich",restaurant,Tüfenegg,47.3553163,8.5541539
4002033013,"Bellerivestrasse 49, 8008 Zürich",restaurant,Enoteca Riviera,47.3549625,8.5550456
4002033013,"Bellerivestrasse 49, 8008 Zürich",restaurant,Pizzeria Capri,47.3604176,8.5501478
4002033013,"Bellerivestrasse 49, 8008 Zürich",cafe,Monocle Café,47.3596826,8.5507962
4002033013,"Bellerivestrasse 49, 8008 Zürich",cafe,Maison 33,47.3572728,8.5526229
4002033013,"Bellerivestrasse 49, 8008 Zürich",restaurant,Weera Pura,47.3571792,8.5531184
4002028634,"Ludwigstr. 5, 9010 St. Gallen",restaurant,Rotmontenhof,47.4370776,9.3776357
4002028634,"Ludwigstr. 5, 9010 St. Gallen",parking,n/a,47.4380156,9.3765338
4002028634,"Ludwigstr. 5, 9010 St. Gallen",parking,n/a,47.4371758,9.3767964
4002028634,"Ludwigstr. 5, 9010 St. Gallen",parking,n/a,47.4395953,9.3809115
4002028634,"Ludwigstr. 5, 9010 St. Gallen",parking,n/a,47.4394536,9.3806368
4002028634,"Ludwigstr. 5, 9010 St. Gallen",parking,n/a,47.439389,9.3805741
4002006119,"Guggistrasse 14 A, 6005 Luzern",fast_food,Dieci Pizzakurier,47.045078,8.3036813
4002006119,"Guggistrasse 14 A, 6005 Luzern",restaurant,Don Feri,47.0426139,8.3037411
4002006119,"Guggistrasse 14 A, 6005 Luzern",restaurant,Indian Restaurant Luzern,47.0434863,8.3038132
4002006119,"Guggistrasse 14 A, 6005 Luzern",restaurant,Taberna Latina,47.0433432,8.3037722
4001991943,"Giessenplatz 8, 8600 Dübendorf",parking,n/a,47.4015105,8.6095641
4001979018,"Via Sasso Corbaro 19, 6593 Cadenazzo",restaurant,Ristorante Al Ponte,46.1522025,8.9493151
4001979018,"Via Sasso Corbaro 19, 6593 Cadenazzo",pharmacy,Pharmacia Centrale,46.1517314,8.9461626
4001979018,"Via Sasso Corbaro 19, 6593 Cadenazzo",bar,Osteria Centrale,46.1506825,8.9485094
4001979018,"Via Sasso Corbaro 19, 6593 Cadenazzo",bank,Raiffeisen,46.1518588,8.9452132
4001979018,"Via Sasso Corbaro 19, 6593 Cadenazzo",restaurant,Pizza chez Boubou,46.1525202,8.9399504
4001979018,"Via Sasso Corbaro 19, 6593 Cadenazzo",pub,Leilo Bar,46.1516511,8.9458343
4001979018,"Via Sasso Corbaro 19, 6593 Cadenazzo",fast_food,Il Cantuccio,46.1524371,8.9399602
4001979018,"Via Sasso Corbaro 19, 6593 Cadenazzo",library,Biblioteca della Scuola Media di Cadenazzo,46.1510167,8.9418564
4001979018,"Via Sasso Corbaro 19, 6593 Cadenazzo",library,Biblioteca comunale per ragazzi,46.1504232,8.9507171
4001979018,"Via Sasso Corbaro 19, 6593 Cadenazzo",restaurant,Pizzeria Bar CLUB,46.1507227,8.9431726
4001923522,"Erlenmattstr. 67, 4058 Basel",fast_food,Maulbeergrill,47.5676143,7.6023449
4001923522,"Erlenmattstr. 67, 4058 Basel",bar,Qbarana Lounge Bar,47.5687669,7.6018111
4001923522,"Erlenmattstr. 67, 4058 Basel",bar,Carambolage,47.5683278,7.6004231
4001923522,"Erlenmattstr. 67, 4058 Basel",pub,Cafe 360,47.5676417,7.6024174
4001923522,"Erlenmattstr. 67, 4058 Basel",restaurant,The Chennai Kings,47.5682478,7.6052881
4001923522,"Erlenmattstr. 67, 4058 Basel",restaurant,Le S,47.5690986,7.5993385
4001923522,"Erlenmattstr. 67, 4058 Basel",library,feministische bibliothek @spit,47.5684445,7.6009464
4001923522,"Erlenmattstr. 67, 4058 Basel",cafe,Magical Cafe,47.5699745,7.5993614
4001923522,"Erlenmattstr. 67, 4058 Basel",pharmacy,Coop Vitality,47.5697544,7.6036227
4001923522,"Erlenmattstr. 67, 4058 Basel",restaurant,Matt & Elly Brewery & Kitchen,47.56969,7.6034296
4001923522,"Erlenmattstr. 67, 4058 Basel",school,Primarschulhaus Erlenmatt,47.5689989,7.6004078
4001923522,"Erlenmattstr. 67, 4058 Basel",restaurant,DB Gastronomie Betriebsrestaurant,47.5683186,7.6061343
4002065798,"Fachstrasse 10A, 8942 Oberrieden",restaurant,Keywest,47.278292,8.5817089
4002065798,"Fachstrasse 10A, 8942 Oberrieden",restaurant,Alpenstern by Keywest,47.2783516,8.5813045
4002065798,"Fachstrasse 10A, 8942 Oberrieden",parking,n/a,47.2818898,8.5758866
4002064944,"Zentralstrasse 7, 5627 Besenbüren",restaurant,Frohsinn,47.3131055,8.3416721
4002064922,"Zentralstrasse 7, 5627 Besenbüren",restaurant,Frohsinn,47.3131055,8.3416721
4002064878,"Zentralstrasse 7, 5627 Besenbüren",restaurant,Frohsinn,47.3131055,8.3416721
4002053937,"Niklaus Konrad-Strasse 4, 4500 Solothurn",atm,UBS,47.2048431,7.5407604
4002053937,"Niklaus Konrad-Strasse 4, 4500 Solothurn",fast_food,Efem Imbiss & Café,47.2046306,7.5405994
4002053937,"Niklaus Konrad-Strasse 4, 4500 Solothurn",cafe,Vorstadt Bistro,47.2048838,7.5408996
4002053937,"Niklaus Konrad-Strasse 4, 4500 Solothurn",pharmacy,Medbase Apotheke Solothurn,47.2051064,7.5405056
4002053937,"Niklaus Konrad-Strasse 4, 4500 Solothurn",cafe,Caffè Spettacolo,47.2042463,7.54277
4002053937,"Niklaus Konrad-Strasse 4, 4500 Solothurn",restaurant,Akropolis,47.2048882,7.5389356
4002053937,"Niklaus Konrad-Strasse 4, 4500 Solothurn",fast_food,Solo Imbiss,47.2048779,7.5368448
4002053937,"Niklaus Konrad-Strasse 4, 4500 Solothurn",restaurant,Trattoria Napoli,47.2045375,7.5362046
4002053937,"Niklaus Konrad-Strasse 4, 4500 Solothurn",restaurant,Notausgang,47.2044483,7.5363896
4002053937,"Niklaus Konrad-Strasse 4, 4500 Solothurn",bar,The Dock,47.2051717,7.5361348
4002053937,"Niklaus Konrad-Strasse 4, 4500 Solothurn",restaurant,Adler,47.2047763,7.5361643
4002053937,"Niklaus Konrad-Strasse 4, 4500 Solothurn",restaurant,Altes Spital,47.2048314,7.5354098
4002053937,"Niklaus Konrad-Strasse 4, 4500 Solothurn",restaurant,Sonne,47.2047854,7.5363896
4002053937,"Niklaus Konrad-Strasse 4, 4500 Solothurn",restaurant,Vini-Al Grappolo,47.2049778,7.5368094
4002053937,"Niklaus Konrad-Strasse 4, 4500 Solothurn",pub,Steinbock,47.2046387,7.5379426
4002053937,"Niklaus Konrad-Strasse 4, 4500 Solothurn",restaurant,Fragale,47.2046861,7.5375537
4002053937,"Niklaus Konrad-Strasse 4, 4500 Solothurn",restaurant,Fu-Lin,47.2037603,7.5390531
4002053937,"Niklaus Konrad-Strasse 4, 4500 Solothurn",fast_food,McDonald's,47.2040461,7.5415408
4002053937,"Niklaus Konrad-Strasse 4, 4500 Solothurn",restaurant,Thai Sunshine,47.2047013,7.5364428
4002053937,"Niklaus Konrad-Strasse 4, 4500 Solothurn",cafe,Steiner,47.2049949,7.5407086
4002053937,"Niklaus Konrad-Strasse 4, 4500 Solothurn",parking,n/a,47.2037855,7.5398567
4002053937,"Niklaus Konrad-Strasse 4, 4500 Solothurn",school,Kaufmännische Berufsschule,47.2049253,7.5382655
4002053937,"Niklaus Konrad-Strasse 4, 4500 Solothurn",fast_food,Metro Pizza,47.2051584,7.5409779
4002053937,"Niklaus Konrad-Strasse 4, 4500 Solothurn",fast_food,Amun Take-Away,47.2049508,7.540494
4002053937,"Niklaus Konrad-Strasse 4, 4500 Solothurn",restaurant,Il Ponte del Sole,47.2049206,7.5360605
4002053937,"Niklaus Konrad-Strasse 4, 4500 Solothurn",bar,Hafebar,47.2056468,7.5384611
4002053937,"Niklaus Konrad-Strasse 4, 4500 Solothurn",fast_food,Subway,47.2041251,7.5416014
4002053937,"Niklaus Konrad-Strasse 4, 4500 Solothurn",cafe,McCafé,47.2040292,7.5416204
4002053937,"Niklaus Konrad-Strasse 4, 4500 Solothurn",restaurant,Thung Thong,47.2047057,7.537415
4002053937,"Niklaus Konrad-Strasse 4, 4500 Solothurn",restaurant,così Ristorante & Pizzeria,47.2047969,7.5370633
4002053937,"Niklaus Konrad-Strasse 4, 4500 Solothurn",restaurant,Restaurant Thai Shop,47.2046512,7.5355642
4002053937,"Niklaus Konrad-Strasse 4, 4500 Solothurn",restaurant,Zum Chregu,47.2048129,7.5358067
4002053937,"Niklaus Konrad-Strasse 4, 4500 Solothurn",restaurant,H4,47.2058565,7.5416093
4002053937,"Niklaus Konrad-Strasse 4, 4500 Solothurn",cafe,Stadtrösterei,47.2049559,7.5414198
4002053937,"Niklaus Konrad-Strasse 4, 4500 Solothurn",restaurant,Nonna Rosetta,47.2044825,7.535911
4002053937,"Niklaus Konrad-Strasse 4, 4500 Solothurn",atm,n/a,47.2042566,7.5387939
4002053937,"Niklaus Konrad-Strasse 4, 4500 Solothurn",atm,n/a,47.2042644,7.5422564
4002053937,"Niklaus Konrad-Strasse 4, 4500 Solothurn",fast_food,n/a,47.2045897,7.541447
4002053937,"Niklaus Konrad-Strasse 4, 4500 Solothurn",bar,Weinstüberl & Weinverkauf,47.2053474,7.5367652
4002053937,"Niklaus Konrad-Strasse 4, 4500 Solothurn",parking,n/a,47.1998299,7.5320215
4002053937,"Niklaus Konrad-Strasse 4, 4500 Solothurn",restaurant,Solo Fresh & fast Crispy Chicken,47.2041652,7.5388339
4002053937,"Niklaus Konrad-Strasse 4, 4500 Solothurn",restaurant,Mezami,47.2046585,7.5376996
4002038494,"Sägestr. 78, 3098 Köniz",restaurant,Rondell,46.9287608,7.4162688
4002038494,"Sägestr. 78, 3098 Köniz",restaurant,Xing Long,46.9203372,7.4129588
4002038494,"Sägestr. 78, 3098 Köniz",restaurant,Migros Restaurant,46.9235585,7.4144033
4002038494,"Sägestr. 78, 3098 Köniz",pharmacy,Amavita,46.923288,7.4140898
4002038494,"Sägestr. 78, 3098 Köniz",atm,n/a,46.9237715,7.4153175
4002038494,"Sägestr. 78, 3098 Köniz",atm,n/a,46.9231844,7.4150791
4002038494,"Sägestr. 78, 3098 Köniz",bank,Berner Kantonalbank,46.9231683,7.4150168
4002038494,"Sägestr. 78, 3098 Köniz",restaurant,Zum Schloss,46.9208526,7.413888
4002038494,"Sägestr. 78, 3098 Köniz",restaurant,Coop Restaurant,46.9232582,7.4155361
4002038494,"Sägestr. 78, 3098 Köniz",cafe,Das Scherzhaus,46.9234687,7.4146314
4002038494,"Sägestr. 78, 3098 Köniz",restaurant,Pizzeria Babylon,46.923979,7.416063
4002038494,"Sägestr. 78, 3098 Köniz",atm,n/a,46.9229953,7.4153792
4002038494,"Sägestr. 78, 3098 Köniz",restaurant,Sternen,46.9226143,7.4142513
4002038494,"Sägestr. 78, 3098 Köniz",library,PTT-Archiv,46.9240144,7.4140105
4002038494,"Sägestr. 78, 3098 Köniz",restaurant,Dschingis Mongolian Barbecue,46.9288686,7.4157639
4002038494,"Sägestr. 78, 3098 Köniz",pharmacy,Sonnen-Apotheke Köniz AG,46.9248837,7.4164402
4002038494,"Sägestr. 78, 3098 Köniz",library,Bibliothek Köniz,46.9226017,7.4160161
4002038494,"Sägestr. 78, 3098 Köniz",school,BFF Bern,46.9265938,7.4156382
4002038494,"Sägestr. 78, 3098 Köniz",restaurant,Tuy’s Thai Restaurant & Take Away,46.9247645,7.4163795
4002038494,"Sägestr. 78, 3098 Köniz",cafe,Dany’s Bar & Bistro,46.922331,7.4124333
4002038494,"Sägestr. 78, 3098 Köniz",atm,n/a,46.9234902,7.4143417
4002038494,"Sägestr. 78, 3098 Köniz",atm,Valiant,46.9246736,7.4163907
4002038494,"Sägestr. 78, 3098 Köniz",bank,Raiffeisen,46.9237747,7.4152468
4002038494,"Sägestr. 78, 3098 Köniz",fast_food,Swiss Güggeli,46.922862,7.4147256
4002038494,"Sägestr. 78, 3098 Köniz",restaurant,Indian Kitchen,46.9215285,7.4122292
4002037903,"Hermann-Lienhardstrasse, 2502 Biel, 2504 Biel",parking,n/a,47.1516192,7.2661794
4002037903,"Hermann-Lienhardstrasse, 2502 Biel, 2504 Biel",parking,n/a,47.1504764,7.265163
4002037903,"Hermann-Lienhardstrasse, 2502 Biel, 2504 Biel",parking,n/a,47.1493203,7.2682355
4002037903,"Hermann-Lienhardstrasse, 2502 Biel, 2504 Biel",atm,BEKB BCBE,47.1524659,7.266587
4002037903,"Hermann-Lienhardstrasse, 2502 Biel, 2504 Biel",restaurant,n/a,47.1526499,7.2671404
4002037903,"Hermann-Lienhardstrasse, 2502 Biel, 2504 Biel",atm,n/a,47.1525492,7.2669467
4002037903,"Hermann-Lienhardstrasse, 2502 Biel, 2504 Biel",pharmacy,Dr. Hysek,47.1525027,7.2669534
4002037903,"Hermann-Lienhardstrasse, 2502 Biel, 2504 Biel",restaurant,Rebstock,47.1551243,7.2698734
4002037903,"Hermann-Lienhardstrasse, 2502 Biel, 2504 Biel",restaurant,zur Brücke,47.1542232,7.2683482
4002037903,"Hermann-Lienhardstrasse, 2502 Biel, 2504 Biel",restaurant,Restaurant Bierhalle,47.1521732,7.2665735
4002037903,"Hermann-Lienhardstrasse, 2502 Biel, 2504 Biel",fast_food,Deluxe,47.151335,7.2649173
4002037903,"Hermann-Lienhardstrasse, 2502 Biel, 2504 Biel",restaurant,da Toto,47.1513323,7.2643434
4002037903,"Hermann-Lienhardstrasse, 2502 Biel, 2504 Biel",restaurant,Thaifood,47.1511845,7.2640175
4002037903,"Hermann-Lienhardstrasse, 2502 Biel, 2504 Biel",parking,n/a,47.15187,7.267312
4002037903,"Hermann-Lienhardstrasse, 2502 Biel, 2504 Biel",cafe,Café Timeout,47.1525745,7.2670361
4002028608,"Regensdorferstrasse 65, 8049 Zürich",pharmacy,Zürigsund Im Brühl,47.403473,8.4976988
4002028608,"Regensdorferstrasse 65, 8049 Zürich",restaurant,Zweifels Weinbeiz,47.404036,8.4967746
4002028608,"Regensdorferstrasse 65, 8049 Zürich",bank,Zürcher Kantonalbank,47.4035374,8.4975547
4002028608,"Regensdorferstrasse 65, 8049 Zürich",parking,Im Brühl,47.4038733,8.4978331
4002028608,"Regensdorferstrasse 65, 8049 Zürich",restaurant,Marcello's Bistro,47.4029458,8.4980459
4002028608,"Regensdorferstrasse 65, 8049 Zürich",restaurant,"Osteria Vineria ""da Biagio"" Restaurant Limmatberg",47.4022849,8.4953933
4002028608,"Regensdorferstrasse 65, 8049 Zürich",parking,Hönggermarkt,47.4029822,8.4978176
4001516464,"Schwendetalstrasse 13, 9057 Schwende",bank,Appenzeller Kantonalbank,47.3087582,9.4345514
4001516464,"Schwendetalstrasse 13, 9057 Schwende",atm,n/a,47.3088175,9.4345899
4001516464,"Schwendetalstrasse 13, 9057 Schwende",parking,n/a,47.3098199,9.4324637
4001516464,"Schwendetalstrasse 13, 9057 Schwende",clinic,Klinik im Hof Nachbehandlungszentrum,47.3094656,9.4331366
4001516464,"Schwendetalstrasse 13, 9057 Schwende",restaurant,Schotte-Sepp-Stube / Flickflauder,47.3093527,9.433226
4002075486,"Hubenstrasse 19, 8057 Zürich",restaurant,Apollo Taverna,47.4040325,8.5571397
4002075486,"Hubenstrasse 19, 8057 Zürich",school,Sonderschule Puls+ Abteilung Tulpenstrasse,47.4049562,8.5654368
4002070837,"11 rue neuve du Molard, 1204 Genève",restaurant,Thaï,46.203444,6.1484993
4002070837,"11 rue neuve du Molard, 1204 Genève",cafe,Le Comptoir Woodward,46.2034133,6.148715
4002066542,"Kirchgasse 4, 8524 Uesslingen",atm,n/a,47.5796405,8.8336299
4002066542,"Kirchgasse 4, 8524 Uesslingen",restaurant,Frohsinn,47.580425,8.8315183
4002065355,"Sonneggstr. 41, 8006 Zürich",restaurant,Ristorante Culmann,47.3794422,8.5470198
4002065355,"Sonneggstr. 41, 8006 Zürich",restaurant,La Fontana,47.3797201,8.5469255
4002065355,"Sonneggstr. 41, 8006 Zürich",cafe,Tannenbar,47.3773953,8.5478673
4002065355,"Sonneggstr. 41, 8006 Zürich",restaurant,Restaurant Haldenbach,47.3799672,8.5469246
4002065355,"Sonneggstr. 41, 8006 Zürich",fast_food,Züri Bistro,47.38053,8.5479785
4002065355,"Sonneggstr. 41, 8006 Zürich",restaurant,Ristorante Al Forno da Angelo,47.3805744,8.5483371
4002065355,"Sonneggstr. 41, 8006 Zürich",fast_food,Domino's,47.3784731,8.547949
4002065355,"Sonneggstr. 41, 8006 Zürich",cafe,Café Oberstrass,47.3782514,8.5479609
4002065355,"Sonneggstr. 41, 8006 Zürich",restaurant,Hot Pasta,47.3786854,8.547952
4002065355,"Sonneggstr. 41, 8006 Zürich",pub,The Alehouse Palmhof,47.3790827,8.5478805
4002065355,"Sonneggstr. 41, 8006 Zürich",fast_food,Lemon Grass,47.3796283,8.5479597
4002065355,"Sonneggstr. 41, 8006 Zürich",cafe,Sorell Rex,47.3847859,8.5431484
4002065355,"Sonneggstr. 41, 8006 Zürich",bank,Habib Bank,47.3817572,8.5435756
4002065355,"Sonneggstr. 41, 8006 Zürich",restaurant,Rubina,47.381545,8.5483263
4002065355,"Sonneggstr. 41, 8006 Zürich",restaurant,Bamboo Inn,47.3804786,8.5472423
4002065355,"Sonneggstr. 41, 8006 Zürich",restaurant,Stapferstube da Rizzo,47.3821725,8.5474623
4002065355,"Sonneggstr. 41, 8006 Zürich",library,Bibliothek Erdwissenschaften,47.3785235,8.5473008
4002065355,"Sonneggstr. 41, 8006 Zürich",fast_food,Klara's Kitchen,47.3787999,8.5479501
4002065355,"Sonneggstr. 41, 8006 Zürich",restaurant,Mensa Institut Minerva,47.3819656,8.5455532
4002065355,"Sonneggstr. 41, 8006 Zürich",cafe,Klara‘s Kitchen,47.3827596,8.5437443
4002065355,"Sonneggstr. 41, 8006 Zürich",cafe,Natural Bites,47.3803426,8.5478344
4002065355,"Sonneggstr. 41, 8006 Zürich",school,Schule Minerva Zürich,47.3818918,8.5455529
4002065355,"Sonneggstr. 41, 8006 Zürich",fast_food,Tiny Fish,47.3784125,8.5478096
4002065355,"Sonneggstr. 41, 8006 Zürich",restaurant,mi-te,47.3791998,8.5479282
4002065355,"Sonneggstr. 41, 8006 Zürich",restaurant,Mesa Madrid,47.3833749,8.5431961
4002065355,"Sonneggstr. 41, 8006 Zürich",school,Lernstudio,47.3819111,8.5456909
4002060877,"Talstrasse 23, 4112 Flüh",parking,n/a,47.4888033,7.499662
4002060877,"Talstrasse 23, 4112 Flüh",restaurant,Wirtshaus zur Säge,47.4882543,7.4981166
4002060877,"Talstrasse 23, 4112 Flüh",restaurant,Sternenberg,47.4883023,7.4979624
4002060877,"Talstrasse 23, 4112 Flüh",restaurant,zur Rose,47.4885507,7.4980187
4002060877,"Talstrasse 23, 4112 Flüh",restaurant,Landskron,47.4888579,7.4987335
4002060877,"Talstrasse 23, 4112 Flüh",cafe,sZähni,47.4891017,7.4993976
4002060877,"Talstrasse 23, 4112 Flüh",cafe,Zentrum,47.4890817,7.4996616
4002060876,"Oberdorfgasse 39, 4107 Ettingen",restaurant,Rebstock,47.4802222,7.5436866
4002060876,"Oberdorfgasse 39, 4107 Ettingen",restaurant,Ettingerstübli,47.4785568,7.5430621
4002055241,"Untere Grundgasse 11, 9500 Wil SG",restaurant,Restaurant Steinhof,47.4678392,9.051836
4002055241,"Untere Grundgasse 11, 9500 Wil SG",restaurant,Restaurant Sternen,47.4748439,9.0594416
4002055241,"Untere Grundgasse 11, 9500 Wil SG",restaurant,Wirtschaft Rössliguet,47.4751478,9.0613473
4002055241,"Untere Grundgasse 11, 9500 Wil SG",library,n/a,47.475637,9.0640184
4002055241,"Untere Grundgasse 11, 9500 Wil SG",restaurant,Pizzeria Valentino,47.4738904,9.0603431
4002038690,"Centralstrasse 25, 2540 Grenchen",parking,n/a,47.1919546,7.3979096
4002038690,"Centralstrasse 25, 2540 Grenchen",pub,Baracoa,47.1928349,7.3960856
4002038690,"Centralstrasse 25, 2540 Grenchen",fast_food,McDonald's,47.192981,7.4012687
4002038690,"Centralstrasse 25, 2540 Grenchen",pharmacy,n/a,47.1927234,7.3969981
4002038690,"Centralstrasse 25, 2540 Grenchen",restaurant,Metzgerhalle,47.1942997,7.3950991
4002038690,"Centralstrasse 25, 2540 Grenchen",bank,Raiffeisenbank Weissenstein,47.1926257,7.3988046
4002038690,"Centralstrasse 25, 2540 Grenchen",atm,n/a,47.1926381,7.3987593
4002038690,"Centralstrasse 25, 2540 Grenchen",restaurant,Thai Wok,47.1935096,7.4036313
4002038690,"Centralstrasse 25, 2540 Grenchen",clinic,Clinique DELC,47.1935543,7.4016235
4002038690,"Centralstrasse 25, 2540 Grenchen",restaurant,Roy,47.1934259,7.3951969
4002038690,"Centralstrasse 25, 2540 Grenchen",restaurant,Moccaflor,47.1961879,7.3943219
4002038690,"Centralstrasse 25, 2540 Grenchen",restaurant,Restaurant am Girardplatz,47.1913001,7.3995455
4002038690,"Centralstrasse 25, 2540 Grenchen",restaurant,Bambi,47.1936253,7.3977055
4002038690,"Centralstrasse 25, 2540 Grenchen",restaurant,Man Fu,47.1932421,7.3985235
4002038690,"Centralstrasse 25, 2540 Grenchen",restaurant,Chok Dee,47.1925643,7.3954977
4002038690,"Centralstrasse 25, 2540 Grenchen",restaurant,Restaurant Centro Lounge,47.1925659,7.3968083
4002038690,"Centralstrasse 25, 2540 Grenchen",restaurant,Restaurant Antonio Gonzales,47.1935146,7.3963731
4002038690,"Centralstrasse 25, 2540 Grenchen",cafe,Café Märet,47.1931314,7.3964998
4002038690,"Centralstrasse 25, 2540 Grenchen",pub,Britannia Pub,47.1939502,7.3955483
4002038572,"Im Heugarten 47, 8617 Mönchaltorf",restaurant,Restaurant Ochsen,47.3097613,8.7217699
4002021063,"Saumackerstrasse 28, 8048 Zürich",restaurant,Peking Garden,47.3910962,8.4888858
4002021063,"Saumackerstrasse 28, 8048 Zürich",pub,kibar,47.3906381,8.4889121
4002021063,"Saumackerstrasse 28, 8048 Zürich",restaurant,Akara‘s,47.3906861,8.4887363
4002021063,"Saumackerstrasse 28, 8048 Zürich",fast_food,Big Baba's,47.3878129,8.4868415
4002021063,"Saumackerstrasse 28, 8048 Zürich",pharmacy,Apotheke Schafroth,47.3879571,8.4863203
4002021063,"Saumackerstrasse 28, 8048 Zürich",bank,Migros Bank,47.3877156,8.4869909
4002021063,"Saumackerstrasse 28, 8048 Zürich",fast_food,Cafe Bar Memo,47.3879937,8.4861656
4002021063,"Saumackerstrasse 28, 8048 Zürich",cafe,bar zueri west,47.3885319,8.4865979
4002021063,"Saumackerstrasse 28, 8048 Zürich",bank,Zürcher Kantonalbank,47.388297,8.4865668
4002021063,"Saumackerstrasse 28, 8048 Zürich",restaurant,Musti Grill,47.3874759,8.4881408
4002021063,"Saumackerstrasse 28, 8048 Zürich",restaurant,Molino,47.3887608,8.4870226
4002021063,"Saumackerstrasse 28, 8048 Zürich",restaurant,QIRIN,47.38915,8.4881385
4002021063,"Saumackerstrasse 28, 8048 Zürich",restaurant,Kormasutra Indian Restaurant,47.3891818,8.4865395
4002021063,"Saumackerstrasse 28, 8048 Zürich",fast_food,Subway,47.3909033,8.4898795
4002021063,"Saumackerstrasse 28, 8048 Zürich",parking,Altstetten Neumarkt,47.3891353,8.4874433
4002021063,"Saumackerstrasse 28, 8048 Zürich",parking,Solidapark,47.3877109,8.4889673
4002021063,"Saumackerstrasse 28, 8048 Zürich",restaurant,Migros Restaurant,47.3882191,8.4871306
4002021063,"Saumackerstrasse 28, 8048 Zürich",pharmacy,Neumarkt Apotheke Drogerie,47.388597,8.4874205
4002021063,"Saumackerstrasse 28, 8048 Zürich",fast_food,Kaimug,47.3881041,8.4869078
4002021063,"Saumackerstrasse 28, 8048 Zürich",atm,Migros Bank Bancomat,47.3884817,8.4872408
4002021063,"Saumackerstrasse 28, 8048 Zürich",restaurant,Suan Long,47.389644,8.4865708
4002021063,"Saumackerstrasse 28, 8048 Zürich",restaurant,Burgermeister,47.3881831,8.4865271
4002021063,"Saumackerstrasse 28, 8048 Zürich",fast_food,Momomo,47.3888769,8.4887759
4002021063,"Saumackerstrasse 28, 8048 Zürich",school,WISS Schulen für Wirtschaft Informatik Immobilien,47.3896536,8.4920445
4002021063,"Saumackerstrasse 28, 8048 Zürich",school,PRIMA Sonderschulung,47.3889905,8.4919714
4002021063,"Saumackerstrasse 28, 8048 Zürich",cafe,Kesslers Club Social,47.3895438,8.4869308
4002021063,"Saumackerstrasse 28, 8048 Zürich",fast_food,Wurst & Spiess,47.3914665,8.4879344
4002021063,"Saumackerstrasse 28, 8048 Zürich",restaurant,La Taqueria,47.3886212,8.486242
4002012549,"Seestrasse 51, 8805 Richterswil",cafe,Horn,47.2108721,8.7057457
4002012549,"Seestrasse 51, 8805 Richterswil",pharmacy,Paracelsus Apotheke,47.2082665,8.70671
4002012549,"Seestrasse 51, 8805 Richterswil",atm,post finance,47.2095814,8.7054178
4002012549,"Seestrasse 51, 8805 Richterswil",parking,n/a,47.2096211,8.7055593
4002012549,"Seestrasse 51, 8805 Richterswil",fast_food,Mona Lisa Cafe,47.2081542,8.7050468
4002012549,"Seestrasse 51, 8805 Richterswil",restaurant,Drei Könige,47.20916,8.7057742
4002012549,"Seestrasse 51, 8805 Richterswil",restaurant,Gartenhof Testarossa,47.2066966,8.7086953
4002012549,"Seestrasse 51, 8805 Richterswil",restaurant,Spanische Weinhalle,47.2085043,8.7045348
4002012549,"Seestrasse 51, 8805 Richterswil",restaurant,Spielhof,47.2076269,8.7047862
4002012549,"Seestrasse 51, 8805 Richterswil",parking,n/a,47.2084737,8.7057742
4002012549,"Seestrasse 51, 8805 Richterswil",restaurant,Dapura Mia,47.208746,8.7063103
4002012549,"Seestrasse 51, 8805 Richterswil",restaurant,Sylvias Bäsebeiz,47.2157006,8.6981874
4002012549,"Seestrasse 51, 8805 Richterswil",cafe,Levi,47.2074222,8.705493
4002007176,"Seestrasse 623, 8706 Meilen",bank,UBS,47.2695037,8.6434072
4002007176,"Seestrasse 623, 8706 Meilen",restaurant,Thai Orchid,47.2678861,8.6450038
4002007176,"Seestrasse 623, 8706 Meilen",parking,n/a,47.2681716,8.645171
4002007176,"Seestrasse 623, 8706 Meilen",pharmacy,TopPharm Apotheke Dr. Rebhan,47.2683278,8.6458493
4002007176,"Seestrasse 623, 8706 Meilen",bank,Credit Suisse,47.2697426,8.6434426
4002007176,"Seestrasse 623, 8706 Meilen",restaurant,Parkrestaurant,47.2697258,8.638781
4002007176,"Seestrasse 623, 8706 Meilen",parking,n/a,47.2699838,8.6385858
4002007176,"Seestrasse 623, 8706 Meilen",restaurant,Migros Restaurant,47.2681481,8.6453203
4002007176,"Seestrasse 623, 8706 Meilen",fast_food,n/a,47.2672556,8.6489003
4002007176,"Seestrasse 623, 8706 Meilen",atm,n/a,47.2682448,8.6455479
4002007176,"Seestrasse 623, 8706 Meilen",bank,Zürcher Kantonalbank,47.268805,8.6437823
4002007176,"Seestrasse 623, 8706 Meilen",restaurant,Barfüsser,47.2693437,8.6441077
4002007176,"Seestrasse 623, 8706 Meilen",school,Tagesschule Fähre,47.268002,8.6436972
4002002381,"Föhrlibuckstrasse 7, 8304 Wallisellen",fast_food,Dieci Pizzakurier,47.4091518,8.6004746
4001994154,"Schlösslistrasse 13, 8044 Zürich",parking,n/a,47.3843575,8.5599678
4001986951,"Via Capriccio 16, 6855 Stabio",bar,Bar Sport,45.8485218,8.9367677
4001986951,"Via Capriccio 16, 6855 Stabio",bank,UBS,45.8495763,8.9376979
4001983883,"Sonneggstr. 41, 8006 Zürich",restaurant,Ristorante Culmann,47.3794422,8.5470198
4001983883,"Sonneggstr. 41, 8006 Zürich",restaurant,La Fontana,47.3797201,8.5469255
4001983883,"Sonneggstr. 41, 8006 Zürich",cafe,Tannenbar,47.3773953,8.5478673
4001983883,"Sonneggstr. 41, 8006 Zürich",restaurant,Restaurant Haldenbach,47.3799672,8.5469246
4001983883,"Sonneggstr. 41, 8006 Zürich",fast_food,Züri Bistro,47.38053,8.5479785
4001983883,"Sonneggstr. 41, 8006 Zürich",restaurant,Ristorante Al Forno da Angelo,47.3805744,8.5483371
4001983883,"Sonneggstr. 41, 8006 Zürich",fast_food,Domino's,47.3784731,8.547949
4001983883,"Sonneggstr. 41, 8006 Zürich",cafe,Café Oberstrass,47.3782514,8.5479609
4001983883,"Sonneggstr. 41, 8006 Zürich",restaurant,Hot Pasta,47.3786854,8.547952
4001983883,"Sonneggstr. 41, 8006 Zürich",pub,The Alehouse Palmhof,47.3790827,8.5478805
4001983883,"Sonneggstr. 41, 8006 Zürich",fast_food,Lemon Grass,47.3796283,8.5479597
4001983883,"Sonneggstr. 41, 8006 Zürich",cafe,Sorell Rex,47.3847859,8.5431484
4001983883,"Sonneggstr. 41, 8006 Zürich",bank,Habib Bank,47.3817572,8.5435756
4001983883,"Sonneggstr. 41, 8006 Zürich",restaurant,Rubina,47.381545,8.5483263
4001983883,"Sonneggstr. 41, 8006 Zürich",restaurant,Bamboo Inn,47.3804786,8.5472423
4001983883,"Sonneggstr. 41, 8006 Zürich",restaurant,Stapferstube da Rizzo,47.3821725,8.5474623
4001983883,"Sonneggstr. 41, 8006 Zürich",library,Bibliothek Erdwissenschaften,47.3785235,8.5473008
4001983883,"Sonneggstr. 41, 8006 Zürich",fast_food,Klara's Kitchen,47.3787999,8.5479501
4001983883,"Sonneggstr. 41, 8006 Zürich",restaurant,Mensa Institut Minerva,47.3819656,8.5455532
4001983883,"Sonneggstr. 41, 8006 Zürich",cafe,Klara‘s Kitchen,47.3827596,8.5437443
4001983883,"Sonneggstr. 41, 8006 Zürich",cafe,Natural Bites,47.3803426,8.5478344
4001983883,"Sonneggstr. 41, 8006 Zürich",school,Schule Minerva Zürich,47.3818918,8.5455529
4001983883,"Sonneggstr. 41, 8006 Zürich",fast_food,Tiny Fish,47.3784125,8.5478096
4001983883,"Sonneggstr. 41, 8006 Zürich",restaurant,mi-te,47.3791998,8.5479282
4001983883,"Sonneggstr. 41, 8006 Zürich",restaurant,Mesa Madrid,47.3833749,8.5431961
4001983883,"Sonneggstr. 41, 8006 Zürich",school,Lernstudio,47.3819111,8.5456909
4001978739,"Underem Berg 9, 8475 Ossingen",restaurant,Thalacker,47.6143412,8.7257403
4001978739,"Underem Berg 9, 8475 Ossingen",parking,n/a,47.6139106,8.7203928
4001978739,"Underem Berg 9, 8475 Ossingen",cafe,Kafi Liesowski,47.6145774,8.7241338
4001978380,"Route de Cossonay 57, 1008 Prilly",parking,n/a,46.5342057,6.6018365
4001972093,"Hauptstrasse 24, 8114 Dänikon ZH",atm,n/a,47.4457406,8.4058228
4001972093,"Hauptstrasse 24, 8114 Dänikon ZH",restaurant,Frohsinn,47.4456624,8.4048565
4001972093,"Hauptstrasse 24, 8114 Dänikon ZH",restaurant,Restaurant alte Post,47.4462741,8.3869973
4001964230,"Siewerdtstrasse 75, 8050 Zürich",restaurant,Brasserie Bits & Bites,47.410535,8.5525017
4001964230,"Siewerdtstrasse 75, 8050 Zürich",parking,n/a,47.4104922,8.553586
4001964230,"Siewerdtstrasse 75, 8050 Zürich",parking,KEBO,47.4120809,8.5556159
4001964230,"Siewerdtstrasse 75, 8050 Zürich",atm,Bancomat ZKB,47.4110398,8.5531737
4001964230,"Siewerdtstrasse 75, 8050 Zürich",restaurant,Restaurant Stadiönli,47.4120998,8.5550208
4001963201,"Passage Perdonnet 1, 1005 Lausanne",atm,n/a,46.5210548,6.6373463
4001963201,"Passage Perdonnet 1, 1005 Lausanne",parking,n/a,46.5206877,6.637806
4001963201,"Passage Perdonnet 1, 1005 Lausanne",restaurant,Le Java,46.5205713,6.6385134
4001963201,"Passage Perdonnet 1, 1005 Lausanne",restaurant,Le Rialto,46.5220019,6.6468535
4001963201,"Passage Perdonnet 1, 1005 Lausanne",fast_food,Nihao,46.5212049,6.6399286
4001963201,"Passage Perdonnet 1, 1005 Lausanne",bar,Pin-Up Bar,46.5213528,6.6399007
4001963201,"Passage Perdonnet 1, 1005 Lausanne",fast_food,Mauro Traiteur,46.521073,6.6390236
4001963201,"Passage Perdonnet 1, 1005 Lausanne",fast_food,Laus'Angeles,46.5206428,6.6369756
4001963201,"Passage Perdonnet 1, 1005 Lausanne",restaurant,Au Solstice,46.5214124,6.6470076
4001963201,"Passage Perdonnet 1, 1005 Lausanne",restaurant,Le Béthusy,46.5216693,6.6461858
4001963201,"Passage Perdonnet 1, 1005 Lausanne",restaurant,Lucha Libre,46.521409,6.6401097
4001963201,"Passage Perdonnet 1, 1005 Lausanne",restaurant,Sopoong,46.5211441,6.6386319
4001963201,"Passage Perdonnet 1, 1005 Lausanne",fast_food,Le Monde Snack,46.5207382,6.637449
4001963201,"Passage Perdonnet 1, 1005 Lausanne",cafe,Romain C. - Salon de thé,46.5212365,6.6442686
4001963201,"Passage Perdonnet 1, 1005 Lausanne",restaurant,Thai Duo Sushi,46.5223975,6.6413035
4001963201,"Passage Perdonnet 1, 1005 Lausanne",school,Gymnase cantonal du Bugnon,46.5224231,6.6401763
4001963201,"Passage Perdonnet 1, 1005 Lausanne",restaurant,Aki,46.5213278,6.6396421
4001963201,"Passage Perdonnet 1, 1005 Lausanne",fast_food,Marterey 56 Cuisine Vapeur,46.5211787,6.6396952
4001963201,"Passage Perdonnet 1, 1005 Lausanne",fast_food,La Perle de Béthusy,46.5214715,6.645779
4001963201,"Passage Perdonnet 1, 1005 Lausanne",restaurant,Davi,46.5248719,6.6377592
4001963201,"Passage Perdonnet 1, 1005 Lausanne",library,Bibliomedia,46.5219004,6.6394799
4001963201,"Passage Perdonnet 1, 1005 Lausanne",cafe,ChuChu Bubblea Tea Taiwan,46.5213012,6.641581
4001963201,"Passage Perdonnet 1, 1005 Lausanne",restaurant,Les Rues de Saigon,46.5232251,6.6411732
4001963201,"Passage Perdonnet 1, 1005 Lausanne",restaurant,Man'Ouchy,46.5247721,6.6378193
4001963201,"Passage Perdonnet 1, 1005 Lausanne",fast_food,Babouchka,46.5213633,6.6399766
4001963201,"Passage Perdonnet 1, 1005 Lausanne",restaurant,Belga,46.5215345,6.6400779
4001963201,"Passage Perdonnet 1, 1005 Lausanne",library,Bibliothèque scolaire de Béthusy,46.5220924,6.6423486
4001963201,"Passage Perdonnet 1, 1005 Lausanne",restaurant,Cut Pizza,46.5205523,6.6400467
4001963201,"Passage Perdonnet 1, 1005 Lausanne",restaurant,Bêpviêt,46.523487,6.6411638
4001963201,"Passage Perdonnet 1, 1005 Lausanne",cafe,Acarré,46.5207265,6.6388172
4001963201,"Passage Perdonnet 1, 1005 Lausanne",restaurant,Maza,46.5213557,6.6398106
4001961027,"Rotwandstrasse 66, 8004 Zürich",fast_food,McDonald's,47.3734328,8.5297366
4001961027,"Rotwandstrasse 66, 8004 Zürich",pharmacy,Berg-Apotheke by Medbase,47.3731732,8.5293204
4001961027,"Rotwandstrasse 66, 8004 Zürich",cafe,St. Jakob Beck,47.3738054,8.5278402
4001961027,"Rotwandstrasse 66, 8004 Zürich",atm,Postfinance,47.3765515,8.5273634
4001961027,"Rotwandstrasse 66, 8004 Zürich",restaurant,Sonne,47.3772976,8.5269997
4001961027,"Rotwandstrasse 66, 8004 Zürich",restaurant,Fribourger Stübli,47.375039,8.5281814
4001961027,"Rotwandstrasse 66, 8004 Zürich",restaurant,Le Cèdre,47.3738833,8.5264947
4001961027,"Rotwandstrasse 66, 8004 Zürich",restaurant,Ristorante Italia,47.3763729,8.5292946
4001961027,"Rotwandstrasse 66, 8004 Zürich",parking,n/a,47.3740752,8.5266543
4001961027,"Rotwandstrasse 66, 8004 Zürich",parking,n/a,47.3740024,8.5273911
4001961027,"Rotwandstrasse 66, 8004 Zürich",restaurant,The Bite,47.3773121,8.5277904
4001961027,"Rotwandstrasse 66, 8004 Zürich",restaurant,Volkshaus,47.3755766,8.5271252
4001961027,"Rotwandstrasse 66, 8004 Zürich",restaurant,Bossa Nova,47.3770748,8.5274942
4001961027,"Rotwandstrasse 66, 8004 Zürich",bar,raedli,47.3772164,8.5276576
4001961027,"Rotwandstrasse 66, 8004 Zürich",fast_food,Biergarten,47.3769346,8.5272308
4001961027,"Rotwandstrasse 66, 8004 Zürich",cafe,Kiosk Semal,47.376537,8.5282242
4001961027,"Rotwandstrasse 66, 8004 Zürich",bar,Egoist Cabaret Nightclub,47.3764297,8.5280245
4001961027,"Rotwandstrasse 66, 8004 Zürich",restaurant,Brasserie Café de Paris,47.376328,8.527878
4001961027,"Rotwandstrasse 66, 8004 Zürich",restaurant,Ach'i,47.3770439,8.5287783
4001961027,"Rotwandstrasse 66, 8004 Zürich",restaurant,Thai-Food-Corner,47.3769262,8.5284802
4001961027,"Rotwandstrasse 66, 8004 Zürich",bar,Norden,47.3767507,8.5284977
4001961027,"Rotwandstrasse 66, 8004 Zürich",restaurant,Trübli Bar,47.3765636,8.5290029
4001961027,"Rotwandstrasse 66, 8004 Zürich",bar,Monroe,47.3774661,8.5279076
4001961027,"Rotwandstrasse 66, 8004 Zürich",restaurant,Molino,47.3734849,8.5287165
4001961027,"Rotwandstrasse 66, 8004 Zürich",restaurant,Ichizen,47.3737975,8.5274539
4001961027,"Rotwandstrasse 66, 8004 Zürich",restaurant,Don Leone,47.3746589,8.5290969
4001961027,"Rotwandstrasse 66, 8004 Zürich",restaurant,Convivio,47.3757244,8.5292515
4001961027,"Rotwandstrasse 66, 8004 Zürich",restaurant,Accademia del Gusto,47.375334,8.5286575
4001961027,"Rotwandstrasse 66, 8004 Zürich",bar,E.X. 4,47.3757372,8.5288666
4001961027,"Rotwandstrasse 66, 8004 Zürich",restaurant,Ikoo,47.3748928,8.5287964
4001961027,"Rotwandstrasse 66, 8004 Zürich",restaurant,D'Aurora,47.3751694,8.528416
4001961027,"Rotwandstrasse 66, 8004 Zürich",bar,Daniel H.,47.3754267,8.5293032
4001961027,"Rotwandstrasse 66, 8004 Zürich",restaurant,Osteria Santo Bevitore,47.3754803,8.5284806
4001961027,"Rotwandstrasse 66, 8004 Zürich",bar,Vasco's Bar,47.3744297,8.5298014
4001961027,"Rotwandstrasse 66, 8004 Zürich",restaurant,Meat Me,47.3742016,8.5307896
4001961027,"Rotwandstrasse 66, 8004 Zürich",bar,Sherif's Bar,47.3742758,8.5299844
4001961027,"Rotwandstrasse 66, 8004 Zürich",restaurant,Sweet Basil,47.3743454,8.5295536
4001961027,"Rotwandstrasse 66, 8004 Zürich",restaurant,Real,47.3743453,8.5306087
4001961027,"Rotwandstrasse 66, 8004 Zürich",restaurant,Akaraka,47.3746892,8.5294759
4001961027,"Rotwandstrasse 66, 8004 Zürich",restaurant,Bunzai,47.3746427,8.5302421
4001961027,"Rotwandstrasse 66, 8004 Zürich",bar,After Dark,47.3765798,8.5281669
4001961027,"Rotwandstrasse 66, 8004 Zürich",bar,Kanonaegass,47.3772915,8.5291113
4001961027,"Rotwandstrasse 66, 8004 Zürich",bar,Art 4 Bar,47.3774238,8.5292763
4001961027,"Rotwandstrasse 66, 8004 Zürich",bar,Love Story,47.3764724,8.5284217
4001961027,"Rotwandstrasse 66, 8004 Zürich",restaurant,The Sacred,47.3760618,8.5288696
4001961027,"Rotwandstrasse 66, 8004 Zürich",restaurant,Hongxi,47.3777904,8.5296685
4001961027,"Rotwandstrasse 66, 8004 Zürich",bar,Don Miguel,47.3761788,8.5286665
4001961027,"Rotwandstrasse 66, 8004 Zürich",restaurant,Tabula Rasa,47.377911,8.5294772
4001961027,"Rotwandstrasse 66, 8004 Zürich",fast_food,Firehouse Subs,47.3734118,8.5296229
4001961027,"Rotwandstrasse 66, 8004 Zürich",restaurant,Ah-Hua,47.3760904,8.5278522
4001961027,"Rotwandstrasse 66, 8004 Zürich",fast_food,Marronistand,47.3735633,8.5292099
4001961027,"Rotwandstrasse 66, 8004 Zürich",bar,The Mixt,47.3755383,8.529159
4001961027,"Rotwandstrasse 66, 8004 Zürich",restaurant,Don Leone,47.3749163,8.5291408
4001961027,"Rotwandstrasse 66, 8004 Zürich",restaurant,Centro,47.3760181,8.5277705
4001961027,"Rotwandstrasse 66, 8004 Zürich",restaurant,Tschingg,47.373809,8.5296981
4001961027,"Rotwandstrasse 66, 8004 Zürich",restaurant,Brenso,47.3767849,8.526869
4001961027,"Rotwandstrasse 66, 8004 Zürich",cafe,Starbucks,47.3734609,8.5298891
4001961027,"Rotwandstrasse 66, 8004 Zürich",fast_food,Bilo Bistro,47.3764202,8.5283268
4001961027,"Rotwandstrasse 66, 8004 Zürich",restaurant,Bund 39,47.3749607,8.5287161
4001961027,"Rotwandstrasse 66, 8004 Zürich",restaurant,Cima Curry,47.3776729,8.5295685
4001961027,"Rotwandstrasse 66, 8004 Zürich",cafe,McCafé,47.3733935,8.5297525
4001961027,"Rotwandstrasse 66, 8004 Zürich",restaurant,Pho Mai,47.3755405,8.528631
4001961027,"Rotwandstrasse 66, 8004 Zürich",bar,Glamour Bar,47.3758798,8.5294424
4001961027,"Rotwandstrasse 66, 8004 Zürich",clinic,Ambulatorium Kanonengasse,47.3775007,8.5296854
4001961027,"Rotwandstrasse 66, 8004 Zürich",clinic,Ambulatorium Kanonengasse,47.3776645,8.5299678
4001961027,"Rotwandstrasse 66, 8004 Zürich",restaurant,Mythos,47.3737799,8.5285146
4001961027,"Rotwandstrasse 66, 8004 Zürich",restaurant,The Yard,47.3759287,8.5276269
4001961027,"Rotwandstrasse 66, 8004 Zürich",restaurant,Tsukada Gaijin Izakaya,47.3778441,8.5295709
4001961027,"Rotwandstrasse 66, 8004 Zürich",bar,Campo,47.3762866,8.5270834
4001961027,"Rotwandstrasse 66, 8004 Zürich",fast_food,Zürich Fried Chicken,47.3751013,8.5285248
4001961027,"Rotwandstrasse 66, 8004 Zürich",fast_food,Edy's,47.3737038,8.5300022
4001961027,"Rotwandstrasse 66, 8004 Zürich",fast_food,Huncho,47.3771779,8.5290073
4001961027,"Rotwandstrasse 66, 8004 Zürich",bar,Rasputin,47.3768356,8.5274675
4001961027,"Rotwandstrasse 66, 8004 Zürich",atm,n/a,47.3769288,8.5273742
4001961027,"Rotwandstrasse 66, 8004 Zürich",cafe,Deus Ex Machina,47.3770428,8.5268946
4001961027,"Rotwandstrasse 66, 8004 Zürich",cafe,kafi babar,47.3744709,8.5297287
4001961027,"Rotwandstrasse 66, 8004 Zürich",restaurant,Ristorante Italia,47.3764793,8.5291319
4001961027,"Rotwandstrasse 66, 8004 Zürich",restaurant,LÈ Cuisine,47.3738604,8.5279624
4001961027,"Rotwandstrasse 66, 8004 Zürich",cafe,Tsugi,47.3768492,8.526866
4001889258,"Wallenrütistrasse 16, 8234 Stetten SH",parking,n/a,47.7374699,8.6558197
4001889258,"Wallenrütistrasse 16, 8234 Stetten SH",parking,n/a,47.7381906,8.6581197
4001869489,"Hinterbergstrasse 106, 8044 Zürich",restaurant,Restaurant Rigiblick,47.3883565,8.5532985
4001869489,"Hinterbergstrasse 106, 8044 Zürich",parking,n/a,47.3843575,8.5599678
4001765417,"Spindelstrasse 9, 8041 Zürich",cafe,Olive,47.3389108,8.5193151
4001731221,"Kreuzstrasse 3a, 3052 Zollikofen",atm,n/a,46.998503,7.4594388
4001731221,"Kreuzstrasse 3a, 3052 Zollikofen",fast_food,Onur,46.9991277,7.4604023
4001731221,"Kreuzstrasse 3a, 3052 Zollikofen",bar,Cheers Bar,46.9974435,7.4593118
4001731221,"Kreuzstrasse 3a, 3052 Zollikofen",parking,n/a,47.0004466,7.4619164
4001731221,"Kreuzstrasse 3a, 3052 Zollikofen",parking,n/a,46.997448,7.4601873
4001731221,"Kreuzstrasse 3a, 3052 Zollikofen",fast_food,Hady,46.9970204,7.4593924
4001731221,"Kreuzstrasse 3a, 3052 Zollikofen",bank,Berner Kantonalbank,46.9967242,7.4586281
4001731221,"Kreuzstrasse 3a, 3052 Zollikofen",parking,n/a,46.9970623,7.4634751
4001731221,"Kreuzstrasse 3a, 3052 Zollikofen",pharmacy,Zentral-Apotheke,46.9941278,7.4578097
4001731221,"Kreuzstrasse 3a, 3052 Zollikofen",restaurant,Coop Restaurant,46.9971443,7.4588701
4001731221,"Kreuzstrasse 3a, 3052 Zollikofen",library,Gemeindebibliothek Zollikofen,46.9984116,7.459504
4001731221,"Kreuzstrasse 3a, 3052 Zollikofen",restaurant,Grill...and more,46.9956312,7.4631561
4001731221,"Kreuzstrasse 3a, 3052 Zollikofen",pharmacy,Kreuz Apotheke,46.9973059,7.4597159
4001731221,"Kreuzstrasse 3a, 3052 Zollikofen",parking,n/a,46.9973807,7.4584755
4001731221,"Kreuzstrasse 3a, 3052 Zollikofen",bank,Valiant,46.99615,7.4583077
4001731221,"Kreuzstrasse 3a, 3052 Zollikofen",atm,Valiant,46.9961336,7.4583599
4001731221,"Kreuzstrasse 3a, 3052 Zollikofen",restaurant,Casa Lana,46.9983987,7.4600934
4001731221,"Kreuzstrasse 3a, 3052 Zollikofen",restaurant,La Rocca,46.9974833,7.4593784
4001731221,"Kreuzstrasse 3a, 3052 Zollikofen",parking,Zentrum Zollikofen,46.9980739,7.4596095
4001731221,"Kreuzstrasse 3a, 3052 Zollikofen",fast_food,Le Bistro,46.994702,7.4641609
4001731221,"Kreuzstrasse 3a, 3052 Zollikofen",restaurant,Bärner Rose,46.9987297,7.4602658
4001731198,"Kreuzstrasse 5, 3052 Zollikofen",atm,n/a,46.998503,7.4594388
4001731198,"Kreuzstrasse 5, 3052 Zollikofen",fast_food,Onur,46.9991277,7.4604023
4001731198,"Kreuzstrasse 5, 3052 Zollikofen",bar,Cheers Bar,46.9974435,7.4593118
4001731198,"Kreuzstrasse 5, 3052 Zollikofen",parking,n/a,47.0004466,7.4619164
4001731198,"Kreuzstrasse 5, 3052 Zollikofen",parking,n/a,46.997448,7.4601873
4001731198,"Kreuzstrasse 5, 3052 Zollikofen",fast_food,Hady,46.9970204,7.4593924
4001731198,"Kreuzstrasse 5, 3052 Zollikofen",bank,Berner Kantonalbank,46.9967242,7.4586281
4001731198,"Kreuzstrasse 5, 3052 Zollikofen",pharmacy,Zentral-Apotheke,46.9941278,7.4578097
4001731198,"Kreuzstrasse 5, 3052 Zollikofen",restaurant,Coop Restaurant,46.9971443,7.4588701
4001731198,"Kreuzstrasse 5, 3052 Zollikofen",library,Gemeindebibliothek Zollikofen,46.9984116,7.459504
4001731198,"Kreuzstrasse 5, 3052 Zollikofen",pharmacy,Kreuz Apotheke,46.9973059,7.4597159
4001731198,"Kreuzstrasse 5, 3052 Zollikofen",parking,n/a,46.9973807,7.4584755
4001731198,"Kreuzstrasse 5, 3052 Zollikofen",bank,Valiant,46.99615,7.4583077
4001731198,"Kreuzstrasse 5, 3052 Zollikofen",atm,Valiant,46.9961336,7.4583599
4001731198,"Kreuzstrasse 5, 3052 Zollikofen",restaurant,Casa Lana,46.9983987,7.4600934
4001731198,"Kreuzstrasse 5, 3052 Zollikofen",restaurant,La Rocca,46.9974833,7.4593784
4001731198,"Kreuzstrasse 5, 3052 Zollikofen",parking,Zentrum Zollikofen,46.9980739,7.4596095
4001731198,"Kreuzstrasse 5, 3052 Zollikofen",restaurant,Big Bambus,47.0008553,7.4618621
4001731198,"Kreuzstrasse 5, 3052 Zollikofen",restaurant,Bärner Rose,46.9987297,7.4602658
4001671881,"Grabenweg 15, 8484 Weisslingen",parking,n/a,47.4264076,8.7698392
4001671881,"Grabenweg 15, 8484 Weisslingen",parking,n/a,47.4261806,8.7700797
4001671881,"Grabenweg 15, 8484 Weisslingen",parking,n/a,47.4270172,8.7714681
4001671881,"Grabenweg 15, 8484 Weisslingen",parking,n/a,47.4271339,8.7706964
4001671881,"Grabenweg 15, 8484 Weisslingen",parking,n/a,47.4275384,8.7692151
4001671881,"Grabenweg 15, 8484 Weisslingen",parking,n/a,47.4294809,8.7677048
4001213834,"Asylstrasse 14, 8953 Dietikon",restaurant,Dudu,47.3996421,8.4118449
4001213834,"Asylstrasse 14, 8953 Dietikon",fast_food,Mali Pizza & Kebap,47.4043324,8.402963
4001213834,"Asylstrasse 14, 8953 Dietikon",parking,n/a,47.4036522,8.4059154
4001213834,"Asylstrasse 14, 8953 Dietikon",parking,Visitor Parking,47.3979076,8.4114052
4001213834,"Asylstrasse 14, 8953 Dietikon",parking,Casa da Vinci,47.4043834,8.4047474
4001213834,"Asylstrasse 14, 8953 Dietikon",restaurant,Frohsinn,47.4039773,8.4021615
4001213834,"Asylstrasse 14, 8953 Dietikon",cafe,Grüezi,47.4040806,8.402009
4001213834,"Asylstrasse 14, 8953 Dietikon",cafe,Plaza,47.4037309,8.4056614
4001213834,"Asylstrasse 14, 8953 Dietikon",bank,Raiffeisen,47.402892,8.4049258
4001213834,"Asylstrasse 14, 8953 Dietikon",fast_food,Dieci Pizzakurier,47.403639,8.4037931
4001213834,"Asylstrasse 14, 8953 Dietikon",fast_food,Ko & Ja,47.4042007,8.4038918
4001213834,"Asylstrasse 14, 8953 Dietikon",fast_food,Namueng,47.404178,8.4031525
4001213834,"Asylstrasse 14, 8953 Dietikon",restaurant,Kono Pizza,47.4042958,8.402156
4001213834,"Asylstrasse 14, 8953 Dietikon",fast_food,Kebab Haus Dietikon,47.4042979,8.4023322
4001213834,"Asylstrasse 14, 8953 Dietikon",parking,n/a,47.4019776,8.4023713
4001213834,"Asylstrasse 14, 8953 Dietikon",cafe,Chrüzi-Kafi,47.3992742,8.401315
4001213834,"Asylstrasse 14, 8953 Dietikon",restaurant,Okinii,47.4041958,8.4036321
4001213834,"Asylstrasse 14, 8953 Dietikon",cafe,Mis Kaffi,47.4040737,8.4027124
4002080956,"Nauengasse 14, 8427 Rorbas",cafe,Rorboz,47.5296868,8.5785702
4002080956,"Nauengasse 14, 8427 Rorbas",restaurant,Alchimia,47.5307317,8.5751689
4002080956,"Nauengasse 14, 8427 Rorbas",atm,n/a,47.5299185,8.57952
4002080956,"Nauengasse 14, 8427 Rorbas",fast_food,Dörflipizza,47.5297647,8.5796558
4002080956,"Nauengasse 14, 8427 Rorbas",parking,n/a,47.5291218,8.5753834
4002080956,"Nauengasse 14, 8427 Rorbas",parking,n/a,47.5332324,8.5777617
4002080956,"Nauengasse 14, 8427 Rorbas",parking,n/a,47.5333055,8.5760019
4002080956,"Nauengasse 14, 8427 Rorbas",parking,n/a,47.5336074,8.5783674
4002080956,"Nauengasse 14, 8427 Rorbas",parking,n/a,47.5342004,8.5788332
4002080956,"Nauengasse 14, 8427 Rorbas",parking,n/a,47.5333624,8.570706
4002080956,"Nauengasse 14, 8427 Rorbas",parking,n/a,47.5323594,8.5741239
4002080956,"Nauengasse 14, 8427 Rorbas",parking,n/a,47.531396,8.5736928
4002080956,"Nauengasse 14, 8427 Rorbas",restaurant,Family House Restaurant,47.534738,8.5780761
4002076708,6353 Weggis,restaurant,Lüchttürmli,47.0315498,8.4296184
4002076708,6353 Weggis,restaurant,Gotthard,47.0319031,8.4371922
4002076708,6353 Weggis,school,n/a,47.0328872,8.4349023
4002076708,6353 Weggis,library,Gemeindebibliothek Weggis,47.0324537,8.4349346
4002076708,6353 Weggis,restaurant,Restaurant Oliv,47.0319747,8.4337372
4002076708,6353 Weggis,restaurant,Thai Food Take Away,47.031981,8.4318405
4002076708,6353 Weggis,bar,Liquid Soul,47.0320102,8.432855
4002076708,6353 Weggis,parking,n/a,47.0319007,8.4283983
4002076708,6353 Weggis,cafe,Café Dahinden Weggis,47.0313856,8.4258525
4002067496,"Zollstrasse 14, 8219 Trasadingen",restaurant,Shanghai Garten,47.6587498,8.4281499
4002067496,"Zollstrasse 14, 8219 Trasadingen",restaurant,Boxen-Stop,47.6668243,8.4364103
4002067496,"Zollstrasse 14, 8219 Trasadingen",fast_food,Alibaba Takeaway & Grill,47.6580782,8.4303569
4002067496,"Zollstrasse 14, 8219 Trasadingen",cafe,Coffee - Bahnhof Erzingen,47.6602805,8.4304638
4002067496,"Zollstrasse 14, 8219 Trasadingen",restaurant,n/a,47.6558439,8.4257814
4002067496,"Zollstrasse 14, 8219 Trasadingen",restaurant,n/a,47.655835,8.4257794
4002065576,"Käsereistrasse 2 / 4 / 6, 8919 Rottenschwil",school,Schule Rottenschwil,47.3142538,8.3625271
4002065576,"Käsereistrasse 2 / 4 / 6, 8919 Rottenschwil",parking,n/a,47.3185644,8.3695755
4002064525,"Ilbachstrasse 14, 4228 Erschwil",restaurant,Gasthof zum weissen Rössli,47.3716791,7.5423092
4002062055,"Rietstrasse 6, 8702 Zollikon",parking,n/a,47.3500508,8.5764383
4002062055,"Rietstrasse 6, 8702 Zollikon",atm,Bancomat Raiffeisen,47.3513203,8.5763208
4002062055,"Rietstrasse 6, 8702 Zollikon",restaurant,Ernesto Ristorante Pizzeria Napoletana,47.3448154,8.5744582
4002059679,"Rue des Epinettes, 1227 Carouge",restaurant,Brasserie des tours,46.1842773,6.1368142
4002059679,"Rue des Epinettes, 1227 Carouge",restaurant,Le Jade,46.1859466,6.1334143
4002059679,"Rue des Epinettes, 1227 Carouge",cafe,Dieci pizzeria,46.1913101,6.1351224
4002059679,"Rue des Epinettes, 1227 Carouge",restaurant,Chez Ana,46.1913727,6.1362054
4002059679,"Rue des Epinettes, 1227 Carouge",bar,Bar à Thym,46.1882725,6.13706
4002059679,"Rue des Epinettes, 1227 Carouge",library,"Bibliothèque de Carouge, Site des Promenades",46.1852586,6.1372206
4002059679,"Rue des Epinettes, 1227 Carouge",school,École de Montfalcon,46.1867096,6.1378889
4002059679,"Rue des Epinettes, 1227 Carouge",atm,UBS,46.1871151,6.1324124
4002059679,"Rue des Epinettes, 1227 Carouge",bank,UBS,46.1873081,6.1325832
4002059679,"Rue des Epinettes, 1227 Carouge",pharmacy,Pharmacie Populaire Epinettes,46.1888413,6.1367879
4002059679,"Rue des Epinettes, 1227 Carouge",restaurant,Il Salento,46.1909282,6.1372105
4002059679,"Rue des Epinettes, 1227 Carouge",fast_food,Da Peppe Pizza,46.1909711,6.1387659
4002059679,"Rue des Epinettes, 1227 Carouge",restaurant,Le Bistrot Laz Nillo,46.1905606,6.1345372
4002059679,"Rue des Epinettes, 1227 Carouge",restaurant,Le Lotus d'Or,46.1902815,6.1339813
4002059679,"Rue des Epinettes, 1227 Carouge",restaurant,Bang Yai,46.18982,6.1366939
4002059679,"Rue des Epinettes, 1227 Carouge",restaurant,Crêperie Blé Noir,46.1875664,6.1403377
4002059679,"Rue des Epinettes, 1227 Carouge",restaurant,Le Marziano,46.1910838,6.1332864
4002059679,"Rue des Epinettes, 1227 Carouge",restaurant,La Cantina Chez Marco,46.1910687,6.1327895
4002059679,"Rue des Epinettes, 1227 Carouge",cafe,Lusitana,46.1904113,6.1341759
4002059679,"Rue des Epinettes, 1227 Carouge",restaurant,Olympico,46.1909789,6.1383922
4002059679,"Rue des Epinettes, 1227 Carouge",fast_food,Domino's,46.1881113,6.1385525
4002059679,"Rue des Epinettes, 1227 Carouge",restaurant,Da Renato,46.1862161,6.1386578
4002059679,"Rue des Epinettes, 1227 Carouge",restaurant,PM resto,46.1878503,6.1332422
4002059679,"Rue des Epinettes, 1227 Carouge",cafe,Pirojki,46.1878072,6.1370935
4002059679,"Rue des Epinettes, 1227 Carouge",restaurant,Le Cyrano,46.1910117,6.1378171
4002059679,"Rue des Epinettes, 1227 Carouge",restaurant,Maison L'Orélic,46.189575,6.1349649
4002059679,"Rue des Epinettes, 1227 Carouge",restaurant,Mama cantina,46.1896485,6.1349093
4002059679,"Rue des Epinettes, 1227 Carouge",restaurant,La Ruota,46.1895303,6.1345911
4002059679,"Rue des Epinettes, 1227 Carouge",restaurant,Le Maharadja,46.1884617,6.1343964
4002059679,"Rue des Epinettes, 1227 Carouge",cafe,Café-broc montfalcon épicerie dégustation carouge,46.1862653,6.1372157
4002059679,"Rue des Epinettes, 1227 Carouge",restaurant,La maison rouge,46.188979,6.1349597
4002059679,"Rue des Epinettes, 1227 Carouge",restaurant,La Fumisterie,46.1886995,6.1345598
4002059679,"Rue des Epinettes, 1227 Carouge",restaurant,L'Appart,46.1899479,6.1370361
4002059679,"Rue des Epinettes, 1227 Carouge",cafe,L'Echoppe d'Awen,46.1900197,6.135687
4002059679,"Rue des Epinettes, 1227 Carouge",parking,n/a,46.1898869,6.1343876
4002059679,"Rue des Epinettes, 1227 Carouge",restaurant,Dal Pazzo,46.1904727,6.1343091
4002059059,"Röschenzerstrasse, 4053 Basel",cafe,Momo,47.5408945,7.5919799
4002059059,"Röschenzerstrasse, 4053 Basel",cafe,Café del Mundo,47.5442953,7.5903595
4002059059,"Röschenzerstrasse, 4053 Basel",restaurant,Restaurant zur Wanderruh,47.5425899,7.5917023
4002059059,"Röschenzerstrasse, 4053 Basel",restaurant,Pizza Time,47.5421477,7.5921326
4002059059,"Röschenzerstrasse, 4053 Basel",pub,Unser Bier Braustube,47.5405891,7.5924078
4002059059,"Röschenzerstrasse, 4053 Basel",restaurant,Pizzeria Da Chiara,47.5423773,7.5915717
4002059059,"Röschenzerstrasse, 4053 Basel",library,Pro Natura Bibliothek,47.5411522,7.592874
4002059059,"Röschenzerstrasse, 4053 Basel",cafe,Bio Bistro,47.5406261,7.5921073
4002059059,"Röschenzerstrasse, 4053 Basel",cafe,Gasparini Glaces,47.5407177,7.5922113
4002059059,"Röschenzerstrasse, 4053 Basel",pharmacy,Amavita,47.5440732,7.5878944
4002055240,"Untere Grundgasse 11, 9500 Wil SG",restaurant,Restaurant Steinhof,47.4678392,9.051836
4002055240,"Untere Grundgasse 11, 9500 Wil SG",restaurant,Restaurant Sternen,47.4748439,9.0594416
4002055240,"Untere Grundgasse 11, 9500 Wil SG",restaurant,Wirtschaft Rössliguet,47.4751478,9.0613473
4002055240,"Untere Grundgasse 11, 9500 Wil SG",library,n/a,47.475637,9.0640184
4002055240,"Untere Grundgasse 11, 9500 Wil SG",restaurant,Pizzeria Valentino,47.4738904,9.0603431
4002055239,"Untere Grundgasse 11, 9500 Wil SG",restaurant,Restaurant Steinhof,47.4678392,9.051836
4002055239,"Untere Grundgasse 11, 9500 Wil SG",restaurant,Restaurant Sternen,47.4748439,9.0594416
4002055239,"Untere Grundgasse 11, 9500 Wil SG",restaurant,Wirtschaft Rössliguet,47.4751478,9.0613473
4002055239,"Untere Grundgasse 11, 9500 Wil SG",library,n/a,47.475637,9.0640184
4002055239,"Untere Grundgasse 11, 9500 Wil SG",restaurant,Pizzeria Valentino,47.4738904,9.0603431
4002049676,"Böndlerstrasse 54, 8802 Kilchberg ZH",parking,n/a,47.3169269,8.5482716
4002045481,"Grossfeldstrasse 7, 6010 Kriens",parking,n/a,47.0336529,8.2817633
4002045481,"Grossfeldstrasse 7, 6010 Kriens",library,Stadtbibliothek Kriens,47.033292,8.28231
4002045481,"Grossfeldstrasse 7, 6010 Kriens",fast_food,BIO Kebap,47.0333123,8.2800352
4002045481,"Grossfeldstrasse 7, 6010 Kriens",bank,UBS,47.0342508,8.2792463
4002045481,"Grossfeldstrasse 7, 6010 Kriens",restaurant,Restaurant Hofmatt,47.0333679,8.2827101
4002045481,"Grossfeldstrasse 7, 6010 Kriens",pharmacy,Medicus Apotheke,47.0336217,8.282681
4002045481,"Grossfeldstrasse 7, 6010 Kriens",atm,Postfinance,47.0342217,8.2798208
4002045481,"Grossfeldstrasse 7, 6010 Kriens",bar,Barock Bar,47.0341413,8.2843703
4002045481,"Grossfeldstrasse 7, 6010 Kriens",restaurant,Al Forno,47.0343357,8.2842354
4002045481,"Grossfeldstrasse 7, 6010 Kriens",restaurant,Migros Restaurant,47.033903,8.2829323
4002045481,"Grossfeldstrasse 7, 6010 Kriens",restaurant,La Pasteria,47.033868,8.2807745
4002045481,"Grossfeldstrasse 7, 6010 Kriens",parking,n/a,47.0349516,8.2910675
4002045481,"Grossfeldstrasse 7, 6010 Kriens",parking,n/a,47.0344198,8.2898197
4002045481,"Grossfeldstrasse 7, 6010 Kriens",parking,n/a,47.0337346,8.2887257
4002045481,"Grossfeldstrasse 7, 6010 Kriens",parking,n/a,47.0305096,8.2894034
4002045481,"Grossfeldstrasse 7, 6010 Kriens",parking,n/a,47.0312076,8.2901677
4002028503,"Gmeindrütistrasse 11, 8630 Rüti ZH",parking,n/a,47.2600784,8.8600672
4002028503,"Gmeindrütistrasse 11, 8630 Rüti ZH",parking,n/a,47.2599306,8.863066
4002028503,"Gmeindrütistrasse 11, 8630 Rüti ZH",parking,n/a,47.2654952,8.8665598
4002028503,"Gmeindrütistrasse 11, 8630 Rüti ZH",parking,n/a,47.2651374,8.8674956
4002028503,"Gmeindrütistrasse 11, 8630 Rüti ZH",parking,n/a,47.2649682,8.8678306
4002028503,"Gmeindrütistrasse 11, 8630 Rüti ZH",parking,n/a,47.2642285,8.8670949
4002028503,"Gmeindrütistrasse 11, 8630 Rüti ZH",parking,n/a,47.2647279,8.8671487
4002028503,"Gmeindrütistrasse 11, 8630 Rüti ZH",parking,n/a,47.2638474,8.8668838
4002028503,"Gmeindrütistrasse 11, 8630 Rüti ZH",parking,n/a,47.2606154,8.8659285
4002028503,"Gmeindrütistrasse 11, 8630 Rüti ZH",restaurant,Taverne Laufenbach,47.2620298,8.865904
4001983884,"Sonneggstr. 41, 8006 Zürich",restaurant,Ristorante Culmann,47.3794422,8.5470198
4001983884,"Sonneggstr. 41, 8006 Zürich",restaurant,La Fontana,47.3797201,8.5469255
4001983884,"Sonneggstr. 41, 8006 Zürich",cafe,Tannenbar,47.3773953,8.5478673
4001983884,"Sonneggstr. 41, 8006 Zürich",restaurant,Restaurant Haldenbach,47.3799672,8.5469246
4001983884,"Sonneggstr. 41, 8006 Zürich",fast_food,Züri Bistro,47.38053,8.5479785
4001983884,"Sonneggstr. 41, 8006 Zürich",restaurant,Ristorante Al Forno da Angelo,47.3805744,8.5483371
4001983884,"Sonneggstr. 41, 8006 Zürich",fast_food,Domino's,47.3784731,8.547949
4001983884,"Sonneggstr. 41, 8006 Zürich",cafe,Café Oberstrass,47.3782514,8.5479609
4001983884,"Sonneggstr. 41, 8006 Zürich",restaurant,Hot Pasta,47.3786854,8.547952
4001983884,"Sonneggstr. 41, 8006 Zürich",pub,The Alehouse Palmhof,47.3790827,8.5478805
4001983884,"Sonneggstr. 41, 8006 Zürich",fast_food,Lemon Grass,47.3796283,8.5479597
4001983884,"Sonneggstr. 41, 8006 Zürich",cafe,Sorell Rex,47.3847859,8.5431484
4001983884,"Sonneggstr. 41, 8006 Zürich",bank,Habib Bank,47.3817572,8.5435756
4001983884,"Sonneggstr. 41, 8006 Zürich",restaurant,Rubina,47.381545,8.5483263
4001983884,"Sonneggstr. 41, 8006 Zürich",restaurant,Bamboo Inn,47.3804786,8.5472423
4001983884,"Sonneggstr. 41, 8006 Zürich",restaurant,Stapferstube da Rizzo,47.3821725,8.5474623
4001983884,"Sonneggstr. 41, 8006 Zürich",library,Bibliothek Erdwissenschaften,47.3785235,8.5473008
4001983884,"Sonneggstr. 41, 8006 Zürich",fast_food,Klara's Kitchen,47.3787999,8.5479501
4001983884,"Sonneggstr. 41, 8006 Zürich",restaurant,Mensa Institut Minerva,47.3819656,8.5455532
4001983884,"Sonneggstr. 41, 8006 Zürich",cafe,Klara‘s Kitchen,47.3827596,8.5437443
4001983884,"Sonneggstr. 41, 8006 Zürich",cafe,Natural Bites,47.3803426,8.5478344
4001983884,"Sonneggstr. 41, 8006 Zürich",school,Schule Minerva Zürich,47.3818918,8.5455529
4001983884,"Sonneggstr. 41, 8006 Zürich",fast_food,Tiny Fish,47.3784125,8.5478096
4001983884,"Sonneggstr. 41, 8006 Zürich",restaurant,mi-te,47.3791998,8.5479282
4001983884,"Sonneggstr. 41, 8006 Zürich",restaurant,Mesa Madrid,47.3833749,8.5431961
4001983884,"Sonneggstr. 41, 8006 Zürich",school,Lernstudio,47.3819111,8.5456909
4001979979,"Weiherweg 38, 4054 Basel",pharmacy,Holbein-Apotheke,47.5506784,7.5793282
4001979979,"Weiherweg 38, 4054 Basel",restaurant,Schützenhaus,47.5537008,7.5774585
4001979979,"Weiherweg 38, 4054 Basel",restaurant,Marmaris,47.5562558,7.5752419
4001979979,"Weiherweg 38, 4054 Basel",pharmacy,Schützenmatt Apotheke,47.554322,7.576056
4001979979,"Weiherweg 38, 4054 Basel",restaurant,Royal Palace,47.5541247,7.576166
4001979979,"Weiherweg 38, 4054 Basel",restaurant,Lima 31,47.5568738,7.5748136
4001979979,"Weiherweg 38, 4054 Basel",restaurant,Bayleaf Gourmet Indian Restaurant,47.5541429,7.5767109
4001979979,"Weiherweg 38, 4054 Basel",fast_food,Dieci Pizzakurier,47.5540677,7.5767785
4001979979,"Weiherweg 38, 4054 Basel",restaurant,Ristorante La Vela,47.5505454,7.5807065
4001979979,"Weiherweg 38, 4054 Basel",restaurant,Bistrot Crescenda,47.5525464,7.576938
4001979979,"Weiherweg 38, 4054 Basel",cafe,Radius 39,47.5527842,7.5707266
4001979979,"Weiherweg 38, 4054 Basel",fast_food,Brause Grill,47.5558584,7.5741727
4001979979,"Weiherweg 38, 4054 Basel",restaurant,Rossini,47.5555234,7.5754589
4001979979,"Weiherweg 38, 4054 Basel",pharmacy,Rosen-Apotheke & Drogerie,47.5557391,7.5747211
4001979979,"Weiherweg 38, 4054 Basel",restaurant,Restaurant La Gondola,47.5560239,7.575814
4001979979,"Weiherweg 38, 4054 Basel",restaurant,L’étang,47.5537552,7.575558
4001979979,"Weiherweg 38, 4054 Basel",restaurant,Yu-Lin Qin,47.554266,7.5736798
4001979979,"Weiherweg 38, 4054 Basel",restaurant,Tapiocarhy,47.5560854,7.5740941
4001979979,"Weiherweg 38, 4054 Basel",fast_food,Punjabi Shop,47.5557962,7.5759312
4001950379,"Rotwandstrasse 66, 8004 Zürich",fast_food,McDonald's,47.3734328,8.5297366
4001950379,"Rotwandstrasse 66, 8004 Zürich",pharmacy,Berg-Apotheke by Medbase,47.3731732,8.5293204
4001950379,"Rotwandstrasse 66, 8004 Zürich",cafe,St. Jakob Beck,47.3738054,8.5278402
4001950379,"Rotwandstrasse 66, 8004 Zürich",atm,Postfinance,47.3765515,8.5273634
4001950379,"Rotwandstrasse 66, 8004 Zürich",restaurant,Sonne,47.3772976,8.5269997
4001950379,"Rotwandstrasse 66, 8004 Zürich",restaurant,Fribourger Stübli,47.375039,8.5281814
4001950379,"Rotwandstrasse 66, 8004 Zürich",restaurant,Le Cèdre,47.3738833,8.5264947
4001950379,"Rotwandstrasse 66, 8004 Zürich",restaurant,Ristorante Italia,47.3763729,8.5292946
4001950379,"Rotwandstrasse 66, 8004 Zürich",parking,n/a,47.3740752,8.5266543
4001950379,"Rotwandstrasse 66, 8004 Zürich",parking,n/a,47.3740024,8.5273911
4001950379,"Rotwandstrasse 66, 8004 Zürich",restaurant,The Bite,47.3773121,8.5277904
4001950379,"Rotwandstrasse 66, 8004 Zürich",restaurant,Volkshaus,47.3755766,8.5271252
4001950379,"Rotwandstrasse 66, 8004 Zürich",restaurant,Bossa Nova,47.3770748,8.5274942
4001950379,"Rotwandstrasse 66, 8004 Zürich",bar,raedli,47.3772164,8.5276576
4001950379,"Rotwandstrasse 66, 8004 Zürich",fast_food,Biergarten,47.3769346,8.5272308
4001950379,"Rotwandstrasse 66, 8004 Zürich",cafe,Kiosk Semal,47.376537,8.5282242
4001950379,"Rotwandstrasse 66, 8004 Zürich",bar,Egoist Cabaret Nightclub,47.3764297,8.5280245
4001950379,"Rotwandstrasse 66, 8004 Zürich",restaurant,Brasserie Café de Paris,47.376328,8.527878
4001950379,"Rotwandstrasse 66, 8004 Zürich",restaurant,Ach'i,47.3770439,8.5287783
4001950379,"Rotwandstrasse 66, 8004 Zürich",restaurant,Thai-Food-Corner,47.3769262,8.5284802
4001950379,"Rotwandstrasse 66, 8004 Zürich",bar,Norden,47.3767507,8.5284977
4001950379,"Rotwandstrasse 66, 8004 Zürich",restaurant,Trübli Bar,47.3765636,8.5290029
4001950379,"Rotwandstrasse 66, 8004 Zürich",bar,Monroe,47.3774661,8.5279076
4001950379,"Rotwandstrasse 66, 8004 Zürich",restaurant,Molino,47.3734849,8.5287165
4001950379,"Rotwandstrasse 66, 8004 Zürich",restaurant,Ichizen,47.3737975,8.5274539
4001950379,"Rotwandstrasse 66, 8004 Zürich",restaurant,Don Leone,47.3746589,8.5290969
4001950379,"Rotwandstrasse 66, 8004 Zürich",restaurant,Convivio,47.3757244,8.5292515
4001950379,"Rotwandstrasse 66, 8004 Zürich",restaurant,Accademia del Gusto,47.375334,8.5286575
4001950379,"Rotwandstrasse 66, 8004 Zürich",bar,E.X. 4,47.3757372,8.5288666
4001950379,"Rotwandstrasse 66, 8004 Zürich",restaurant,Ikoo,47.3748928,8.5287964
4001950379,"Rotwandstrasse 66, 8004 Zürich",restaurant,D'Aurora,47.3751694,8.528416
4001950379,"Rotwandstrasse 66, 8004 Zürich",bar,Daniel H.,47.3754267,8.5293032
4001950379,"Rotwandstrasse 66, 8004 Zürich",restaurant,Osteria Santo Bevitore,47.3754803,8.5284806
4001950379,"Rotwandstrasse 66, 8004 Zürich",bar,Vasco's Bar,47.3744297,8.5298014
4001950379,"Rotwandstrasse 66, 8004 Zürich",restaurant,Meat Me,47.3742016,8.5307896
4001950379,"Rotwandstrasse 66, 8004 Zürich",bar,Sherif's Bar,47.3742758,8.5299844
4001950379,"Rotwandstrasse 66, 8004 Zürich",restaurant,Sweet Basil,47.3743454,8.5295536
4001950379,"Rotwandstrasse 66, 8004 Zürich",restaurant,Real,47.3743453,8.5306087
4001950379,"Rotwandstrasse 66, 8004 Zürich",restaurant,Akaraka,47.3746892,8.5294759
4001950379,"Rotwandstrasse 66, 8004 Zürich",restaurant,Bunzai,47.3746427,8.5302421
4001950379,"Rotwandstrasse 66, 8004 Zürich",bar,After Dark,47.3765798,8.5281669
4001950379,"Rotwandstrasse 66, 8004 Zürich",bar,Kanonaegass,47.3772915,8.5291113
4001950379,"Rotwandstrasse 66, 8004 Zürich",bar,Art 4 Bar,47.3774238,8.5292763
4001950379,"Rotwandstrasse 66, 8004 Zürich",bar,Love Story,47.3764724,8.5284217
4001950379,"Rotwandstrasse 66, 8004 Zürich",restaurant,The Sacred,47.3760618,8.5288696
4001950379,"Rotwandstrasse 66, 8004 Zürich",restaurant,Hongxi,47.3777904,8.5296685
4001950379,"Rotwandstrasse 66, 8004 Zürich",bar,Don Miguel,47.3761788,8.5286665
4001950379,"Rotwandstrasse 66, 8004 Zürich",restaurant,Tabula Rasa,47.377911,8.5294772
4001950379,"Rotwandstrasse 66, 8004 Zürich",fast_food,Firehouse Subs,47.3734118,8.5296229
4001950379,"Rotwandstrasse 66, 8004 Zürich",restaurant,Ah-Hua,47.3760904,8.5278522
4001950379,"Rotwandstrasse 66, 8004 Zürich",fast_food,Marronistand,47.3735633,8.5292099
4001950379,"Rotwandstrasse 66, 8004 Zürich",bar,The Mixt,47.3755383,8.529159
4001950379,"Rotwandstrasse 66, 8004 Zürich",restaurant,Don Leone,47.3749163,8.5291408
4001950379,"Rotwandstrasse 66, 8004 Zürich",restaurant,Centro,47.3760181,8.5277705
4001950379,"Rotwandstrasse 66, 8004 Zürich",restaurant,Tschingg,47.373809,8.5296981
4001950379,"Rotwandstrasse 66, 8004 Zürich",restaurant,Brenso,47.3767849,8.526869
4001950379,"Rotwandstrasse 66, 8004 Zürich",cafe,Starbucks,47.3734609,8.5298891
4001950379,"Rotwandstrasse 66, 8004 Zürich",fast_food,Bilo Bistro,47.3764202,8.5283268
4001950379,"Rotwandstrasse 66, 8004 Zürich",restaurant,Bund 39,47.3749607,8.5287161
4001950379,"Rotwandstrasse 66, 8004 Zürich",restaurant,Cima Curry,47.3776729,8.5295685
4001950379,"Rotwandstrasse 66, 8004 Zürich",cafe,McCafé,47.3733935,8.5297525
4001950379,"Rotwandstrasse 66, 8004 Zürich",restaurant,Pho Mai,47.3755405,8.528631
4001950379,"Rotwandstrasse 66, 8004 Zürich",bar,Glamour Bar,47.3758798,8.5294424
4001950379,"Rotwandstrasse 66, 8004 Zürich",clinic,Ambulatorium Kanonengasse,47.3775007,8.5296854
4001950379,"Rotwandstrasse 66, 8004 Zürich",clinic,Ambulatorium Kanonengasse,47.3776645,8.5299678
4001950379,"Rotwandstrasse 66, 8004 Zürich",restaurant,Mythos,47.3737799,8.5285146
4001950379,"Rotwandstrasse 66, 8004 Zürich",restaurant,The Yard,47.3759287,8.5276269
4001950379,"Rotwandstrasse 66, 8004 Zürich",restaurant,Tsukada Gaijin Izakaya,47.3778441,8.5295709
4001950379,"Rotwandstrasse 66, 8004 Zürich",bar,Campo,47.3762866,8.5270834
4001950379,"Rotwandstrasse 66, 8004 Zürich",fast_food,Zürich Fried Chicken,47.3751013,8.5285248
4001950379,"Rotwandstrasse 66, 8004 Zürich",fast_food,Edy's,47.3737038,8.5300022
4001950379,"Rotwandstrasse 66, 8004 Zürich",fast_food,Huncho,47.3771779,8.5290073
4001950379,"Rotwandstrasse 66, 8004 Zürich",bar,Rasputin,47.3768356,8.5274675
4001950379,"Rotwandstrasse 66, 8004 Zürich",atm,n/a,47.3769288,8.5273742
4001950379,"Rotwandstrasse 66, 8004 Zürich",cafe,Deus Ex Machina,47.3770428,8.5268946
4001950379,"Rotwandstrasse 66, 8004 Zürich",cafe,kafi babar,47.3744709,8.5297287
4001950379,"Rotwandstrasse 66, 8004 Zürich",restaurant,Ristorante Italia,47.3764793,8.5291319
4001950379,"Rotwandstrasse 66, 8004 Zürich",restaurant,LÈ Cuisine,47.3738604,8.5279624
4001950379,"Rotwandstrasse 66, 8004 Zürich",cafe,Tsugi,47.3768492,8.526866
4001840960,"Grabenweg 17, 8484 Weisslingen",restaurant,Sonne,47.4321638,8.7634371
4001840960,"Grabenweg 17, 8484 Weisslingen",fast_food,Bella Italia,47.4320414,8.7631552
4001840960,"Grabenweg 17, 8484 Weisslingen",atm,n/a,47.4299948,8.7647502
4001840960,"Grabenweg 17, 8484 Weisslingen",parking,n/a,47.4291366,8.7645558
4001840960,"Grabenweg 17, 8484 Weisslingen",parking,n/a,47.4259131,8.7680324
4001840960,"Grabenweg 17, 8484 Weisslingen",parking,n/a,47.4317848,8.7626499
4001840960,"Grabenweg 17, 8484 Weisslingen",parking,n/a,47.4314473,8.7629673
4001840960,"Grabenweg 17, 8484 Weisslingen",parking,n/a,47.4323089,8.763023
4001840960,"Grabenweg 17, 8484 Weisslingen",parking,n/a,47.4271339,8.7706964
4001840960,"Grabenweg 17, 8484 Weisslingen",parking,n/a,47.4275384,8.7692151
4001840960,"Grabenweg 17, 8484 Weisslingen",parking,n/a,47.4330467,8.7676082
4001840960,"Grabenweg 17, 8484 Weisslingen",parking,n/a,47.4304106,8.7651884
4001840960,"Grabenweg 17, 8484 Weisslingen",parking,n/a,47.4294809,8.7677048
4001508481,1012 Lausanne,pharmacy,Pharmacie de Chailly,46.5264774,6.6521102
4001508481,1012 Lausanne,atm,n/a,46.526198,6.6520141
4001508481,1012 Lausanne,pharmacy,Pharmacieplus de la Fauvette,46.5261904,6.6517559
4001508481,1012 Lausanne,restaurant,Au Charbon,46.5255177,6.6521982
4001508481,1012 Lausanne,bank,BCV,46.5259044,6.6517767
4001508481,1012 Lausanne,restaurant,Fu Li,46.5250016,6.6529479
4001508481,1012 Lausanne,bank,UBS,46.5267762,6.6517607
4001508481,1012 Lausanne,fast_food,Tarbouch,46.5251775,6.6524772
4001508481,1012 Lausanne,restaurant,Hokaido,46.5251013,6.6527064
4001508481,1012 Lausanne,fast_food,Fryburger Gourmet,46.5266539,6.651981
4001508481,1012 Lausanne,restaurant,Tandoori Flame,46.5266283,6.6520591
4002078840,"Motorenstrasse, 8005 Zürich",restaurant,Dar,47.3835914,8.5283234
4002078840,"Motorenstrasse, 8005 Zürich",restaurant,LILY'S,47.3825398,8.5296036
4002078840,"Motorenstrasse, 8005 Zürich",pub,Matahari Bar,47.3840524,8.5309307
4002078840,"Motorenstrasse, 8005 Zürich",restaurant,Tibetasia,47.3844648,8.5278368
4002078840,"Motorenstrasse, 8005 Zürich",pub,St. Joseph's Pub,47.3863612,8.5280176
4002078840,"Motorenstrasse, 8005 Zürich",restaurant,Eisenhof,47.3836276,8.5287302
4002078840,"Motorenstrasse, 8005 Zürich",bar,Kasheme,47.3827935,8.5295411
4002078840,"Motorenstrasse, 8005 Zürich",restaurant,Yume Ramen,47.3823657,8.5303266
4002078840,"Motorenstrasse, 8005 Zürich",restaurant,Babo's Restaurant,47.3819642,8.5294299
4002078840,"Motorenstrasse, 8005 Zürich",restaurant,Don’t Worry Eat Curry,47.3828582,8.5307697
4002078840,"Motorenstrasse, 8005 Zürich",restaurant,Casa da Picanha,47.382094,8.5300961
4002078840,"Motorenstrasse, 8005 Zürich",restaurant,Co Chin Chin,47.3837599,8.5284695
4002078840,"Motorenstrasse, 8005 Zürich",restaurant,Zekis World,47.3839003,8.5307988
4002078840,"Motorenstrasse, 8005 Zürich",restaurant,Cucina,47.384162,8.5304006
4002078840,"Motorenstrasse, 8005 Zürich",restaurant,Cinque,47.383294,8.5301807
4002078840,"Motorenstrasse, 8005 Zürich",restaurant,Molino,47.3840714,8.5291751
4002078840,"Motorenstrasse, 8005 Zürich",restaurant,Manjaal,47.3843311,8.5286143
4002078840,"Motorenstrasse, 8005 Zürich",cafe,Lycka,47.3837629,8.5298256
4002078840,"Motorenstrasse, 8005 Zürich",restaurant,4Leoni Firenze,47.3843323,8.5302362
4002078840,"Motorenstrasse, 8005 Zürich",restaurant,Valentin's,47.3846382,8.5297901
4002078840,"Motorenstrasse, 8005 Zürich",restaurant,La Contrada,47.384832,8.5295929
4002078840,"Motorenstrasse, 8005 Zürich",restaurant,Josef,47.3838905,8.5289598
4002078840,"Motorenstrasse, 8005 Zürich",restaurant,Chimy's,47.3832801,8.528361
4002078840,"Motorenstrasse, 8005 Zürich",restaurant,Maneez,47.3841944,8.5284377
4002078840,"Motorenstrasse, 8005 Zürich",fast_food,Hanswurst,47.3840062,8.5311406
4002078840,"Motorenstrasse, 8005 Zürich",restaurant,Burgermeister,47.384344,8.5311512
4002078840,"Motorenstrasse, 8005 Zürich",bar,The International Beer Bar,47.3828872,8.5287112
4002078840,"Motorenstrasse, 8005 Zürich",restaurant,MeiXin,47.3834555,8.5303841
4002078840,"Motorenstrasse, 8005 Zürich",restaurant,Santa Lucia,47.3838555,8.5295871
4002078840,"Motorenstrasse, 8005 Zürich",cafe,Diwan Shisha,47.3827024,8.5300338
4002078840,"Motorenstrasse, 8005 Zürich",bar,Chicago Bar,47.3825931,8.5299484
4002078840,"Motorenstrasse, 8005 Zürich",bar,Vineria Centrale,47.3825403,8.5300127
4002078840,"Motorenstrasse, 8005 Zürich",fast_food,McDonald's,47.3829117,8.529958
4002078840,"Motorenstrasse, 8005 Zürich",fast_food,Big Burger,47.383026,8.5300509
4002078840,"Motorenstrasse, 8005 Zürich",fast_food,Best,47.3827549,8.5300757
4002078840,"Motorenstrasse, 8005 Zürich",cafe,XYLO,47.3828676,8.5293614
4002078840,"Motorenstrasse, 8005 Zürich",fast_food,Baba Food Station,47.38229,8.5294034
4002078840,"Motorenstrasse, 8005 Zürich",cafe,flavour coffee & plants,47.3824213,8.5297861
4002078840,"Motorenstrasse, 8005 Zürich",restaurant,Thali House,47.3831028,8.5301347
4002078840,"Motorenstrasse, 8005 Zürich",fast_food,Vegitat,47.3822487,8.5296459
4002078840,"Motorenstrasse, 8005 Zürich",cafe,McCafé,47.3829101,8.5299568
4002078840,"Motorenstrasse, 8005 Zürich",fast_food,Napulé,47.382953,8.5307653
4002078840,"Motorenstrasse, 8005 Zürich",restaurant,Riviera,47.3830089,8.5303012
4002078840,"Motorenstrasse, 8005 Zürich",restaurant,Casa Aurelio,47.3831405,8.5297441
4002078840,"Motorenstrasse, 8005 Zürich",restaurant,JIAOZI,47.3823411,8.5300095
4002078840,"Motorenstrasse, 8005 Zürich",atm,n/a,47.382825,8.5301239
4002078840,"Motorenstrasse, 8005 Zürich",fast_food,3 Sushi Momo,47.3839455,8.5307226
4002078840,"Motorenstrasse, 8005 Zürich",atm,Värdex Crypto ATM,47.3842118,8.5310402
4002078647,"St. Alban-Anlage 58, 4052 Basel",restaurant,Gasthof zum Goldenen Sternen,47.5548054,7.6020008
4002078647,"St. Alban-Anlage 58, 4052 Basel",restaurant,Café Papiermühle,47.5547076,7.6031676
4002078647,"St. Alban-Anlage 58, 4052 Basel",restaurant,XX Large Pizzeria,47.5547279,7.6110572
4002078647,"St. Alban-Anlage 58, 4052 Basel",restaurant,UBS Coffee & Shop Il Giardino,47.5508086,7.597829
4002078647,"St. Alban-Anlage 58, 4052 Basel",restaurant,n/a,47.5511342,7.6029046
4002078647,"St. Alban-Anlage 58, 4052 Basel",restaurant,St. Alban Stübli,47.5540635,7.5992003
4002078647,"St. Alban-Anlage 58, 4052 Basel",bank,UBS Wealth Management,47.5513535,7.5968523
4002078647,"St. Alban-Anlage 58, 4052 Basel",cafe,Bäckerei Jetzer,47.5543635,7.610095
4002078647,"St. Alban-Anlage 58, 4052 Basel",restaurant,Restaurant Murano,47.5521616,7.6007922
4002078647,"St. Alban-Anlage 58, 4052 Basel",bank,CA next bank,47.5524658,7.6037907
4002075286,"Höhenweg 61, 8965 Berikon",restaurant,Grüne Bode,47.3502184,8.3722254
4002073492,"Avenue des Alpes 5, 1006 Lausanne",library,Bibliothèque Des Femmes*,46.5159756,6.6405744
4002064667,"Seefeldstrasse 104, 8008 Zürich",restaurant,Amalfi,47.3606695,8.5499916
4002064667,"Seefeldstrasse 104, 8008 Zürich",restaurant,Yooji's,47.3582879,8.5541672
4002064667,"Seefeldstrasse 104, 8008 Zürich",restaurant,NA081,47.3597536,8.5524861
4002064667,"Seefeldstrasse 104, 8008 Zürich",cafe,Valentino,47.3601706,8.550781
4002064667,"Seefeldstrasse 104, 8008 Zürich",restaurant,Stripped Pizza,47.3602524,8.5521363
4002064667,"Seefeldstrasse 104, 8008 Zürich",atm,Postfinance,47.3577163,8.5540421
4002064667,"Seefeldstrasse 104, 8008 Zürich",pub,D-Vino,47.3584615,8.553987
4002064667,"Seefeldstrasse 104, 8008 Zürich",atm,CS Bancomat,47.3601542,8.5524501
4002064667,"Seefeldstrasse 104, 8008 Zürich",pharmacy,TopPharm Apotheke Höschgasse,47.3577116,8.5547536
4002064667,"Seefeldstrasse 104, 8008 Zürich",cafe,Confiserie Freytag,47.357029,8.5549279
4002064667,"Seefeldstrasse 104, 8008 Zürich",library,PBZ Bibliothek Riesbach,47.3592693,8.5539566
4002064667,"Seefeldstrasse 104, 8008 Zürich",restaurant,Totò,47.3580896,8.5538491
4002064667,"Seefeldstrasse 104, 8008 Zürich",restaurant,Iroquois,47.3582918,8.5537364
4002064667,"Seefeldstrasse 104, 8008 Zürich",restaurant,Pizzeria Capri,47.3604176,8.5501478
4002064667,"Seefeldstrasse 104, 8008 Zürich",cafe,GZ Riesbach Cafeteria,47.359245,8.5540563
4002064667,"Seefeldstrasse 104, 8008 Zürich",school,"Tandem IMS, Zürich",47.3585537,8.5542336
4002064667,"Seefeldstrasse 104, 8008 Zürich",cafe,Monocle Café,47.3596826,8.5507962
4002064667,"Seefeldstrasse 104, 8008 Zürich",cafe,Maison 33,47.3572728,8.5526229
4002064667,"Seefeldstrasse 104, 8008 Zürich",restaurant,Weera Pura,47.3571792,8.5531184
4002064533,"Karl Stauffer-Strasse, 8008 Zürich",pharmacy,Balgrist Apotheke,47.3546412,8.5753312
4002064533,"Karl Stauffer-Strasse, 8008 Zürich",restaurant,Burgwies,47.3578267,8.5724184
4002064533,"Karl Stauffer-Strasse, 8008 Zürich",atm,Bancomat ZKB,47.3543382,8.5748945
4002064533,"Karl Stauffer-Strasse, 8008 Zürich",cafe,Eric's Confiserie Baumann,47.3541541,8.5756421
4002064533,"Karl Stauffer-Strasse, 8008 Zürich",clinic,Universitäres Zentrum für Prävention und Sportmedizin,47.3552764,8.5747218
4002064533,"Karl Stauffer-Strasse, 8008 Zürich",clinic,MRI Schulthess Klinik,47.3519337,8.5732986
4002055225,"Dorfstrasse 31, 5244 Birrhard",restaurant,Zur Halde,47.4327579,8.245599
4002073363,"Willikonerstrasse 46, 8618 Oetwil am See",bus_station,"Oetwil am See, Zentrum",47.2700847,8.7210904
4002073363,"Willikonerstrasse 46, 8618 Oetwil am See",library,Schul- und Gemeindebibliothek Oetwil am See,47.270902,8.7214778
4002073363,"Willikonerstrasse 46, 8618 Oetwil am See",atm,Raiffeisen,47.2702185,8.7213434
4002073363,"Willikonerstrasse 46, 8618 Oetwil am See",atm,n/a,47.2723861,8.7205815
4002073363,"Willikonerstrasse 46, 8618 Oetwil am See",restaurant,Terrasse,47.2694589,8.7200315
4002073081,"Rue de Contamines 16, 1206 Genève",restaurant,Chez Kei,46.1984634,6.1571076
4002073081,"Rue de Contamines 16, 1206 Genève",bank,La Banque MERRILL LYNCH,46.1964258,6.1562573
4002073081,"Rue de Contamines 16, 1206 Genève",cafe,Café du Muséum,46.1986084,6.158181
4002073081,"Rue de Contamines 16, 1206 Genève",library,Secteur d'Information Documentaire Spécialisé du Muséum d'histoire naturelle de Genève,46.1991776,6.1584209
4002073081,"Rue de Contamines 16, 1206 Genève",restaurant,Hashimoto,46.1992776,6.1566742
4002070890,"Landenbergstrasse 3a, 6005 Lucerne",parking,Parkhaus Eiszentrum,47.0415585,8.3216401
4002070890,"Landenbergstrasse 3a, 6005 Lucerne",restaurant,N'ICE,47.0411821,8.3213345
4002070890,"Landenbergstrasse 3a, 6005 Lucerne",fast_food,Mensa Kantonsschule Alpenquai Luzern,47.0428396,8.322315
4002067868,"Allée Charles Edouard Guillaume 5, 1723 Marly",restaurant,L'Atelier MIC,46.7771871,7.1501517
4002067868,"Allée Charles Edouard Guillaume 5, 1723 Marly",parking,n/a,46.7775838,7.1530891
4002067868,"Allée Charles Edouard Guillaume 5, 1723 Marly",parking,n/a,46.7758347,7.1523428
4002067484,"Kühneweg 20, 6020 Emmen",restaurant,Kränzlin,47.0777867,8.2758092
4002067484,"Kühneweg 20, 6020 Emmen",restaurant,Pizzeria Panorama,47.077743,8.2769646
4002067484,"Kühneweg 20, 6020 Emmen",restaurant,China Take Away,47.0767241,8.2755621
4002067484,"Kühneweg 20, 6020 Emmen",restaurant,Gersag,47.0777172,8.2783741
4002067484,"Kühneweg 20, 6020 Emmen",restaurant,Adler,47.078144,8.2755807
4002067484,"Kühneweg 20, 6020 Emmen",bank,UBS,47.0775601,8.2758737
4002067484,"Kühneweg 20, 6020 Emmen",pub,Sun-Pub-Bar,47.077649,8.2760981
4002067484,"Kühneweg 20, 6020 Emmen",restaurant,Thomy's,47.0773029,8.2761048
4002067484,"Kühneweg 20, 6020 Emmen",restaurant,Migros Restaurant,47.0777391,8.2753262
4002067484,"Kühneweg 20, 6020 Emmen",parking,n/a,47.0767385,8.2808276
4002067484,"Kühneweg 20, 6020 Emmen",parking,n/a,47.0776816,8.2770166
4002067484,"Kühneweg 20, 6020 Emmen",restaurant,Food Point 12,47.0783685,8.2753082
4002067484,"Kühneweg 20, 6020 Emmen",atm,n/a,47.0780407,8.2756763
4002065892,"Gaissbergstrasse 49, 8280 Kreuzlingen",parking,n/a,47.6419011,9.1741744
4002065159,"Ergatenweg 25, 8583 Sulgen",school,OMF Ostschweizer Maler-Fachschule,47.5311974,9.1853172
4002057192,"Badenerstrasse 12, 8953 Dietikon",bank,UBS,47.4057843,8.4036218
4002057192,"Badenerstrasse 12, 8953 Dietikon",pharmacy,City Apotheke Ruckstuhl,47.4053583,8.402993
4002057192,"Badenerstrasse 12, 8953 Dietikon",bank,Zürcher Kantonalbank,47.4048385,8.402418
4002057192,"Badenerstrasse 12, 8953 Dietikon",restaurant,Migros Restaurant,47.4052072,8.4013786
4002057192,"Badenerstrasse 12, 8953 Dietikon",pub,Zeus,47.4058392,8.4018052
4002057192,"Badenerstrasse 12, 8953 Dietikon",fast_food,El Pablo,47.4054721,8.3987591
4002057192,"Badenerstrasse 12, 8953 Dietikon",pharmacy,Amavita Dietikon,47.405637,8.3982172
4002057192,"Badenerstrasse 12, 8953 Dietikon",restaurant,Molino,47.4060643,8.3971433
4002057192,"Badenerstrasse 12, 8953 Dietikon",restaurant,Peking Garden,47.4047654,8.4026256
4002057192,"Badenerstrasse 12, 8953 Dietikon",fast_food,Mali Pizza & Kebap,47.4043324,8.402963
4002057192,"Badenerstrasse 12, 8953 Dietikon",restaurant,Treff,47.4065115,8.4020831
4002057192,"Badenerstrasse 12, 8953 Dietikon",atm,n/a,47.4051157,8.4022489
4002057192,"Badenerstrasse 12, 8953 Dietikon",restaurant,Taverne zur Krone,47.4057501,8.400649
4002057192,"Badenerstrasse 12, 8953 Dietikon",bank,Credit Suisse,47.4051783,8.4034104
4002057192,"Badenerstrasse 12, 8953 Dietikon",parking,n/a,47.4048831,8.4005551
4002057192,"Badenerstrasse 12, 8953 Dietikon",parking,n/a,47.4053642,8.4013984
4002057192,"Badenerstrasse 12, 8953 Dietikon",parking,n/a,47.4058217,8.4032167
4002057192,"Badenerstrasse 12, 8953 Dietikon",restaurant,Frohsinn,47.4039773,8.4021615
4002057192,"Badenerstrasse 12, 8953 Dietikon",pharmacy,Löwen-Apotheke,47.4049414,8.4022509
4002057192,"Badenerstrasse 12, 8953 Dietikon",cafe,Grüezi,47.4040806,8.402009
4002057192,"Badenerstrasse 12, 8953 Dietikon",fast_food,Spice Flavour,47.4056661,8.3989168
4002057192,"Badenerstrasse 12, 8953 Dietikon",restaurant,Pad-Thai,47.4052611,8.3996154
4002057192,"Badenerstrasse 12, 8953 Dietikon",bar,Chilling,47.4052643,8.4027757
4002057192,"Badenerstrasse 12, 8953 Dietikon",fast_food,ALIBABA,47.4045984,8.4020282
4002057192,"Badenerstrasse 12, 8953 Dietikon",fast_food,T. Wraps,47.405142,8.4024529
4002057192,"Badenerstrasse 12, 8953 Dietikon",bar,Palace Sport-Bsr,47.404904,8.402662
4002057192,"Badenerstrasse 12, 8953 Dietikon",fast_food,Dieci Pizzakurier,47.403639,8.4037931
4002057192,"Badenerstrasse 12, 8953 Dietikon",fast_food,Namueng,47.404178,8.4031525
4002057192,"Badenerstrasse 12, 8953 Dietikon",fast_food,Gourmet,47.4046832,8.4034737
4002057192,"Badenerstrasse 12, 8953 Dietikon",restaurant,Kono Pizza,47.4042958,8.402156
4002057192,"Badenerstrasse 12, 8953 Dietikon",fast_food,Kebab Haus Dietikon,47.4042979,8.4023322
4002057192,"Badenerstrasse 12, 8953 Dietikon",fast_food,Pizza Pasta,47.4055522,8.3991171
4002057192,"Badenerstrasse 12, 8953 Dietikon",restaurant,Steinmürli,47.407649,8.3935218
4002057192,"Badenerstrasse 12, 8953 Dietikon",atm,n/a,47.4057395,8.4037368
4002057192,"Badenerstrasse 12, 8953 Dietikon",fast_food,Angel Street Food,47.4053817,8.4037553
4002057192,"Badenerstrasse 12, 8953 Dietikon",fast_food,Crispy Chicken,47.4060516,8.402481
4002057192,"Badenerstrasse 12, 8953 Dietikon",atm,n/a,47.4052153,8.4032826
4002057192,"Badenerstrasse 12, 8953 Dietikon",bar,Bar Idea,47.4050034,8.4026318
4002057192,"Badenerstrasse 12, 8953 Dietikon",atm,n/a,47.4047901,8.4024679
4002057192,"Badenerstrasse 12, 8953 Dietikon",restaurant,Okinii,47.4041958,8.4036321
4002057192,"Badenerstrasse 12, 8953 Dietikon",cafe,Mis Kaffi,47.4040737,8.4027124
4002057192,"Badenerstrasse 12, 8953 Dietikon",fast_food,Burek King,47.4047982,8.4005664
4002057192,"Badenerstrasse 12, 8953 Dietikon",fast_food,Royal Önder,47.4056015,8.3990154
4002057165,"Rue Mauborget 6, 1003 Lausanne",restaurant,Cavallo Blanco,46.523732,6.6246058
4002057165,"Rue Mauborget 6, 1003 Lausanne",restaurant,Isshin,46.5237751,6.6239393
4002057165,"Rue Mauborget 6, 1003 Lausanne",restaurant,Saigon,46.5239142,6.6247761
4002057165,"Rue Mauborget 6, 1003 Lausanne",fast_food,KFC,46.5211647,6.6299392
4002057165,"Rue Mauborget 6, 1003 Lausanne",bar,Movida,46.5231277,6.625985
4002057165,"Rue Mauborget 6, 1003 Lausanne",restaurant,PocoLoco,46.5229422,6.6259368
4002057165,"Rue Mauborget 6, 1003 Lausanne",atm,BCV,46.52266,6.627441
4002057165,"Rue Mauborget 6, 1003 Lausanne",restaurant,Au Canard Pékinois,46.5239404,6.6253316
4002057165,"Rue Mauborget 6, 1003 Lausanne",bank,Banque Cantonale Vaudoise,46.5238947,6.626227
4002057165,"Rue Mauborget 6, 1003 Lausanne",fast_food,Holy Cow,46.5226883,6.6282137
4002057165,"Rue Mauborget 6, 1003 Lausanne",fast_food,Burger King,46.5216317,6.6303121
4002057165,"Rue Mauborget 6, 1003 Lausanne",fast_food,McDonald's,46.523125,6.6271238
4002057165,"Rue Mauborget 6, 1003 Lausanne",pharmacy,Sun Store,46.5226226,6.6271508
4002057165,"Rue Mauborget 6, 1003 Lausanne",cafe,Xpresso Cafe,46.5224577,6.6273559
4002057165,"Rue Mauborget 6, 1003 Lausanne",pharmacy,Sunstore,46.5218545,6.6300254
4002057165,"Rue Mauborget 6, 1003 Lausanne",restaurant,Nihao,46.5228252,6.6294072
4002057165,"Rue Mauborget 6, 1003 Lausanne",cafe,Downtown Lausanne,46.5215056,6.6300601
4002057165,"Rue Mauborget 6, 1003 Lausanne",restaurant,Les Saveurs du Monde,46.5219989,6.6299497
4002057165,"Rue Mauborget 6, 1003 Lausanne",fast_food,Le 7ème Délice,46.5219354,6.6299603
4002057165,"Rue Mauborget 6, 1003 Lausanne",library,Bibliothèque Sonore Romande,46.5215952,6.6286515
4002057165,"Rue Mauborget 6, 1003 Lausanne",library,Bibliothèque municipale de Chauderon,46.5232425,6.6251964
4002057165,"Rue Mauborget 6, 1003 Lausanne",bar,Punk Bar,46.5210941,6.6299053
4002057165,"Rue Mauborget 6, 1003 Lausanne",atm,Bity Crypto ATM,46.5228567,6.6267654
4002057165,"Rue Mauborget 6, 1003 Lausanne",fast_food,Easyfood,46.5219433,6.6299498
4002057165,"Rue Mauborget 6, 1003 Lausanne",restaurant,Tartares & Co,46.5214144,6.6295369
4002057165,"Rue Mauborget 6, 1003 Lausanne",cafe,GreenGorilla,46.5217086,6.6302409
4002057165,"Rue Mauborget 6, 1003 Lausanne",cafe,Bel-Air Coffee,46.5228103,6.6285098
4002057165,"Rue Mauborget 6, 1003 Lausanne",fast_food,Giga Tacos,46.5226765,6.6293002
4002057165,"Rue Mauborget 6, 1003 Lausanne",restaurant,Sushi Express,46.5225878,6.6285252
4002057165,"Rue Mauborget 6, 1003 Lausanne",fast_food,The Pancakes Mafia,46.5226132,6.62847
4002057165,"Rue Mauborget 6, 1003 Lausanne",bank,Postfinance,46.5215953,6.6277962
4002057133,"Via San Gottardo 28, 6500 Bellinzona",restaurant,Ristorante Al Ponte,46.1522025,8.9493151
4002053590,"Rainweg 1A, 4713 Matzendorf",library,n/a,47.30595,7.6311981
4002053590,"Rainweg 1A, 4713 Matzendorf",parking,n/a,47.3064863,7.6290301
4002053590,"Rainweg 1A, 4713 Matzendorf",parking,n/a,47.3066341,7.6286032
4002053590,"Rainweg 1A, 4713 Matzendorf",parking,n/a,47.3052479,7.6304695
4002053590,"Rainweg 1A, 4713 Matzendorf",parking,n/a,47.3083974,7.6263997
4002049788,8107 Buchs ZH,restaurant,Restaurant Frohsinn,47.4580728,8.4392823
4002049788,8107 Buchs ZH,atm,n/a,47.4579723,8.4365691
4002049788,8107 Buchs ZH,restaurant,Restaurant Weinberg,47.4600784,8.4378004
4002049788,8107 Buchs ZH,bank,Bezirks-Sparkasse Dielsdorf,47.4580182,8.4365613
4002039400,"Maurerweg 12, 2503 Biel",atm,UBS,47.1323189,7.2511192
4002039400,"Maurerweg 12, 2503 Biel",restaurant,Restaurant Plaza,47.1318319,7.2521178
4002039400,"Maurerweg 12, 2503 Biel",cafe,Delta Bar,47.1363248,7.2569862
4002039400,"Maurerweg 12, 2503 Biel",fast_food,Bravo Pizza,47.1343076,7.255173
4002039400,"Maurerweg 12, 2503 Biel",restaurant,Migros Restaurant,47.1317879,7.2529569
4002039400,"Maurerweg 12, 2503 Biel",parking,n/a,47.1329241,7.2567841
4002039400,"Maurerweg 12, 2503 Biel",parking,n/a,47.1337612,7.2568258
4002039400,"Maurerweg 12, 2503 Biel",parking,n/a,47.1337863,7.2559719
4002039400,"Maurerweg 12, 2503 Biel",parking,n/a,47.1317562,7.2532646
4002039400,"Maurerweg 12, 2503 Biel",parking,n/a,47.1315269,7.2533636
4002039400,"Maurerweg 12, 2503 Biel",parking,n/a,47.133918,7.2541349
4002039400,"Maurerweg 12, 2503 Biel",restaurant,Hirschen,47.1313485,7.252504
4002039400,"Maurerweg 12, 2503 Biel",school,École primaire Madretsch - Primarschule Madretsch,47.1352806,7.2560845
4002039400,"Maurerweg 12, 2503 Biel",restaurant,Ristorante Pizzeria da Piano,47.1349092,7.2560281
4002039400,"Maurerweg 12, 2503 Biel",restaurant,Sonne,47.1363899,7.2574994
4002039400,"Maurerweg 12, 2503 Biel",parking,n/a,47.1359628,7.2582681
4002039400,"Maurerweg 12, 2503 Biel",parking,n/a,47.1357189,7.2595067
4002039400,"Maurerweg 12, 2503 Biel",restaurant,Cheminée,47.1365979,7.2558212
4002039400,"Maurerweg 12, 2503 Biel",restaurant,Bistro Mama Fefe,47.1326218,7.2525312
4002034398,"Engstringerstrasse 54, 8952 Schlieren",restaurant,O Douro,47.4033586,8.4481569
4002034398,"Engstringerstrasse 54, 8952 Schlieren",restaurant,Meierhöfli,47.4105916,8.447952
4002024740,8272 Ermatingen,school,n/a,47.6677473,9.0836051
4002024740,8272 Ermatingen,restaurant,Hecht,47.6722714,9.0845628
4002024740,8272 Ermatingen,pub,Linde,47.669779,9.0844003
4002024740,8272 Ermatingen,bank,Raiffeisenbank Tägerwilen,47.6688011,9.0839994
4002024740,8272 Ermatingen,library,Gemeinde- und Schulbibliothek,47.6687963,9.0803689
4002024740,8272 Ermatingen,school,Primarschule Ermatingen,47.6682364,9.0816215
4002024740,8272 Ermatingen,school,Sekundarschule Ermatingen,47.668707,9.0807892
4002024740,8272 Ermatingen,cafe,Kiosk Ermatingen,47.6700029,9.0855697
4002024740,8272 Ermatingen,parking,n/a,47.6696835,9.0828749
4002024740,8272 Ermatingen,parking,n/a,47.6694464,9.0880775
4002024740,8272 Ermatingen,parking,n/a,47.6683272,9.0879797
4002024740,8272 Ermatingen,parking,n/a,47.6732986,9.0820885
4002024740,8272 Ermatingen,restaurant,Buurebeizli Ermatingen,47.6703969,9.080253
4002024325,"Freiburgstrasse 446, 3018 Berna",restaurant,Gourmet Thai,46.9372765,7.3953188
4002024325,"Freiburgstrasse 446, 3018 Berna",restaurant,Massimo Pizza Express,46.9334797,7.3870968
4002024325,"Freiburgstrasse 446, 3018 Berna",fast_food,"Vinh Take-Away & Catering, Vietnam ASIA Food",46.9281864,7.3809904
4002017354,"Route du Chasseur 30 bis, 1008 Prilly",restaurant,Delta du Mékong,46.53414,6.6051009
4002017354,"Route du Chasseur 30 bis, 1008 Prilly",bank,UBS,46.5342693,6.6053184
4002017354,"Route du Chasseur 30 bis, 1008 Prilly",bank,BCV,46.5341474,6.6055094
4002017354,"Route du Chasseur 30 bis, 1008 Prilly",fast_food,Speed Food,46.5348372,6.6046665
4002017354,"Route du Chasseur 30 bis, 1008 Prilly",restaurant,La Treille,46.5340619,6.6068198
4002017354,"Route du Chasseur 30 bis, 1008 Prilly",bar,Caf'Arts,46.5340666,6.6067524
4002017354,"Route du Chasseur 30 bis, 1008 Prilly",library,Bibliothèque de la Ville de Prilly,46.5353478,6.6047308
4002017354,"Route du Chasseur 30 bis, 1008 Prilly",atm,n/a,46.5341981,6.6062365
4002017354,"Route du Chasseur 30 bis, 1008 Prilly",restaurant,Coop Restaurant,46.5344621,6.6059901
4002017354,"Route du Chasseur 30 bis, 1008 Prilly",fast_food,Kebab Floréal,46.534796,6.6045897
4002017354,"Route du Chasseur 30 bis, 1008 Prilly",fast_food,Food,46.5347974,6.6059542
4002017354,"Route du Chasseur 30 bis, 1008 Prilly",restaurant,iSushi,46.5375912,6.6067067
4002003120,"Seestrasse 136-142, 8707 Uetikon am See",parking,n/a,47.2591461,8.6757476
4002003120,"Seestrasse 136-142, 8707 Uetikon am See",restaurant,Zehn Eat & Shop,47.2592564,8.6795228
4002003120,"Seestrasse 136-142, 8707 Uetikon am See",atm,n/a,47.2590272,8.6791104
4002003120,"Seestrasse 136-142, 8707 Uetikon am See",school,SIS Swiss International School,47.2573943,8.6822583
4001995122,8152 Opfikon,restaurant,Frohsinn,47.4317595,8.5732007
4001995122,8152 Opfikon,restaurant,Al Mouchtar,47.4327251,8.56498
4001995122,8152 Opfikon,restaurant,Gibeleich,47.4287859,8.5648513
4001995122,8152 Opfikon,restaurant,China Fast & Good,47.433883,8.5663659
4001995122,8152 Opfikon,parking,n/a,47.4329496,8.5667331
4001995122,8152 Opfikon,restaurant,Casa Alegria,47.4337714,8.566333
4001987343,3780 Gstaad,restaurant,MEGU,46.4762371,7.2886395
4001987343,3780 Gstaad,restaurant,Sommet by Martin Göschel,46.4762698,7.2884595
4001987343,3780 Gstaad,restaurant,Gildo's Ristorante,46.473344,7.2898417
4001987343,3780 Gstaad,restaurant,Le Grill,46.4732033,7.2900388
4001987343,3780 Gstaad,restaurant,Le Grand Restaurant et La Grande Terrasse,46.4730619,7.2896418
4001978241,"Dorfstrasse 14, 4206 Seewen SO",school,n/a,47.4375676,7.6603218
4001978241,"Dorfstrasse 14, 4206 Seewen SO",restaurant,Sonne,47.435175,7.657876
4001978241,"Dorfstrasse 14, 4206 Seewen SO",restaurant,Rössli,47.4345013,7.6586577
4001978241,"Dorfstrasse 14, 4206 Seewen SO",atm,n/a,47.4346766,7.6584069
4001915132,"Rotwandstrasse 66, 8004 Zürich",fast_food,McDonald's,47.3734328,8.5297366
4001915132,"Rotwandstrasse 66, 8004 Zürich",pharmacy,Berg-Apotheke by Medbase,47.3731732,8.5293204
4001915132,"Rotwandstrasse 66, 8004 Zürich",cafe,St. Jakob Beck,47.3738054,8.5278402
4001915132,"Rotwandstrasse 66, 8004 Zürich",atm,Postfinance,47.3765515,8.5273634
4001915132,"Rotwandstrasse 66, 8004 Zürich",restaurant,Sonne,47.3772976,8.5269997
4001915132,"Rotwandstrasse 66, 8004 Zürich",restaurant,Fribourger Stübli,47.375039,8.5281814
4001915132,"Rotwandstrasse 66, 8004 Zürich",restaurant,Le Cèdre,47.3738833,8.5264947
4001915132,"Rotwandstrasse 66, 8004 Zürich",restaurant,Ristorante Italia,47.3763729,8.5292946
4001915132,"Rotwandstrasse 66, 8004 Zürich",parking,n/a,47.3740752,8.5266543
4001915132,"Rotwandstrasse 66, 8004 Zürich",parking,n/a,47.3740024,8.5273911
4001915132,"Rotwandstrasse 66, 8004 Zürich",restaurant,The Bite,47.3773121,8.5277904
4001915132,"Rotwandstrasse 66, 8004 Zürich",restaurant,Volkshaus,47.3755766,8.5271252
4001915132,"Rotwandstrasse 66, 8004 Zürich",restaurant,Bossa Nova,47.3770748,8.5274942
4001915132,"Rotwandstrasse 66, 8004 Zürich",bar,raedli,47.3772164,8.5276576
4001915132,"Rotwandstrasse 66, 8004 Zürich",fast_food,Biergarten,47.3769346,8.5272308
4001915132,"Rotwandstrasse 66, 8004 Zürich",cafe,Kiosk Semal,47.376537,8.5282242
4001915132,"Rotwandstrasse 66, 8004 Zürich",bar,Egoist Cabaret Nightclub,47.3764297,8.5280245
4001915132,"Rotwandstrasse 66, 8004 Zürich",restaurant,Brasserie Café de Paris,47.376328,8.527878
4001915132,"Rotwandstrasse 66, 8004 Zürich",restaurant,Ach'i,47.3770439,8.5287783
4001915132,"Rotwandstrasse 66, 8004 Zürich",restaurant,Thai-Food-Corner,47.3769262,8.5284802
4001915132,"Rotwandstrasse 66, 8004 Zürich",bar,Norden,47.3767507,8.5284977
4001915132,"Rotwandstrasse 66, 8004 Zürich",restaurant,Trübli Bar,47.3765636,8.5290029
4001915132,"Rotwandstrasse 66, 8004 Zürich",bar,Monroe,47.3774661,8.5279076
4001915132,"Rotwandstrasse 66, 8004 Zürich",restaurant,Molino,47.3734849,8.5287165
4001915132,"Rotwandstrasse 66, 8004 Zürich",restaurant,Ichizen,47.3737975,8.5274539
4001915132,"Rotwandstrasse 66, 8004 Zürich",restaurant,Don Leone,47.3746589,8.5290969
4001915132,"Rotwandstrasse 66, 8004 Zürich",restaurant,Convivio,47.3757244,8.5292515
4001915132,"Rotwandstrasse 66, 8004 Zürich",restaurant,Accademia del Gusto,47.375334,8.5286575
4001915132,"Rotwandstrasse 66, 8004 Zürich",bar,E.X. 4,47.3757372,8.5288666
4001915132,"Rotwandstrasse 66, 8004 Zürich",restaurant,Ikoo,47.3748928,8.5287964
4001915132,"Rotwandstrasse 66, 8004 Zürich",restaurant,D'Aurora,47.3751694,8.528416
4001915132,"Rotwandstrasse 66, 8004 Zürich",bar,Daniel H.,47.3754267,8.5293032
4001915132,"Rotwandstrasse 66, 8004 Zürich",restaurant,Osteria Santo Bevitore,47.3754803,8.5284806
4001915132,"Rotwandstrasse 66, 8004 Zürich",bar,Vasco's Bar,47.3744297,8.5298014
4001915132,"Rotwandstrasse 66, 8004 Zürich",restaurant,Meat Me,47.3742016,8.5307896
4001915132,"Rotwandstrasse 66, 8004 Zürich",bar,Sherif's Bar,47.3742758,8.5299844
4001915132,"Rotwandstrasse 66, 8004 Zürich",restaurant,Sweet Basil,47.3743454,8.5295536
4001915132,"Rotwandstrasse 66, 8004 Zürich",restaurant,Real,47.3743453,8.5306087
4001915132,"Rotwandstrasse 66, 8004 Zürich",restaurant,Akaraka,47.3746892,8.5294759
4001915132,"Rotwandstrasse 66, 8004 Zürich",restaurant,Bunzai,47.3746427,8.5302421
4001915132,"Rotwandstrasse 66, 8004 Zürich",bar,After Dark,47.3765798,8.5281669
4001915132,"Rotwandstrasse 66, 8004 Zürich",bar,Kanonaegass,47.3772915,8.5291113
4001915132,"Rotwandstrasse 66, 8004 Zürich",bar,Art 4 Bar,47.3774238,8.5292763
4001915132,"Rotwandstrasse 66, 8004 Zürich",bar,Love Story,47.3764724,8.5284217
4001915132,"Rotwandstrasse 66, 8004 Zürich",restaurant,The Sacred,47.3760618,8.5288696
4001915132,"Rotwandstrasse 66, 8004 Zürich",restaurant,Hongxi,47.3777904,8.5296685
4001915132,"Rotwandstrasse 66, 8004 Zürich",bar,Don Miguel,47.3761788,8.5286665
4001915132,"Rotwandstrasse 66, 8004 Zürich",restaurant,Tabula Rasa,47.377911,8.5294772
4001915132,"Rotwandstrasse 66, 8004 Zürich",fast_food,Firehouse Subs,47.3734118,8.5296229
4001915132,"Rotwandstrasse 66, 8004 Zürich",restaurant,Ah-Hua,47.3760904,8.5278522
4001915132,"Rotwandstrasse 66, 8004 Zürich",fast_food,Marronistand,47.3735633,8.5292099
4001915132,"Rotwandstrasse 66, 8004 Zürich",bar,The Mixt,47.3755383,8.529159
4001915132,"Rotwandstrasse 66, 8004 Zürich",restaurant,Don Leone,47.3749163,8.5291408
4001915132,"Rotwandstrasse 66, 8004 Zürich",restaurant,Centro,47.3760181,8.5277705
4001915132,"Rotwandstrasse 66, 8004 Zürich",restaurant,Tschingg,47.373809,8.5296981
4001915132,"Rotwandstrasse 66, 8004 Zürich",restaurant,Brenso,47.3767849,8.526869
4001915132,"Rotwandstrasse 66, 8004 Zürich",cafe,Starbucks,47.3734609,8.5298891
4001915132,"Rotwandstrasse 66, 8004 Zürich",fast_food,Bilo Bistro,47.3764202,8.5283268
4001915132,"Rotwandstrasse 66, 8004 Zürich",restaurant,Bund 39,47.3749607,8.5287161
4001915132,"Rotwandstrasse 66, 8004 Zürich",restaurant,Cima Curry,47.3776729,8.5295685
4001915132,"Rotwandstrasse 66, 8004 Zürich",cafe,McCafé,47.3733935,8.5297525
4001915132,"Rotwandstrasse 66, 8004 Zürich",restaurant,Pho Mai,47.3755405,8.528631
4001915132,"Rotwandstrasse 66, 8004 Zürich",bar,Glamour Bar,47.3758798,8.5294424
4001915132,"Rotwandstrasse 66, 8004 Zürich",clinic,Ambulatorium Kanonengasse,47.3775007,8.5296854
4001915132,"Rotwandstrasse 66, 8004 Zürich",clinic,Ambulatorium Kanonengasse,47.3776645,8.5299678
4001915132,"Rotwandstrasse 66, 8004 Zürich",restaurant,Mythos,47.3737799,8.5285146
4001915132,"Rotwandstrasse 66, 8004 Zürich",restaurant,The Yard,47.3759287,8.5276269
4001915132,"Rotwandstrasse 66, 8004 Zürich",restaurant,Tsukada Gaijin Izakaya,47.3778441,8.5295709
4001915132,"Rotwandstrasse 66, 8004 Zürich",bar,Campo,47.3762866,8.5270834
4001915132,"Rotwandstrasse 66, 8004 Zürich",fast_food,Zürich Fried Chicken,47.3751013,8.5285248
4001915132,"Rotwandstrasse 66, 8004 Zürich",fast_food,Edy's,47.3737038,8.5300022
4001915132,"Rotwandstrasse 66, 8004 Zürich",fast_food,Huncho,47.3771779,8.5290073
4001915132,"Rotwandstrasse 66, 8004 Zürich",bar,Rasputin,47.3768356,8.5274675
4001915132,"Rotwandstrasse 66, 8004 Zürich",atm,n/a,47.3769288,8.5273742
4001915132,"Rotwandstrasse 66, 8004 Zürich",cafe,Deus Ex Machina,47.3770428,8.5268946
4001915132,"Rotwandstrasse 66, 8004 Zürich",cafe,kafi babar,47.3744709,8.5297287
4001915132,"Rotwandstrasse 66, 8004 Zürich",restaurant,Ristorante Italia,47.3764793,8.5291319
4001915132,"Rotwandstrasse 66, 8004 Zürich",restaurant,LÈ Cuisine,47.3738604,8.5279624
4001915132,"Rotwandstrasse 66, 8004 Zürich",cafe,Tsugi,47.3768492,8.526866
4001910718,"Seengerstrasse 28, 5706 Boniswil",library,Bibliothek,47.3157785,8.1879319
4001910718,"Seengerstrasse 28, 5706 Boniswil",library,Schul- und Gemeindebibliothek Boniswil,47.3140872,8.1829194
4001910718,"Seengerstrasse 28, 5706 Boniswil",cafe,Schlosscafé,47.3233713,8.1943065
4001910718,"Seengerstrasse 28, 5706 Boniswil",parking,n/a,47.3165557,8.1872965
4001910718,"Seengerstrasse 28, 5706 Boniswil",parking,n/a,47.3150946,8.1869709
4001910718,"Seengerstrasse 28, 5706 Boniswil",restaurant,Speiserestaurant Hallwyl,47.3247636,8.2009036
4001886542,"Rotbuchstrasse 9, 8006 Zürich",atm,Postfinance,47.392108,8.5382165
4001886542,"Rotbuchstrasse 9, 8006 Zürich",cafe,Kafischnaps,47.3912249,8.5359972
4001886542,"Rotbuchstrasse 9, 8006 Zürich",restaurant,La Casa,47.3901801,8.5400652
4001886542,"Rotbuchstrasse 9, 8006 Zürich",fast_food,Richie's Chicken,47.3905675,8.5394452
4001886542,"Rotbuchstrasse 9, 8006 Zürich",cafe,Bakery Bakery,47.3920571,8.5391006
4001886542,"Rotbuchstrasse 9, 8006 Zürich",cafe,Café Unterstrass,47.3921165,8.5386272
4001886542,"Rotbuchstrasse 9, 8006 Zürich",pharmacy,Apotheke Schaffhauserplatz,47.3916892,8.5383642
4001886542,"Rotbuchstrasse 9, 8006 Zürich",fast_food,Libanes Take Away,47.3928661,8.5392848
4001886542,"Rotbuchstrasse 9, 8006 Zürich",cafe,Café des Amis,47.3886467,8.5361093
4001886542,"Rotbuchstrasse 9, 8006 Zürich",restaurant,Mama's Beck,47.3885695,8.539287
4001886542,"Rotbuchstrasse 9, 8006 Zürich",restaurant,Thali Indian Restaurant,47.390294,8.5392273
4001886542,"Rotbuchstrasse 9, 8006 Zürich",restaurant,SimSim,47.3878521,8.5392302
4001886542,"Rotbuchstrasse 9, 8006 Zürich",restaurant,Al Ventotto,47.3902274,8.538794
4001886542,"Rotbuchstrasse 9, 8006 Zürich",fast_food,Con Gusto,47.3919608,8.5390827
4001886542,"Rotbuchstrasse 9, 8006 Zürich",fast_food,Blooming Juice,47.3914598,8.539107
4001886542,"Rotbuchstrasse 9, 8006 Zürich",restaurant,differente,47.3881157,8.5390656
4001886542,"Rotbuchstrasse 9, 8006 Zürich",restaurant,Edi,47.3886532,8.5392721
4001886542,"Rotbuchstrasse 9, 8006 Zürich",restaurant,Neri,47.3922718,8.5315976
4001867060,"Dorfgasse 4, 8708 Männedorf",bank,Regiobank Männedorf,47.2534662,8.6916512
4001867060,"Dorfgasse 4, 8708 Männedorf",bank,Raiffeisen,47.2530802,8.6922732
4001867060,"Dorfgasse 4, 8708 Männedorf",cafe,Flohmi-Cafè,47.2541869,8.6907877
4001867060,"Dorfgasse 4, 8708 Männedorf",restaurant,Choi's,47.2538901,8.6902208
4001867060,"Dorfgasse 4, 8708 Männedorf",bank,Zürcher Kantonalbank,47.2546676,8.6912552
4001867060,"Dorfgasse 4, 8708 Männedorf",parking,n/a,47.2591461,8.6757476
4001867060,"Dorfgasse 4, 8708 Männedorf",pharmacy,TopPharm,47.2532533,8.6895271
4001867060,"Dorfgasse 4, 8708 Männedorf",restaurant,Ristorante da Mamma Lisetta,47.2526815,8.6916103
4001867060,"Dorfgasse 4, 8708 Männedorf",parking,Kurzzeit 15 min,47.2524527,8.6944037
4001867060,"Dorfgasse 4, 8708 Männedorf",parking,Kurzzeit 15 min,47.2533227,8.6920114
4001867060,"Dorfgasse 4, 8708 Männedorf",cafe,Sunnmatt Veranda,47.2575512,8.6885257
4001867060,"Dorfgasse 4, 8708 Männedorf",atm,n/a,47.2590272,8.6791104
4001867060,"Dorfgasse 4, 8708 Männedorf",parking,n/a,47.255272,8.6901681
4001867060,"Dorfgasse 4, 8708 Männedorf",restaurant,Cortali,47.2557549,8.6895976
4001867060,"Dorfgasse 4, 8708 Männedorf",cafe,Krug,47.2560845,8.6891598
4001867060,"Dorfgasse 4, 8708 Männedorf",restaurant,Big Burger,47.2531404,8.6899729
4001867060,"Dorfgasse 4, 8708 Männedorf",bar,Schiff-Bar,47.253176,8.6898906
4001867060,"Dorfgasse 4, 8708 Männedorf",cafe,Steiner,47.2551884,8.6900937
4001867060,"Dorfgasse 4, 8708 Männedorf",restaurant,Spice Village,47.2571539,8.6838301
4001867060,"Dorfgasse 4, 8708 Männedorf",restaurant,Schiffstation,47.2528858,8.6889906
4001867060,"Dorfgasse 4, 8708 Männedorf",bar,Sichtbar,47.2592491,8.6748191
4001867060,"Dorfgasse 4, 8708 Männedorf",school,SIS Swiss International School,47.2573943,8.6822583
4001867060,"Dorfgasse 4, 8708 Männedorf",atm,n/a,47.2527478,8.6931889
4002081565,"Hottingerstrasse 38, 8032 Zürich",pharmacy,Dropa Hottingen,47.3697086,8.5557788
4002081565,"Hottingerstrasse 38, 8032 Zürich",restaurant,Rosengarten,47.3697879,8.5563885
4002081565,"Hottingerstrasse 38, 8032 Zürich",restaurant,Minine,47.3690028,8.5500485
4002081565,"Hottingerstrasse 38, 8032 Zürich",restaurant,Wolfbach,47.3703441,8.552204
4002081565,"Hottingerstrasse 38, 8032 Zürich",restaurant,Afghan Anar,47.3697919,8.5529812
4002081565,"Hottingerstrasse 38, 8032 Zürich",cafe,Café Berner,47.3695588,8.5540543
4002081565,"Hottingerstrasse 38, 8032 Zürich",restaurant,Bei Moudi am Kunsthaus,47.3707349,8.5479863
4002081565,"Hottingerstrasse 38, 8032 Zürich",cafe,Le Pain Quotidien,47.3683702,8.5605979
4002081565,"Hottingerstrasse 38, 8032 Zürich",parking,n/a,47.3706752,8.5484952
4002081565,"Hottingerstrasse 38, 8032 Zürich",restaurant,Santa Lucia,47.3700945,8.5491025
4002081565,"Hottingerstrasse 38, 8032 Zürich",restaurant,Restaurant Römerblick,47.3680769,8.5597987
4002081565,"Hottingerstrasse 38, 8032 Zürich",pharmacy,BENU Apotheke,47.3680176,8.5599727
4002081565,"Hottingerstrasse 38, 8032 Zürich",cafe,Vier Linden Imbiss-Café,47.3696191,8.5554987
4002081565,"Hottingerstrasse 38, 8032 Zürich",pharmacy,Pfauen-Apotheke,47.3706294,8.5496573
4002081565,"Hottingerstrasse 38, 8032 Zürich",parking,Kulturama Besucherparkplatz,47.3687928,8.5553944
4002081565,"Hottingerstrasse 38, 8032 Zürich",pub,Bar am Egge,47.369497,8.557336
4002081565,"Hottingerstrasse 38, 8032 Zürich",cafe,Café Paradiesli,47.3708122,8.557219
4002081565,"Hottingerstrasse 38, 8032 Zürich",bank,UBS,47.3681554,8.5608008
4002081565,"Hottingerstrasse 38, 8032 Zürich",restaurant,Mensa Rämi 59,47.3720996,8.5498961
4002081565,"Hottingerstrasse 38, 8032 Zürich",restaurant,Dal Sardo,47.3679132,8.5602255
4002081565,"Hottingerstrasse 38, 8032 Zürich",library,Bibliothek Ostasien,47.3722457,8.5501786
4002081565,"Hottingerstrasse 38, 8032 Zürich",library,Kunsthaus Bibliothek,47.3698909,8.5482874
4002081565,"Hottingerstrasse 38, 8032 Zürich",restaurant,Mori Ramen,47.3703532,8.549533
4002081565,"Hottingerstrasse 38, 8032 Zürich",bar,Kunsthaus Bar,47.3707857,8.549135
4002081565,"Hottingerstrasse 38, 8032 Zürich",school,LernCenter Zürich,47.3686165,8.5589345
4002081565,"Hottingerstrasse 38, 8032 Zürich",restaurant,La Mirada,47.3677107,8.5545051
4002081565,"Hottingerstrasse 38, 8032 Zürich",restaurant,OASE,47.3682297,8.5574355
4002081565,"Hottingerstrasse 38, 8032 Zürich",fast_food,Marronistand,47.3703523,8.5487701
4002081565,"Hottingerstrasse 38, 8032 Zürich",parking,n/a,47.370092,8.5577079
4002077167,"Kammermattweg 3, 4107 Ettingen",pharmacy,Blauen Apotheke,47.4847919,7.5479418
4002077167,"Kammermattweg 3, 4107 Ettingen",restaurant,Waage,47.4822899,7.5449896
4002077167,"Kammermattweg 3, 4107 Ettingen",restaurant,Bahnhof,47.4835242,7.5462806
4002077167,"Kammermattweg 3, 4107 Ettingen",bank,Raiffeisenbank Leimental,47.481861,7.5445657
4002075406,"Mostelbergstrasse 3B, 6417 Sattel",bank,Raiffeisenbank Ägerital-Sattel,47.0810648,8.6334008
4002075406,"Mostelbergstrasse 3B, 6417 Sattel",restaurant,Bären,47.0826387,8.6366299
4002071005,"Chemin du Devin 47B, 1012 Lausanne",parking,n/a,46.5292133,6.6503543
4002071005,"Chemin du Devin 47B, 1012 Lausanne",parking,n/a,46.5312086,6.6517861
4002071005,"Chemin du Devin 47B, 1012 Lausanne",parking,n/a,46.531182,6.6518164
4002071005,"Chemin du Devin 47B, 1012 Lausanne",parking,n/a,46.5311032,6.6519281
4002071005,"Chemin du Devin 47B, 1012 Lausanne",parking,n/a,46.5314019,6.6524828
4002071005,"Chemin du Devin 47B, 1012 Lausanne",parking,n/a,46.5316027,6.652361
4002071005,"Chemin du Devin 47B, 1012 Lausanne",cafe,La Rotonde,46.5328266,6.6474109
4002069592,"Rütistrasse 4, 8032 Zürich",pharmacy,Dropa Hottingen,47.3697086,8.5557788
4002069592,"Rütistrasse 4, 8032 Zürich",restaurant,Rosengarten,47.3697879,8.5563885
4002069592,"Rütistrasse 4, 8032 Zürich",restaurant,Aroma,47.3654698,8.5636573
4002069592,"Rütistrasse 4, 8032 Zürich",cafe,Le Pain Quotidien,47.3683702,8.5605979
4002069592,"Rütistrasse 4, 8032 Zürich",restaurant,Luca²,47.3667843,8.5616996
4002069592,"Rütistrasse 4, 8032 Zürich",restaurant,Restaurant Römerblick,47.3680769,8.5597987
4002069592,"Rütistrasse 4, 8032 Zürich",pharmacy,BENU Apotheke,47.3680176,8.5599727
4002069592,"Rütistrasse 4, 8032 Zürich",cafe,Vier Linden Imbiss-Café,47.3696191,8.5554987
4002069592,"Rütistrasse 4, 8032 Zürich",pub,Bar am Egge,47.369497,8.557336
4002069592,"Rütistrasse 4, 8032 Zürich",restaurant,Bistrot à Paris,47.3673012,8.56085
4002069592,"Rütistrasse 4, 8032 Zürich",bank,UBS,47.3681554,8.5608008
4002069592,"Rütistrasse 4, 8032 Zürich",restaurant,Klosbächli,47.3662504,8.5567344
4002069592,"Rütistrasse 4, 8032 Zürich",restaurant,Dal Sardo,47.3679132,8.5602255
4002069592,"Rütistrasse 4, 8032 Zürich",restaurant,Europa,47.3666017,8.5575853
4002069592,"Rütistrasse 4, 8032 Zürich",school,LernCenter Zürich,47.3686165,8.5589345
4002069592,"Rütistrasse 4, 8032 Zürich",restaurant,OASE,47.3682297,8.5574355
4002069592,"Rütistrasse 4, 8032 Zürich",parking,n/a,47.370092,8.5577079
4002066429,"Allmannstrasse 55, 8052 Zürich",university,"Universität Zürich, Oerlikon (BIN)",47.4143948,8.5496239
4002066429,"Allmannstrasse 55, 8052 Zürich",restaurant,Mensa UZH Binzmühle,47.4143458,8.549391
4002066429,"Allmannstrasse 55, 8052 Zürich",library,Universitätsbibliothek Psychologie,47.4145697,8.5497059
4002066402,"Allmannstrasse 55, 8052 Zürich",university,"Universität Zürich, Oerlikon (BIN)",47.4143948,8.5496239
4002066402,"Allmannstrasse 55, 8052 Zürich",restaurant,Mensa UZH Binzmühle,47.4143458,8.549391
4002066402,"Allmannstrasse 55, 8052 Zürich",library,Universitätsbibliothek Psychologie,47.4145697,8.5497059
4002059553,"Reimen 2, 8775 Hätzingen",parking,n/a,46.9663165,9.0363273
4002059553,"Reimen 2, 8775 Hätzingen",parking,n/a,46.9605833,9.0370609
4002059553,"Reimen 2, 8775 Hätzingen",school,n/a,46.9594282,9.0350546
4002059553,"Reimen 2, 8775 Hätzingen",restaurant,Skistübli,46.9590053,9.0359759
4002059553,"Reimen 2, 8775 Hätzingen",school,n/a,46.9512326,9.0309461
4002047825,8623 Wetzikon ZH,parking,n/a,47.3294157,8.8130739
4002047825,8623 Wetzikon ZH,parking,n/a,47.3311136,8.8116591
4002047825,8623 Wetzikon ZH,pharmacy,Apotheke Kempten,47.3315882,8.8077956
4002047825,8623 Wetzikon ZH,fast_food,Bangkok Takeaway,47.3321392,8.8100907
4002047825,8623 Wetzikon ZH,parking,n/a,47.3292138,8.8193674
4002047825,8623 Wetzikon ZH,parking,n/a,47.3295146,8.8195044
4002047825,8623 Wetzikon ZH,parking,n/a,47.3294604,8.820193
4002047825,8623 Wetzikon ZH,parking,n/a,47.3295444,8.8203447
4002047825,8623 Wetzikon ZH,cafe,Berrylicious Café,47.3324921,8.8111215
4002047825,8623 Wetzikon ZH,restaurant,Terrasse-Galeria,47.3321643,8.8102949
4002047825,8623 Wetzikon ZH,school,Schule der Kinder,47.3330575,8.8170981
4002047825,8623 Wetzikon ZH,parking,n/a,47.3301767,8.8190689
4002047825,8623 Wetzikon ZH,parking,n/a,47.3341256,8.8166707
4002047825,8623 Wetzikon ZH,parking,n/a,47.3339802,8.8168877
4002047825,8623 Wetzikon ZH,parking,n/a,47.3339127,8.8171946
4002047825,8623 Wetzikon ZH,parking,n/a,47.3343105,8.8182823
4002047825,8623 Wetzikon ZH,restaurant,Na Nu Vietnam Kitchen,47.3327794,8.8111557
4002038535,"Aentenschnabel, 8353 Elgg",atm,n/a,47.4947443,8.8658532
4002038535,"Aentenschnabel, 8353 Elgg",fast_food,Your Eat Elgg Restaurant & Kurier,47.4948238,8.8653602
4002038535,"Aentenschnabel, 8353 Elgg",fast_food,Kebab Bahnhof Elgg,47.4984291,8.8634063
4002038535,"Aentenschnabel, 8353 Elgg",restaurant,Da Mè,47.4981749,8.8642546
4002038105,"Maurerweg 12, 2503 Biel",atm,UBS,47.1323189,7.2511192
4002038105,"Maurerweg 12, 2503 Biel",restaurant,Restaurant Plaza,47.1318319,7.2521178
4002038105,"Maurerweg 12, 2503 Biel",cafe,Delta Bar,47.1363248,7.2569862
4002038105,"Maurerweg 12, 2503 Biel",fast_food,Bravo Pizza,47.1343076,7.255173
4002038105,"Maurerweg 12, 2503 Biel",restaurant,Migros Restaurant,47.1317879,7.2529569
4002038105,"Maurerweg 12, 2503 Biel",parking,n/a,47.1329241,7.2567841
4002038105,"Maurerweg 12, 2503 Biel",parking,n/a,47.1337612,7.2568258
4002038105,"Maurerweg 12, 2503 Biel",parking,n/a,47.1337863,7.2559719
4002038105,"Maurerweg 12, 2503 Biel",parking,n/a,47.1317562,7.2532646
4002038105,"Maurerweg 12, 2503 Biel",parking,n/a,47.1315269,7.2533636
4002038105,"Maurerweg 12, 2503 Biel",parking,n/a,47.133918,7.2541349
4002038105,"Maurerweg 12, 2503 Biel",restaurant,Hirschen,47.1313485,7.252504
4002038105,"Maurerweg 12, 2503 Biel",school,École primaire Madretsch - Primarschule Madretsch,47.1352806,7.2560845
4002038105,"Maurerweg 12, 2503 Biel",restaurant,Ristorante Pizzeria da Piano,47.1349092,7.2560281
4002038105,"Maurerweg 12, 2503 Biel",restaurant,Sonne,47.1363899,7.2574994
4002038105,"Maurerweg 12, 2503 Biel",parking,n/a,47.1359628,7.2582681
4002038105,"Maurerweg 12, 2503 Biel",parking,n/a,47.1357189,7.2595067
4002038105,"Maurerweg 12, 2503 Biel",restaurant,Cheminée,47.1365979,7.2558212
4002038105,"Maurerweg 12, 2503 Biel",restaurant,Bistro Mama Fefe,47.1326218,7.2525312
4002037735,"Hauptstrasse 58, 8553 Hüttlingen",restaurant,Landgasthof Schwanen,47.5730445,8.9459558
4002037735,"Hauptstrasse 58, 8553 Hüttlingen",restaurant,Restaurant Waage,47.5785572,8.9803358
4002024967,"Seefeldstrasse 231, 8008 Zürich",restaurant,Strand-Restaurant Tiefenbrunnen,47.3519701,8.5580482
4002024967,"Seefeldstrasse 231, 8008 Zürich",restaurant,La Trattoria Blumenau,47.3490341,8.5631953
4002024967,"Seefeldstrasse 231, 8008 Zürich",fast_food,gooods,47.3499921,8.5614135
4002024967,"Seefeldstrasse 231, 8008 Zürich",bar,Seefeldbar,47.3547507,8.5571903
4002024967,"Seefeldstrasse 231, 8008 Zürich",restaurant,Brasserie Seefeld,47.3526098,8.5591926
4002024967,"Seefeldstrasse 231, 8008 Zürich",restaurant,La Zagra,47.3488821,8.5633128
4002024967,"Seefeldstrasse 231, 8008 Zürich",parking,n/a,47.3511274,8.5617765
4002024967,"Seefeldstrasse 231, 8008 Zürich",cafe,Kornsilo,47.3517143,8.560923
4002024967,"Seefeldstrasse 231, 8008 Zürich",clinic,Onkozentrum Zürich Seefeld,47.3529907,8.5586867
4002024967,"Seefeldstrasse 231, 8008 Zürich",bar,Blaue Ente,47.3517875,8.5611622
4002024967,"Seefeldstrasse 231, 8008 Zürich",restaurant,Blaue Ente,47.3519503,8.5611316
4002024967,"Seefeldstrasse 231, 8008 Zürich",school,Freie Privatschule Zürich,47.3478076,8.5644682
4002024967,"Seefeldstrasse 231, 8008 Zürich",cafe,Spuntino,47.3546706,8.5576663
4002024967,"Seefeldstrasse 231, 8008 Zürich",cafe,n/a,47.3524365,8.5593081
4002006222,"Mülhauserstrasse, 4056 Basel",restaurant,Vogesenstube,47.5688305,7.5795549
4002006222,"Mülhauserstrasse, 4056 Basel",restaurant,Bistro Munarts,47.5693206,7.5791429
4002006222,"Mülhauserstrasse, 4056 Basel",restaurant,Pizza Point,47.5684632,7.5802632
4002006222,"Mülhauserstrasse, 4056 Basel",pharmacy,Europa Apotheke,47.5695378,7.5792118
4002006222,"Mülhauserstrasse, 4056 Basel",fast_food,Volta Pizza & Kebap Haus,47.5683075,7.5800741
4002006222,"Mülhauserstrasse, 4056 Basel",restaurant,Humor Labor Pello,47.5669753,7.5792029
4002006222,"Mülhauserstrasse, 4056 Basel",fast_food,The Kitchen Focacceria,47.5684475,7.5796802
4002006222,"Mülhauserstrasse, 4056 Basel",fast_food,Vegitat,47.5682433,7.5801469
4002006222,"Mülhauserstrasse, 4056 Basel",restaurant,LoLa,47.5684242,7.5771542
4002006222,"Mülhauserstrasse, 4056 Basel",restaurant,Krishna,47.5681757,7.580543
4002006222,"Mülhauserstrasse, 4056 Basel",bar,Zum Johann,47.5676265,7.5807154
4002006222,"Mülhauserstrasse, 4056 Basel",restaurant,Taverne Johann,47.5650038,7.5782226
4002006222,"Mülhauserstrasse, 4056 Basel",pharmacy,Medbase Apotheke Vogesen,47.568252,7.5792322
4002006222,"Mülhauserstrasse, 4056 Basel",restaurant,Mezzo,47.5685381,7.5804652
4002006222,"Mülhauserstrasse, 4056 Basel",cafe,Cafe St. Johan,47.5685235,7.5798515
4002006222,"Mülhauserstrasse, 4056 Basel",restaurant,Lotus Garden,47.5665142,7.5808066
4002006222,"Mülhauserstrasse, 4056 Basel",bar,Café Bar Treffpunkt,47.5692057,7.5795769
4002006222,"Mülhauserstrasse, 4056 Basel",restaurant,n/a,47.567018,7.5792944
4002006222,"Mülhauserstrasse, 4056 Basel",restaurant,Humor Labor Pello,47.5669191,7.5791756
4002006222,"Mülhauserstrasse, 4056 Basel",restaurant,Johanniter,47.5687887,7.5815176
4002006222,"Mülhauserstrasse, 4056 Basel",fast_food,Pizza Pronta,47.5682571,7.5798928
4001978238,"Dorfstrasse 14, 4206 Seewen SO",school,n/a,47.4375676,7.6603218
4001978238,"Dorfstrasse 14, 4206 Seewen SO",restaurant,Sonne,47.435175,7.657876
4001978238,"Dorfstrasse 14, 4206 Seewen SO",restaurant,Rössli,47.4345013,7.6586577
4001978238,"Dorfstrasse 14, 4206 Seewen SO",atm,n/a,47.4346766,7.6584069
4001977767,"Henri-Mussard, 1208 Genève",school,École de Roches,46.1980944,6.1614069
4001977767,"Henri-Mussard, 1208 Genève",pharmacy,Pharmacie du Museum,46.1976943,6.1612042
4001977767,"Henri-Mussard, 1208 Genève",restaurant,Ketori,46.1955885,6.1636365
4001977767,"Henri-Mussard, 1208 Genève",restaurant,Mage,46.1964412,6.163468
4001977767,"Henri-Mussard, 1208 Genève",cafe,Oh Martine !,46.1998671,6.1627199
4001964391,"Eichelwiesenstrasse 4, 8305 Dietlikon",atm,n/a,47.4219144,8.6195976
4001964391,"Eichelwiesenstrasse 4, 8305 Dietlikon",parking,Post,47.4221767,8.6195687
4001964391,"Eichelwiesenstrasse 4, 8305 Dietlikon",restaurant,Rosengarten,47.4233325,8.6184143
4001964391,"Eichelwiesenstrasse 4, 8305 Dietlikon",fast_food,Burger King,47.4190061,8.6244439
4001964391,"Eichelwiesenstrasse 4, 8305 Dietlikon",parking,n/a,47.4181218,8.6215047
4001964391,"Eichelwiesenstrasse 4, 8305 Dietlikon",pharmacy,Zentrum Apotheke,47.4227487,8.6187655
4001964391,"Eichelwiesenstrasse 4, 8305 Dietlikon",restaurant,Nota Bene,47.4229946,8.6180236
4001964391,"Eichelwiesenstrasse 4, 8305 Dietlikon",atm,n/a,47.4231469,8.6179573
4001964391,"Eichelwiesenstrasse 4, 8305 Dietlikon",parking,n/a,47.4201263,8.6221723
4001964391,"Eichelwiesenstrasse 4, 8305 Dietlikon",parking,n/a,47.4227421,8.6190494
4001964391,"Eichelwiesenstrasse 4, 8305 Dietlikon",restaurant,Kawali Asian Restaurant,47.4217691,8.6195061
4001964391,"Eichelwiesenstrasse 4, 8305 Dietlikon",parking,n/a,47.4183739,8.6244198
4001950380,"Rotwandstrasse 66, 8004 Zürich",fast_food,McDonald's,47.3734328,8.5297366
4001950380,"Rotwandstrasse 66, 8004 Zürich",pharmacy,Berg-Apotheke by Medbase,47.3731732,8.5293204
4001950380,"Rotwandstrasse 66, 8004 Zürich",cafe,St. Jakob Beck,47.3738054,8.5278402
4001950380,"Rotwandstrasse 66, 8004 Zürich",atm,Postfinance,47.3765515,8.5273634
4001950380,"Rotwandstrasse 66, 8004 Zürich",restaurant,Sonne,47.3772976,8.5269997
4001950380,"Rotwandstrasse 66, 8004 Zürich",restaurant,Fribourger Stübli,47.375039,8.5281814
4001950380,"Rotwandstrasse 66, 8004 Zürich",restaurant,Le Cèdre,47.3738833,8.5264947
4001950380,"Rotwandstrasse 66, 8004 Zürich",restaurant,Ristorante Italia,47.3763729,8.5292946
4001950380,"Rotwandstrasse 66, 8004 Zürich",parking,n/a,47.3740752,8.5266543
4001950380,"Rotwandstrasse 66, 8004 Zürich",parking,n/a,47.3740024,8.5273911
4001950380,"Rotwandstrasse 66, 8004 Zürich",restaurant,The Bite,47.3773121,8.5277904
4001950380,"Rotwandstrasse 66, 8004 Zürich",restaurant,Volkshaus,47.3755766,8.5271252
4001950380,"Rotwandstrasse 66, 8004 Zürich",restaurant,Bossa Nova,47.3770748,8.5274942
4001950380,"Rotwandstrasse 66, 8004 Zürich",bar,raedli,47.3772164,8.5276576
4001950380,"Rotwandstrasse 66, 8004 Zürich",fast_food,Biergarten,47.3769346,8.5272308
4001950380,"Rotwandstrasse 66, 8004 Zürich",cafe,Kiosk Semal,47.376537,8.5282242
4001950380,"Rotwandstrasse 66, 8004 Zürich",bar,Egoist Cabaret Nightclub,47.3764297,8.5280245
4001950380,"Rotwandstrasse 66, 8004 Zürich",restaurant,Brasserie Café de Paris,47.376328,8.527878
4001950380,"Rotwandstrasse 66, 8004 Zürich",restaurant,Ach'i,47.3770439,8.5287783
4001950380,"Rotwandstrasse 66, 8004 Zürich",restaurant,Thai-Food-Corner,47.3769262,8.5284802
4001950380,"Rotwandstrasse 66, 8004 Zürich",bar,Norden,47.3767507,8.5284977
4001950380,"Rotwandstrasse 66, 8004 Zürich",restaurant,Trübli Bar,47.3765636,8.5290029
4001950380,"Rotwandstrasse 66, 8004 Zürich",bar,Monroe,47.3774661,8.5279076
4001950380,"Rotwandstrasse 66, 8004 Zürich",restaurant,Molino,47.3734849,8.5287165
4001950380,"Rotwandstrasse 66, 8004 Zürich",restaurant,Ichizen,47.3737975,8.5274539
4001950380,"Rotwandstrasse 66, 8004 Zürich",restaurant,Don Leone,47.3746589,8.5290969
4001950380,"Rotwandstrasse 66, 8004 Zürich",restaurant,Convivio,47.3757244,8.5292515
4001950380,"Rotwandstrasse 66, 8004 Zürich",restaurant,Accademia del Gusto,47.375334,8.5286575
4001950380,"Rotwandstrasse 66, 8004 Zürich",bar,E.X. 4,47.3757372,8.5288666
4001950380,"Rotwandstrasse 66, 8004 Zürich",restaurant,Ikoo,47.3748928,8.5287964
4001950380,"Rotwandstrasse 66, 8004 Zürich",restaurant,D'Aurora,47.3751694,8.528416
4001950380,"Rotwandstrasse 66, 8004 Zürich",bar,Daniel H.,47.3754267,8.5293032
4001950380,"Rotwandstrasse 66, 8004 Zürich",restaurant,Osteria Santo Bevitore,47.3754803,8.5284806
4001950380,"Rotwandstrasse 66, 8004 Zürich",bar,Vasco's Bar,47.3744297,8.5298014
4001950380,"Rotwandstrasse 66, 8004 Zürich",restaurant,Meat Me,47.3742016,8.5307896
4001950380,"Rotwandstrasse 66, 8004 Zürich",bar,Sherif's Bar,47.3742758,8.5299844
4001950380,"Rotwandstrasse 66, 8004 Zürich",restaurant,Sweet Basil,47.3743454,8.5295536
4001950380,"Rotwandstrasse 66, 8004 Zürich",restaurant,Real,47.3743453,8.5306087
4001950380,"Rotwandstrasse 66, 8004 Zürich",restaurant,Akaraka,47.3746892,8.5294759
4001950380,"Rotwandstrasse 66, 8004 Zürich",restaurant,Bunzai,47.3746427,8.5302421
4001950380,"Rotwandstrasse 66, 8004 Zürich",bar,After Dark,47.3765798,8.5281669
4001950380,"Rotwandstrasse 66, 8004 Zürich",bar,Kanonaegass,47.3772915,8.5291113
4001950380,"Rotwandstrasse 66, 8004 Zürich",bar,Art 4 Bar,47.3774238,8.5292763
4001950380,"Rotwandstrasse 66, 8004 Zürich",bar,Love Story,47.3764724,8.5284217
4001950380,"Rotwandstrasse 66, 8004 Zürich",restaurant,The Sacred,47.3760618,8.5288696
4001950380,"Rotwandstrasse 66, 8004 Zürich",restaurant,Hongxi,47.3777904,8.5296685
4001950380,"Rotwandstrasse 66, 8004 Zürich",bar,Don Miguel,47.3761788,8.5286665
4001950380,"Rotwandstrasse 66, 8004 Zürich",restaurant,Tabula Rasa,47.377911,8.5294772
4001950380,"Rotwandstrasse 66, 8004 Zürich",fast_food,Firehouse Subs,47.3734118,8.5296229
4001950380,"Rotwandstrasse 66, 8004 Zürich",restaurant,Ah-Hua,47.3760904,8.5278522
4001950380,"Rotwandstrasse 66, 8004 Zürich",fast_food,Marronistand,47.3735633,8.5292099
4001950380,"Rotwandstrasse 66, 8004 Zürich",bar,The Mixt,47.3755383,8.529159
4001950380,"Rotwandstrasse 66, 8004 Zürich",restaurant,Don Leone,47.3749163,8.5291408
4001950380,"Rotwandstrasse 66, 8004 Zürich",restaurant,Centro,47.3760181,8.5277705
4001950380,"Rotwandstrasse 66, 8004 Zürich",restaurant,Tschingg,47.373809,8.5296981
4001950380,"Rotwandstrasse 66, 8004 Zürich",restaurant,Brenso,47.3767849,8.526869
4001950380,"Rotwandstrasse 66, 8004 Zürich",cafe,Starbucks,47.3734609,8.5298891
4001950380,"Rotwandstrasse 66, 8004 Zürich",fast_food,Bilo Bistro,47.3764202,8.5283268
4001950380,"Rotwandstrasse 66, 8004 Zürich",restaurant,Bund 39,47.3749607,8.5287161
4001950380,"Rotwandstrasse 66, 8004 Zürich",restaurant,Cima Curry,47.3776729,8.5295685
4001950380,"Rotwandstrasse 66, 8004 Zürich",cafe,McCafé,47.3733935,8.5297525
4001950380,"Rotwandstrasse 66, 8004 Zürich",restaurant,Pho Mai,47.3755405,8.528631
4001950380,"Rotwandstrasse 66, 8004 Zürich",bar,Glamour Bar,47.3758798,8.5294424
4001950380,"Rotwandstrasse 66, 8004 Zürich",clinic,Ambulatorium Kanonengasse,47.3775007,8.5296854
4001950380,"Rotwandstrasse 66, 8004 Zürich",clinic,Ambulatorium Kanonengasse,47.3776645,8.5299678
4001950380,"Rotwandstrasse 66, 8004 Zürich",restaurant,Mythos,47.3737799,8.5285146
4001950380,"Rotwandstrasse 66, 8004 Zürich",restaurant,The Yard,47.3759287,8.5276269
4001950380,"Rotwandstrasse 66, 8004 Zürich",restaurant,Tsukada Gaijin Izakaya,47.3778441,8.5295709
4001950380,"Rotwandstrasse 66, 8004 Zürich",bar,Campo,47.3762866,8.5270834
4001950380,"Rotwandstrasse 66, 8004 Zürich",fast_food,Zürich Fried Chicken,47.3751013,8.5285248
4001950380,"Rotwandstrasse 66, 8004 Zürich",fast_food,Edy's,47.3737038,8.5300022
4001950380,"Rotwandstrasse 66, 8004 Zürich",fast_food,Huncho,47.3771779,8.5290073
4001950380,"Rotwandstrasse 66, 8004 Zürich",bar,Rasputin,47.3768356,8.5274675
4001950380,"Rotwandstrasse 66, 8004 Zürich",atm,n/a,47.3769288,8.5273742
4001950380,"Rotwandstrasse 66, 8004 Zürich",cafe,Deus Ex Machina,47.3770428,8.5268946
4001950380,"Rotwandstrasse 66, 8004 Zürich",cafe,kafi babar,47.3744709,8.5297287
4001950380,"Rotwandstrasse 66, 8004 Zürich",restaurant,Ristorante Italia,47.3764793,8.5291319
4001950380,"Rotwandstrasse 66, 8004 Zürich",restaurant,LÈ Cuisine,47.3738604,8.5279624
4001950380,"Rotwandstrasse 66, 8004 Zürich",cafe,Tsugi,47.3768492,8.526866
4001950370,"Rotwandstrasse 66, 8004 Zürich",fast_food,McDonald's,47.3734328,8.5297366
4001950370,"Rotwandstrasse 66, 8004 Zürich",pharmacy,Berg-Apotheke by Medbase,47.3731732,8.5293204
4001950370,"Rotwandstrasse 66, 8004 Zürich",cafe,St. Jakob Beck,47.3738054,8.5278402
4001950370,"Rotwandstrasse 66, 8004 Zürich",atm,Postfinance,47.3765515,8.5273634
4001950370,"Rotwandstrasse 66, 8004 Zürich",restaurant,Sonne,47.3772976,8.5269997
4001950370,"Rotwandstrasse 66, 8004 Zürich",restaurant,Fribourger Stübli,47.375039,8.5281814
4001950370,"Rotwandstrasse 66, 8004 Zürich",restaurant,Le Cèdre,47.3738833,8.5264947
4001950370,"Rotwandstrasse 66, 8004 Zürich",restaurant,Ristorante Italia,47.3763729,8.5292946
4001950370,"Rotwandstrasse 66, 8004 Zürich",parking,n/a,47.3740752,8.5266543
4001950370,"Rotwandstrasse 66, 8004 Zürich",parking,n/a,47.3740024,8.5273911
4001950370,"Rotwandstrasse 66, 8004 Zürich",restaurant,The Bite,47.3773121,8.5277904
4001950370,"Rotwandstrasse 66, 8004 Zürich",restaurant,Volkshaus,47.3755766,8.5271252
4001950370,"Rotwandstrasse 66, 8004 Zürich",restaurant,Bossa Nova,47.3770748,8.5274942
4001950370,"Rotwandstrasse 66, 8004 Zürich",bar,raedli,47.3772164,8.5276576
4001950370,"Rotwandstrasse 66, 8004 Zürich",fast_food,Biergarten,47.3769346,8.5272308
4001950370,"Rotwandstrasse 66, 8004 Zürich",cafe,Kiosk Semal,47.376537,8.5282242
4001950370,"Rotwandstrasse 66, 8004 Zürich",bar,Egoist Cabaret Nightclub,47.3764297,8.5280245
4001950370,"Rotwandstrasse 66, 8004 Zürich",restaurant,Brasserie Café de Paris,47.376328,8.527878
4001950370,"Rotwandstrasse 66, 8004 Zürich",restaurant,Ach'i,47.3770439,8.5287783
4001950370,"Rotwandstrasse 66, 8004 Zürich",restaurant,Thai-Food-Corner,47.3769262,8.5284802
4001950370,"Rotwandstrasse 66, 8004 Zürich",bar,Norden,47.3767507,8.5284977
4001950370,"Rotwandstrasse 66, 8004 Zürich",restaurant,Trübli Bar,47.3765636,8.5290029
4001950370,"Rotwandstrasse 66, 8004 Zürich",bar,Monroe,47.3774661,8.5279076
4001950370,"Rotwandstrasse 66, 8004 Zürich",restaurant,Molino,47.3734849,8.5287165
4001950370,"Rotwandstrasse 66, 8004 Zürich",restaurant,Ichizen,47.3737975,8.5274539
4001950370,"Rotwandstrasse 66, 8004 Zürich",restaurant,Don Leone,47.3746589,8.5290969
4001950370,"Rotwandstrasse 66, 8004 Zürich",restaurant,Convivio,47.3757244,8.5292515
4001950370,"Rotwandstrasse 66, 8004 Zürich",restaurant,Accademia del Gusto,47.375334,8.5286575
4001950370,"Rotwandstrasse 66, 8004 Zürich",bar,E.X. 4,47.3757372,8.5288666
4001950370,"Rotwandstrasse 66, 8004 Zürich",restaurant,Ikoo,47.3748928,8.5287964
4001950370,"Rotwandstrasse 66, 8004 Zürich",restaurant,D'Aurora,47.3751694,8.528416
4001950370,"Rotwandstrasse 66, 8004 Zürich",bar,Daniel H.,47.3754267,8.5293032
4001950370,"Rotwandstrasse 66, 8004 Zürich",restaurant,Osteria Santo Bevitore,47.3754803,8.5284806
4001950370,"Rotwandstrasse 66, 8004 Zürich",bar,Vasco's Bar,47.3744297,8.5298014
4001950370,"Rotwandstrasse 66, 8004 Zürich",restaurant,Meat Me,47.3742016,8.5307896
4001950370,"Rotwandstrasse 66, 8004 Zürich",bar,Sherif's Bar,47.3742758,8.5299844
4001950370,"Rotwandstrasse 66, 8004 Zürich",restaurant,Sweet Basil,47.3743454,8.5295536
4001950370,"Rotwandstrasse 66, 8004 Zürich",restaurant,Real,47.3743453,8.5306087
4001950370,"Rotwandstrasse 66, 8004 Zürich",restaurant,Akaraka,47.3746892,8.5294759
4001950370,"Rotwandstrasse 66, 8004 Zürich",restaurant,Bunzai,47.3746427,8.5302421
4001950370,"Rotwandstrasse 66, 8004 Zürich",bar,After Dark,47.3765798,8.5281669
4001950370,"Rotwandstrasse 66, 8004 Zürich",bar,Kanonaegass,47.3772915,8.5291113
4001950370,"Rotwandstrasse 66, 8004 Zürich",bar,Art 4 Bar,47.3774238,8.5292763
4001950370,"Rotwandstrasse 66, 8004 Zürich",bar,Love Story,47.3764724,8.5284217
4001950370,"Rotwandstrasse 66, 8004 Zürich",restaurant,The Sacred,47.3760618,8.5288696
4001950370,"Rotwandstrasse 66, 8004 Zürich",restaurant,Hongxi,47.3777904,8.5296685
4001950370,"Rotwandstrasse 66, 8004 Zürich",bar,Don Miguel,47.3761788,8.5286665
4001950370,"Rotwandstrasse 66, 8004 Zürich",restaurant,Tabula Rasa,47.377911,8.5294772
4001950370,"Rotwandstrasse 66, 8004 Zürich",fast_food,Firehouse Subs,47.3734118,8.5296229
4001950370,"Rotwandstrasse 66, 8004 Zürich",restaurant,Ah-Hua,47.3760904,8.5278522
4001950370,"Rotwandstrasse 66, 8004 Zürich",fast_food,Marronistand,47.3735633,8.5292099
4001950370,"Rotwandstrasse 66, 8004 Zürich",bar,The Mixt,47.3755383,8.529159
4001950370,"Rotwandstrasse 66, 8004 Zürich",restaurant,Don Leone,47.3749163,8.5291408
4001950370,"Rotwandstrasse 66, 8004 Zürich",restaurant,Centro,47.3760181,8.5277705
4001950370,"Rotwandstrasse 66, 8004 Zürich",restaurant,Tschingg,47.373809,8.5296981
4001950370,"Rotwandstrasse 66, 8004 Zürich",restaurant,Brenso,47.3767849,8.526869
4001950370,"Rotwandstrasse 66, 8004 Zürich",cafe,Starbucks,47.3734609,8.5298891
4001950370,"Rotwandstrasse 66, 8004 Zürich",fast_food,Bilo Bistro,47.3764202,8.5283268
4001950370,"Rotwandstrasse 66, 8004 Zürich",restaurant,Bund 39,47.3749607,8.5287161
4001950370,"Rotwandstrasse 66, 8004 Zürich",restaurant,Cima Curry,47.3776729,8.5295685
4001950370,"Rotwandstrasse 66, 8004 Zürich",cafe,McCafé,47.3733935,8.5297525
4001950370,"Rotwandstrasse 66, 8004 Zürich",restaurant,Pho Mai,47.3755405,8.528631
4001950370,"Rotwandstrasse 66, 8004 Zürich",bar,Glamour Bar,47.3758798,8.5294424
4001950370,"Rotwandstrasse 66, 8004 Zürich",clinic,Ambulatorium Kanonengasse,47.3775007,8.5296854
4001950370,"Rotwandstrasse 66, 8004 Zürich",clinic,Ambulatorium Kanonengasse,47.3776645,8.5299678
4001950370,"Rotwandstrasse 66, 8004 Zürich",restaurant,Mythos,47.3737799,8.5285146
4001950370,"Rotwandstrasse 66, 8004 Zürich",restaurant,The Yard,47.3759287,8.5276269
4001950370,"Rotwandstrasse 66, 8004 Zürich",restaurant,Tsukada Gaijin Izakaya,47.3778441,8.5295709
4001950370,"Rotwandstrasse 66, 8004 Zürich",bar,Campo,47.3762866,8.5270834
4001950370,"Rotwandstrasse 66, 8004 Zürich",fast_food,Zürich Fried Chicken,47.3751013,8.5285248
4001950370,"Rotwandstrasse 66, 8004 Zürich",fast_food,Edy's,47.3737038,8.5300022
4001950370,"Rotwandstrasse 66, 8004 Zürich",fast_food,Huncho,47.3771779,8.5290073
4001950370,"Rotwandstrasse 66, 8004 Zürich",bar,Rasputin,47.3768356,8.5274675
4001950370,"Rotwandstrasse 66, 8004 Zürich",atm,n/a,47.3769288,8.5273742
4001950370,"Rotwandstrasse 66, 8004 Zürich",cafe,Deus Ex Machina,47.3770428,8.5268946
4001950370,"Rotwandstrasse 66, 8004 Zürich",cafe,kafi babar,47.3744709,8.5297287
4001950370,"Rotwandstrasse 66, 8004 Zürich",restaurant,Ristorante Italia,47.3764793,8.5291319
4001950370,"Rotwandstrasse 66, 8004 Zürich",restaurant,LÈ Cuisine,47.3738604,8.5279624
4001950370,"Rotwandstrasse 66, 8004 Zürich",cafe,Tsugi,47.3768492,8.526866
4001933447,"Bildstrasse, 9030 Abtwil SG",parking,n/a,47.4170107,9.3161163
4001933447,"Bildstrasse, 9030 Abtwil SG",parking,n/a,47.4240651,9.3170207
4001933447,"Bildstrasse, 9030 Abtwil SG",restaurant,Il Sole,47.4220531,9.3210199
4001933447,"Bildstrasse, 9030 Abtwil SG",parking,n/a,47.4219918,9.3187908
4001933447,"Bildstrasse, 9030 Abtwil SG",parking,n/a,47.4222151,9.3191797
4001933447,"Bildstrasse, 9030 Abtwil SG",parking,n/a,47.4221461,9.3208413
4001933447,"Bildstrasse, 9030 Abtwil SG",parking,n/a,47.4228548,9.3183254
4001933447,"Bildstrasse, 9030 Abtwil SG",parking,n/a,47.4230135,9.318721
4001933447,"Bildstrasse, 9030 Abtwil SG",parking,n/a,47.4222985,9.3196316
4001933447,"Bildstrasse, 9030 Abtwil SG",parking,n/a,47.4237721,9.3207715
4001933447,"Bildstrasse, 9030 Abtwil SG",parking,n/a,47.420716,9.3216795
4001933447,"Bildstrasse, 9030 Abtwil SG",parking,n/a,47.4167799,9.3141703
4001933447,"Bildstrasse, 9030 Abtwil SG",parking,n/a,47.4156541,9.3136369
4001933447,"Bildstrasse, 9030 Abtwil SG",pharmacy,Amavita,47.4172148,9.3160081
4001933447,"Bildstrasse, 9030 Abtwil SG",parking,n/a,47.4173263,9.3162155
4001933447,"Bildstrasse, 9030 Abtwil SG",bank,Raiffeisenbank Abtwil,47.4220026,9.3180932
4001933447,"Bildstrasse, 9030 Abtwil SG",bank,St. Galler Kantonalbank,47.4219736,9.3199385
4001933447,"Bildstrasse, 9030 Abtwil SG",parking,n/a,47.4158218,9.3111959
4001933447,"Bildstrasse, 9030 Abtwil SG",restaurant,Kohldampf Restaurant & Bierbar,47.4156588,9.3111196
4001933447,"Bildstrasse, 9030 Abtwil SG",parking,n/a,47.4226574,9.3181279
4001933447,"Bildstrasse, 9030 Abtwil SG",parking,n/a,47.4169093,9.3161023
4001874968,"Poststrasse 19, 2504 Biel/Bienne",pharmacy,Drogerie Kropf,47.1439083,7.2758503
4001874968,"Poststrasse 19, 2504 Biel/Bienne",restaurant,Bistro Mett Biel,47.142811,7.271863
4001874968,"Poststrasse 19, 2504 Biel/Bienne",parking,n/a,47.1493203,7.2682355
4001874968,"Poststrasse 19, 2504 Biel/Bienne",atm,Postfinance,47.1464415,7.2733008
4001874968,"Poststrasse 19, 2504 Biel/Bienne",fast_food,Express Pizza,47.14724,7.27352
4001874968,"Poststrasse 19, 2504 Biel/Bienne",restaurant,Sloga,47.1428041,7.2698649
4001874968,"Poststrasse 19, 2504 Biel/Bienne",fast_food,n/a,47.1423161,7.2704515
4001874968,"Poststrasse 19, 2504 Biel/Bienne",fast_food,Pizza Bienna,47.1438156,7.2756165
4001874968,"Poststrasse 19, 2504 Biel/Bienne",atm,BEKB BCBE,47.1461079,7.2723818
4001874968,"Poststrasse 19, 2504 Biel/Bienne",restaurant,Restaurant Café Mett,47.1434898,7.272718
4001874968,"Poststrasse 19, 2504 Biel/Bienne",parking,Coop,47.1434124,7.2729328
4001874968,"Poststrasse 19, 2504 Biel/Bienne",atm,CLER,47.1434197,7.2726975
4001874968,"Poststrasse 19, 2504 Biel/Bienne",pharmacy,Battenberg,47.1429739,7.2729271
4001874968,"Poststrasse 19, 2504 Biel/Bienne",clinic,Klinik Piano,47.1442363,7.265956
4001874968,"Poststrasse 19, 2504 Biel/Bienne",parking,n/a,47.1459159,7.2748009
4001874968,"Poststrasse 19, 2504 Biel/Bienne",parking,n/a,47.1443678,7.2763509
4001874968,"Poststrasse 19, 2504 Biel/Bienne",parking,n/a,47.1430756,7.27407
4001874968,"Poststrasse 19, 2504 Biel/Bienne",fast_food,Pizza Piccolo,47.146539,7.270339
4002065974,"Birkenstrasse 2, 4144 Arlesheim",parking,n/a,47.4952577,7.5704454
4002065974,"Birkenstrasse 2, 4144 Arlesheim",parking,Tom Rundgang,47.4953734,7.5698326
4002065974,"Birkenstrasse 2, 4144 Arlesheim",parking,n/a,47.4961291,7.5666891
4002064068,"Klotenerstrasse 78, 8303 Bassersdorf",cafe,Storchen,47.4438776,8.6275437
4002064068,"Klotenerstrasse 78, 8303 Bassersdorf",restaurant,Barone,47.4448658,8.6244188
4002064068,"Klotenerstrasse 78, 8303 Bassersdorf",restaurant,Steakhouse 8303,47.4437737,8.6272686
4002064068,"Klotenerstrasse 78, 8303 Bassersdorf",fast_food,Bassis Imbiss,47.4438925,8.6269211
4002064068,"Klotenerstrasse 78, 8303 Bassersdorf",bank,Raiffeisenbank Region Glatt,47.4441696,8.6267944
4002064068,"Klotenerstrasse 78, 8303 Bassersdorf",atm,Bankomat Raiffeisen,47.4441291,8.6268422
4002064068,"Klotenerstrasse 78, 8303 Bassersdorf",restaurant,Mare & Monti,47.4442989,8.624894
4002064068,"Klotenerstrasse 78, 8303 Bassersdorf",restaurant,La Botte,47.4439703,8.626557
4002064068,"Klotenerstrasse 78, 8303 Bassersdorf",parking,n/a,47.4435595,8.6192237
4002064068,"Klotenerstrasse 78, 8303 Bassersdorf",parking,n/a,47.4427738,8.6194172
4002064068,"Klotenerstrasse 78, 8303 Bassersdorf",parking,n/a,47.4431332,8.6191832
4002064068,"Klotenerstrasse 78, 8303 Bassersdorf",parking,n/a,47.443225,8.6200273
4002064068,"Klotenerstrasse 78, 8303 Bassersdorf",parking,n/a,47.443234,8.620114
4002064068,"Klotenerstrasse 78, 8303 Bassersdorf",parking,n/a,47.4431257,8.6237222
4002064068,"Klotenerstrasse 78, 8303 Bassersdorf",parking,n/a,47.4451966,8.6176766
4002063200,3280 Murten,restaurant,Morango,46.9236469,7.1145828
4002053448,"Rainweg 1B, 4713 Matzendorf",library,n/a,47.30595,7.6311981
4002053448,"Rainweg 1B, 4713 Matzendorf",parking,n/a,47.3064863,7.6290301
4002053448,"Rainweg 1B, 4713 Matzendorf",parking,n/a,47.3066341,7.6286032
4002053448,"Rainweg 1B, 4713 Matzendorf",parking,n/a,47.3052479,7.6304695
4002053448,"Rainweg 1B, 4713 Matzendorf",parking,n/a,47.3083974,7.6263997
4002039406,"Maurerweg 12, 2503 Biel",atm,UBS,47.1323189,7.2511192
4002039406,"Maurerweg 12, 2503 Biel",restaurant,Restaurant Plaza,47.1318319,7.2521178
4002039406,"Maurerweg 12, 2503 Biel",cafe,Delta Bar,47.1363248,7.2569862
4002039406,"Maurerweg 12, 2503 Biel",fast_food,Bravo Pizza,47.1343076,7.255173
4002039406,"Maurerweg 12, 2503 Biel",restaurant,Migros Restaurant,47.1317879,7.2529569
4002039406,"Maurerweg 12, 2503 Biel",parking,n/a,47.1329241,7.2567841
4002039406,"Maurerweg 12, 2503 Biel",parking,n/a,47.1337612,7.2568258
4002039406,"Maurerweg 12, 2503 Biel",parking,n/a,47.1337863,7.2559719
4002039406,"Maurerweg 12, 2503 Biel",parking,n/a,47.1317562,7.2532646
4002039406,"Maurerweg 12, 2503 Biel",parking,n/a,47.1315269,7.2533636
4002039406,"Maurerweg 12, 2503 Biel",parking,n/a,47.133918,7.2541349
4002039406,"Maurerweg 12, 2503 Biel",restaurant,Hirschen,47.1313485,7.252504
4002039406,"Maurerweg 12, 2503 Biel",school,École primaire Madretsch - Primarschule Madretsch,47.1352806,7.2560845
4002039406,"Maurerweg 12, 2503 Biel",restaurant,Ristorante Pizzeria da Piano,47.1349092,7.2560281
4002039406,"Maurerweg 12, 2503 Biel",restaurant,Sonne,47.1363899,7.2574994
4002039406,"Maurerweg 12, 2503 Biel",parking,n/a,47.1359628,7.2582681
4002039406,"Maurerweg 12, 2503 Biel",parking,n/a,47.1357189,7.2595067
4002039406,"Maurerweg 12, 2503 Biel",restaurant,Cheminée,47.1365979,7.2558212
4002039406,"Maurerweg 12, 2503 Biel",restaurant,Bistro Mama Fefe,47.1326218,7.2525312
4001908556,"Rue du Jura 7, 1196 Gland",library,"Bibliothèque ""Aux mille feuilles""",46.4238064,6.2662221
4001908556,"Rue du Jura 7, 1196 Gland",pharmacy,Coop Vitality,46.4273485,6.2661056
4001908556,"Rue du Jura 7, 1196 Gland",pharmacy,Benu,46.4236176,6.2617014
4001908556,"Rue du Jura 7, 1196 Gland",pharmacy,Amavita,46.4230774,6.261069
4001908556,"Rue du Jura 7, 1196 Gland",restaurant,Le Jardin,46.4231373,6.2591695
4001908556,"Rue du Jura 7, 1196 Gland",bank,UBS,46.4227379,6.261509
4001908556,"Rue du Jura 7, 1196 Gland",atm,BCV,46.4211354,6.2623892
4001908556,"Rue du Jura 7, 1196 Gland",restaurant,Pacha,46.423971,6.2627066
4001908556,"Rue du Jura 7, 1196 Gland",cafe,La Ruelle,46.4232098,6.2657748
4001908556,"Rue du Jura 7, 1196 Gland",fast_food,My Kebab,46.4231562,6.2656489
4001908556,"Rue du Jura 7, 1196 Gland",fast_food,My Kebab,46.4238013,6.265044
4001908556,"Rue du Jura 7, 1196 Gland",restaurant,Pizzeria Tomate,46.4272308,6.266108
4001899051,"Baselstrasse 47, 4500 Solothurn",restaurant,Restaurant Sternen,47.2121965,7.5449478
4001899051,"Baselstrasse 47, 4500 Solothurn",cafe,Suteria,47.2081063,7.5381924
4001899051,"Baselstrasse 47, 4500 Solothurn",restaurant,Buchser – Bar und Chuchi,47.2201894,7.5552292
4001899051,"Baselstrasse 47, 4500 Solothurn",restaurant,Class Pizza Burger,47.213411,7.5471937
4001899051,"Baselstrasse 47, 4500 Solothurn",pub,Solheure,47.2070877,7.5399342
4001899051,"Baselstrasse 47, 4500 Solothurn",restaurant,Cantinetta Bindella,47.2073052,7.5397437
4001899051,"Baselstrasse 47, 4500 Solothurn",bank,Raiffeisenbank Weissenstein,47.2082195,7.5383002
4001899051,"Baselstrasse 47, 4500 Solothurn",library,Bibliothek der Pädagogischen Hochschule,47.212463,7.5433011
4001899051,"Baselstrasse 47, 4500 Solothurn",atm,n/a,47.2081971,7.5383554
4001899051,"Baselstrasse 47, 4500 Solothurn",restaurant,Baseltor,47.2086202,7.5393286
4001899051,"Baselstrasse 47, 4500 Solothurn",fast_food,Mensa FHNW,47.2124438,7.54302
4001899051,"Baselstrasse 47, 4500 Solothurn",library,Bibliomedia,47.2081517,7.5422953
4001899051,"Baselstrasse 47, 4500 Solothurn",bank,Valiant,47.2117755,7.5389663
4001899051,"Baselstrasse 47, 4500 Solothurn",parking,n/a,47.2187228,7.5541635
4001891329,"Chemin de Cuard 2, 2022 Bevaix",pharmacy,Pharmacie du Château,46.929826,6.8146909
4001891329,"Chemin de Cuard 2, 2022 Bevaix",bank,Raiffeisen,46.9304524,6.8152246
4001891329,"Chemin de Cuard 2, 2022 Bevaix",restaurant,Auberge de commune,46.930218,6.8155653
4001891329,"Chemin de Cuard 2, 2022 Bevaix",atm,n/a,46.9305074,6.8152863
4001891329,"Chemin de Cuard 2, 2022 Bevaix",restaurant,Hôtel restaurant du Cygne,46.9304305,6.8156055
4001891329,"Chemin de Cuard 2, 2022 Bevaix",pub,Le National,46.9318539,6.8152989
4001891329,"Chemin de Cuard 2, 2022 Bevaix",parking,n/a,46.932785,6.8200312
4001891329,"Chemin de Cuard 2, 2022 Bevaix",library,Bibliothèque de Bevaix,46.9306002,6.8128913
4001891329,"Chemin de Cuard 2, 2022 Bevaix",atm,n/a,46.9287911,6.8123512
4001886594,"Rue Auguste-Quiquerez 16, 2800 Delémont",bar,Le Mix,47.3624513,7.3504702
4001886594,"Rue Auguste-Quiquerez 16, 2800 Delémont",atm,n/a,47.362268,7.3508651
4001886594,"Rue Auguste-Quiquerez 16, 2800 Delémont",bank,n/a,47.3625631,7.3513153
4001886594,"Rue Auguste-Quiquerez 16, 2800 Delémont",bank,Raiffeisen,47.3625446,7.3510971
4001886594,"Rue Auguste-Quiquerez 16, 2800 Delémont",cafe,Jubin,47.3627578,7.3520235
4001886594,"Rue Auguste-Quiquerez 16, 2800 Delémont",school,StrateJ,47.3624331,7.3522437
4001886594,"Rue Auguste-Quiquerez 16, 2800 Delémont",restaurant,La Paille,47.370286,7.3566258
4001886594,"Rue Auguste-Quiquerez 16, 2800 Delémont",restaurant,La Maison des Brochettes,47.3628972,7.352962
4001886594,"Rue Auguste-Quiquerez 16, 2800 Delémont",library,Bibliothèque HE-Arc Santé,47.3624356,7.352019
4001886594,"Rue Auguste-Quiquerez 16, 2800 Delémont",library,Médiathèque HEP-BEJUNE,47.3628149,7.3537655
4001886594,"Rue Auguste-Quiquerez 16, 2800 Delémont",parking,n/a,47.3690656,7.356578
4001886594,"Rue Auguste-Quiquerez 16, 2800 Delémont",parking,n/a,47.3688989,7.3556252
4001886453,"Militärstrasse 106, 8004 Zürich",restaurant,Camino,47.3770714,8.5327288
4001886453,"Militärstrasse 106, 8004 Zürich",restaurant,Ristorante Italia,47.3763729,8.5292946
4001886453,"Militärstrasse 106, 8004 Zürich",pub,Total Bar,47.3787873,8.5288027
4001886453,"Militärstrasse 106, 8004 Zürich",pub,Mars Bar,47.3804729,8.5270494
4001886453,"Militärstrasse 106, 8004 Zürich",restaurant,Gambrinus,47.3787576,8.5270372
4001886453,"Militärstrasse 106, 8004 Zürich",pub,Hafenkneipe,47.37633,8.5332976
4001886453,"Militärstrasse 106, 8004 Zürich",restaurant,The Bite,47.3773121,8.5277904
4001886453,"Militärstrasse 106, 8004 Zürich",pub,Amazonia Bar,47.3797682,8.5267148
4001886453,"Militärstrasse 106, 8004 Zürich",bar,Roxy,47.3796168,8.5261794
4001886453,"Militärstrasse 106, 8004 Zürich",bar,Piranha Bar,47.3782611,8.5272144
4001886453,"Militärstrasse 106, 8004 Zürich",pharmacy,Paracelsus-Apotheke,47.3793647,8.5276523
4001886453,"Militärstrasse 106, 8004 Zürich",bar,Lambada Bar Club,47.3784465,8.5268634
4001886453,"Militärstrasse 106, 8004 Zürich",bar,Longstreet Bar Club,47.3781306,8.5269419
4001886453,"Militärstrasse 106, 8004 Zürich",restaurant,Bossa Nova,47.3770748,8.5274942
4001886453,"Militärstrasse 106, 8004 Zürich",bar,raedli,47.3772164,8.5276576
4001886453,"Militärstrasse 106, 8004 Zürich",fast_food,Piranha,47.378232,8.5272796
4001886453,"Militärstrasse 106, 8004 Zürich",cafe,Kiosk Semal,47.376537,8.5282242
4001886453,"Militärstrasse 106, 8004 Zürich",bar,Egoist Cabaret Nightclub,47.3764297,8.5280245
4001886453,"Militärstrasse 106, 8004 Zürich",restaurant,Brasserie Café de Paris,47.376328,8.527878
4001886453,"Militärstrasse 106, 8004 Zürich",restaurant,Ach'i,47.3770439,8.5287783
4001886453,"Militärstrasse 106, 8004 Zürich",restaurant,Thai-Food-Corner,47.3769262,8.5284802
4001886453,"Militärstrasse 106, 8004 Zürich",bar,Norden,47.3767507,8.5284977
4001886453,"Militärstrasse 106, 8004 Zürich",restaurant,Stubä,47.3779077,8.5270821
4001886453,"Militärstrasse 106, 8004 Zürich",restaurant,Trübli Bar,47.3765636,8.5290029
4001886453,"Militärstrasse 106, 8004 Zürich",bar,Red Light,47.3774727,8.5273976
4001886453,"Militärstrasse 106, 8004 Zürich",bar,Monroe,47.3774661,8.5279076
4001886453,"Militärstrasse 106, 8004 Zürich",bar,Lugano Bar,47.378784,8.5273116
4001886453,"Militärstrasse 106, 8004 Zürich",restaurant,Schweizerdegen El Papi,47.3784958,8.5271796
4001886453,"Militärstrasse 106, 8004 Zürich",restaurant,Werkhof,47.3794266,8.5237792
4001886453,"Militärstrasse 106, 8004 Zürich",bar,After Dark,47.3765798,8.5281669
4001886453,"Militärstrasse 106, 8004 Zürich",bar,Kanonaegass,47.3772915,8.5291113
4001886453,"Militärstrasse 106, 8004 Zürich",bar,Art 4 Bar,47.3774238,8.5292763
4001886453,"Militärstrasse 106, 8004 Zürich",bar,Love Story,47.3764724,8.5284217
4001886453,"Militärstrasse 106, 8004 Zürich",restaurant,The Sacred,47.3760618,8.5288696
4001886453,"Militärstrasse 106, 8004 Zürich",restaurant,Neela,47.3779493,8.5298119
4001886453,"Militärstrasse 106, 8004 Zürich",restaurant,Lele,47.3784747,8.530352
4001886453,"Militärstrasse 106, 8004 Zürich",bar,La Strega,47.3795604,8.5252038
4001886453,"Militärstrasse 106, 8004 Zürich",bar,Gamper Bar,47.3792989,8.525277
4001886453,"Militärstrasse 106, 8004 Zürich",bar,Hotel Bar,47.3805262,8.5252271
4001886453,"Militärstrasse 106, 8004 Zürich",pub,Old Gregory Pub,47.3799256,8.5274015
4001886453,"Militärstrasse 106, 8004 Zürich",restaurant,Khujug,47.3798297,8.5270667
4001886453,"Militärstrasse 106, 8004 Zürich",bar,Schickeria,47.3804469,8.527784
4001886453,"Militärstrasse 106, 8004 Zürich",bar,The Spot Bar,47.379506,8.5260401
4001886453,"Militärstrasse 106, 8004 Zürich",restaurant,Biondi,47.3793855,8.5258658
4001886453,"Militärstrasse 106, 8004 Zürich",bar,Toro Bar,47.3803358,8.5261534
4001886453,"Militärstrasse 106, 8004 Zürich",bar,Bar 63 chez Sylvia,47.3792854,8.5260935
4001886453,"Militärstrasse 106, 8004 Zürich",bar,Midway,47.3793966,8.5262654
4001886453,"Militärstrasse 106, 8004 Zürich",restaurant,Eichhörnli,47.3796942,8.525707
4001886453,"Militärstrasse 106, 8004 Zürich",bar,Tipsy Tiger,47.3798446,8.5276503
4001886453,"Militärstrasse 106, 8004 Zürich",bar,Golden Gate Bar,47.3799979,8.5267203
4001886453,"Militärstrasse 106, 8004 Zürich",bar,Sudaka,47.3794533,8.5282622
4001886453,"Militärstrasse 106, 8004 Zürich",bar,Club HW,47.3807478,8.526894
4001886453,"Militärstrasse 106, 8004 Zürich",bar,Strauss,47.379674,8.5278486
4001886453,"Militärstrasse 106, 8004 Zürich",restaurant,Thach,47.3786741,8.5299156
4001886453,"Militärstrasse 106, 8004 Zürich",bar,Ka3an,47.3787218,8.5298173
4001886453,"Militärstrasse 106, 8004 Zürich",restaurant,Pizzeria Milano,47.3791536,8.5283971
4001886453,"Militärstrasse 106, 8004 Zürich",fast_food,Italia Bistro To-Go da Lisa,47.3794249,8.5280229
4001886453,"Militärstrasse 106, 8004 Zürich",restaurant,Morgenstern da Mario,47.3784276,8.5284216
4001886453,"Militärstrasse 106, 8004 Zürich",fast_food,Officina dos Sabores,47.3791641,8.527304
4001886453,"Militärstrasse 106, 8004 Zürich",fast_food,Rosita's,47.3793553,8.5297102
4001886453,"Militärstrasse 106, 8004 Zürich",bar,Exer,47.3783341,8.5286082
4001886453,"Militärstrasse 106, 8004 Zürich",fast_food,Rotana,47.3787145,8.5267193
4001886453,"Militärstrasse 106, 8004 Zürich",restaurant,Stella Alpina,47.3787987,8.5265659
4001886453,"Militärstrasse 106, 8004 Zürich",restaurant,Hongxi,47.3777904,8.5296685
4001886453,"Militärstrasse 106, 8004 Zürich",bar,Macuto's Bar,47.3786157,8.5265819
4001886453,"Militärstrasse 106, 8004 Zürich",bar,Negresco,47.3780116,8.5277525
4001886453,"Militärstrasse 106, 8004 Zürich",bar,Thai Tirak,47.3781726,8.5277611
4001886453,"Militärstrasse 106, 8004 Zürich",restaurant,Kinkhao,47.3782008,8.5292404
4001886453,"Militärstrasse 106, 8004 Zürich",bar,Don Miguel,47.3761788,8.5286665
4001886453,"Militärstrasse 106, 8004 Zürich",cafe,Summergarte im Zeughausareal,47.3772237,8.5305291
4001886453,"Militärstrasse 106, 8004 Zürich",restaurant,Tabula Rasa,47.377911,8.5294772
4001886453,"Militärstrasse 106, 8004 Zürich",restaurant,Zeughaushof,47.3778272,8.5304532
4001886453,"Militärstrasse 106, 8004 Zürich",restaurant,Viet-Thai,47.3780557,8.5299364
4001886453,"Militärstrasse 106, 8004 Zürich",restaurant,Ah-Hua,47.3760904,8.5278522
4001886453,"Militärstrasse 106, 8004 Zürich",cafe,Café ZHAW,47.3777051,8.5326235
4001886453,"Militärstrasse 106, 8004 Zürich",restaurant,Kennedy's Irish Pub,47.3773415,8.5332076
4001886453,"Militärstrasse 106, 8004 Zürich",restaurant,Centro,47.3760181,8.5277705
4001886453,"Militärstrasse 106, 8004 Zürich",bar,Klaus,47.3789337,8.5273866
4001886453,"Militärstrasse 106, 8004 Zürich",restaurant,Stereo,47.3777854,8.5272463
4001886453,"Militärstrasse 106, 8004 Zürich",school,Juventus-Schulen,47.3776207,8.5326606
4001886453,"Militärstrasse 106, 8004 Zürich",fast_food,Palestine Grill,47.3781481,8.5269898
4001886453,"Militärstrasse 106, 8004 Zürich",restaurant,Chianalea Ristorante Pizzeria,47.3792517,8.5241155
4001886453,"Militärstrasse 106, 8004 Zürich",restaurant,Ynos,47.3789304,8.5314462
4001886453,"Militärstrasse 106, 8004 Zürich",fast_food,Cartel - Crazy Burrito Shack,47.3764035,8.5332122
4001886453,"Militärstrasse 106, 8004 Zürich",fast_food,Bilo Bistro,47.3764202,8.5283268
4001886453,"Militärstrasse 106, 8004 Zürich",restaurant,Yume-Ramen,47.3766703,8.5332799
4001886453,"Militärstrasse 106, 8004 Zürich",bar,Bar OTRO,47.3784483,8.5287399
4001886453,"Militärstrasse 106, 8004 Zürich",restaurant,Beetnut,47.3776411,8.533411
4001886453,"Militärstrasse 106, 8004 Zürich",fast_food,SV Mensa,47.3783663,8.5327943
4001886453,"Militärstrasse 106, 8004 Zürich",cafe,Steiner,47.3774798,8.5329961
4001886453,"Militärstrasse 106, 8004 Zürich",restaurant,Veganitas,47.3775824,8.5276791
4001886453,"Militärstrasse 106, 8004 Zürich",bar,Barizzi,47.3776951,8.5274497
4001886453,"Militärstrasse 106, 8004 Zürich",fast_food,Yalda,47.3792529,8.5311093
4001886453,"Militärstrasse 106, 8004 Zürich",restaurant,Nep,47.3769216,8.5325272
4001886453,"Militärstrasse 106, 8004 Zürich",restaurant,Cima Curry,47.3776729,8.5295685
4001886453,"Militärstrasse 106, 8004 Zürich",bar,Olé Olé Bar,47.3800296,8.5280643
4001886453,"Militärstrasse 106, 8004 Zürich",restaurant,Now We Go Vegan,47.3789404,8.5267275
4001886453,"Militärstrasse 106, 8004 Zürich",fast_food,Cheesecake Love,47.3764926,8.5331162
4001886453,"Militärstrasse 106, 8004 Zürich",restaurant,Kokoro,47.3807187,8.526522
4001886453,"Militärstrasse 106, 8004 Zürich",bar,Milieu,47.3776185,8.5275974
4001886453,"Militärstrasse 106, 8004 Zürich",clinic,Ambulatorium Kanonengasse,47.3775007,8.5296854
4001886453,"Militärstrasse 106, 8004 Zürich",clinic,Ambulatorium Kanonengasse,47.3776645,8.5299678
4001886453,"Militärstrasse 106, 8004 Zürich",restaurant,Gaucho,47.3798059,8.5257791
4001886453,"Militärstrasse 106, 8004 Zürich",pub,Bar Rossi,47.3794846,8.5272309
4001886453,"Militärstrasse 106, 8004 Zürich",fast_food,Phuket Thai Food,47.3802073,8.5263721
4001886453,"Militärstrasse 106, 8004 Zürich",restaurant,Roi-Et,47.3805838,8.5261448
4001886453,"Militärstrasse 106, 8004 Zürich",pub,Under,47.3781604,8.5300866
4001886453,"Militärstrasse 106, 8004 Zürich",restaurant,Tsukada Gaijin Izakaya,47.3778441,8.5295709
4001886453,"Militärstrasse 106, 8004 Zürich",bar,Fat Tony,47.380048,8.5277818
4001886453,"Militärstrasse 106, 8004 Zürich",atm,Zürcher Kantonalbank,47.3787956,8.5315072
4001886453,"Militärstrasse 106, 8004 Zürich",atm,Bankomat,47.3795123,8.5277145
4001886453,"Militärstrasse 106, 8004 Zürich",fast_food,Meze,47.3770319,8.5323997
4001886453,"Militärstrasse 106, 8004 Zürich",cafe,Radix Espresso Bar,47.3773015,8.5340138
4001886453,"Militärstrasse 106, 8004 Zürich",pub,Rum 97,47.3783549,8.5268233
4001886453,"Militärstrasse 106, 8004 Zürich",fast_food,Via del gusto 28,47.3782124,8.5325262
4001886453,"Militärstrasse 106, 8004 Zürich",fast_food,Zum goldenen Taschenbrot,47.3788366,8.5291393
4001886453,"Militärstrasse 106, 8004 Zürich",bar,Sanny Bar & Lounge,47.3792182,8.5275828
4001886453,"Militärstrasse 106, 8004 Zürich",bar,Maria Bar,47.3804424,8.52537
4001886453,"Militärstrasse 106, 8004 Zürich",school,BERIT-EXBIT-Schule,47.378566,8.5301996
4001886453,"Militärstrasse 106, 8004 Zürich",bar,Carol,47.3778553,8.5284761
4001886453,"Militärstrasse 106, 8004 Zürich",fast_food,Huncho,47.3771779,8.5290073
4001886453,"Militärstrasse 106, 8004 Zürich",bar,Rasputin,47.3768356,8.5274675
4001886453,"Militärstrasse 106, 8004 Zürich",bar,Tropical Bar,47.3800581,8.5266162
4001886453,"Militärstrasse 106, 8004 Zürich",restaurant,Simon Says Taste Taiwan,47.3787381,8.5277431
4001886453,"Militärstrasse 106, 8004 Zürich",restaurant,Disco Volante,47.3806824,8.5271354
4001886453,"Militärstrasse 106, 8004 Zürich",cafe,YAMAS,47.378705,8.5316585
4001886453,"Militärstrasse 106, 8004 Zürich",cafe,Bar Butter,47.3789061,8.527821
4001886453,"Militärstrasse 106, 8004 Zürich",fast_food,Swiss Fried Chicken,47.3788213,8.5276299
4001886453,"Militärstrasse 106, 8004 Zürich",bar,Barteca,47.3776158,8.5271268
4001886453,"Militärstrasse 106, 8004 Zürich",fast_food,Infocafé,47.376219,8.5334566
4001886453,"Militärstrasse 106, 8004 Zürich",atm,n/a,47.3781831,8.5269322
4001886453,"Militärstrasse 106, 8004 Zürich",fast_food,Taste of Africa,47.379434,8.5279472
4001886453,"Militärstrasse 106, 8004 Zürich",bar,Zwllings Bar,47.3792121,8.5282699
4001886453,"Militärstrasse 106, 8004 Zürich",restaurant,Khouris,47.3800736,8.5289015
4001886453,"Militärstrasse 106, 8004 Zürich",restaurant,Ristorante Italia,47.3764793,8.5291319
4001886453,"Militärstrasse 106, 8004 Zürich",restaurant,Charlatan Restodisco,47.3798514,8.5284862
4001886453,"Militärstrasse 106, 8004 Zürich",cafe,Po`di più Bistro Sihlhof,47.3766897,8.5339388
4001886453,"Militärstrasse 106, 8004 Zürich",fast_food,La Isla Bonita,47.3797897,8.5286284
4001886453,"Militärstrasse 106, 8004 Zürich",restaurant,Knödl,47.3791622,8.5246394
4001886453,"Militärstrasse 106, 8004 Zürich",restaurant,Yilong Asia,47.3798335,8.5250002
4001886453,"Militärstrasse 106, 8004 Zürich",atm,Bity Crypto ATM,47.3790902,8.5290966
4001886453,"Militärstrasse 106, 8004 Zürich",fast_food,Tipsy Tiger,47.3799226,8.5277248
4001886453,"Militärstrasse 106, 8004 Zürich",restaurant,Karmi's,47.3780429,8.5296209
4001886453,"Militärstrasse 106, 8004 Zürich",bar,J.B. LABAT,47.37872,8.5287053
4000806194,"Poststrasse 19, 2504 Biel/Bienne",parking,n/a,47.1519118,7.2811475
4000806194,"Poststrasse 19, 2504 Biel/Bienne",atm,Postfinance,47.1464415,7.2733008
4000806194,"Poststrasse 19, 2504 Biel/Bienne",fast_food,Express Pizza,47.14724,7.27352
4000806194,"Poststrasse 19, 2504 Biel/Bienne",atm,BEKB BCBE,47.1461079,7.2723818
4002064574,"Gaichtstrasse 1, 2512 Tüscherz-Alfermée",parking,n/a,47.1140602,7.1954039
4002063419,"Place du Bourg-de-Four, 1204 Genève",parking,Parking Saint-Antoine,46.1996589,6.1509495
4002063419,"Place du Bourg-de-Four, 1204 Genève",bank,Raiffeisen,46.2015956,6.1528571
4002063419,"Place du Bourg-de-Four, 1204 Genève",school,École Brechbühl,46.1993385,6.1533287
4002063419,"Place du Bourg-de-Four, 1204 Genève",pharmacy,Pharmacie Populaire Grosclaude,46.2017254,6.1522223
4002063419,"Place du Bourg-de-Four, 1204 Genève",fast_food,McDonald's,46.2019663,6.1526595
4002063419,"Place du Bourg-de-Four, 1204 Genève",university,Haute école d'art et de design (HEAD),46.1985541,6.1509888
4002063419,"Place du Bourg-de-Four, 1204 Genève",restaurant,SMOK'ED,46.2022402,6.1485222
4002063419,"Place du Bourg-de-Four, 1204 Genève",bar,New Navy Bar,46.1997457,6.1484877
4002063419,"Place du Bourg-de-Four, 1204 Genève",library,Bibliothèque braille romande et livre parlé,46.1997707,6.1482834
4002063419,"Place du Bourg-de-Four, 1204 Genève",restaurant,Le Flore,46.2015715,6.1498006
4002063419,"Place du Bourg-de-Four, 1204 Genève",bank,Blom Bank,46.1992974,6.1530415
4002063419,"Place du Bourg-de-Four, 1204 Genève",restaurant,Pâtisserie,46.2010675,6.149344
4002063419,"Place du Bourg-de-Four, 1204 Genève",cafe,La Clémence,46.2002116,6.1487995
4002063419,"Place du Bourg-de-Four, 1204 Genève",pharmacy,Pharmacie du Bourg-de-Four,46.2004672,6.1490445
4002063419,"Place du Bourg-de-Four, 1204 Genève",restaurant,Au Pied de Cochon,46.2008165,6.1492919
4002063419,"Place du Bourg-de-Four, 1204 Genève",cafe,Véranda Café,46.2015628,6.1515856
4002063419,"Place du Bourg-de-Four, 1204 Genève",restaurant,L'Hôtel de Ville,46.2012612,6.1468905
4002063419,"Place du Bourg-de-Four, 1204 Genève",restaurant,Café Papon,46.2008035,6.1464792
4002063419,"Place du Bourg-de-Four, 1204 Genève",restaurant,Le Perron,46.2021786,6.1482005
4002063419,"Place du Bourg-de-Four, 1204 Genève",restaurant,Café du Bourg de Four,46.199858,6.1490417
4002063419,"Place du Bourg-de-Four, 1204 Genève",restaurant,MangoDeck,46.1998642,6.1489395
4002063419,"Place du Bourg-de-Four, 1204 Genève",restaurant,Le Syracuse,46.1997593,6.1485477
4002063419,"Place du Bourg-de-Four, 1204 Genève",restaurant,Spaghetti Factory,46.201446,6.1497645
4002063419,"Place du Bourg-de-Four, 1204 Genève",restaurant,Le Demi Lune Café,46.1996075,6.149374
4002063419,"Place du Bourg-de-Four, 1204 Genève",restaurant,L'interdit,46.2026761,6.1473434
4002063419,"Place du Bourg-de-Four, 1204 Genève",restaurant,Steak Street Food,46.2013863,6.1503538
4002063419,"Place du Bourg-de-Four, 1204 Genève",restaurant,Crêperie St-Pierre,46.2007795,6.1479269
4002063419,"Place du Bourg-de-Four, 1204 Genève",cafe,Le Studio Café,46.1999147,6.1493302
4002063419,"Place du Bourg-de-Four, 1204 Genève",restaurant,Black Tap,46.2014084,6.1528284
4002063419,"Place du Bourg-de-Four, 1204 Genève",cafe,Le Bistrot des Arts,46.2003157,6.1488988
4002063419,"Place du Bourg-de-Four, 1204 Genève",restaurant,Le Radar de pOche,46.2001883,6.149596
4002063419,"Place du Bourg-de-Four, 1204 Genève",cafe,Vino Olio Caffè,46.2003002,6.1497446
4002063419,"Place du Bourg-de-Four, 1204 Genève",restaurant,A la Pomme d'Or,46.2002709,6.1488537
4002063419,"Place du Bourg-de-Four, 1204 Genève",cafe,Ferdinand,46.1998354,6.1488467
4002063419,"Place du Bourg-de-Four, 1204 Genève",fast_food,Sushi Shop,46.2015339,6.151033
4002063419,"Place du Bourg-de-Four, 1204 Genève",cafe,Pages & Sips,46.20137,6.1467598
4002063419,"Place du Bourg-de-Four, 1204 Genève",cafe,La Bergamote Genève,46.2023363,6.1493127
4002063419,"Place du Bourg-de-Four, 1204 Genève",restaurant,Le 33,46.1997471,6.1484245
4002063419,"Place du Bourg-de-Four, 1204 Genève",restaurant,Omusubi,46.2018455,6.1476199
4002063419,"Place du Bourg-de-Four, 1204 Genève",cafe,Maison Rousseau Littérature,46.2013526,6.1465972
4002063419,"Place du Bourg-de-Four, 1204 Genève",fast_food,Döner kebap,46.2023213,6.1509912
4002061790,"Chemin de Bonne-Espérance, 1006 Lausanne",restaurant,Trishul café restaurant indien,46.5139894,6.6475915
4002061790,"Chemin de Bonne-Espérance, 1006 Lausanne",restaurant,Le rossignol,46.5154051,6.6492945
4002059774,"Route des Arsenaux, 1700 Fribourg",restaurant,De Pérolles,46.8002706,7.1525963
4002059774,"Route des Arsenaux, 1700 Fribourg",bar,Ancienne Gare,46.802203,7.1503768
4002059774,"Route des Arsenaux, 1700 Fribourg",atm,n/a,46.7999452,7.1514494
4002059774,"Route des Arsenaux, 1700 Fribourg",atm,n/a,46.7998443,7.1523713
4002059774,"Route des Arsenaux, 1700 Fribourg",atm,n/a,46.8018427,7.1514562
4002059774,"Route des Arsenaux, 1700 Fribourg",restaurant,Le Pérolles,46.8020268,7.1512463
4002059774,"Route des Arsenaux, 1700 Fribourg",bank,Crédit Agricole,46.8010994,7.151726
4002059774,"Route des Arsenaux, 1700 Fribourg",parking,n/a,46.7977183,7.1508166
4002059774,"Route des Arsenaux, 1700 Fribourg",cafe,Le Provencal,46.7998359,7.1522121
4002059774,"Route des Arsenaux, 1700 Fribourg",fast_food,Au Bospore,46.8023919,7.1508991
4002059774,"Route des Arsenaux, 1700 Fribourg",bank,Banque CIC Suisse,46.8024442,7.1509096
4002059774,"Route des Arsenaux, 1700 Fribourg",fast_food,Café Istanbul,46.8014361,7.1507751
4002059774,"Route des Arsenaux, 1700 Fribourg",parking,Les Galeries du Rex,46.8009111,7.1512846
4002059774,"Route des Arsenaux, 1700 Fribourg",pharmacy,Pharmacie Dr.Hagendorf,46.8019679,7.1517882
4002059774,"Route des Arsenaux, 1700 Fribourg",pharmacy,Benu,46.7997007,7.1524027
4002059774,"Route des Arsenaux, 1700 Fribourg",bar,Korso - Kino Bar Bier,46.8004131,7.1520836
4002059774,"Route des Arsenaux, 1700 Fribourg",restaurant,San Marco,46.8010124,7.1522881
4002059774,"Route des Arsenaux, 1700 Fribourg",parking,n/a,46.7987801,7.1514062
4002059774,"Route des Arsenaux, 1700 Fribourg",fast_food,Pizzaphone,46.7990691,7.1502721
4002059774,"Route des Arsenaux, 1700 Fribourg",parking,n/a,46.7987898,7.1500011
4002059774,"Route des Arsenaux, 1700 Fribourg",parking,n/a,46.7983934,7.1512513
4002059774,"Route des Arsenaux, 1700 Fribourg",fast_food,Mike Wong,46.8011706,7.1516797
4002059774,"Route des Arsenaux, 1700 Fribourg",restaurant,Migros Restaurant,46.7997188,7.1519305
4002059774,"Route des Arsenaux, 1700 Fribourg",parking,n/a,46.8015877,7.1510559
4002059774,"Route des Arsenaux, 1700 Fribourg",restaurant,Le Chemin de Fer,46.7987455,7.1497777
4002059774,"Route des Arsenaux, 1700 Fribourg",parking,n/a,46.7986085,7.148102
4002059774,"Route des Arsenaux, 1700 Fribourg",library,Bibliothèque de la Haute école de santé Fribourg,46.7971628,7.1503336
4002059774,"Route des Arsenaux, 1700 Fribourg",fast_food,Walima,46.8011076,7.1521812
4002059774,"Route des Arsenaux, 1700 Fribourg",restaurant,Les Menteurs,46.798124,7.1479678
4002059774,"Route des Arsenaux, 1700 Fribourg",fast_food,Star Pizza Kebab,46.8006982,7.1519523
4002059774,"Route des Arsenaux, 1700 Fribourg",pub,Les Gosses du Québec,46.802119,7.1517355
4002059774,"Route des Arsenaux, 1700 Fribourg",restaurant,"Café Chemin de Fer - Restaurant, Pizzeria",46.7988549,7.1497943
4002059774,"Route des Arsenaux, 1700 Fribourg",restaurant,Pizzeria des Arsenaux,46.7980063,7.1493765
4002059774,"Route des Arsenaux, 1700 Fribourg",parking,n/a,46.800824,7.1508499
4002059774,"Route des Arsenaux, 1700 Fribourg",bar,Le Cintra,46.8015634,7.1519484
4002059774,"Route des Arsenaux, 1700 Fribourg",parking,Pérolles Centre,46.7997647,7.1509149
4002054786,"Hasenmattstrasse 1, 2540 Grenchen",fast_food,McDonald's,47.192981,7.4012687
4002054786,"Hasenmattstrasse 1, 2540 Grenchen",fast_food,n/a,47.1945157,7.4098593
4002054786,"Hasenmattstrasse 1, 2540 Grenchen",bank,Raiffeisenbank Weissenstein,47.1926257,7.3988046
4002054786,"Hasenmattstrasse 1, 2540 Grenchen",atm,n/a,47.1926381,7.3987593
4002054786,"Hasenmattstrasse 1, 2540 Grenchen",parking,n/a,47.2001322,7.4190665
4002054786,"Hasenmattstrasse 1, 2540 Grenchen",restaurant,Thai Wok,47.1935096,7.4036313
4002054786,"Hasenmattstrasse 1, 2540 Grenchen",clinic,Clinique DELC,47.1935543,7.4016235
4002054786,"Hasenmattstrasse 1, 2540 Grenchen",restaurant,Restaurant am Girardplatz,47.1913001,7.3995455
4002054786,"Hasenmattstrasse 1, 2540 Grenchen",restaurant,Bambi,47.1936253,7.3977055
4002054786,"Hasenmattstrasse 1, 2540 Grenchen",restaurant,Man Fu,47.1932421,7.3985235
4002038113,"Maurerweg 12, 2503 Biel",atm,UBS,47.1323189,7.2511192
4002038113,"Maurerweg 12, 2503 Biel",restaurant,Restaurant Plaza,47.1318319,7.2521178
4002038113,"Maurerweg 12, 2503 Biel",cafe,Delta Bar,47.1363248,7.2569862
4002038113,"Maurerweg 12, 2503 Biel",fast_food,Bravo Pizza,47.1343076,7.255173
4002038113,"Maurerweg 12, 2503 Biel",restaurant,Migros Restaurant,47.1317879,7.2529569
4002038113,"Maurerweg 12, 2503 Biel",parking,n/a,47.1329241,7.2567841
4002038113,"Maurerweg 12, 2503 Biel",parking,n/a,47.1337612,7.2568258
4002038113,"Maurerweg 12, 2503 Biel",parking,n/a,47.1337863,7.2559719
4002038113,"Maurerweg 12, 2503 Biel",parking,n/a,47.1317562,7.2532646
4002038113,"Maurerweg 12, 2503 Biel",parking,n/a,47.1315269,7.2533636
4002038113,"Maurerweg 12, 2503 Biel",parking,n/a,47.133918,7.2541349
4002038113,"Maurerweg 12, 2503 Biel",restaurant,Hirschen,47.1313485,7.252504
4002038113,"Maurerweg 12, 2503 Biel",school,École primaire Madretsch - Primarschule Madretsch,47.1352806,7.2560845
4002038113,"Maurerweg 12, 2503 Biel",restaurant,Ristorante Pizzeria da Piano,47.1349092,7.2560281
4002038113,"Maurerweg 12, 2503 Biel",restaurant,Sonne,47.1363899,7.2574994
4002038113,"Maurerweg 12, 2503 Biel",parking,n/a,47.1359628,7.2582681
4002038113,"Maurerweg 12, 2503 Biel",parking,n/a,47.1357189,7.2595067
4002038113,"Maurerweg 12, 2503 Biel",restaurant,Cheminée,47.1365979,7.2558212
4002038113,"Maurerweg 12, 2503 Biel",restaurant,Bistro Mama Fefe,47.1326218,7.2525312
4002023693,"Wankdorffeldstrasse 103, 3014 Bern",restaurant,Il Profeta,46.9637361,7.4560047
4002023693,"Wankdorffeldstrasse 103, 3014 Bern",restaurant,Calabrisella,46.9623208,7.4551664
4002023693,"Wankdorffeldstrasse 103, 3014 Bern",restaurant,Migros Restaurant,46.9656875,7.463173
4002023693,"Wankdorffeldstrasse 103, 3014 Bern",parking,n/a,46.9651547,7.4609877
4002023693,"Wankdorffeldstrasse 103, 3014 Bern",restaurant,Migros Restaurant,46.9653822,7.4587406
4002023693,"Wankdorffeldstrasse 103, 3014 Bern",restaurant,Wylerhuus,46.9641604,7.4527535
4002023693,"Wankdorffeldstrasse 103, 3014 Bern",restaurant,al parco,46.9663233,7.4544525
4002023693,"Wankdorffeldstrasse 103, 3014 Bern",parking,n/a,46.9653723,7.4619087
4002023693,"Wankdorffeldstrasse 103, 3014 Bern",school,Migros Klubschule Bern Wankdorf,46.9654177,7.4586191
4002023693,"Wankdorffeldstrasse 103, 3014 Bern",restaurant,Nordring,46.9641631,7.4577302
4002023693,"Wankdorffeldstrasse 103, 3014 Bern",fast_food,Esperanto,46.9654873,7.4634115
4002023693,"Wankdorffeldstrasse 103, 3014 Bern",restaurant,Bistro Medi,46.9663334,7.4643865
4002003227,"Seestrasse 136-142, 8707 Uetikon am See",parking,n/a,47.2591461,8.6757476
4002003227,"Seestrasse 136-142, 8707 Uetikon am See",restaurant,Zehn Eat & Shop,47.2592564,8.6795228
4002003227,"Seestrasse 136-142, 8707 Uetikon am See",atm,n/a,47.2590272,8.6791104
4002003227,"Seestrasse 136-142, 8707 Uetikon am See",restaurant,Spice Village,47.2571539,8.6838301
4002003227,"Seestrasse 136-142, 8707 Uetikon am See",bar,Sichtbar,47.2592491,8.6748191
4002003227,"Seestrasse 136-142, 8707 Uetikon am See",school,SIS Swiss International School,47.2573943,8.6822583
4002003227,"Seestrasse 136-142, 8707 Uetikon am See",parking,n/a,47.2606344,8.6810162
4001991978,"Rue Charles-Giron 14, 1203 Genève",library,Bibliothèque de Saint-Jean,46.2057295,6.1270445
4001991978,"Rue Charles-Giron 14, 1203 Genève",restaurant,Pizzeria les Tilleuls,46.2058099,6.1311533
4001991978,"Rue Charles-Giron 14, 1203 Genève",restaurant,La Limite,46.2064678,6.1301205
4001991978,"Rue Charles-Giron 14, 1203 Genève",pharmacy,Pharmacie de la Dôle,46.2074676,6.130493
4001991978,"Rue Charles-Giron 14, 1203 Genève",restaurant,Le Chanaan,46.2059677,6.1271143
4001991978,"Rue Charles-Giron 14, 1203 Genève",restaurant,Giardino Romano,46.2045344,6.1287468
4001991978,"Rue Charles-Giron 14, 1203 Genève",restaurant,Ming Wah,46.204894,6.1301509
4001991978,"Rue Charles-Giron 14, 1203 Genève",restaurant,Na Village,46.2052734,6.131489
4001991978,"Rue Charles-Giron 14, 1203 Genève",restaurant,Mr. Pal,46.208272,6.1286696
4001991978,"Rue Charles-Giron 14, 1203 Genève",pharmacy,Pharmacie Populaire Charmilles,46.2081577,6.1274194
4001991978,"Rue Charles-Giron 14, 1203 Genève",restaurant,Morena Bar,46.2086095,6.1266677
4001991978,"Rue Charles-Giron 14, 1203 Genève",restaurant,La Cocina Argentina,46.2052599,6.1321939
4001991978,"Rue Charles-Giron 14, 1203 Genève",restaurant,Le Paradis,46.2061647,6.132514
4001991978,"Rue Charles-Giron 14, 1203 Genève",cafe,Entre Nous,46.2073067,6.1299849
4001991978,"Rue Charles-Giron 14, 1203 Genève",school,ortra santé social,46.2068311,6.1301644
4001991978,"Rue Charles-Giron 14, 1203 Genève",restaurant,Café de Charmilles,46.2076878,6.1276386
4001991978,"Rue Charles-Giron 14, 1203 Genève",bar,Tiki Bar,46.2055318,6.1254402
4001991978,"Rue Charles-Giron 14, 1203 Genève",restaurant,Sabor Latino,46.2045748,6.1259562
4001991978,"Rue Charles-Giron 14, 1203 Genève",restaurant,Pizza Mania,46.2050572,6.1255581
4001991978,"Rue Charles-Giron 14, 1203 Genève",restaurant,Calia,46.2081871,6.1262279
4001991978,"Rue Charles-Giron 14, 1203 Genève",cafe,Utopia,46.2052851,6.1323515
4001991978,"Rue Charles-Giron 14, 1203 Genève",restaurant,Le Picotin,46.205459,6.1276644
4001991978,"Rue Charles-Giron 14, 1203 Genève",bar,My Cafe Bar,46.2091785,6.1267653
4001991978,"Rue Charles-Giron 14, 1203 Genève",cafe,Subarashii Manga Café,46.2081217,6.1257207
4001991978,"Rue Charles-Giron 14, 1203 Genève",restaurant,Sindbad,46.2051353,6.1317546
4001991978,"Rue Charles-Giron 14, 1203 Genève",restaurant,Un Sens,46.205272,6.1322689
4001991978,"Rue Charles-Giron 14, 1203 Genève",fast_food,Silver Kebab,46.2082421,6.1278904
4001924622,"Wibergstrasse 39, 8180 Bülach",restaurant,Daily Pizza,47.5185638,8.5420652
4001924622,"Wibergstrasse 39, 8180 Bülach",parking,n/a,47.5209119,8.5413688
4001924622,"Wibergstrasse 39, 8180 Bülach",restaurant,Landessa,47.5214036,8.5445857
4001924620,"Wibergstrasse 39, 8180 Bülach",restaurant,Daily Pizza,47.5185638,8.5420652
4001924620,"Wibergstrasse 39, 8180 Bülach",parking,n/a,47.5209119,8.5413688
4001924620,"Wibergstrasse 39, 8180 Bülach",restaurant,Landessa,47.5214036,8.5445857
4001924615,"Wibergstrasse 41, 8180 Bülach",restaurant,Daily Pizza,47.5185638,8.5420652
4001924615,"Wibergstrasse 41, 8180 Bülach",parking,n/a,47.5209119,8.5413688
4001924615,"Wibergstrasse 41, 8180 Bülach",restaurant,Landessa,47.5214036,8.5445857
4001924611,"Wibergstrasse 41, 8180 Bülach",restaurant,Daily Pizza,47.5185638,8.5420652
4001924611,"Wibergstrasse 41, 8180 Bülach",parking,n/a,47.5209119,8.5413688
4001924611,"Wibergstrasse 41, 8180 Bülach",restaurant,Landessa,47.5214036,8.5445857
4001924600,"Wibergstrasse 41, 8180 Bülach",restaurant,Daily Pizza,47.5185638,8.5420652
4001924600,"Wibergstrasse 41, 8180 Bülach",parking,n/a,47.5209119,8.5413688
4001924600,"Wibergstrasse 41, 8180 Bülach",restaurant,Landessa,47.5214036,8.5445857
4001924553,"Wibergstrasse 41, 8180 Bülach",restaurant,Daily Pizza,47.5185638,8.5420652
4001924553,"Wibergstrasse 41, 8180 Bülach",parking,n/a,47.5209119,8.5413688
4001924553,"Wibergstrasse 41, 8180 Bülach",restaurant,Landessa,47.5214036,8.5445857
4001913747,"Rue Rousseau, 1201 Genève",restaurant,Restarant La Matze,46.2095161,6.1447694
4001913747,"Rue Rousseau, 1201 Genève",restaurant,Restarant Milan,46.2095819,6.1448278
4001913747,"Rue Rousseau, 1201 Genève",parking,Grenus,46.2068252,6.1430821
4001913747,"Rue Rousseau, 1201 Genève",pharmacy,Amavita,46.2080788,6.143467
4001913747,"Rue Rousseau, 1201 Genève",pharmacy,Pharmacie du Progrès,46.2069618,6.1432079
4001913747,"Rue Rousseau, 1201 Genève",pub,Mulligans,46.2071296,6.1433642
4001913747,"Rue Rousseau, 1201 Genève",cafe,Post' Cafe,46.2090242,6.1446068
4001913747,"Rue Rousseau, 1201 Genève",restaurant,Bombay,46.2092654,6.1447821
4001913747,"Rue Rousseau, 1201 Genève",restaurant,Al Amir,46.2092581,6.1444572
4001913747,"Rue Rousseau, 1201 Genève",restaurant,Hungky,46.2091661,6.1443707
4001913747,"Rue Rousseau, 1201 Genève",cafe,Cafe Vaudois,46.21004,6.1452456
4001913747,"Rue Rousseau, 1201 Genève",restaurant,Mektoub,46.2093398,6.1445651
4001913747,"Rue Rousseau, 1201 Genève",cafe,Los Angeles Cafe,46.2093935,6.1450295
4001913747,"Rue Rousseau, 1201 Genève",restaurant,Le Basilic,46.2094391,6.144684
4001913747,"Rue Rousseau, 1201 Genève",bar,Black Sheep,46.2063362,6.1435471
4001913747,"Rue Rousseau, 1201 Genève",bank,Cembra Banque,46.2073669,6.1449154
4001913747,"Rue Rousseau, 1201 Genève",restaurant,Restaurant Le Chalet Suisse,46.2094609,6.1451814
4001913747,"Rue Rousseau, 1201 Genève",restaurant,Chez ma Cousine,46.2075229,6.1440576
4001913747,"Rue Rousseau, 1201 Genève",atm,n/a,46.2085097,6.1450994
4001913747,"Rue Rousseau, 1201 Genève",pharmacy,Pharmacie Principale,46.2071445,6.1421916
4001913747,"Rue Rousseau, 1201 Genève",restaurant,Zhong Tong,46.2068742,6.1447473
4001913747,"Rue Rousseau, 1201 Genève",restaurant,Restaurant le Mandarin,46.2078438,6.1453875
4001913747,"Rue Rousseau, 1201 Genève",pharmacy,Pharmacie du Mortier d'or,46.206292,6.1427704
4001913747,"Rue Rousseau, 1201 Genève",pharmacy,Plaza,46.2077532,6.1453692
4001913747,"Rue Rousseau, 1201 Genève",restaurant,Mamma Corleone,46.2069866,6.1449561
4001913747,"Rue Rousseau, 1201 Genève",bar,La Bretelle,46.2066225,6.1440166
4001913747,"Rue Rousseau, 1201 Genève",bar,n/a,46.2060852,6.1431344
4001913747,"Rue Rousseau, 1201 Genève",restaurant,Mike Wong,46.2072862,6.144676
4001913747,"Rue Rousseau, 1201 Genève",cafe,n/a,46.2082737,6.1447666
4001913747,"Rue Rousseau, 1201 Genève",restaurant,Alfredo,46.2084435,6.1440087
4001913747,"Rue Rousseau, 1201 Genève",restaurant,Le phare,46.2080154,6.1442005
4001913747,"Rue Rousseau, 1201 Genève",restaurant,Sam's grill house,46.2081859,6.1457191
4001913747,"Rue Rousseau, 1201 Genève",cafe,Elsalad,46.2062535,6.1434707
4001913747,"Rue Rousseau, 1201 Genève",cafe,Mafalda,46.2061974,6.1433653
4001913747,"Rue Rousseau, 1201 Genève",fast_food,Subway,46.2067148,6.1444047
4001913747,"Rue Rousseau, 1201 Genève",restaurant,Together,46.2065932,6.1434649
4001913747,"Rue Rousseau, 1201 Genève",cafe,Grenus,46.2065392,6.1435036
4001913747,"Rue Rousseau, 1201 Genève",cafe,Manor Food,46.2073474,6.1426117
4001913747,"Rue Rousseau, 1201 Genève",bank,CEMBRA BANK,46.2075342,6.1438545
4001913747,"Rue Rousseau, 1201 Genève",fast_food,Taco rico,46.2085602,6.1441701
4001913747,"Rue Rousseau, 1201 Genève",cafe,willi's,46.2085104,6.1444511
4001913747,"Rue Rousseau, 1201 Genève",bar,Le Phare,46.2073825,6.1438914
4001913747,"Rue Rousseau, 1201 Genève",restaurant,Saj Eat,46.2101562,6.1449928
4001913747,"Rue Rousseau, 1201 Genève",restaurant,Asia Garden,46.2098536,6.1451137
4001913747,"Rue Rousseau, 1201 Genève",cafe,White Rabbit,46.2070222,6.1448081
4001913747,"Rue Rousseau, 1201 Genève",cafe,n/a,46.2070439,6.1447727
4001913747,"Rue Rousseau, 1201 Genève",pharmacy,Pharmacie des Alpes,46.2095338,6.1456915
4001913747,"Rue Rousseau, 1201 Genève",cafe,Baristar,46.2066407,6.1435401
4001913747,"Rue Rousseau, 1201 Genève",cafe,Calico,46.2070616,6.1436286
4001913747,"Rue Rousseau, 1201 Genève",restaurant,Wine & beef,46.2081362,6.1459871
4001913747,"Rue Rousseau, 1201 Genève",cafe,Café d'Éthiopie,46.2093201,6.1454356
4001913747,"Rue Rousseau, 1201 Genève",restaurant,Sam's Tacos Burger Kebab,46.2080235,6.1441102
4001913747,"Rue Rousseau, 1201 Genève",atm,n/a,46.2078027,6.1457932
4001913747,"Rue Rousseau, 1201 Genève",cafe,Kony,46.2077305,6.142818
4001913747,"Rue Rousseau, 1201 Genève",bar,Café de la Sarine,46.2073936,6.1435251
4001913747,"Rue Rousseau, 1201 Genève",pharmacy,n/a,46.2067561,6.1420885
4001913747,"Rue Rousseau, 1201 Genève",cafe,Les 3 Palettes,46.2069926,6.143712
4001913747,"Rue Rousseau, 1201 Genève",atm,Bity Crypto ATM,46.2072187,6.1427544
4001913747,"Rue Rousseau, 1201 Genève",cafe,Madame Coutance,46.2061304,6.1428666
4001867340,"Höchackerweg 4, 4923 Wynau",atm,n/a,47.2652415,7.831263
4001867340,"Höchackerweg 4, 4923 Wynau",pharmacy,Apotheke Murgenthal,47.2648128,7.8290498
4001867340,"Höchackerweg 4, 4923 Wynau",bank,Raiffeisenbank Aare-Langete,47.2651932,7.8312166
4002077169,"Schulstrasse 31, 4132 Muttenz",school,Schulhaus Breite,47.5241812,7.648008
4002077169,"Schulstrasse 31, 4132 Muttenz",bar,Bajazzo,47.5244599,7.6464438
4002077169,"Schulstrasse 31, 4132 Muttenz",fast_food,Cafe & More,47.5267647,7.6471139
4002077169,"Schulstrasse 31, 4132 Muttenz",restaurant,Coop Restaurant,47.5276346,7.6476003
4002077169,"Schulstrasse 31, 4132 Muttenz",atm,n/a,47.5267901,7.6477194
4002077169,"Schulstrasse 31, 4132 Muttenz",bank,Raiffeisenbank Arlesheim,47.5266295,7.6470612
4002077169,"Schulstrasse 31, 4132 Muttenz",pharmacy,Rössli Apotheke,47.5255047,7.6470676
4002077169,"Schulstrasse 31, 4132 Muttenz",restaurant,Wirtschaft zur Waage,47.5239672,7.6461572
4002077169,"Schulstrasse 31, 4132 Muttenz",restaurant,Trattoria Il Nuraghe,47.5238541,7.6455429
4002077169,"Schulstrasse 31, 4132 Muttenz",fast_food,Dönerstop,47.5268261,7.6472043
4002077169,"Schulstrasse 31, 4132 Muttenz",restaurant,Vicino,47.5254538,7.6472169
4002077169,"Schulstrasse 31, 4132 Muttenz",bank,UBS,47.5262386,7.6474316
4002077169,"Schulstrasse 31, 4132 Muttenz",parking,n/a,47.5275499,7.6510429
4002077169,"Schulstrasse 31, 4132 Muttenz",pharmacy,TopPharm Apotheke Arbogast,47.52795,7.6470153
4002073739,"Sonnenbergstrasse 16, 8032 Zürich",restaurant,Aroma,47.3654698,8.5636573
4002073739,"Sonnenbergstrasse 16, 8032 Zürich",bar,Sol,47.3652823,8.5648541
4002073739,"Sonnenbergstrasse 16, 8032 Zürich",pharmacy,Klus-Apotheke,47.3645751,8.5666306
4002073739,"Sonnenbergstrasse 16, 8032 Zürich",school,Selbsthilfe Zürich,47.3650236,8.5642914
4002066308,"Poststrasse 31, 8957 Spreitenbach",parking,n/a,47.4246113,8.3582767
4002066308,"Poststrasse 31, 8957 Spreitenbach",bank,Raiffeisenbank Würenlos,47.4181825,8.3650021
4002066308,"Poststrasse 31, 8957 Spreitenbach",atm,Raiffeisen,47.4181421,8.3650837
4002066308,"Poststrasse 31, 8957 Spreitenbach",parking,Dr. med. Maeder,47.4232369,8.3611114
4001978069,"Via Schlifras 85, 7130 Ilanz",restaurant,Porclas,46.772556,9.2015332
4001978069,"Via Schlifras 85, 7130 Ilanz",library,Schul- und Gemeindebibliothek Ilanz,46.7726033,9.2066111
4001978069,"Via Schlifras 85, 7130 Ilanz",restaurant,OberTor,46.7727006,9.2035458
4001978069,"Via Schlifras 85, 7130 Ilanz",parking,n/a,46.7695445,9.2039078
4001978064,"Via Schlifras 85, 7130 Ilanz",restaurant,Porclas,46.772556,9.2015332
4001978064,"Via Schlifras 85, 7130 Ilanz",library,Schul- und Gemeindebibliothek Ilanz,46.7726033,9.2066111
4001978064,"Via Schlifras 85, 7130 Ilanz",restaurant,OberTor,46.7727006,9.2035458
4001978064,"Via Schlifras 85, 7130 Ilanz",parking,n/a,46.7695445,9.2039078
4001978062,"Via Schlifras 85, 7130 Ilanz",restaurant,Porclas,46.772556,9.2015332
4001978062,"Via Schlifras 85, 7130 Ilanz",library,Schul- und Gemeindebibliothek Ilanz,46.7726033,9.2066111
4001978062,"Via Schlifras 85, 7130 Ilanz",restaurant,OberTor,46.7727006,9.2035458
4001978062,"Via Schlifras 85, 7130 Ilanz",parking,n/a,46.7695445,9.2039078
4001957352,"Poststrasse 31, 8957 Spreitenbach",parking,n/a,47.4246113,8.3582767
4001957352,"Poststrasse 31, 8957 Spreitenbach",bank,Raiffeisenbank Würenlos,47.4181825,8.3650021
4001957352,"Poststrasse 31, 8957 Spreitenbach",atm,Raiffeisen,47.4181421,8.3650837
4001957352,"Poststrasse 31, 8957 Spreitenbach",parking,Dr. med. Maeder,47.4232369,8.3611114
4001939686,"Steinfeldstrasse 19b, 8153 Rümlang",restaurant,Tröpfli,47.4482448,8.524811
4001939686,"Steinfeldstrasse 19b, 8153 Rümlang",pharmacy,Amavita Rümlang,47.4508792,8.5300081
4001939686,"Steinfeldstrasse 19b, 8153 Rümlang",restaurant,Romantica,47.4526469,8.5298506
4001939686,"Steinfeldstrasse 19b, 8153 Rümlang",bank,Bezirks-Sparkasse Dielsdorf,47.4508835,8.5292434
4001939686,"Steinfeldstrasse 19b, 8153 Rümlang",restaurant,Trizi's Dorfbeiz,47.4513302,8.5304761
4001939686,"Steinfeldstrasse 19b, 8153 Rümlang",restaurant,"Pizzeria Sorriso (Restaurant, Bowling + Bar)",47.4513447,8.5291028
4001939686,"Steinfeldstrasse 19b, 8153 Rümlang",atm,n/a,47.4530767,8.5294957
4001939686,"Steinfeldstrasse 19b, 8153 Rümlang",atm,Zürcher Kantonalbank,47.4498788,8.5316751
4001939686,"Steinfeldstrasse 19b, 8153 Rümlang",atm,n/a,47.4540841,8.5325643
4001939686,"Steinfeldstrasse 19b, 8153 Rümlang",fast_food,Tuono,47.4533118,8.5330521
4001939686,"Steinfeldstrasse 19b, 8153 Rümlang",restaurant,n/a,47.4517983,8.5300184
4001667738,"Chemin des Charrières 6, 2024 St-Aubin-Sauges",bank,BCN,46.8953557,6.7750947
4001667738,"Chemin des Charrières 6, 2024 St-Aubin-Sauges",pharmacy,Pharmacie du Trèfle,46.8953536,6.7749799
4001667738,"Chemin des Charrières 6, 2024 St-Aubin-Sauges",parking,n/a,46.8953308,6.776857
4001667738,"Chemin des Charrières 6, 2024 St-Aubin-Sauges",parking,Parking de la Coop,46.895937,6.7757623
4001646195,"Gyrhaldenstrasse 27, 4416 Bubendorf",cafe,Lindis Café,47.4513289,7.7402359
4001118224,"Gyrhaldenstrasse 33, 4416 Bubendorf",cafe,Lindis Café,47.4513289,7.7402359
4002078666,"Langenhagweg 21, 4123 Allschwil",restaurant,Weiherhof,47.5458033,7.557097
4002078666,"Langenhagweg 21, 4123 Allschwil",cafe,Bees and Birds Café,47.5460894,7.5574644
4002078666,"Langenhagweg 21, 4123 Allschwil",restaurant,Hundert13 Suppenbar,47.5459171,7.5565523
4002077166,"Baumgartenweg 10, 4106 Therwil",pharmacy,Leimen-Apotheke,47.4992093,7.556722
4002077166,"Baumgartenweg 10, 4106 Therwil",restaurant,Bahnhöfli,47.4994769,7.5568583
4002077166,"Baumgartenweg 10, 4106 Therwil",restaurant,Trattoria Antichi Sapori,47.4995355,7.5545861
4002077166,"Baumgartenweg 10, 4106 Therwil",restaurant,Cantina Toscana,47.4991063,7.5558821
4002077166,"Baumgartenweg 10, 4106 Therwil",atm,n/a,47.4989614,7.5566975
4002077166,"Baumgartenweg 10, 4106 Therwil",parking,n/a,47.4989468,7.5545262
4002077166,"Baumgartenweg 10, 4106 Therwil",restaurant,n/a,47.5018889,7.560799
4002077166,"Baumgartenweg 10, 4106 Therwil",pharmacy,Dorf Drogerie,47.4994697,7.5551167
4002077166,"Baumgartenweg 10, 4106 Therwil",atm,n/a,47.4994485,7.555641
4002077166,"Baumgartenweg 10, 4106 Therwil",bank,Basellandschaftliche Kantonalbank,47.499493,7.5557509
4002077166,"Baumgartenweg 10, 4106 Therwil",cafe,KAFFI-BAR Träumli,47.4994975,7.5547914
4002039300,"Via Cantonale 56, 6987 Caslano",pharmacy,Farmacia San Luca,45.9812504,8.8791393
4002039300,"Via Cantonale 56, 6987 Caslano",pharmacy,Farmacia di Caslano,45.976041,8.877599
4002039300,"Via Cantonale 56, 6987 Caslano",cafe,Frankie's Cafè,45.9759559,8.8776411
4002039300,"Via Cantonale 56, 6987 Caslano",restaurant,Da Renato,45.982159,8.8791106
4002039300,"Via Cantonale 56, 6987 Caslano",fast_food,Focacceria Siciliana,45.9823648,8.8794349
4002039300,"Via Cantonale 56, 6987 Caslano",fast_food,Thai Take Away,45.979414,8.8770605
4002039300,"Via Cantonale 56, 6987 Caslano",atm,n/a,45.9775976,8.8768513
4002039297,"Via al Ticino 29, 6514 Sementina",parking,n/a,46.1780699,8.9980715
4002039297,"Via al Ticino 29, 6514 Sementina",bar,Bar Adele,46.1852221,8.9894802
4002039297,"Via al Ticino 29, 6514 Sementina",library,La biblioteca del panda,46.1837883,8.9915946
4002037523,"Blumenstrasse 1, 8192 Glattfelden",parking,Parkplatz für Löwen,47.5602004,8.4963114
4002037523,"Blumenstrasse 1, 8192 Glattfelden",restaurant,Löwen,47.5603998,8.4964002
4002037523,"Blumenstrasse 1, 8192 Glattfelden",restaurant,Kafi Judith,47.5589277,8.4993908
4002037523,"Blumenstrasse 1, 8192 Glattfelden",atm,n/a,47.5590777,8.501287
4002037523,"Blumenstrasse 1, 8192 Glattfelden",parking,Rest. Traube,47.5574057,8.5000845
4002037523,"Blumenstrasse 1, 8192 Glattfelden",restaurant,Traube,47.5575865,8.4997519
4002037523,"Blumenstrasse 1, 8192 Glattfelden",parking,n/a,47.5583378,8.5140491
4002028753,"Fallenacker 4, 5504 Othmarsingen",atm,n/a,47.4006547,8.2142926
4002028753,"Fallenacker 4, 5504 Othmarsingen",library,Schul- und Gemeindebibliothek Othmarsingen,47.4018145,8.2190264
4002028753,"Fallenacker 4, 5504 Othmarsingen",restaurant,Doi Suthep,47.4051195,8.2201551
4002028753,"Fallenacker 4, 5504 Othmarsingen",parking,n/a,47.4009345,8.2146451
4002028753,"Fallenacker 4, 5504 Othmarsingen",parking,n/a,47.4006798,8.2140692
4002028753,"Fallenacker 4, 5504 Othmarsingen",parking,n/a,47.4007961,8.2143816
4002028753,"Fallenacker 4, 5504 Othmarsingen",fast_food,Pide is King Gmbh,47.4008174,8.2145952
4001874800,"Eichwiesstrasse 18a, 8645 Jona",fast_food,MEMO Pizza & Kebab,47.2285388,8.8304919
4001874800,"Eichwiesstrasse 18a, 8645 Jona",restaurant,Yushu,47.2247363,8.8332809
4001874800,"Eichwiesstrasse 18a, 8645 Jona",restaurant,Familientreff,47.2292145,8.8326883
4001874800,"Eichwiesstrasse 18a, 8645 Jona",restaurant,Nino Pizza,47.2290351,8.8309424
4001840033,"Brombacherstrasse 44, 4057 Basel",restaurant,Restaurant Zum Wilde Maa,47.5679494,7.595093
4001840033,"Brombacherstrasse 44, 4057 Basel",restaurant,Brombi,47.5705197,7.5962519
4001840033,"Brombacherstrasse 44, 4057 Basel",pub,Sport Pub Milan,47.5689609,7.5948146
4001840033,"Brombacherstrasse 44, 4057 Basel",restaurant,Hong Kong,47.5651063,7.5981445
4001840033,"Brombacherstrasse 44, 4057 Basel",fast_food,Isbilir,47.5671452,7.5952952
4001840033,"Brombacherstrasse 44, 4057 Basel",cafe,Café Siesta,47.5690053,7.5965148
4001840033,"Brombacherstrasse 44, 4057 Basel",pub,Musical Bar,47.5690036,7.5973736
4001840033,"Brombacherstrasse 44, 4057 Basel",restaurant,Efringerhof,47.5673371,7.5963892
4001840033,"Brombacherstrasse 44, 4057 Basel",bar,Qbarana Lounge Bar,47.5687669,7.6018111
4001840033,"Brombacherstrasse 44, 4057 Basel",restaurant,Tapeo Tapas Bar La Terraza,47.566436,7.597422
4001840033,"Brombacherstrasse 44, 4057 Basel",fast_food,Musical Grill,47.5687224,7.597405
4001840033,"Brombacherstrasse 44, 4057 Basel",restaurant,Rössli,47.5700863,7.596641
4001840033,"Brombacherstrasse 44, 4057 Basel",restaurant,Thai Café,47.5698504,7.5973694
4001840033,"Brombacherstrasse 44, 4057 Basel",bar,Nordbar,47.5704484,7.5955243
4001840033,"Brombacherstrasse 44, 4057 Basel",restaurant,Che que lomo,47.5705566,7.594893
4001840033,"Brombacherstrasse 44, 4057 Basel",restaurant,Habesha,47.5701487,7.596197
4001840033,"Brombacherstrasse 44, 4057 Basel",bar,Carambolage,47.5683278,7.6004231
4001840033,"Brombacherstrasse 44, 4057 Basel",restaurant,Nua,47.5660088,7.5975782
4001840033,"Brombacherstrasse 44, 4057 Basel",pharmacy,Matthäus Apotheke,47.5688536,7.5965248
4001840033,"Brombacherstrasse 44, 4057 Basel",cafe,SMUK Café Bar,47.567226,7.5958963
4001840033,"Brombacherstrasse 44, 4057 Basel",restaurant,Avant-Gouz,47.5677168,7.5948728
4001840033,"Brombacherstrasse 44, 4057 Basel",library,feministische bibliothek @spit,47.5684445,7.6009464
4001840033,"Brombacherstrasse 44, 4057 Basel",restaurant,Casa Piccola Italia,47.570009,7.5974416
4001840033,"Brombacherstrasse 44, 4057 Basel",restaurant,Pizzeria Da Pia,47.5709099,7.5920312
4001840033,"Brombacherstrasse 44, 4057 Basel",pharmacy,Hammer Apotheke,47.567587,7.5952345
4001840033,"Brombacherstrasse 44, 4057 Basel",bar,pusat cafe bar,47.5678995,7.5948047
4001840033,"Brombacherstrasse 44, 4057 Basel",fast_food,Hoffmann's Bagel,47.5671995,7.596898
4001840033,"Brombacherstrasse 44, 4057 Basel",school,Primarschulhaus Erlenmatt,47.5689989,7.6004078
4001840033,"Brombacherstrasse 44, 4057 Basel",fast_food,Detto Pronto,47.5705037,7.5952502
4001822147,"Zollikerstrasse 275, 8008 Zürich",restaurant,La Trattoria Blumenau,47.3490341,8.5631953
4001822147,"Zollikerstrasse 275, 8008 Zürich",restaurant,La Zagra,47.3488821,8.5633128
4001644316,"Berneckerstrasse 15/17, 9434 Au SG",school,Schule Blattacker,47.414854,9.6269636
4001644316,"Berneckerstrasse 15/17, 9434 Au SG",bank,Alpha RHEINTAL Bank,47.4104518,9.6254145
4001644316,"Berneckerstrasse 15/17, 9434 Au SG",parking,Am Markt,47.4107891,9.6258965
4001644316,"Berneckerstrasse 15/17, 9434 Au SG",restaurant,Weinstube,47.4093872,9.6167296
4001644316,"Berneckerstrasse 15/17, 9434 Au SG",atm,St. Galler Kantonalbank,47.4115335,9.6269143
4001644316,"Berneckerstrasse 15/17, 9434 Au SG",fast_food,Rheintal Imbiss,47.4098579,9.6259556
4001644316,"Berneckerstrasse 15/17, 9434 Au SG",pharmacy,Zentral Apotheke,47.4104833,9.625504
4001644316,"Berneckerstrasse 15/17, 9434 Au SG",bank,St. Galler Kantonalbank,47.4114666,9.6269913
4001644316,"Berneckerstrasse 15/17, 9434 Au SG",atm,n/a,47.4103345,9.6270122
4001644316,"Berneckerstrasse 15/17, 9434 Au SG",restaurant,Coop Restaurant,47.4101698,9.6248553
4001644316,"Berneckerstrasse 15/17, 9434 Au SG",parking,n/a,47.4088188,9.6230586
4001644316,"Berneckerstrasse 15/17, 9434 Au SG",atm,UBS,47.4121243,9.6275295
4001644316,"Berneckerstrasse 15/17, 9434 Au SG",parking,n/a,47.4096421,9.6248397
4001644316,"Berneckerstrasse 15/17, 9434 Au SG",parking,n/a,47.4112083,9.6274649
4001644316,"Berneckerstrasse 15/17, 9434 Au SG",atm,n/a,47.4107296,9.6269851
4001644316,"Berneckerstrasse 15/17, 9434 Au SG",fast_food,n/a,47.408968,9.6194995
4001644316,"Berneckerstrasse 15/17, 9434 Au SG",restaurant,Sternen Restaurant,47.4116904,9.6266706
4001644316,"Berneckerstrasse 15/17, 9434 Au SG",library,Mediothek Kantonsschule Heerbrugg,47.4154907,9.6291814
4001644316,"Berneckerstrasse 15/17, 9434 Au SG",restaurant,Thai Take Away,47.4101831,9.6279177
4001644316,"Berneckerstrasse 15/17, 9434 Au SG",restaurant,Zariello's,47.4100142,9.6262328
4001644316,"Berneckerstrasse 15/17, 9434 Au SG",parking,n/a,47.4106315,9.6272633
4001644316,"Berneckerstrasse 15/17, 9434 Au SG",parking,n/a,47.409814,9.6269115
4001644316,"Berneckerstrasse 15/17, 9434 Au SG",parking,n/a,47.4114302,9.6284036
4001644316,"Berneckerstrasse 15/17, 9434 Au SG",cafe,MAX,47.4121277,9.6273323
4001644316,"Berneckerstrasse 15/17, 9434 Au SG",restaurant,The Wok am Markt,47.4105769,9.6262225
4001644316,"Berneckerstrasse 15/17, 9434 Au SG",cafe,City Bistro am Markt,47.4105732,9.6268094
4001644316,"Berneckerstrasse 15/17, 9434 Au SG",parking,n/a,47.4091121,9.6173413
4001644316,"Berneckerstrasse 15/17, 9434 Au SG",parking,n/a,47.4126163,9.6260867
4002065395,"Baselstrasse 7b, 4144 Arlesheim",bank,Raiffeisenbank Arlesheim,47.4935391,7.6178303
4002065395,"Baselstrasse 7b, 4144 Arlesheim",bank,Basellandschaftliche Kantonalbank,47.4936195,7.6200359
4002065395,"Baselstrasse 7b, 4144 Arlesheim",bank,UBS,47.4939327,7.6203576
4002065395,"Baselstrasse 7b, 4144 Arlesheim",restaurant,Adler,47.4934453,7.6190237
4002065395,"Baselstrasse 7b, 4144 Arlesheim",atm,n/a,47.4941935,7.6189383
4002065395,"Baselstrasse 7b, 4144 Arlesheim",restaurant,Gasthaus zum Stärne,47.4949044,7.620001
4002065395,"Baselstrasse 7b, 4144 Arlesheim",restaurant,Restaurant Classico,47.4952761,7.6198948
4002065395,"Baselstrasse 7b, 4144 Arlesheim",pharmacy,Amavita,47.4939624,7.619964
4002065395,"Baselstrasse 7b, 4144 Arlesheim",pharmacy,Medbase Apotheke Arlesheim,47.4946516,7.6205719
4002065395,"Baselstrasse 7b, 4144 Arlesheim",restaurant,Restaurant Eremitage,47.4948122,7.6202482
4002053910,"Flawilerstrasse 48, 9242 Oberuzwil",restaurant,Wiesental,47.4350102,9.134936
4002053910,"Flawilerstrasse 48, 9242 Oberuzwil",restaurant,Pinocchio,47.4280155,9.1276213
4002053910,"Flawilerstrasse 48, 9242 Oberuzwil",atm,n/a,47.4365062,9.1308805
4002053910,"Flawilerstrasse 48, 9242 Oberuzwil",parking,n/a,47.4320837,9.1291432
4002053910,"Flawilerstrasse 48, 9242 Oberuzwil",restaurant,Gasthaus zum Rössli,47.429541,9.1232683
4002053910,"Flawilerstrasse 48, 9242 Oberuzwil",restaurant,Zum Bierhaus,47.4309934,9.1212115
4002053910,"Flawilerstrasse 48, 9242 Oberuzwil",fast_food,FOODPOINT,47.434668,9.1343548
4002053910,"Flawilerstrasse 48, 9242 Oberuzwil",bank,Raiffeisenbank Flawil-Degersheim-Mogelsberg-Oberuzwil,47.4302402,9.1232309
4002053910,"Flawilerstrasse 48, 9242 Oberuzwil",restaurant,La Casa del Gusto,47.4298872,9.1227503
4002053910,"Flawilerstrasse 48, 9242 Oberuzwil",restaurant,Bebek Oriental Food,47.4291965,9.1233818
4002053910,"Flawilerstrasse 48, 9242 Oberuzwil",fast_food,n/a,47.4269853,9.1202546
4002004584,"Hiltiwaldweg 8, 5443 Niederrohrdorf",cafe,Lori's,47.4245234,8.3048806
4002004584,"Hiltiwaldweg 8, 5443 Niederrohrdorf",parking,n/a,47.4232458,8.3007771
4002004584,"Hiltiwaldweg 8, 5443 Niederrohrdorf",parking,n/a,47.4248499,8.3015524
4002004584,"Hiltiwaldweg 8, 5443 Niederrohrdorf",pharmacy,Coop Vitality,47.4237491,8.3051315
4002003119,"Seestrasse 136-142, 8707 Uetikon am See",parking,n/a,47.2591461,8.6757476
4002003119,"Seestrasse 136-142, 8707 Uetikon am See",restaurant,Zehn Eat & Shop,47.2592564,8.6795228
4002003119,"Seestrasse 136-142, 8707 Uetikon am See",atm,n/a,47.2590272,8.6791104
4002003119,"Seestrasse 136-142, 8707 Uetikon am See",restaurant,Spice Village,47.2571539,8.6838301
4002003119,"Seestrasse 136-142, 8707 Uetikon am See",bar,Sichtbar,47.2592491,8.6748191
4002003119,"Seestrasse 136-142, 8707 Uetikon am See",school,SIS Swiss International School,47.2573943,8.6822583
4002003119,"Seestrasse 136-142, 8707 Uetikon am See",parking,n/a,47.2606344,8.6810162
4001957250,1010 Lausanne,parking,n/a,46.5391366,6.6539272
4001820421,"Giessliweg 81, 4057 Basel",restaurant,Schiff,47.5820238,7.5920945
4001820421,"Giessliweg 81, 4057 Basel",restaurant,Bistro Kleinhüningen,47.5784321,7.5900936
4001820421,"Giessliweg 81, 4057 Basel",pub,All' Angolo,47.5781695,7.5899427
4001820421,"Giessliweg 81, 4057 Basel",pub,Seven's Bar,47.5783113,7.5904524
4001820421,"Giessliweg 81, 4057 Basel",restaurant,Stern Kebab,47.5777086,7.5896646
4001820421,"Giessliweg 81, 4057 Basel",restaurant,Inselhof,47.577336,7.5894898
4001820421,"Giessliweg 81, 4057 Basel",restaurant,Platanenhof,47.5758199,7.5885972
4001820421,"Giessliweg 81, 4057 Basel",cafe,nokta,47.5758885,7.5890687
4001820421,"Giessliweg 81, 4057 Basel",restaurant,Depot 14,47.5772125,7.5914239
4001820421,"Giessliweg 81, 4057 Basel",restaurant,Rheinhafen,47.5814987,7.5934099
4001820421,"Giessliweg 81, 4057 Basel",cafe,Café Braam's,47.5813861,7.5935875
4001820421,"Giessliweg 81, 4057 Basel",pub,capri bar,47.5771733,7.591024
4001820421,"Giessliweg 81, 4057 Basel",atm,n/a,47.5811284,7.5938162
4001820421,"Giessliweg 81, 4057 Basel",atm,Bancomat,47.5768009,7.5920451
4001820421,"Giessliweg 81, 4057 Basel",restaurant,Hüningen Grill,47.5782831,7.5899176
4001820421,"Giessliweg 81, 4057 Basel",fast_food,KaDo Pizza & Kebap Take Away,47.5812525,7.5923099
4001820421,"Giessliweg 81, 4057 Basel",fast_food,Pink Pizza,47.576299,7.5888736
4001820421,"Giessliweg 81, 4057 Basel",bank,Basler Kantonalbank,47.5768242,7.5921062
4001820421,"Giessliweg 81, 4057 Basel",cafe,Aktienmühle,47.5759624,7.5913195
4001820421,"Giessliweg 81, 4057 Basel",pharmacy,zur Waage,47.5775031,7.5895486
4001820421,"Giessliweg 81, 4057 Basel",restaurant,El Sazon,47.5789446,7.5903339
4001820421,"Giessliweg 81, 4057 Basel",fast_food,Jani's,47.5780989,7.5898522
4001797872,"Seestrasse 55, 8266 Steckborn",parking,n/a,47.6682152,8.9821636
4001797872,"Seestrasse 55, 8266 Steckborn",restaurant,Bahnhof,47.6647605,8.9813477
4001797872,"Seestrasse 55, 8266 Steckborn",restaurant,Weingarten,47.6654596,8.9819646
4001797872,"Seestrasse 55, 8266 Steckborn",cafe,zur Schiffländi,47.6683105,8.9817924
4001797872,"Seestrasse 55, 8266 Steckborn",restaurant,n/a,47.6673785,8.9809234
4001797872,"Seestrasse 55, 8266 Steckborn",restaurant,Frohsinn,47.6690414,8.9852342
4001797872,"Seestrasse 55, 8266 Steckborn",fast_food,Jakob,47.6671882,8.981345
4001797872,"Seestrasse 55, 8266 Steckborn",restaurant,Traube,47.665709,8.9819274
4001797872,"Seestrasse 55, 8266 Steckborn",restaurant,Anker,47.6672124,8.982557
4001797872,"Seestrasse 55, 8266 Steckborn",bank,Thurgauer Kantonalbank,47.6656319,8.9811005
4001797872,"Seestrasse 55, 8266 Steckborn",atm,n/a,47.6639811,8.9789116
4001370440,"Blumenstrasse 1, 8192 Glattfelden",parking,Parkplatz für Löwen,47.5602004,8.4963114
4001370440,"Blumenstrasse 1, 8192 Glattfelden",restaurant,Löwen,47.5603998,8.4964002
4001370440,"Blumenstrasse 1, 8192 Glattfelden",restaurant,Kafi Judith,47.5589277,8.4993908
4001370440,"Blumenstrasse 1, 8192 Glattfelden",atm,n/a,47.5590777,8.501287
4001370440,"Blumenstrasse 1, 8192 Glattfelden",parking,Rest. Traube,47.5574057,8.5000845
4001370440,"Blumenstrasse 1, 8192 Glattfelden",restaurant,Traube,47.5575865,8.4997519
4001370440,"Blumenstrasse 1, 8192 Glattfelden",parking,n/a,47.5583378,8.5140491
4002064526,"Götzstrasse 21, 8006 Zürich",bar,Quincy,47.5036678,8.7273729
4002064526,"Götzstrasse 21, 8006 Zürich",fast_food,Lori Take Away,47.5073743,8.725867
4002064526,"Götzstrasse 21, 8006 Zürich",restaurant,San Remo,47.507148,8.7257511
4002064526,"Götzstrasse 21, 8006 Zürich",fast_food,Al Mouchtar,47.5020586,8.7270092
4002064526,"Götzstrasse 21, 8006 Zürich",restaurant,Siam Chili,47.504091,8.7294585
4002064526,"Götzstrasse 21, 8006 Zürich",restaurant,Bistro Gate 27,47.5038264,8.7285402
4002064526,"Götzstrasse 21, 8006 Zürich",restaurant,Kongresshaus Liebestrasse,47.502298,8.7296633
4002064526,"Götzstrasse 21, 8006 Zürich",cafe,JC's Housecafe,47.5058789,8.7302519
4002064526,"Götzstrasse 21, 8006 Zürich",restaurant,Grüner Saal,47.5035992,8.7276785
4002064452,"Götzstrasse 21, 8006 Zürich",bar,Quincy,47.5036678,8.7273729
4002064452,"Götzstrasse 21, 8006 Zürich",fast_food,Lori Take Away,47.5073743,8.725867
4002064452,"Götzstrasse 21, 8006 Zürich",restaurant,San Remo,47.507148,8.7257511
4002064452,"Götzstrasse 21, 8006 Zürich",fast_food,Al Mouchtar,47.5020586,8.7270092
4002064452,"Götzstrasse 21, 8006 Zürich",restaurant,Siam Chili,47.504091,8.7294585
4002064452,"Götzstrasse 21, 8006 Zürich",restaurant,Bistro Gate 27,47.5038264,8.7285402
4002064452,"Götzstrasse 21, 8006 Zürich",restaurant,Kongresshaus Liebestrasse,47.502298,8.7296633
4002064452,"Götzstrasse 21, 8006 Zürich",cafe,JC's Housecafe,47.5058789,8.7302519
4002064452,"Götzstrasse 21, 8006 Zürich",restaurant,Grüner Saal,47.5035992,8.7276785
4002064450,"Götzstrasse 19, 8006 Zürich",bar,Quincy,47.5036678,8.7273729
4002064450,"Götzstrasse 19, 8006 Zürich",fast_food,Lori Take Away,47.5073743,8.725867
4002064450,"Götzstrasse 19, 8006 Zürich",restaurant,Äusserer Lindhof,47.5077581,8.7253968
4002064450,"Götzstrasse 19, 8006 Zürich",restaurant,San Remo,47.507148,8.7257511
4002064450,"Götzstrasse 19, 8006 Zürich",fast_food,Al Mouchtar,47.5020586,8.7270092
4002064450,"Götzstrasse 19, 8006 Zürich",restaurant,Siam Chili,47.504091,8.7294585
4002064450,"Götzstrasse 19, 8006 Zürich",restaurant,Bistro Gate 27,47.5038264,8.7285402
4002064450,"Götzstrasse 19, 8006 Zürich",restaurant,Kongresshaus Liebestrasse,47.502298,8.7296633
4002064450,"Götzstrasse 19, 8006 Zürich",cafe,JC's Housecafe,47.5058789,8.7302519
4002064450,"Götzstrasse 19, 8006 Zürich",restaurant,Grüner Saal,47.5035992,8.7276785
4002064450,"Götzstrasse 19, 8006 Zürich",cafe,Bistro 15,47.5064698,8.7286606
4002064450,"Götzstrasse 19, 8006 Zürich",pharmacy,Apotheke im KSW,47.506884,8.728567
4002054507,"Freimettigenstrasse 16, 3672 Oberdiessbach",pharmacy,Apotheke Dr Schmid AG,46.8392064,7.6191078
4002054507,"Freimettigenstrasse 16, 3672 Oberdiessbach",bank,BEKB,46.8397768,7.6190624
4002054507,"Freimettigenstrasse 16, 3672 Oberdiessbach",restaurant,Restaurant Zum Sternen,46.8411944,7.6189873
4002054507,"Freimettigenstrasse 16, 3672 Oberdiessbach",bar,Stall-Bar,46.8387377,7.6188244
4002054505,"Freimettigenstrasse 16, 3672 Oberdiessbach",pharmacy,Apotheke Dr Schmid AG,46.8392064,7.6191078
4002054505,"Freimettigenstrasse 16, 3672 Oberdiessbach",bank,BEKB,46.8397768,7.6190624
4002054505,"Freimettigenstrasse 16, 3672 Oberdiessbach",restaurant,Restaurant Zum Sternen,46.8411944,7.6189873
4002054505,"Freimettigenstrasse 16, 3672 Oberdiessbach",bar,Stall-Bar,46.8387377,7.6188244
4002054504,"Freimettigenstrasse 16, 3672 Oberdiessbach",pharmacy,Apotheke Dr Schmid AG,46.8392064,7.6191078
4002054504,"Freimettigenstrasse 16, 3672 Oberdiessbach",bank,BEKB,46.8397768,7.6190624
4002054504,"Freimettigenstrasse 16, 3672 Oberdiessbach",restaurant,Restaurant Zum Sternen,46.8411944,7.6189873
4002054504,"Freimettigenstrasse 16, 3672 Oberdiessbach",bar,Stall-Bar,46.8387377,7.6188244
4002009558,"Thurgauerstrasse 107, 8152 Opfikon",restaurant,Al Dente,47.4238766,8.5587045
4002009558,"Thurgauerstrasse 107, 8152 Opfikon",atm,n/a,47.4246487,8.5595908
4002009558,"Thurgauerstrasse 107, 8152 Opfikon",parking,n/a,47.4195399,8.5563445
4002009558,"Thurgauerstrasse 107, 8152 Opfikon",restaurant,Restaurant GrafZ,47.4233874,8.5596797
4002009558,"Thurgauerstrasse 107, 8152 Opfikon",pharmacy,TopPharm Glattpark Apotheke,47.4208575,8.5579708
4002009558,"Thurgauerstrasse 107, 8152 Opfikon",restaurant,Siam Square Bistro,47.4196602,8.5587057
4002009558,"Thurgauerstrasse 107, 8152 Opfikon",parking,n/a,47.423796,8.5608119
4002009558,"Thurgauerstrasse 107, 8152 Opfikon",parking,Parking Wright Place,47.4208009,8.5581223
4002009558,"Thurgauerstrasse 107, 8152 Opfikon",atm,Postomat,47.4213178,8.5577398
4002009558,"Thurgauerstrasse 107, 8152 Opfikon",restaurant,Hongxi Glattpark,47.424501,8.5607761
4002009558,"Thurgauerstrasse 107, 8152 Opfikon",bar,Brauerei Oerlikon,47.4188124,8.5588054
4002009558,"Thurgauerstrasse 107, 8152 Opfikon",school,Schule Lindbergh Allee,47.4241242,8.5602953
4002009558,"Thurgauerstrasse 107, 8152 Opfikon",restaurant,Luigia,47.4221331,8.5584644
4002006028,"Fraumattstrasse 12, 4410 Liestal",cafe,Rocket Ciclista E Barista,47.4866317,7.7338577
4001969396,"Käppeligasse 6, 4125 Riehen",parking,Parkplatz am Friedhof,47.5904592,7.6547922
4001936608,8640 Rapperswil,parking,Albuville,47.2274478,8.8211912
4001936608,8640 Rapperswil,bank,Migros Bank,47.2258395,8.8185238
4001936608,8640 Rapperswil,restaurant,Bottega Club & Lounge,47.227652,8.825688
4001936608,8640 Rapperswil,library,Stadtbibliothek,47.2274228,8.8199776
4001936608,8640 Rapperswil,cafe,Starbucks,47.2269331,8.8184058
4001936608,8640 Rapperswil,atm,Credit Suisse,47.226354,8.8186358
4001936608,8640 Rapperswil,pharmacy,Pill Drogerie Albuville,47.2269875,8.8199732
4001936608,8640 Rapperswil,fast_food,Dieci Pizzakurier,47.2256964,8.8188356
4001936608,8640 Rapperswil,restaurant,Kreuzli,47.2288081,8.8249393
4001936608,8640 Rapperswil,restaurant,Zeughaus Grill,47.2279437,8.8253458
4001936608,8640 Rapperswil,restaurant,Art of Food - South Indian Restaurant,47.2258714,8.818801
4001936608,8640 Rapperswil,fast_food,Lemongrass,47.2289792,8.8248572
4001936608,8640 Rapperswil,clinic,Rosenklinik,47.2264223,8.8222097
4001936608,8640 Rapperswil,restaurant,Zhi Wei,47.2272981,8.8205717
4001936608,8640 Rapperswil,restaurant,Aung Kyaw,47.225744,8.8192537
4001936608,8640 Rapperswil,bank,Valiant,47.226703,8.8180042
4001936608,8640 Rapperswil,school,HSO Wirtschafts- und Informatikschule,47.2279139,8.8214846
4001936608,8640 Rapperswil,restaurant,Lennox,47.2261444,8.8197385
4001936608,8640 Rapperswil,clinic,RODIAG Diagnostic Centers Röntgeninstitut,47.2280885,8.8239603
4001936608,8640 Rapperswil,bar,Moxy Bar,47.227665,8.8251885
4001936608,8640 Rapperswil,clinic,uroclinic Rapperswil,47.2280276,8.8218901
4001936608,8640 Rapperswil,cafe,Bistro Alte Fabrik,47.227437,8.820082
4001936608,8640 Rapperswil,atm,n/a,47.2266976,8.8179735
4001936608,8640 Rapperswil,fast_food,Gyros Mykonos,47.2271319,8.8205909
4001936608,8640 Rapperswil,parking,n/a,47.225967,8.8205205
4001871601,"Widenplatz 12, 5070 Frick",bar,Frick's monti,47.5081689,8.0204184
4001871601,"Widenplatz 12, 5070 Frick",restaurant,Rebstock,47.5069407,8.0211811
4001871601,"Widenplatz 12, 5070 Frick",pub,Güggeli,47.5065315,8.0222108
4001871601,"Widenplatz 12, 5070 Frick",restaurant,Sky Lounge,47.506045,8.0237473
4001871601,"Widenplatz 12, 5070 Frick",cafe,Kunz,47.5070441,8.0215883
4001871601,"Widenplatz 12, 5070 Frick",pharmacy,Löwen Apotheke,47.5083172,8.0194956
4001871601,"Widenplatz 12, 5070 Frick",bank,Neue Aargauer Bank,47.5072596,8.0213752
4001871601,"Widenplatz 12, 5070 Frick",bank,Migros Bank,47.5070768,8.0210358
4001871601,"Widenplatz 12, 5070 Frick",atm,Bankomat,47.5071554,8.0214052
4001871601,"Widenplatz 12, 5070 Frick",restaurant,Coop Restaurant,47.5086598,8.0189006
4001871601,"Widenplatz 12, 5070 Frick",bank,Aargauische Kantonalbank,47.5073974,8.022846
4001871601,"Widenplatz 12, 5070 Frick",fast_food,Melo Pizza & Kebab,47.506813,8.0218957
4001871601,"Widenplatz 12, 5070 Frick",parking,n/a,47.5070222,8.0235204
4001871601,"Widenplatz 12, 5070 Frick",pharmacy,Coop Vitality,47.5088989,8.0188264
4001871601,"Widenplatz 12, 5070 Frick",restaurant,Maestro Pizza,47.5054698,8.0250578
4001871601,"Widenplatz 12, 5070 Frick",restaurant,Peppino,47.5075219,8.0209473
4001871601,"Widenplatz 12, 5070 Frick",bank,Basellandschaftliche Kantonalbank,47.5082383,8.0196782
4001871601,"Widenplatz 12, 5070 Frick",atm,n/a,47.5075258,8.0229342
4001764433,1285 Sézegnin,restaurant,Au Renfort,46.1442045,6.0090945
4001118323,"Gyrhaldenstrasse 33, 4416 Bubendorf",cafe,Lindis Café,47.4513289,7.7402359
4001936613,8640 Rapperswil,parking,Albuville,47.2274478,8.8211912
4001936613,8640 Rapperswil,bank,Migros Bank,47.2258395,8.8185238
4001936613,8640 Rapperswil,restaurant,Bottega Club & Lounge,47.227652,8.825688
4001936613,8640 Rapperswil,library,Stadtbibliothek,47.2274228,8.8199776
4001936613,8640 Rapperswil,cafe,Starbucks,47.2269331,8.8184058
4001936613,8640 Rapperswil,atm,Credit Suisse,47.226354,8.8186358
4001936613,8640 Rapperswil,pharmacy,Pill Drogerie Albuville,47.2269875,8.8199732
4001936613,8640 Rapperswil,fast_food,Dieci Pizzakurier,47.2256964,8.8188356
4001936613,8640 Rapperswil,restaurant,Kreuzli,47.2288081,8.8249393
4001936613,8640 Rapperswil,restaurant,Zeughaus Grill,47.2279437,8.8253458
4001936613,8640 Rapperswil,restaurant,Art of Food - South Indian Restaurant,47.2258714,8.818801
4001936613,8640 Rapperswil,fast_food,Lemongrass,47.2289792,8.8248572
4001936613,8640 Rapperswil,clinic,Rosenklinik,47.2264223,8.8222097
4001936613,8640 Rapperswil,restaurant,Zhi Wei,47.2272981,8.8205717
4001936613,8640 Rapperswil,restaurant,Aung Kyaw,47.225744,8.8192537
4001936613,8640 Rapperswil,bank,Valiant,47.226703,8.8180042
4001936613,8640 Rapperswil,school,HSO Wirtschafts- und Informatikschule,47.2279139,8.8214846
4001936613,8640 Rapperswil,restaurant,Lennox,47.2261444,8.8197385
4001936613,8640 Rapperswil,clinic,RODIAG Diagnostic Centers Röntgeninstitut,47.2280885,8.8239603
4001936613,8640 Rapperswil,bar,Moxy Bar,47.227665,8.8251885
4001936613,8640 Rapperswil,clinic,uroclinic Rapperswil,47.2280276,8.8218901
4001936613,8640 Rapperswil,cafe,Bistro Alte Fabrik,47.227437,8.820082
4001936613,8640 Rapperswil,atm,n/a,47.2266976,8.8179735
4001936613,8640 Rapperswil,fast_food,Gyros Mykonos,47.2271319,8.8205909
4001936613,8640 Rapperswil,parking,n/a,47.225967,8.8205205
4002002619,"Langenthalstrasse 7, 4932 Lotzwil",restaurant,Bahnhof,47.1895655,7.7890687
4002002619,"Langenthalstrasse 7, 4932 Lotzwil",cafe,Felber,47.1895744,7.7914752
4002002619,"Langenthalstrasse 7, 4932 Lotzwil",restaurant,Kreuz,47.1916317,7.7908325
4002002619,"Langenthalstrasse 7, 4932 Lotzwil",atm,n/a,47.1894022,7.7914719
4002067551,"Vogelsang, 6287 Aesch LU",restaurant,Gasthof Kreuz,47.2573527,8.2411279
4002067551,"Vogelsang, 6287 Aesch LU",pub,Halle Pub,47.2567091,8.2408114
4002067551,"Vogelsang, 6287 Aesch LU",bank,Raiffeisen,47.2576968,8.2410733
4002066177,"Hubelstrasse 1B, 5524 Niederwil AG",atm,n/a,47.3773576,8.2949788
4002066177,"Hubelstrasse 1B, 5524 Niederwil AG",library,Schul- und Gemeindebibliothek Niederwil,47.3790653,8.2936463
4002066177,"Hubelstrasse 1B, 5524 Niederwil AG",restaurant,Kreuz,47.3779345,8.2946432
4002066177,"Hubelstrasse 1B, 5524 Niederwil AG",fast_food,Pizzeria Pronto,47.3782165,8.2946542
4002066177,"Hubelstrasse 1B, 5524 Niederwil AG",bank,Raiffeisen,47.3773678,8.2948977
4002066177,"Hubelstrasse 1B, 5524 Niederwil AG",restaurant,Suvlaki,47.3771229,8.2961863
4002066177,"Hubelstrasse 1B, 5524 Niederwil AG",restaurant,Restaurant Pizzeria Sole Mio,47.3763923,8.2943371
4002054502,"Freimettigenstrasse 16, 3672 Oberdiessbach",pharmacy,Apotheke Dr Schmid AG,46.8392064,7.6191078
4002054502,"Freimettigenstrasse 16, 3672 Oberdiessbach",bank,BEKB,46.8397768,7.6190624
4002054502,"Freimettigenstrasse 16, 3672 Oberdiessbach",restaurant,Restaurant Zum Sternen,46.8411944,7.6189873
4002054502,"Freimettigenstrasse 16, 3672 Oberdiessbach",bar,Stall-Bar,46.8387377,7.6188244
4001978917,"Bassbeltweg 11 b, 2542 Pieterlen",restaurant,La Perla,47.1746758,7.336839
4001978917,"Bassbeltweg 11 b, 2542 Pieterlen",pub,Ascot Pub,47.1752263,7.3382981
4001978917,"Bassbeltweg 11 b, 2542 Pieterlen",atm,n/a,47.1746141,7.3368858
4001067447,"Brückenmoosstrasse 21, 3942 Raron",restaurant,Rarnerhof,46.3098795,7.8002941
4001067447,"Brückenmoosstrasse 21, 3942 Raron",atm,n/a,46.3091896,7.7997206
4001067447,"Brückenmoosstrasse 21, 3942 Raron",restaurant,Schmitta,46.3112283,7.7992325
4001067447,"Brückenmoosstrasse 21, 3942 Raron",cafe,Zenhäusern,46.3105373,7.7998791
4001067447,"Brückenmoosstrasse 21, 3942 Raron",restaurant,Rilke,46.3109717,7.8001068
4001067447,"Brückenmoosstrasse 21, 3942 Raron",parking,Baumgärten,46.3114348,7.7996771
4001067447,"Brückenmoosstrasse 21, 3942 Raron",parking,n/a,46.3088465,7.7957998
3000491869,"Rue de creta co, 1936 Verbier",restaurant,Montpelier,46.0974827,7.2194935
4002039943,"Im Haldenächer, 8907 Wettswil",restaurant,Nirwana,47.3373064,8.4747981
4001978487,"Avenue de la Perrausaz 90, 1814 La Tour-de-Peilz",fast_food,Pizza Riviera,46.4552845,6.860443
4001978487,"Avenue de la Perrausaz 90, 1814 La Tour-de-Peilz",parking,n/a,46.453888,6.8659697
4001978487,"Avenue de la Perrausaz 90, 1814 La Tour-de-Peilz",parking,n/a,46.4572254,6.8626787
4001353098,"Via Giovanni Serodine, 6612 Ascona",restaurant,Ascovilla,46.1506011,8.7749933
4001353098,"Via Giovanni Serodine, 6612 Ascona",restaurant,Locanda Ticinella,46.1586012,8.7798396
4001353098,"Via Giovanni Serodine, 6612 Ascona",restaurant,Ristorante degli Angioli,46.1523156,8.7715031
4001353098,"Via Giovanni Serodine, 6612 Ascona",bar,Beach Ascona,46.1475454,8.7813854
4001353098,"Via Giovanni Serodine, 6612 Ascona",pharmacy,Farmacia Muraccio,46.1541141,8.7742173
4001353098,"Via Giovanni Serodine, 6612 Ascona",restaurant,Osteria Ketty & Tommy,46.1540675,8.77538
4001353098,"Via Giovanni Serodine, 6612 Ascona",restaurant,Bagno Pubblico,46.148144,8.779204
4001353098,"Via Giovanni Serodine, 6612 Ascona",bar,Muraggio,46.1541135,8.7742971
4001353098,"Via Giovanni Serodine, 6612 Ascona",parking,n/a,46.1494457,8.7805563
4002039919,8907 Wettswil,restaurant,Nirwana,47.3373064,8.4747981
4002039919,8907 Wettswil,bank,Clientis Sparcassa 1816,47.3379651,8.4743625
4002039919,8907 Wettswil,restaurant,Restaurant Pizzeria Grazie,47.3403525,8.4728269
4002039919,8907 Wettswil,library,Schul- und Gemeindebibliothek Wettswil,47.3393245,8.4756323
4002003378,1010 Lausanne,parking,n/a,46.5391366,6.6539272
4002053901,"Viale Stazione 21, 6500 Bellinzona",parking,n/a,46.1934191,9.0236111
4002053901,"Viale Stazione 21, 6500 Bellinzona",bar,Snack bar Viale,46.1936082,9.026502
4002053901,"Viale Stazione 21, 6500 Bellinzona",bar,Bar della Posta,46.1939826,9.0258849
4002053901,"Viale Stazione 21, 6500 Bellinzona",bank,Credit Suisse,46.1938898,9.026369
4002053901,"Viale Stazione 21, 6500 Bellinzona",restaurant,Pizzeria la Lampara,46.1951488,9.0241522
4002053901,"Viale Stazione 21, 6500 Bellinzona",pub,Il Fermento,46.1925574,9.0236368
4002053901,"Viale Stazione 21, 6500 Bellinzona",atm,n/a,46.1935816,9.0259494
4002053901,"Viale Stazione 21, 6500 Bellinzona",atm,n/a,46.193416,9.026087
4002053901,"Viale Stazione 21, 6500 Bellinzona",fast_food,Lo Stuzzico,46.1931678,9.0245684
4002053901,"Viale Stazione 21, 6500 Bellinzona",bank,UBS,46.1933865,9.0250599
4002053901,"Viale Stazione 21, 6500 Bellinzona",atm,n/a,46.1933251,9.0251962
4002053901,"Viale Stazione 21, 6500 Bellinzona",pharmacy,Benu,46.1928285,9.0241488
4002053901,"Viale Stazione 21, 6500 Bellinzona",bar,Bar 700,46.1929079,9.0236325
4002053901,"Viale Stazione 21, 6500 Bellinzona",pharmacy,Farmacia Portone,46.1939106,9.0230721
4002053901,"Viale Stazione 21, 6500 Bellinzona",bar,Wine Bar Galleria,46.1924775,9.0234856
4002053901,"Viale Stazione 21, 6500 Bellinzona",bar,Bar Samba,46.1941956,9.0243594
4002053901,"Viale Stazione 21, 6500 Bellinzona",cafe,Visagno,46.1939273,9.0228842
4002053901,"Viale Stazione 21, 6500 Bellinzona",fast_food,Pizza Napoli,46.1952386,9.0250314
4002053901,"Viale Stazione 21, 6500 Bellinzona",restaurant,Manora Fresh To Go,46.1923176,9.0240618
4001668356,"Doktorsträssli 5a, 4704 Niederbipp",bank,UBS,47.2680441,7.6939066
4001668356,"Doktorsträssli 5a, 4704 Niederbipp",bank,Clientis Bank Oberaargau,47.2711768,7.6903672
4001668356,"Doktorsträssli 5a, 4704 Niederbipp",restaurant,Restaurant & Pizzeria Bahnhöfli,47.2698685,7.6935669
4001668356,"Doktorsträssli 5a, 4704 Niederbipp",cafe,Bieri,47.2718553,7.6913228
4001668356,"Doktorsträssli 5a, 4704 Niederbipp",restaurant,Gasthof Brauerei,47.2716834,7.6910695
4001668356,"Doktorsträssli 5a, 4704 Niederbipp",cafe,Drei Brunnen,47.2705875,7.6896037
4001668356,"Doktorsträssli 5a, 4704 Niederbipp",fast_food,Sawaldi Kah,47.270275,7.6887132
4001668356,"Doktorsträssli 5a, 4704 Niederbipp",fast_food,Il Leone,47.27203,7.6910969
4002032851,"Langenhagweg 9, 4123 Allschwil",restaurant,Weiherhof,47.5458033,7.557097
4002032851,"Langenhagweg 9, 4123 Allschwil",restaurant,Schützengarten,47.546878,7.5531688
4002032851,"Langenhagweg 9, 4123 Allschwil",restaurant,Migros Restaurant,47.5472035,7.5531338
4002032851,"Langenhagweg 9, 4123 Allschwil",bank,Migros Bank,47.5473491,7.5534788
4002032851,"Langenhagweg 9, 4123 Allschwil",atm,Postfinance,47.5475313,7.553216
4002032851,"Langenhagweg 9, 4123 Allschwil",restaurant,Hundert13 Suppenbar,47.5459171,7.5565523
4001980329,"Bartholoméplatz 3, 7310 Bad Ragaz",school,Kleinfeld,47.0067487,9.4983678
4001980329,"Bartholoméplatz 3, 7310 Bad Ragaz",school,Schulhaus Sarganserstrasse,47.0046312,9.5005351
4001980329,"Bartholoméplatz 3, 7310 Bad Ragaz",parking,Parkhaus Zentrum,47.003106,9.5007301
4001980329,"Bartholoméplatz 3, 7310 Bad Ragaz",cafe,Café Confiserie Fässler,47.0037015,9.5005702
4001980329,"Bartholoméplatz 3, 7310 Bad Ragaz",parking,n/a,47.006628,9.4969028
4001980329,"Bartholoméplatz 3, 7310 Bad Ragaz",pub,Thömsn's National Pub,47.0035425,9.5010851
4001980329,"Bartholoméplatz 3, 7310 Bad Ragaz",parking,n/a,47.001502,9.5039574
4001980329,"Bartholoméplatz 3, 7310 Bad Ragaz",pub,Türmli,47.0061025,9.5032199
4001980329,"Bartholoméplatz 3, 7310 Bad Ragaz",restaurant,Adler,47.007389,9.505265
4001980329,"Bartholoméplatz 3, 7310 Bad Ragaz",parking,n/a,46.9984029,9.5128457
4001980329,"Bartholoméplatz 3, 7310 Bad Ragaz",cafe,Huber,47.0029882,9.5009837
4001980329,"Bartholoméplatz 3, 7310 Bad Ragaz",atm,n/a,47.0032551,9.5008963
4001980329,"Bartholoméplatz 3, 7310 Bad Ragaz",cafe,n/a,47.003282,9.5018457
4001980329,"Bartholoméplatz 3, 7310 Bad Ragaz",parking,n/a,47.009188,9.5056601
4001980329,"Bartholoméplatz 3, 7310 Bad Ragaz",cafe,Cottage,47.0063838,9.5050039
4001980329,"Bartholoméplatz 3, 7310 Bad Ragaz",bar,Thömsn's Club,47.0035698,9.5011378
4001980329,"Bartholoméplatz 3, 7310 Bad Ragaz",library,Gemeindebibliothek,47.0000835,9.5004115
4001980329,"Bartholoméplatz 3, 7310 Bad Ragaz",atm,Postfinance,47.0027319,9.5004935
4001980329,"Bartholoméplatz 3, 7310 Bad Ragaz",bank,UBS AG,47.0020265,9.5001847
4001980329,"Bartholoméplatz 3, 7310 Bad Ragaz",parking,Gemeinde,47.0025208,9.5004803
4001980329,"Bartholoméplatz 3, 7310 Bad Ragaz",restaurant,Felsenkeller,47.0032113,9.4974588
4001980329,"Bartholoméplatz 3, 7310 Bad Ragaz",cafe,Café-Konditorei Keller,47.0037813,9.5012683
4001980329,"Bartholoméplatz 3, 7310 Bad Ragaz",fast_food,Ragaz Kebab-Haus,47.0041504,9.500342
4001980329,"Bartholoméplatz 3, 7310 Bad Ragaz",restaurant,Grotto Bar da Toni Montano,47.0014416,9.5006262
4001980329,"Bartholoméplatz 3, 7310 Bad Ragaz",pharmacy,n/a,47.0016139,9.5008686
4001980329,"Bartholoméplatz 3, 7310 Bad Ragaz",restaurant,Gasthof Löwen,47.0016189,9.5014465
4001980329,"Bartholoméplatz 3, 7310 Bad Ragaz",fast_food,Fresh Imbiss,47.0047951,9.5018856
4001980329,"Bartholoméplatz 3, 7310 Bad Ragaz",restaurant,Central,47.0022417,9.5001409
4001980329,"Bartholoméplatz 3, 7310 Bad Ragaz",restaurant,AlpenHirt + KUH,47.0030516,9.5014859
4001980329,"Bartholoméplatz 3, 7310 Bad Ragaz",bank,Raiffeisenbank Sarganserland,47.0027248,9.5020044
4001980329,"Bartholoméplatz 3, 7310 Bad Ragaz",restaurant,Zollstube,47.0004126,9.501874
4001980329,"Bartholoméplatz 3, 7310 Bad Ragaz",restaurant,IGNIV,47.0003474,9.50224
4001980329,"Bartholoméplatz 3, 7310 Bad Ragaz",restaurant,Olives d'Or,47.0002182,9.5023089
4001980329,"Bartholoméplatz 3, 7310 Bad Ragaz",restaurant,Namun,47.0001435,9.502747
4001980329,"Bartholoméplatz 3, 7310 Bad Ragaz",restaurant,gladys,46.9989934,9.5048934
4001980329,"Bartholoméplatz 3, 7310 Bad Ragaz",restaurant,From Heaven,47.0093991,9.5054804
4001980329,"Bartholoméplatz 3, 7310 Bad Ragaz",atm,n/a,47.0027661,9.502028
4001980329,"Bartholoméplatz 3, 7310 Bad Ragaz",parking,n/a,47.0071586,9.4964555
4001980329,"Bartholoméplatz 3, 7310 Bad Ragaz",parking,n/a,47.0065223,9.4998798
4001980329,"Bartholoméplatz 3, 7310 Bad Ragaz",parking,n/a,47.0067111,9.4996273
4001741543,"Gestadeckplatz 6, 4410 Liestal",parking,Parkhaus Bücheli,47.4836955,7.7370005
4001741543,"Gestadeckplatz 6, 4410 Liestal",parking,n/a,47.4825811,7.7363314
4001741543,"Gestadeckplatz 6, 4410 Liestal",restaurant,Kaserne,47.4833874,7.7369897
4001741543,"Gestadeckplatz 6, 4410 Liestal",cafe,Mühleisen,47.4828963,7.7357838
4001741543,"Gestadeckplatz 6, 4410 Liestal",restaurant,Aleppo Take Away,47.4860231,7.7355076
4001741543,"Gestadeckplatz 6, 4410 Liestal",library,Hochschulbibliothek FHNW,47.4819533,7.7392435
4001741543,"Gestadeckplatz 6, 4410 Liestal",restaurant,Tapéo Ziegelhof,47.485487,7.7353843
4001741543,"Gestadeckplatz 6, 4410 Liestal",pharmacy,Amavita,47.4836208,7.7368361
4001741543,"Gestadeckplatz 6, 4410 Liestal",restaurant,Orisbach,47.4855691,7.7339378
4001741543,"Gestadeckplatz 6, 4410 Liestal",cafe,Rocket Ciclista E Barista,47.4866317,7.7338577
4001741543,"Gestadeckplatz 6, 4410 Liestal",atm,n/a,47.4836472,7.7367077
4001741543,"Gestadeckplatz 6, 4410 Liestal",cafe,Kaffi Bücheli,47.4834837,7.7365624
4001741543,"Gestadeckplatz 6, 4410 Liestal",restaurant,Krone,47.4825458,7.7367505
4001741543,"Gestadeckplatz 6, 4410 Liestal",restaurant,Kanonenkugel,47.4825097,7.7369095
4001741543,"Gestadeckplatz 6, 4410 Liestal",restaurant,Alte Braue,47.4824867,7.7371116
4001741543,"Gestadeckplatz 6, 4410 Liestal",restaurant,Paradies To Go,47.4862849,7.7357036
4001669765,"Gerbergasse 70, 4001 Basel",restaurant,Mister Wong,47.5551319,7.5886898
4001669765,"Gerbergasse 70, 4001 Basel",restaurant,Ristorante Coccodrillo,47.5567745,7.5870231
4001669765,"Gerbergasse 70, 4001 Basel",restaurant,Zum Braunen Mutz,47.5543447,7.5887267
4001669765,"Gerbergasse 70, 4001 Basel",fast_food,McDonald's,47.5542884,7.58872
4001669765,"Gerbergasse 70, 4001 Basel",bar,Rio Bar,47.5545416,7.5887436
4001669765,"Gerbergasse 70, 4001 Basel",restaurant,Thai Food Kitchen 41,47.5564247,7.5832142
4001669765,"Gerbergasse 70, 4001 Basel",restaurant,Bodega Zum Strauss,47.5547081,7.5887536
4001669765,"Gerbergasse 70, 4001 Basel",cafe,unternehmen mitte,47.5565748,7.5883607
4001669765,"Gerbergasse 70, 4001 Basel",restaurant,Brötlibar,47.5549114,7.5887661
4001669765,"Gerbergasse 70, 4001 Basel",library,Vera Oeri-Bibliothek,47.5555578,7.5857048
4001669765,"Gerbergasse 70, 4001 Basel",fast_food,Döner Stop,47.5550335,7.5887241
4001669765,"Gerbergasse 70, 4001 Basel",restaurant,Casanova,47.5570844,7.5833412
4001669765,"Gerbergasse 70, 4001 Basel",restaurant,Manger & Boire,47.5551973,7.589085
4001669765,"Gerbergasse 70, 4001 Basel",cafe,Confiserie Bachmann,47.5558292,7.5887504
4001669765,"Gerbergasse 70, 4001 Basel",fast_food,City Point,47.5540435,7.588571
4001669765,"Gerbergasse 70, 4001 Basel",restaurant,Restaurant Schnabel,47.5567862,7.5867653
4001669765,"Gerbergasse 70, 4001 Basel",restaurant,Restauration zur Harmonie,47.5571999,7.5843925
4001669765,"Gerbergasse 70, 4001 Basel",school,Gymnasium Leonhard,47.5541911,7.5875077
4001669765,"Gerbergasse 70, 4001 Basel",restaurant,Antalya,47.5565553,7.5838656
4001669765,"Gerbergasse 70, 4001 Basel",restaurant,Walliser Kanne,47.555844,7.5885699
4001669765,"Gerbergasse 70, 4001 Basel",bar,Valhalla,47.5530672,7.5859669
4001669765,"Gerbergasse 70, 4001 Basel",cafe,Creperie am Kohlenberg,47.5543414,7.5881985
4001669765,"Gerbergasse 70, 4001 Basel",bar,ONO Deli Café Bar,47.5569555,7.5838349
4001669765,"Gerbergasse 70, 4001 Basel",fast_food,Yam Yam,47.5540629,7.5884061
4001669765,"Gerbergasse 70, 4001 Basel",cafe,Ca'puccino,47.5559267,7.5889171
4001669765,"Gerbergasse 70, 4001 Basel",pharmacy,TopPharm Apotheke Hersberger,47.5567796,7.5854177
4001669765,"Gerbergasse 70, 4001 Basel",fast_food,La Sofra,47.555619,7.5886384
4001669765,"Gerbergasse 70, 4001 Basel",pub,Schluggstube,47.5558997,7.5882425
4001669765,"Gerbergasse 70, 4001 Basel",restaurant,Anatolia,47.5552593,7.5885365
4001669765,"Gerbergasse 70, 4001 Basel",restaurant,Restaurant Löwenzorn,47.556758,7.5861992
4001669765,"Gerbergasse 70, 4001 Basel",restaurant,Cardamon,47.5547778,7.5887743
4001669765,"Gerbergasse 70, 4001 Basel",bar,Baragraph,47.5543419,7.5881121
4001669765,"Gerbergasse 70, 4001 Basel",restaurant,CTR Chicken,47.5540274,7.5886849
4001669765,"Gerbergasse 70, 4001 Basel",restaurant,Aroma,47.5563689,7.5841585
4001669765,"Gerbergasse 70, 4001 Basel",pharmacy,Benu,47.5545975,7.5887506
4001669765,"Gerbergasse 70, 4001 Basel",restaurant,Nooch Asian Kitchen,47.5553306,7.5889861
4001669765,"Gerbergasse 70, 4001 Basel",restaurant,Bel Etage,47.5559036,7.5864429
4001669765,"Gerbergasse 70, 4001 Basel",restaurant,Restaurant Atelier,47.5560421,7.5865331
4001669765,"Gerbergasse 70, 4001 Basel",school,Sekundarschule Holbein,47.5536429,7.5871585
4001669765,"Gerbergasse 70, 4001 Basel",fast_food,Piadina Bar,47.555071,7.588721
4001669765,"Gerbergasse 70, 4001 Basel",bar,Bibliothek,47.5540541,7.5884799
4001669765,"Gerbergasse 70, 4001 Basel",fast_food,House of vegan,47.5543298,7.5883135
4001669765,"Gerbergasse 70, 4001 Basel",restaurant,Burgermeister,47.556414,7.5884475
4001669765,"Gerbergasse 70, 4001 Basel",restaurant,ZaZaa,47.5551019,7.5890491
4001669765,"Gerbergasse 70, 4001 Basel",cafe,Café Luna,47.5569602,7.5846765
4001669765,"Gerbergasse 70, 4001 Basel",bar,Pot Still,47.554067,7.5882286
4001669765,"Gerbergasse 70, 4001 Basel",restaurant,Stadthof,47.5549284,7.5887299
4001669765,"Gerbergasse 70, 4001 Basel",fast_food,Dunkin',47.5548384,7.5887592
4001669765,"Gerbergasse 70, 4001 Basel",bar,L‘Uniqe,47.5561399,7.5882135
4001669765,"Gerbergasse 70, 4001 Basel",clinic,Poliklinik für Kinder und Jugendliche,47.5561249,7.5832808
4001669765,"Gerbergasse 70, 4001 Basel",library,n/a,47.5558028,7.5876945
4001669765,"Gerbergasse 70, 4001 Basel",bar,Spale Bar,47.556691,7.5849188
4001669765,"Gerbergasse 70, 4001 Basel",school,Sekundarschule Leonhard,47.5545012,7.5866194
4002051404,"Oltenstrasse 5, 4536 Attiswil",restaurant,Restaurant Löwen,47.2469241,7.6124219
4002051404,"Oltenstrasse 5, 4536 Attiswil",restaurant,Rebstock,47.2496213,7.6140745
4002051404,"Oltenstrasse 5, 4536 Attiswil",school,Kindergarten,47.2479388,7.6095888
4002051404,"Oltenstrasse 5, 4536 Attiswil",cafe,Margot's Lädeli,47.2468007,7.6118796
4002051404,"Oltenstrasse 5, 4536 Attiswil",restaurant,n/a,47.2470274,7.6139453
4002051404,"Oltenstrasse 5, 4536 Attiswil",parking,n/a,47.2453802,7.6146473
4002051404,"Oltenstrasse 5, 4536 Attiswil",parking,n/a,47.2482574,7.6152437
4002000511,"Bucheggstrasse 130, 8057 Zürich",fast_food,La Fammy,47.402393,8.5526404
4001668950,"Via Lischedo 3, 6802 Rivera",restaurant,Alpino,46.1238226,8.9247005
4001668950,"Via Lischedo 3, 6802 Rivera",atm,n/a,46.1208326,8.9264841
4001668950,"Via Lischedo 3, 6802 Rivera",fast_food,Regno della pizza,46.1249659,8.9239534
4001668950,"Via Lischedo 3, 6802 Rivera",restaurant,Bar Lagacci,46.1248303,8.9240201
4001668950,"Via Lischedo 3, 6802 Rivera",restaurant,Il Veliero,46.1232335,8.9252284
4001668950,"Via Lischedo 3, 6802 Rivera",restaurant,Albergo Elvezia,46.1232689,8.9252061
4001596159,"Wiesenstrasse 4, 8580 Amriswil",cafe,RössliBeck 8580,47.5460578,9.3003329
4001596159,"Wiesenstrasse 4, 8580 Amriswil",atm,n/a,47.5464033,9.3008267
4001596159,"Wiesenstrasse 4, 8580 Amriswil",bar,Viva,47.5464446,9.301238
4001596159,"Wiesenstrasse 4, 8580 Amriswil",restaurant,Hörnli,47.5491631,9.3054256
4001596159,"Wiesenstrasse 4, 8580 Amriswil",restaurant,Olivers,47.545315,9.2984732
4001596159,"Wiesenstrasse 4, 8580 Amriswil",atm,n/a,47.5461664,9.2985122
4001596159,"Wiesenstrasse 4, 8580 Amriswil",bank,Thurgauer Kantonalbank,47.546103,9.2984628
4001596159,"Wiesenstrasse 4, 8580 Amriswil",bank,UBS,47.5466697,9.3006979
4001596159,"Wiesenstrasse 4, 8580 Amriswil",restaurant,La Palma,47.5459024,9.2980102
4001596159,"Wiesenstrasse 4, 8580 Amriswil",parking,n/a,47.5465235,9.3003876
4001596159,"Wiesenstrasse 4, 8580 Amriswil",parking,n/a,47.5467036,9.3002938
4002053900,"Via alla Bozzoreda 37, 6963 Pregassona",restaurant,La Civetta,46.0203932,8.9651438
4002053900,"Via alla Bozzoreda 37, 6963 Pregassona",restaurant,La locanda di Emilio,46.0199938,8.9686227
4002053900,"Via alla Bozzoreda 37, 6963 Pregassona",restaurant,Ristorante-Pizzeria del Sole,46.0197405,8.9736515
4002053900,"Via alla Bozzoreda 37, 6963 Pregassona",fast_food,Kebab da zio,46.0208922,8.9655194
4002053895,"Via Lischedo 3, 6802 Rivera",restaurant,Alpino,46.1238226,8.9247005
4002053895,"Via Lischedo 3, 6802 Rivera",atm,n/a,46.1208326,8.9264841
4002053895,"Via Lischedo 3, 6802 Rivera",fast_food,Regno della pizza,46.1249659,8.9239534
4002053895,"Via Lischedo 3, 6802 Rivera",restaurant,Bar Lagacci,46.1248303,8.9240201
4002053895,"Via Lischedo 3, 6802 Rivera",restaurant,Il Veliero,46.1232335,8.9252284
4002053895,"Via Lischedo 3, 6802 Rivera",restaurant,Albergo Elvezia,46.1232689,8.9252061
4002038666,"Via San Gottardo 58a, 6500 Bellinzona",fast_food,Istanbul Kebab,46.2010532,9.0328505
4002038666,"Via San Gottardo 58a, 6500 Bellinzona",pub,Pub Prince's,46.1959465,9.0289675
4002038666,"Via San Gottardo 58a, 6500 Bellinzona",pharmacy,Farmacia San Gottardo,46.2021968,9.033804
4002038666,"Via San Gottardo 58a, 6500 Bellinzona",bar,Bar Mirasole,46.1985433,9.0247767
4002038666,"Via San Gottardo 58a, 6500 Bellinzona",restaurant,Ristorante Rio,46.1979306,9.0263029
4002038666,"Via San Gottardo 58a, 6500 Bellinzona",restaurant,Osteria Mesolcina,46.1985155,9.0263887
4002038666,"Via San Gottardo 58a, 6500 Bellinzona",pharmacy,Farmacia Nord,46.1980105,9.0261132
4002038666,"Via San Gottardo 58a, 6500 Bellinzona",restaurant,Osteria Rex,46.2014434,9.0329182
4002038659,"Frank-Buchserstrasse 3, 4532 Feldbrunnen",restaurant,Buchser – Bar und Chuchi,47.2201894,7.5552292
4002038659,"Frank-Buchserstrasse 3, 4532 Feldbrunnen",parking,n/a,47.2177915,7.5528177
4002038659,"Frank-Buchserstrasse 3, 4532 Feldbrunnen",parking,n/a,47.2187228,7.5541635
4002038659,"Frank-Buchserstrasse 3, 4532 Feldbrunnen",parking,n/a,47.2176978,7.5535272
4002038659,"Frank-Buchserstrasse 3, 4532 Feldbrunnen",parking,n/a,47.2174281,7.5526992
4002002549,"Leutschenbachstrasse 50/50a, 8050 Zürich",atm,Postfinance,47.4178137,8.558754
4002002549,"Leutschenbachstrasse 50/50a, 8050 Zürich",restaurant,Thai Erawan,47.4165977,8.5558212
4002002549,"Leutschenbachstrasse 50/50a, 8050 Zürich",restaurant,Siam Square Bistro,47.4196602,8.5587057
4002002549,"Leutschenbachstrasse 50/50a, 8050 Zürich",fast_food,Werkbar,47.4161818,8.5540772
4002002549,"Leutschenbachstrasse 50/50a, 8050 Zürich",cafe,Cafébar Enzian,47.4140301,8.5517506
4002002549,"Leutschenbachstrasse 50/50a, 8050 Zürich",bar,Brauerei Oerlikon,47.4188124,8.5588054
4002002549,"Leutschenbachstrasse 50/50a, 8050 Zürich",parking,Imperial,47.4155095,8.5528435
4002002549,"Leutschenbachstrasse 50/50a, 8050 Zürich",bar,n/a,47.4178386,8.5584998
4002002549,"Leutschenbachstrasse 50/50a, 8050 Zürich",school,Jakobs School,47.417622,8.5574082
4002002549,"Leutschenbachstrasse 50/50a, 8050 Zürich",restaurant,Vitabella,47.4175762,8.5551599
4001980280,"Viale Stazione 21, 6500 Bellinzona",parking,n/a,46.1934191,9.0236111
4001980280,"Viale Stazione 21, 6500 Bellinzona",bar,Snack bar Viale,46.1936082,9.026502
4001980280,"Viale Stazione 21, 6500 Bellinzona",bar,Bar della Posta,46.1939826,9.0258849
4001980280,"Viale Stazione 21, 6500 Bellinzona",bank,Credit Suisse,46.1938898,9.026369
4001980280,"Viale Stazione 21, 6500 Bellinzona",restaurant,Pizzeria la Lampara,46.1951488,9.0241522
4001980280,"Viale Stazione 21, 6500 Bellinzona",pub,Il Fermento,46.1925574,9.0236368
4001980280,"Viale Stazione 21, 6500 Bellinzona",atm,n/a,46.1935816,9.0259494
4001980280,"Viale Stazione 21, 6500 Bellinzona",atm,n/a,46.193416,9.026087
4001980280,"Viale Stazione 21, 6500 Bellinzona",fast_food,Lo Stuzzico,46.1931678,9.0245684
4001980280,"Viale Stazione 21, 6500 Bellinzona",bank,UBS,46.1933865,9.0250599
4001980280,"Viale Stazione 21, 6500 Bellinzona",atm,n/a,46.1933251,9.0251962
4001980280,"Viale Stazione 21, 6500 Bellinzona",pharmacy,Benu,46.1928285,9.0241488
4001980280,"Viale Stazione 21, 6500 Bellinzona",bar,Bar 700,46.1929079,9.0236325
4001980280,"Viale Stazione 21, 6500 Bellinzona",pharmacy,Farmacia Portone,46.1939106,9.0230721
4001980280,"Viale Stazione 21, 6500 Bellinzona",bar,Wine Bar Galleria,46.1924775,9.0234856
4001980280,"Viale Stazione 21, 6500 Bellinzona",bar,Bar Samba,46.1941956,9.0243594
4001980280,"Viale Stazione 21, 6500 Bellinzona",cafe,Visagno,46.1939273,9.0228842
4001980280,"Viale Stazione 21, 6500 Bellinzona",fast_food,Pizza Napoli,46.1952386,9.0250314
4001980280,"Viale Stazione 21, 6500 Bellinzona",restaurant,Manora Fresh To Go,46.1923176,9.0240618
4001912485,"Vulpera 32, 7552 Vulpera",parking,n/a,46.7869785,10.2814572
4001912485,"Vulpera 32, 7552 Vulpera",parking,n/a,46.786768,10.2815882
4001912485,"Vulpera 32, 7552 Vulpera",restaurant,Hotel Villa Post,46.7868907,10.2880209
4001912267,"St. Jakobstrasse 46, 4147 Aesch BL",fast_food,Werni's Grillimbiss,47.4783727,7.5949291
4001912267,"St. Jakobstrasse 46, 4147 Aesch BL",restaurant,n/a,47.4771995,7.6014001
4001912267,"St. Jakobstrasse 46, 4147 Aesch BL",school,GSR,47.4802937,7.592324
4001904514,"Via Sasso Corbaro 19, 6593 Cadenazzo",restaurant,Ristorante Al Ponte,46.1522025,8.9493151
4001904514,"Via Sasso Corbaro 19, 6593 Cadenazzo",pharmacy,Pharmacia Centrale,46.1517314,8.9461626
4001904514,"Via Sasso Corbaro 19, 6593 Cadenazzo",bar,Osteria Centrale,46.1506825,8.9485094
4001904514,"Via Sasso Corbaro 19, 6593 Cadenazzo",bar,Bar Chiosco Gazebo,46.1523023,8.9419857
4001904514,"Via Sasso Corbaro 19, 6593 Cadenazzo",bank,Raiffeisen,46.1518588,8.9452132
4001904514,"Via Sasso Corbaro 19, 6593 Cadenazzo",restaurant,Pizza chez Boubou,46.1525202,8.9399504
4001904514,"Via Sasso Corbaro 19, 6593 Cadenazzo",pub,Leilo Bar,46.1516511,8.9458343
4001904514,"Via Sasso Corbaro 19, 6593 Cadenazzo",fast_food,Il Cantuccio,46.1524371,8.9399602
4001904514,"Via Sasso Corbaro 19, 6593 Cadenazzo",library,Biblioteca della Scuola Media di Cadenazzo,46.1510167,8.9418564
4001904514,"Via Sasso Corbaro 19, 6593 Cadenazzo",library,Biblioteca comunale per ragazzi,46.1504232,8.9507171
4001904514,"Via Sasso Corbaro 19, 6593 Cadenazzo",restaurant,Pizzeria Bar CLUB,46.1507227,8.9431726
4001895941,"Käferholzstrasse 48, 8057 Zürich",restaurant,Jeunesse,47.4041372,8.5342275
4001836955,"Niederfeldstrasse 8, 8932 Mettmenstetten",restaurant,zum weissen Rössli,47.2437622,8.4631377
4001836955,"Niederfeldstrasse 8, 8932 Mettmenstetten",parking,n/a,47.2434739,8.4637306
4001836955,"Niederfeldstrasse 8, 8932 Mettmenstetten",bank,Clientis Sparcassa 1816,47.2440043,8.464205
4001836955,"Niederfeldstrasse 8, 8932 Mettmenstetten",parking,Friedhof,47.2427955,8.4667995
4001836955,"Niederfeldstrasse 8, 8932 Mettmenstetten",library,Bibliothek Mettmenstetten,47.2458916,8.4659348
4001820529,"Hofackerstrasse 6e, 8157 Dielsdorf",restaurant,Löwen,47.4837534,8.4551445
4001820529,"Hofackerstrasse 6e, 8157 Dielsdorf",restaurant,Sun Garden,47.482337,8.4552316
4001820529,"Hofackerstrasse 6e, 8157 Dielsdorf",restaurant,La Torre,47.4834675,8.4529269
4001820529,"Hofackerstrasse 6e, 8157 Dielsdorf",cafe,Café mit Herz,47.4841193,8.4555635
4001797428,"Schwaderloch 7, 8253 Diessenhofen",bar,Joes Bar,47.6896463,8.7523256
4001797428,"Schwaderloch 7, 8253 Diessenhofen",library,Freihandbibliothek Diessenhofen,47.6888735,8.749985
4001797428,"Schwaderloch 7, 8253 Diessenhofen",restaurant,Gasthaus Linde,47.6891737,8.751486
4001797428,"Schwaderloch 7, 8253 Diessenhofen",restaurant,Unterhof,47.6901847,8.7478302
4001797428,"Schwaderloch 7, 8253 Diessenhofen",cafe,Altstadt,47.6895102,8.7505996
4001797428,"Schwaderloch 7, 8253 Diessenhofen",parking,n/a,47.6888546,8.7479141
4001797428,"Schwaderloch 7, 8253 Diessenhofen",parking,Parkplätze Rheinstrasse,47.6896289,8.7472656
4001797428,"Schwaderloch 7, 8253 Diessenhofen",parking,Parkplätze Rheinstrasse,47.6895476,8.747138
4001714200,"Via Monte Carmen 13, 6900 Lugano",restaurant,Villa Sassa,46.011964,8.9506724
4001714200,"Via Monte Carmen 13, 6900 Lugano",bar,Rookies Picchio,46.0081217,8.9509764
4001714200,"Via Monte Carmen 13, 6900 Lugano",restaurant,The CIRCLE,46.0114081,8.9549435
4001714200,"Via Monte Carmen 13, 6900 Lugano",restaurant,Wong Ho,46.0118126,8.9544167
4001714200,"Via Monte Carmen 13, 6900 Lugano",pharmacy,Farmacia Contrada dei Patrizi,46.0125702,8.9547338
4001714200,"Via Monte Carmen 13, 6900 Lugano",cafe,Café Tra,46.0130112,8.9540684
4001714200,"Via Monte Carmen 13, 6900 Lugano",library,Biblioteca Salita dei Frati di Lugano,46.0082931,8.9491749
4001714200,"Via Monte Carmen 13, 6900 Lugano",library,"Biblioteca interculturale per la prima infanzia ""Ricciogiramondo""",46.0131905,8.9546483
4001714200,"Via Monte Carmen 13, 6900 Lugano",bar,Bar Pinard,46.0120723,8.9547722
4001714200,"Via Monte Carmen 13, 6900 Lugano",restaurant,AMALO pinsa e gelato,46.0109159,8.9554293
4001714200,"Via Monte Carmen 13, 6900 Lugano",restaurant,Zio Pippo,46.0107681,8.9542612
4001669466,"Langenhagweg 9, 4123 Allschwil",restaurant,Weiherhof,47.5458033,7.557097
4001669466,"Langenhagweg 9, 4123 Allschwil",restaurant,Schützengarten,47.546878,7.5531688
4001669466,"Langenhagweg 9, 4123 Allschwil",restaurant,Migros Restaurant,47.5472035,7.5531338
4001669466,"Langenhagweg 9, 4123 Allschwil",bank,Migros Bank,47.5473491,7.5534788
4001669466,"Langenhagweg 9, 4123 Allschwil",atm,Postfinance,47.5475313,7.553216
4001669466,"Langenhagweg 9, 4123 Allschwil",restaurant,Hundert13 Suppenbar,47.5459171,7.5565523
4001669464,"Langenhagweg 7, 4123 Allschwil",restaurant,Weiherhof,47.5458033,7.557097
4001669464,"Langenhagweg 7, 4123 Allschwil",cafe,Bees and Birds Café,47.5460894,7.5574644
4001669464,"Langenhagweg 7, 4123 Allschwil",fast_food,McDonald's,47.5464261,7.5532991
4001669464,"Langenhagweg 7, 4123 Allschwil",restaurant,Schützengarten,47.546878,7.5531688
4001669464,"Langenhagweg 7, 4123 Allschwil",restaurant,Migros Restaurant,47.5472035,7.5531338
4001669464,"Langenhagweg 7, 4123 Allschwil",pharmacy,Amavita Paradies,47.5474625,7.5540621
4001669464,"Langenhagweg 7, 4123 Allschwil",bank,Migros Bank,47.5473491,7.5534788
4001669464,"Langenhagweg 7, 4123 Allschwil",restaurant,Hundert13 Suppenbar,47.5459171,7.5565523
4001668528,"Via Sasso Corbaro 17, 6593 Cadenazzo",restaurant,Ristorante Al Ponte,46.1522025,8.9493151
4001668528,"Via Sasso Corbaro 17, 6593 Cadenazzo",pharmacy,Pharmacia Centrale,46.1517314,8.9461626
4001668528,"Via Sasso Corbaro 17, 6593 Cadenazzo",bar,Osteria Centrale,46.1506825,8.9485094
4001668528,"Via Sasso Corbaro 17, 6593 Cadenazzo",bar,Bar Chiosco Gazebo,46.1523023,8.9419857
4001668528,"Via Sasso Corbaro 17, 6593 Cadenazzo",bank,Raiffeisen,46.1518588,8.9452132
4001668528,"Via Sasso Corbaro 17, 6593 Cadenazzo",restaurant,Pizza chez Boubou,46.1525202,8.9399504
4001668528,"Via Sasso Corbaro 17, 6593 Cadenazzo",pub,Leilo Bar,46.1516511,8.9458343
4001668528,"Via Sasso Corbaro 17, 6593 Cadenazzo",fast_food,Il Cantuccio,46.1524371,8.9399602
4001668528,"Via Sasso Corbaro 17, 6593 Cadenazzo",library,Biblioteca della Scuola Media di Cadenazzo,46.1510167,8.9418564
4001668528,"Via Sasso Corbaro 17, 6593 Cadenazzo",library,Biblioteca comunale per ragazzi,46.1504232,8.9507171
4001668528,"Via Sasso Corbaro 17, 6593 Cadenazzo",restaurant,Pizzeria Bar CLUB,46.1507227,8.9431726
4001668412,"Via Monte Carmen 13, 6900 Lugano",restaurant,Villa Sassa,46.011964,8.9506724
4001668412,"Via Monte Carmen 13, 6900 Lugano",bar,Rookies Picchio,46.0081217,8.9509764
4001668412,"Via Monte Carmen 13, 6900 Lugano",restaurant,The CIRCLE,46.0114081,8.9549435
4001668412,"Via Monte Carmen 13, 6900 Lugano",restaurant,Wong Ho,46.0118126,8.9544167
4001668412,"Via Monte Carmen 13, 6900 Lugano",pharmacy,Farmacia Contrada dei Patrizi,46.0125702,8.9547338
4001668412,"Via Monte Carmen 13, 6900 Lugano",cafe,Café Tra,46.0130112,8.9540684
4001668412,"Via Monte Carmen 13, 6900 Lugano",library,Biblioteca Salita dei Frati di Lugano,46.0082931,8.9491749
4001668412,"Via Monte Carmen 13, 6900 Lugano",library,"Biblioteca interculturale per la prima infanzia ""Ricciogiramondo""",46.0131905,8.9546483
4001668412,"Via Monte Carmen 13, 6900 Lugano",bar,Bar Pinard,46.0120723,8.9547722
4001668412,"Via Monte Carmen 13, 6900 Lugano",restaurant,AMALO pinsa e gelato,46.0109159,8.9554293
4001668412,"Via Monte Carmen 13, 6900 Lugano",restaurant,Zio Pippo,46.0107681,8.9542612
4002062172,"Oelebachweg 19, 3427 Utzenstorf",restaurant,Trattoria Leone,47.1320092,7.5434228
4002062172,"Oelebachweg 19, 3427 Utzenstorf",pub,Britannia Pub,47.1307265,7.5394473
4002062172,"Oelebachweg 19, 3427 Utzenstorf",bar,Mischus,47.1303723,7.5544471
4002062172,"Oelebachweg 19, 3427 Utzenstorf",restaurant,Bahnhof,47.1307153,7.5540769
4002062172,"Oelebachweg 19, 3427 Utzenstorf",parking,n/a,47.131206,7.5400088
4002062172,"Oelebachweg 19, 3427 Utzenstorf",parking,n/a,47.131869,7.5411413
4002062172,"Oelebachweg 19, 3427 Utzenstorf",restaurant,Wirtschaft zum Schloss Landshut,47.1339853,7.5518641
4002062172,"Oelebachweg 19, 3427 Utzenstorf",parking,n/a,47.1324543,7.5445169
4002062172,"Oelebachweg 19, 3427 Utzenstorf",parking,n/a,47.1318686,7.5525453
4002060863,"Tittertenstrasse 9, 4418 Reigoldswil",atm,Basel-Landschaftliche Kantonalbank,47.3975052,7.6921375
4002060863,"Tittertenstrasse 9, 4418 Reigoldswil",restaurant,Bistro am Dorfplatz,47.3973206,7.6920315
4002060863,"Tittertenstrasse 9, 4418 Reigoldswil",restaurant,Rebstock,47.3970291,7.6914205
4002054444,"Chemin des Croisettes 7, 1066 Epalinges",restaurant,L'Union,46.5435104,6.6608376
4002054444,"Chemin des Croisettes 7, 1066 Epalinges",atm,BCV,46.5438842,6.6604784
4002054444,"Chemin des Croisettes 7, 1066 Epalinges",restaurant,Pizzeria des Tuileries,46.5444213,6.6592747
4002054444,"Chemin des Croisettes 7, 1066 Epalinges",cafe,Restaurant des Roches,46.5439359,6.6584956
4002054444,"Chemin des Croisettes 7, 1066 Epalinges",pharmacy,Amavita,46.5441802,6.660624
4002050661,"Hauptstrasse 119, 4102 Binningen",library,Gemeindebibliothek Binningen,47.5415262,7.5743284
4002050661,"Hauptstrasse 119, 4102 Binningen",bank,Kantonalbank BL,47.5396184,7.5764766
4002050661,"Hauptstrasse 119, 4102 Binningen",school,Musikschule Binningen-Bottmingen,47.5395199,7.5739703
4002050661,"Hauptstrasse 119, 4102 Binningen",parking,n/a,47.5396871,7.5744347
4002050661,"Hauptstrasse 119, 4102 Binningen",pharmacy,Kronen-Apotheke,47.5374436,7.5714245
4002050661,"Hauptstrasse 119, 4102 Binningen",bar,Highspeed Music Bar,47.5367883,7.5717556
4002050661,"Hauptstrasse 119, 4102 Binningen",cafe,cent-treize,47.5384687,7.5719622
4002050661,"Hauptstrasse 119, 4102 Binningen",restaurant,Jagerstübli,47.5390237,7.572172
4002050661,"Hauptstrasse 119, 4102 Binningen",pharmacy,St. Margarethen,47.5412006,7.5737705
4002050661,"Hauptstrasse 119, 4102 Binningen",bank,UBS,47.5374691,7.5713196
4002050661,"Hauptstrasse 119, 4102 Binningen",restaurant,Schlüssel,47.5393467,7.5749371
4002050661,"Hauptstrasse 119, 4102 Binningen",restaurant,Krone,47.5379517,7.5715103
4002050661,"Hauptstrasse 119, 4102 Binningen",cafe,Sutter Begg,47.5416725,7.5743503
4002050661,"Hauptstrasse 119, 4102 Binningen",clinic,Vista Clinic,47.5422375,7.574842
4002050661,"Hauptstrasse 119, 4102 Binningen",bank,Raiffeisenbank Leimental,47.5411204,7.5736704
4002050661,"Hauptstrasse 119, 4102 Binningen",atm,n/a,47.5416507,7.5739732
4002050661,"Hauptstrasse 119, 4102 Binningen",bank,Raiffeisen,47.5418732,7.5739751
4002050661,"Hauptstrasse 119, 4102 Binningen",restaurant,Schiff,47.540103,7.5762887
4002050661,"Hauptstrasse 119, 4102 Binningen",restaurant,Binni Kebap Pizza,47.5421543,7.5743253
4002047844,"Spyristrasse 20, 8044 Zürich",pharmacy,Biotheke,47.3836588,8.5484321
4002047844,"Spyristrasse 20, 8044 Zürich",restaurant,Okay Italia,47.379193,8.5555706
4002047844,"Spyristrasse 20, 8044 Zürich",fast_food,Dieci Pizzakurier,47.3827555,8.5505487
4002047844,"Spyristrasse 20, 8044 Zürich",restaurant,Anoah,47.3848545,8.5485426
4002047844,"Spyristrasse 20, 8044 Zürich",school,Privatschule Toblerstrasse,47.3790657,8.5590774
4002047844,"Spyristrasse 20, 8044 Zürich",school,Sonderpädagogische Tagesschule Toblerstrasse,47.379108,8.5590987
4002047844,"Spyristrasse 20, 8044 Zürich",school,Lernatelier Tandem,47.3805547,8.5516899
4002047844,"Spyristrasse 20, 8044 Zürich",cafe,Café Bar Meierei,47.3822549,8.550719
4002047844,"Spyristrasse 20, 8044 Zürich",fast_food,Burger Boutique,47.3841513,8.5481184
4002039926,"Avenue Beauregard 2, 1700 Fribourg",parking,n/a,46.8007812,7.144549
4002039926,"Avenue Beauregard 2, 1700 Fribourg",restaurant,Marathon,46.8013912,7.1485822
4002039926,"Avenue Beauregard 2, 1700 Fribourg",parking,n/a,46.8018908,7.1473095
4002039926,"Avenue Beauregard 2, 1700 Fribourg",bar,Le Café XX,46.804327,7.152201
4002039926,"Avenue Beauregard 2, 1700 Fribourg",parking,Parking de la Gare,46.8041248,7.1512473
4002039926,"Avenue Beauregard 2, 1700 Fribourg",restaurant,Alconi Restaurant - Cantine,46.8040456,7.1510044
4002039926,"Avenue Beauregard 2, 1700 Fribourg",parking,Parking Beauregard,46.8033484,7.1463322
4002039926,"Avenue Beauregard 2, 1700 Fribourg",parking,n/a,46.7987898,7.1500011
4002039926,"Avenue Beauregard 2, 1700 Fribourg",restaurant,Le Chemin de Fer,46.7987455,7.1497777
4002039926,"Avenue Beauregard 2, 1700 Fribourg",library,Bibliothèque cantonale et universitaire de Fribourg - site BCU Beauregard,46.8033463,7.1453696
4002039926,"Avenue Beauregard 2, 1700 Fribourg",library,"Bibliothèque interculturelle ""LivrEchange"" de Fribourg",46.8017738,7.1486777
4002039926,"Avenue Beauregard 2, 1700 Fribourg",parking,n/a,46.7986085,7.148102
4002039926,"Avenue Beauregard 2, 1700 Fribourg",restaurant,Mykebab,46.8037152,7.1514434
4002039926,"Avenue Beauregard 2, 1700 Fribourg",restaurant,Les Menteurs,46.798124,7.1479678
4002039926,"Avenue Beauregard 2, 1700 Fribourg",restaurant,Le centre,46.80361,7.1518808
4002039926,"Avenue Beauregard 2, 1700 Fribourg",pharmacy,Amavita,46.8009043,7.1442639
4002039926,"Avenue Beauregard 2, 1700 Fribourg",cafe,Le Club,46.8010371,7.1446404
4002039926,"Avenue Beauregard 2, 1700 Fribourg",fast_food,Pronto Pizza,46.8008746,7.1447911
4002039926,"Avenue Beauregard 2, 1700 Fribourg",university,Beauregard 01,46.8025294,7.1490731
4002039926,"Avenue Beauregard 2, 1700 Fribourg",university,n/a,46.802313,7.1463734
4002039926,"Avenue Beauregard 2, 1700 Fribourg",university,n/a,46.8025093,7.1458319
4002039926,"Avenue Beauregard 2, 1700 Fribourg",restaurant,"Café Chemin de Fer - Restaurant, Pizzeria",46.7988549,7.1497943
4002039926,"Avenue Beauregard 2, 1700 Fribourg",restaurant,Host India,46.802075,7.148784
4002039926,"Avenue Beauregard 2, 1700 Fribourg",restaurant,Pizzeria des Arsenaux,46.7980063,7.1493765
4002039926,"Avenue Beauregard 2, 1700 Fribourg",parking,n/a,46.8011045,7.1442762
4002039926,"Avenue Beauregard 2, 1700 Fribourg",restaurant,Mycelium,46.7976188,7.1477298
4002039926,"Avenue Beauregard 2, 1700 Fribourg",parking,n/a,46.8025924,7.1472079
4002038664,"Via Ghiringhelli 27 a, 6500 Bellinzona",pharmacy,pharmacieplus,46.1872087,9.0148651
4002038664,"Via Ghiringhelli 27 a, 6500 Bellinzona",bank,Banca Raiffeisen Bellinzonese e Visagno,46.1902994,9.0201019
4002038664,"Via Ghiringhelli 27 a, 6500 Bellinzona",restaurant,Ristorante Chiarafonte,46.1878415,9.0142228
4002038664,"Via Ghiringhelli 27 a, 6500 Bellinzona",restaurant,Ristorante Achilea,46.1874976,9.0165724
4002038664,"Via Ghiringhelli 27 a, 6500 Bellinzona",fast_food,McDonald's,46.1839681,9.0124306
4002038664,"Via Ghiringhelli 27 a, 6500 Bellinzona",fast_food,Smiles,46.1892537,9.0140236
4002038664,"Via Ghiringhelli 27 a, 6500 Bellinzona",restaurant,Osteria Zanzibar,46.1883166,9.0210074
4002038664,"Via Ghiringhelli 27 a, 6500 Bellinzona",restaurant,Ristorante Pizzeria Varano,46.1869244,9.0146246
4002038664,"Via Ghiringhelli 27 a, 6500 Bellinzona",bar,Bar Ambra,46.1878924,9.0153099
4002038664,"Via Ghiringhelli 27 a, 6500 Bellinzona",bar,Bar Tri Bofitt,46.1860572,9.0134874
4002031463,"Via Franco Zorzi 25A, 6500 Bellinzona",restaurant,Pizzeria Lo Scugnizzo,46.1930932,9.0112097
4002031463,"Via Franco Zorzi 25A, 6500 Bellinzona",pub,Bar Paninoteca Peter Pan,46.1932978,9.0175962
4002031463,"Via Franco Zorzi 25A, 6500 Bellinzona",pharmacy,pharmacieplus,46.1872087,9.0148651
4002031463,"Via Franco Zorzi 25A, 6500 Bellinzona",restaurant,Osteria Eden,46.1915696,9.015188
4002031463,"Via Franco Zorzi 25A, 6500 Bellinzona",bank,Banca Raiffeisen Bellinzonese e Visagno,46.1902994,9.0201019
4002031463,"Via Franco Zorzi 25A, 6500 Bellinzona",pharmacy,Farmacia Teatro,46.1912595,9.0213983
4002031463,"Via Franco Zorzi 25A, 6500 Bellinzona",cafe,Tea Room Gazzaniga,46.1902286,9.022361
4002031463,"Via Franco Zorzi 25A, 6500 Bellinzona",library,Biblioteca cantonale di Bellinzona,46.193247,9.0120996
4002031463,"Via Franco Zorzi 25A, 6500 Bellinzona",restaurant,Grottino Ticinese,46.1958975,9.0189873
4002031463,"Via Franco Zorzi 25A, 6500 Bellinzona",restaurant,Locanda Orico,46.1921383,9.0190511
4002031463,"Via Franco Zorzi 25A, 6500 Bellinzona",restaurant,Osteria Locanda Ticinese,46.1917237,9.020323
4002031463,"Via Franco Zorzi 25A, 6500 Bellinzona",restaurant,Osteria Mistral,46.1917441,9.0195068
4002031463,"Via Franco Zorzi 25A, 6500 Bellinzona",restaurant,Ristorante Giardino,46.1916448,9.0205336
4002031463,"Via Franco Zorzi 25A, 6500 Bellinzona",restaurant,Ristorante Chiarafonte,46.1878415,9.0142228
4002031463,"Via Franco Zorzi 25A, 6500 Bellinzona",restaurant,Ristorante Achilea,46.1874976,9.0165724
4002031463,"Via Franco Zorzi 25A, 6500 Bellinzona",cafe,Caffè degli Artisti,46.1909255,9.0214432
4002031463,"Via Franco Zorzi 25A, 6500 Bellinzona",cafe,Glitter Caffè,46.189843,9.0222774
4002031463,"Via Franco Zorzi 25A, 6500 Bellinzona",cafe,Caffè Teatro snack-bar,46.1907046,9.0206734
4002031463,"Via Franco Zorzi 25A, 6500 Bellinzona",restaurant,Il Piazza Ristorante,46.1913987,9.0209778
4002031463,"Via Franco Zorzi 25A, 6500 Bellinzona",fast_food,Smiles,46.1892537,9.0140236
4002031463,"Via Franco Zorzi 25A, 6500 Bellinzona",fast_food,Moogi Kebab,46.1939906,9.0162617
4002031463,"Via Franco Zorzi 25A, 6500 Bellinzona",restaurant,Osteria Zanzibar,46.1883166,9.0210074
4002031463,"Via Franco Zorzi 25A, 6500 Bellinzona",library,Biblioteca della Scuola Media di Bellinzona 1,46.1965646,9.0193624
4002031463,"Via Franco Zorzi 25A, 6500 Bellinzona",library,Centro di dialettologia e di etnografia,46.1931519,9.0127386
4002031463,"Via Franco Zorzi 25A, 6500 Bellinzona",library,Biblioteca pubblica di diritto,46.1912061,9.0203588
4002031463,"Via Franco Zorzi 25A, 6500 Bellinzona",library,Centro di documentazione del Servizio di promozione e di valutazione sanitaria,46.1918795,9.0199356
4002031463,"Via Franco Zorzi 25A, 6500 Bellinzona",bar,Bar Castello,46.1935014,9.0198253
4002031463,"Via Franco Zorzi 25A, 6500 Bellinzona",restaurant,Ristorante Pizzeria Varano,46.1869244,9.0146246
4002031463,"Via Franco Zorzi 25A, 6500 Bellinzona",bar,Bar Ambra,46.1878924,9.0153099
4002031463,"Via Franco Zorzi 25A, 6500 Bellinzona",bar,Bar Tri Bofitt,46.1860572,9.0134874
4002031463,"Via Franco Zorzi 25A, 6500 Bellinzona",bar,Bar Commercianti,46.1911004,9.0219736
4002031463,"Via Franco Zorzi 25A, 6500 Bellinzona",bar,L'Incontro,46.1915218,9.0207344
4002031463,"Via Franco Zorzi 25A, 6500 Bellinzona",cafe,L’arte del caffè,46.1924239,9.0184252
4002031463,"Via Franco Zorzi 25A, 6500 Bellinzona",restaurant,Ristorante Torretta,46.1922103,9.0141418
4002031463,"Via Franco Zorzi 25A, 6500 Bellinzona",bar,Birreria Haas,46.1929735,9.0181613
4002018334,"Innere Mattenstrasse 20, 5036 Oberentfelden",restaurant,Mühle,47.3567721,8.0461483
4002018334,"Innere Mattenstrasse 20, 5036 Oberentfelden",atm,n/a,47.3616505,8.0456918
4002018334,"Innere Mattenstrasse 20, 5036 Oberentfelden",school,Schule Entfelden,47.3587376,8.0443572
4002018334,"Innere Mattenstrasse 20, 5036 Oberentfelden",restaurant,Restaurant Pizzeria POST,47.3645936,8.0422228
4002018334,"Innere Mattenstrasse 20, 5036 Oberentfelden",library,Gemeindebibliothek Oberentfelden,47.3585242,8.0447562
4002018334,"Innere Mattenstrasse 20, 5036 Oberentfelden",restaurant,Migros Restaurant,47.3616337,8.0458819
4002018334,"Innere Mattenstrasse 20, 5036 Oberentfelden",pharmacy,Dropa Unterentfelden,47.3618585,8.0454809
4002018334,"Innere Mattenstrasse 20, 5036 Oberentfelden",fast_food,Veloce,47.3559161,8.0464566
4002018334,"Innere Mattenstrasse 20, 5036 Oberentfelden",fast_food,Gabbiano Pizza Kurier,47.3566082,8.0466001
4002018334,"Innere Mattenstrasse 20, 5036 Oberentfelden",fast_food,My Mex Kebab,47.3648271,8.0425493
4002009638,"Stengelmattstrasse 24, 6252 Dagmersellen",atm,n/a,47.213556,7.9876926
4002009638,"Stengelmattstrasse 24, 6252 Dagmersellen",parking,Kreuzmatt,47.2168369,7.9860469
4002009638,"Stengelmattstrasse 24, 6252 Dagmersellen",fast_food,Pizza Fulmine,47.2149603,7.986122
4002009638,"Stengelmattstrasse 24, 6252 Dagmersellen",restaurant,Chratz,47.2134122,7.9861094
4002009638,"Stengelmattstrasse 24, 6252 Dagmersellen",restaurant,Gasthaus Löwen,47.2134372,7.9886326
4002009638,"Stengelmattstrasse 24, 6252 Dagmersellen",school,Kindergarten,47.2129016,7.9833003
4002009638,"Stengelmattstrasse 24, 6252 Dagmersellen",school,Kindergarten,47.2140385,7.9870769
4002009638,"Stengelmattstrasse 24, 6252 Dagmersellen",parking,n/a,47.2126395,7.9784717
4002009638,"Stengelmattstrasse 24, 6252 Dagmersellen",bank,Raiffeisenbank Luzerner Landschaft Nordwest,47.2135725,7.9876077
4002009638,"Stengelmattstrasse 24, 6252 Dagmersellen",parking,n/a,47.2137821,7.9840973
4002009504,"Küchengasse 16, 4051 Basel",cafe,Starbucks Centralbahnplatz,47.5487806,7.5900613
4002009504,"Küchengasse 16, 4051 Basel",pharmacy,Amavita Central Basel,47.5485029,7.5899229
4002009504,"Küchengasse 16, 4051 Basel",bank,Bank J. Safra Sarasin Ltd,47.5500168,7.5897409
4002009504,"Küchengasse 16, 4051 Basel",restaurant,Zum Kuss,47.5499012,7.5901434
4002009504,"Küchengasse 16, 4051 Basel",fast_food,McDonalds,47.5483775,7.5886877
4002009504,"Küchengasse 16, 4051 Basel",cafe,McCafé,47.5484267,7.5885486
4002009504,"Küchengasse 16, 4051 Basel",pub,Bierrevier,47.5493,7.58661
4002009504,"Küchengasse 16, 4051 Basel",pharmacy,Saner Apotheke,47.5489875,7.5866633
4002009504,"Küchengasse 16, 4051 Basel",bar,Hinz & Kunz Bar,47.5494314,7.5866658
4002009504,"Küchengasse 16, 4051 Basel",restaurant,Lora,47.548098,7.5881919
4002009504,"Küchengasse 16, 4051 Basel",cafe,Oelist/Finkmüller,47.5495564,7.5872515
4002009504,"Küchengasse 16, 4051 Basel",clinic,Physiozentrum,47.548492,7.5884045
4002009500,"Esterlistrasse 20, 4133 Pratteln",parking,n/a,47.5200866,7.6918537
4002009500,"Esterlistrasse 20, 4133 Pratteln",bar,n/a,47.5197172,7.6915969
4002009500,"Esterlistrasse 20, 4133 Pratteln",parking,n/a,47.5196003,7.6919127
4002009500,"Esterlistrasse 20, 4133 Pratteln",atm,n/a,47.5190012,7.6915807
4002009500,"Esterlistrasse 20, 4133 Pratteln",atm,n/a,47.5200849,7.6919803
4002006074,"Jurastrasse 92, 2540 Grenchen",fast_food,McDonald's,47.192981,7.4012687
4002006074,"Jurastrasse 92, 2540 Grenchen",fast_food,n/a,47.1945157,7.4098593
4002006074,"Jurastrasse 92, 2540 Grenchen",restaurant,Thai Wok,47.1935096,7.4036313
4002006074,"Jurastrasse 92, 2540 Grenchen",clinic,Clinique DELC,47.1935543,7.4016235
4002006074,"Jurastrasse 92, 2540 Grenchen",restaurant,Man Fu,47.1932421,7.3985235
4001996813,"Wartenweilerweg 3, 9214 Kradolf-Schönenberg",parking,n/a,47.5268143,9.2025787
4001996813,"Wartenweilerweg 3, 9214 Kradolf-Schönenberg",restaurant,Restaurant Bahnhöfli,47.5249645,9.2017758
4001980272,"Via alla Bozzoreda 37, 6963 Pregassona",restaurant,La Civetta,46.0203932,8.9651438
4001980272,"Via alla Bozzoreda 37, 6963 Pregassona",restaurant,La locanda di Emilio,46.0199938,8.9686227
4001980272,"Via alla Bozzoreda 37, 6963 Pregassona",restaurant,Ristorante-Pizzeria del Sole,46.0197405,8.9736515
4001980272,"Via alla Bozzoreda 37, 6963 Pregassona",fast_food,Kebab da zio,46.0208922,8.9655194
4001852119,"Eugen-Huber-Str. 113, 8048 Zürich",cafe,Glättli,47.3895914,8.4750455
4001852119,"Eugen-Huber-Str. 113, 8048 Zürich",cafe,Loogarten,47.388417,8.4726311
4001794440,"Paracelsusstrasse 63, 4058 Basel",atm,n/a,47.5662743,7.6136237
4001794440,"Paracelsusstrasse 63, 4058 Basel",parking,n/a,47.5657978,7.6128342
4001794440,"Paracelsusstrasse 63, 4058 Basel",cafe,Cafe Chiara Claraspital,47.5666708,7.6140212
4001793291,"Haltingerstr. 78, 4057 Basel",restaurant,Restaurant Zum Wilde Maa,47.5679494,7.595093
4001793291,"Haltingerstr. 78, 4057 Basel",restaurant,Zum Goldenen Fass,47.5656669,7.5956372
4001793291,"Haltingerstr. 78, 4057 Basel",restaurant,Delfin,47.5665578,7.5917694
4001793291,"Haltingerstr. 78, 4057 Basel",cafe,Da Graziella,47.5664559,7.5928691
4001793291,"Haltingerstr. 78, 4057 Basel",cafe,Acero,47.5659948,7.5941398
4001793291,"Haltingerstr. 78, 4057 Basel",pharmacy,Klybeck Apotheke,47.5656841,7.591063
4001793291,"Haltingerstr. 78, 4057 Basel",cafe,Didi Bar,47.5656436,7.5934442
4001793291,"Haltingerstr. 78, 4057 Basel",cafe,Saint Tropez,47.5651584,7.5940531
4001793291,"Haltingerstr. 78, 4057 Basel",cafe,Clara,47.5644905,7.592551
4001793291,"Haltingerstr. 78, 4057 Basel",fast_food,Isbilir,47.5671452,7.5952952
4001793291,"Haltingerstr. 78, 4057 Basel",restaurant,Bon Gout,47.566215,7.5913795
4001793291,"Haltingerstr. 78, 4057 Basel",restaurant,Taste of Mykonos,47.5660236,7.5909437
4001793291,"Haltingerstr. 78, 4057 Basel",bar,Alpenblick,47.5659372,7.5909695
4001793291,"Haltingerstr. 78, 4057 Basel",fast_food,Royal Grill,47.5668682,7.5953324
4001793291,"Haltingerstr. 78, 4057 Basel",restaurant,Efringerhof,47.5673371,7.5963892
4001793291,"Haltingerstr. 78, 4057 Basel",restaurant,Tapeo Tapas Bar La Terraza,47.566436,7.597422
4001793291,"Haltingerstr. 78, 4057 Basel",restaurant,Urban Greek,47.5658332,7.5956113
4001793291,"Haltingerstr. 78, 4057 Basel",fast_food,Lu,47.5662885,7.5918563
4001793291,"Haltingerstr. 78, 4057 Basel",restaurant,Nua,47.5660088,7.5975782
4001793291,"Haltingerstr. 78, 4057 Basel",fast_food,Vegitat,47.5656938,7.5913352
4001793291,"Haltingerstr. 78, 4057 Basel",restaurant,Valentino's Place,47.5658489,7.590881
4001793291,"Haltingerstr. 78, 4057 Basel",cafe,Internetcafé Planet13,47.56559,7.5913444
4001793291,"Haltingerstr. 78, 4057 Basel",fast_food,Astro Fries,47.5664318,7.5925697
4001793291,"Haltingerstr. 78, 4057 Basel",cafe,SMUK Café Bar,47.567226,7.5958963
4001793291,"Haltingerstr. 78, 4057 Basel",restaurant,Avant-Gouz,47.5677168,7.5948728
4001793291,"Haltingerstr. 78, 4057 Basel",atm,n/a,47.5661075,7.5909485
4001793291,"Haltingerstr. 78, 4057 Basel",cafe,Whisky Bar,47.5647535,7.592706
4001793291,"Haltingerstr. 78, 4057 Basel",restaurant,Concordia,47.5655363,7.5920557
4001793291,"Haltingerstr. 78, 4057 Basel",bar,Rouine,47.5666217,7.5924914
4001793291,"Haltingerstr. 78, 4057 Basel",pharmacy,Hammer Apotheke,47.567587,7.5952345
4001793291,"Haltingerstr. 78, 4057 Basel",bar,pusat cafe bar,47.5678995,7.5948047
4001793291,"Haltingerstr. 78, 4057 Basel",fast_food,Hoffmann's Bagel,47.5671995,7.596898
4001793291,"Haltingerstr. 78, 4057 Basel",restaurant,Chanthaburi,47.56648,7.5916548
4001793291,"Haltingerstr. 78, 4057 Basel",fast_food,Sultan Saray,47.5664562,7.5914046
4001793291,"Haltingerstr. 78, 4057 Basel",restaurant,Pizzeria La Perla,47.5653483,7.595655
4001793291,"Haltingerstr. 78, 4057 Basel",cafe,Finkmüller,47.5658557,7.5912746
4001793291,"Haltingerstr. 78, 4057 Basel",fast_food,The Siam Delicious,47.5662091,7.5912098
4001793291,"Haltingerstr. 78, 4057 Basel",fast_food,Lu,47.5663068,7.5918813
4001793291,"Haltingerstr. 78, 4057 Basel",pub,Fass Bar,47.5657565,7.5956208
4001793291,"Haltingerstr. 78, 4057 Basel",restaurant,Chanthabury,47.566474,7.5916367
4001793291,"Haltingerstr. 78, 4057 Basel",restaurant,Reataurant Lu,47.5663965,7.5923787
4001749938,"Rosenstrasse 1, 4410 Liestal",bank,Basellandschaftliche Kantonalbank,47.485937,7.7320669
4001749938,"Rosenstrasse 1, 4410 Liestal",parking,Parkhaus Bücheli,47.4836955,7.7370005
4001749938,"Rosenstrasse 1, 4410 Liestal",parking,n/a,47.4825811,7.7363314
4001749938,"Rosenstrasse 1, 4410 Liestal",restaurant,Restaurant Metzgerei Bären,47.4849521,7.735544
4001749938,"Rosenstrasse 1, 4410 Liestal",restaurant,Kaserne,47.4833874,7.7369897
4001749938,"Rosenstrasse 1, 4410 Liestal",bar,Scenario,47.4822886,7.7357609
4001749938,"Rosenstrasse 1, 4410 Liestal",parking,n/a,47.4865213,7.7325563
4001749938,"Rosenstrasse 1, 4410 Liestal",restaurant,Restaurant Falken,47.4863466,7.731661
4001749938,"Rosenstrasse 1, 4410 Liestal",cafe,Mühleisen,47.4828963,7.7357838
4001749938,"Rosenstrasse 1, 4410 Liestal",restaurant,Aleppo Take Away,47.4860231,7.7355076
4001749938,"Rosenstrasse 1, 4410 Liestal",library,Hochschulbibliothek FHNW,47.4819533,7.7392435
4001749938,"Rosenstrasse 1, 4410 Liestal",bank,Migros Bank,47.4847848,7.7315097
4001749938,"Rosenstrasse 1, 4410 Liestal",bar,KINOORIS Bar,47.484343,7.7358883
4001749938,"Rosenstrasse 1, 4410 Liestal",restaurant,Restaurant Amtshaus,47.4851897,7.734475
4001749938,"Rosenstrasse 1, 4410 Liestal",restaurant,Tapéo Ziegelhof,47.485487,7.7353843
4001749938,"Rosenstrasse 1, 4410 Liestal",restaurant,Zeughaus,47.4851929,7.7348923
4001749938,"Rosenstrasse 1, 4410 Liestal",pharmacy,Amavita,47.4836208,7.7368361
4001749938,"Rosenstrasse 1, 4410 Liestal",restaurant,Orisbach,47.4855691,7.7339378
4001749938,"Rosenstrasse 1, 4410 Liestal",restaurant,Romanos Paninoteca,47.485163,7.7343636
4001749938,"Rosenstrasse 1, 4410 Liestal",restaurant,Zur Farnsburg,47.4853923,7.7342556
4001749938,"Rosenstrasse 1, 4410 Liestal",cafe,Rocket Ciclista E Barista,47.4866317,7.7338577
4001749938,"Rosenstrasse 1, 4410 Liestal",clinic,Vista Augenklinik,47.4852173,7.7310399
4001749938,"Rosenstrasse 1, 4410 Liestal",atm,n/a,47.4836472,7.7367077
4001749938,"Rosenstrasse 1, 4410 Liestal",cafe,Kaffi Bücheli,47.4834837,7.7365624
4001749938,"Rosenstrasse 1, 4410 Liestal",atm,n/a,47.4858433,7.7322475
4001749938,"Rosenstrasse 1, 4410 Liestal",atm,n/a,47.4859019,7.7329786
4001749938,"Rosenstrasse 1, 4410 Liestal",restaurant,Krone,47.4825458,7.7367505
4001749938,"Rosenstrasse 1, 4410 Liestal",restaurant,Kanonenkugel,47.4825097,7.7369095
4001749938,"Rosenstrasse 1, 4410 Liestal",restaurant,Alte Braue,47.4824867,7.7371116
4001749938,"Rosenstrasse 1, 4410 Liestal",restaurant,Paradies To Go,47.4862849,7.7357036
4001669298,"Gestadeckplatz 6, 4410 Liestal",parking,Parkhaus Bücheli,47.4836955,7.7370005
4001669298,"Gestadeckplatz 6, 4410 Liestal",parking,n/a,47.4825811,7.7363314
4001669298,"Gestadeckplatz 6, 4410 Liestal",restaurant,Kaserne,47.4833874,7.7369897
4001669298,"Gestadeckplatz 6, 4410 Liestal",cafe,Mühleisen,47.4828963,7.7357838
4001669298,"Gestadeckplatz 6, 4410 Liestal",restaurant,Aleppo Take Away,47.4860231,7.7355076
4001669298,"Gestadeckplatz 6, 4410 Liestal",library,Hochschulbibliothek FHNW,47.4819533,7.7392435
4001669298,"Gestadeckplatz 6, 4410 Liestal",restaurant,Tapéo Ziegelhof,47.485487,7.7353843
4001669298,"Gestadeckplatz 6, 4410 Liestal",pharmacy,Amavita,47.4836208,7.7368361
4001669298,"Gestadeckplatz 6, 4410 Liestal",restaurant,Orisbach,47.4855691,7.7339378
4001669298,"Gestadeckplatz 6, 4410 Liestal",cafe,Rocket Ciclista E Barista,47.4866317,7.7338577
4001669298,"Gestadeckplatz 6, 4410 Liestal",atm,n/a,47.4836472,7.7367077
4001669298,"Gestadeckplatz 6, 4410 Liestal",cafe,Kaffi Bücheli,47.4834837,7.7365624
4001669298,"Gestadeckplatz 6, 4410 Liestal",restaurant,Krone,47.4825458,7.7367505
4001669298,"Gestadeckplatz 6, 4410 Liestal",restaurant,Kanonenkugel,47.4825097,7.7369095
4001669298,"Gestadeckplatz 6, 4410 Liestal",restaurant,Alte Braue,47.4824867,7.7371116
4001669298,"Gestadeckplatz 6, 4410 Liestal",restaurant,Paradies To Go,47.4862849,7.7357036
4001668614,"Pilgerstr. 71, 5405 Dättwil AG",fast_food,McDonald's,47.451336,8.290221
4001668614,"Pilgerstr. 71, 5405 Dättwil AG",pharmacy,Apotheke Husmatt,47.4548561,8.2816643
4001668614,"Pilgerstr. 71, 5405 Dättwil AG",fast_food,Imbiss Sargon,47.4510541,8.2903586
4001668614,"Pilgerstr. 71, 5405 Dättwil AG",restaurant,ristoro,47.4533125,8.2839395
4001668614,"Pilgerstr. 71, 5405 Dättwil AG",fast_food,Lenzo Palace,47.4506205,8.2905544
4002073453,"Wylerstrasse 115, 3014 Bern",restaurant,Ludmilla,46.9611333,7.4502091
4002073453,"Wylerstrasse 115, 3014 Bern",pub,Carpe Diem,46.9596743,7.4488732
4002073453,"Wylerstrasse 115, 3014 Bern",restaurant,Chez SBB,46.9614225,7.4464629
4002073453,"Wylerstrasse 115, 3014 Bern",cafe,Phil's Coffee to Go,46.9624923,7.4516195
4002073453,"Wylerstrasse 115, 3014 Bern",parking,n/a,46.9616658,7.4466625
4002071006,"Burgdorfstrasse 13, 3422 Alchenflüh",bank,BEKB,47.0832822,7.5817747
4002071006,"Burgdorfstrasse 13, 3422 Alchenflüh",restaurant,Bären,47.0821495,7.5813167
4002071006,"Burgdorfstrasse 13, 3422 Alchenflüh",restaurant,Eisenbahn,47.0832504,7.581395
4002071006,"Burgdorfstrasse 13, 3422 Alchenflüh",restaurant,Brücke,47.0842709,7.5831064
4002071006,"Burgdorfstrasse 13, 3422 Alchenflüh",bank,Raiffeisenbank,47.0835454,7.5818288
4002071006,"Burgdorfstrasse 13, 3422 Alchenflüh",atm,n/a,47.0835189,7.5817983
4002071006,"Burgdorfstrasse 13, 3422 Alchenflüh",restaurant,Oy Thai Take Away,47.0834447,7.5816716
4002071006,"Burgdorfstrasse 13, 3422 Alchenflüh",parking,n/a,47.0828579,7.5830488
4002071006,"Burgdorfstrasse 13, 3422 Alchenflüh",restaurant,zum Bahnhof,47.0827851,7.5815486
4002071006,"Burgdorfstrasse 13, 3422 Alchenflüh",parking,n/a,47.0829027,7.5812209
4002054432,"Bahnstrasse 6, 9445 Rebstein",bank,Raiffeisen,47.3979635,9.5835201
4002054432,"Bahnstrasse 6, 9445 Rebstein",restaurant,Mona Lisa Pizzeria,47.3972233,9.5837141
4002054432,"Bahnstrasse 6, 9445 Rebstein",fast_food,Subito Street Food,47.3989271,9.5853997
4002054432,"Bahnstrasse 6, 9445 Rebstein",restaurant,Riethof,47.388811,9.5962155
4002054432,"Bahnstrasse 6, 9445 Rebstein",fast_food,Rebstä Food Egge,47.3985954,9.5846547
4002054432,"Bahnstrasse 6, 9445 Rebstein",atm,n/a,47.3980165,9.5835436
4002054432,"Bahnstrasse 6, 9445 Rebstein",atm,n/a,47.396952,9.5808705
4002051393,"Via del Tiglio 5, 6592 S. Antonino",bank,Raiffeisen,46.1556496,8.9767474
4002051393,"Via del Tiglio 5, 6592 S. Antonino",restaurant,La Bolla,46.1583417,8.983931
4002051393,"Via del Tiglio 5, 6592 S. Antonino",restaurant,Ulivo,46.1595169,8.9834499
4002047930,"Redingstrasse 24, 4052 Basel",pharmacy,TopPharm Lehenmatt Apotheke,47.5476516,7.6213023
4002047930,"Redingstrasse 24, 4052 Basel",parking,n/a,47.5496945,7.6168325
4002047930,"Redingstrasse 24, 4052 Basel",restaurant,Dalbedych,47.5480644,7.6208607
4002047930,"Redingstrasse 24, 4052 Basel",cafe,Sutter Begg,47.547233,7.6208693
4002047930,"Redingstrasse 24, 4052 Basel",parking,n/a,47.5485716,7.6176453
4002047930,"Redingstrasse 24, 4052 Basel",parking,n/a,47.5486018,7.617314
4002039930,"Rue de Romont 1, 1700 Fribourg",restaurant,Restaurant Pizzeria La Nonna,46.8046986,7.1532854
4002039930,"Rue de Romont 1, 1700 Fribourg",parking,n/a,46.805216,7.1544899
4002039930,"Rue de Romont 1, 1700 Fribourg",parking,n/a,46.8041361,7.1551495
4002039930,"Rue de Romont 1, 1700 Fribourg",bank,Credit Suisse,46.8037705,7.1528432
4002039930,"Rue de Romont 1, 1700 Fribourg",bank,Postfinance,46.8037823,7.1546116
4002039930,"Rue de Romont 1, 1700 Fribourg",bank,Banque Cantonale de Fribourg,46.8042601,7.1542433
4002039930,"Rue de Romont 1, 1700 Fribourg",cafe,Le Chantilly,46.8048989,7.154845
4002039930,"Rue de Romont 1, 1700 Fribourg",bar,TM,46.8045969,7.1543375
4002039930,"Rue de Romont 1, 1700 Fribourg",restaurant,Le Midi,46.8046791,7.1545091
4002039930,"Rue de Romont 1, 1700 Fribourg",bar,Cuba bar,46.8051079,7.1552916
4002039930,"Rue de Romont 1, 1700 Fribourg",cafe,Starbucks,46.8049899,7.1551521
4002039930,"Rue de Romont 1, 1700 Fribourg",fast_food,McDonald's,46.8048327,7.1548029
4002039930,"Rue de Romont 1, 1700 Fribourg",bank,Postfinance,46.8039944,7.1551661
4002039930,"Rue de Romont 1, 1700 Fribourg",bank,Banque Cler,46.8042899,7.1537867
4002039930,"Rue de Romont 1, 1700 Fribourg",bar,Le Café XX,46.804327,7.152201
4002039930,"Rue de Romont 1, 1700 Fribourg",atm,Raiffeisen,46.803271,7.150951
4002039930,"Rue de Romont 1, 1700 Fribourg",pharmacy,Benu,46.8048249,7.1552435
4002039930,"Rue de Romont 1, 1700 Fribourg",bank,Valiant,46.8047597,7.1551182
4002039930,"Rue de Romont 1, 1700 Fribourg",bank,UBS,46.8036479,7.1541931
4002039930,"Rue de Romont 1, 1700 Fribourg",fast_food,n/a,46.8048833,7.1539648
4002039930,"Rue de Romont 1, 1700 Fribourg",restaurant,Le Galopin,46.8049503,7.1538871
4002039930,"Rue de Romont 1, 1700 Fribourg",parking,Parking de la Gare,46.8041248,7.1512473
4002039930,"Rue de Romont 1, 1700 Fribourg",restaurant,Alconi Restaurant - Cantine,46.8040456,7.1510044
4002039930,"Rue de Romont 1, 1700 Fribourg",parking,n/a,46.8051025,7.1527338
4002039930,"Rue de Romont 1, 1700 Fribourg",bank,Cashflex Multicrédit,46.8039357,7.1548178
4002039930,"Rue de Romont 1, 1700 Fribourg",atm,Postfinance,46.8030884,7.1510433
4002039930,"Rue de Romont 1, 1700 Fribourg",cafe,Coffee & Friends,46.8031788,7.1509556
4002039930,"Rue de Romont 1, 1700 Fribourg",fast_food,Burger King,46.8031748,7.15121
4002039930,"Rue de Romont 1, 1700 Fribourg",atm,UBS,46.803887,7.1545011
4002039930,"Rue de Romont 1, 1700 Fribourg",restaurant,VaSano,46.8036006,7.1547699
4002039930,"Rue de Romont 1, 1700 Fribourg",restaurant,Sakura,46.8050312,7.1545662
4002039930,"Rue de Romont 1, 1700 Fribourg",atm,Postfinance,46.8047043,7.1530228
4002039930,"Rue de Romont 1, 1700 Fribourg",restaurant,Restaurant FIVE,46.8049611,7.1550967
4002039930,"Rue de Romont 1, 1700 Fribourg",cafe,Brut Café,46.8034883,7.153474
4002039930,"Rue de Romont 1, 1700 Fribourg",atm,Int Bank,46.8031102,7.1510522
4002039930,"Rue de Romont 1, 1700 Fribourg",fast_food,Fryburger,46.8047261,7.1532114
4002039930,"Rue de Romont 1, 1700 Fribourg",bar,Piccadilly,46.8046153,7.1533312
4002039930,"Rue de Romont 1, 1700 Fribourg",restaurant,La Cène,46.804933,7.1536627
4002039930,"Rue de Romont 1, 1700 Fribourg",restaurant,L’unique tartare,46.803188,7.1511821
4002039930,"Rue de Romont 1, 1700 Fribourg",restaurant,Ristorante Gemelli,46.8031068,7.1539257
4002039930,"Rue de Romont 1, 1700 Fribourg",bar,Habana Bar,46.8050909,7.1553346
4002039930,"Rue de Romont 1, 1700 Fribourg",restaurant,BekaaHouse,46.8043311,7.155017
4002039930,"Rue de Romont 1, 1700 Fribourg",restaurant,Holy Cow!,46.8044177,7.1556686
4002039930,"Rue de Romont 1, 1700 Fribourg",restaurant,Sushi Kai,46.8035054,7.1512967
4002039930,"Rue de Romont 1, 1700 Fribourg",fast_food,L'artisan,46.8035687,7.1513452
4002039930,"Rue de Romont 1, 1700 Fribourg",pharmacy,Sun Store,46.8041962,7.1541451
4002039930,"Rue de Romont 1, 1700 Fribourg",cafe,Mahalo coffee shop,46.804803,7.1533131
4002039927,"Grabenwies 32, 8057 Zürich",restaurant,Fallender Brunnenhof,47.402817,8.5355605
4002039927,"Grabenwies 32, 8057 Zürich",restaurant,Kiosk / Restaurant,47.4048648,8.5379355
4002039927,"Grabenwies 32, 8057 Zürich",restaurant,Barcelona Restaurant,47.4020484,8.5353195
4002039927,"Grabenwies 32, 8057 Zürich",restaurant,Gasthaus Hofwiesen,47.4063257,8.5376266
4002039927,"Grabenwies 32, 8057 Zürich",pharmacy,Wehntal-Apotheke,47.402496,8.5358866
4002039927,"Grabenwies 32, 8057 Zürich",restaurant,Jeunesse,47.4041372,8.5342275
4002039925,"Rue Jacques-Vogt 2, 1700 Fribourg",university,Université de Fribourg / Universität Freiburg Regina Mundi,46.7961823,7.1560079
4002039925,"Rue Jacques-Vogt 2, 1700 Fribourg",parking,n/a,46.7956834,7.1564569
4002039925,"Rue Jacques-Vogt 2, 1700 Fribourg",restaurant,De Pérolles,46.8002706,7.1525963
4002039925,"Rue Jacques-Vogt 2, 1700 Fribourg",restaurant,Brasserie 39,46.7974328,7.1538929
4002039925,"Rue Jacques-Vogt 2, 1700 Fribourg",fast_food,Snack Ch@t,46.7964709,7.1549948
4002039925,"Rue Jacques-Vogt 2, 1700 Fribourg",restaurant,Brasserie du commerce,46.7956772,7.1558636
4002039925,"Rue Jacques-Vogt 2, 1700 Fribourg",atm,n/a,46.7999452,7.1514494
4002039925,"Rue Jacques-Vogt 2, 1700 Fribourg",atm,n/a,46.7998443,7.1523713
4002039925,"Rue Jacques-Vogt 2, 1700 Fribourg",school,Ecole club Migros,46.800405,7.1535041
4002039925,"Rue Jacques-Vogt 2, 1700 Fribourg",atm,n/a,46.8018427,7.1514562
4002039925,"Rue Jacques-Vogt 2, 1700 Fribourg",restaurant,Le Pérolles,46.8020268,7.1512463
4002039925,"Rue Jacques-Vogt 2, 1700 Fribourg",restaurant,Mirabeau,46.7954396,7.1561122
4002039925,"Rue Jacques-Vogt 2, 1700 Fribourg",cafe,Cyclo,46.7947459,7.156852
4002039925,"Rue Jacques-Vogt 2, 1700 Fribourg",parking,n/a,46.7966487,7.1557824
4002039925,"Rue Jacques-Vogt 2, 1700 Fribourg",parking,n/a,46.7962423,7.1525599
4002039925,"Rue Jacques-Vogt 2, 1700 Fribourg",bank,Crédit Agricole,46.8010994,7.151726
4002039925,"Rue Jacques-Vogt 2, 1700 Fribourg",parking,n/a,46.7957054,7.1517812
4002039925,"Rue Jacques-Vogt 2, 1700 Fribourg",parking,n/a,46.7977183,7.1508166
4002039925,"Rue Jacques-Vogt 2, 1700 Fribourg",cafe,Le Provencal,46.7998359,7.1522121
4002039925,"Rue Jacques-Vogt 2, 1700 Fribourg",pharmacy,pharmacieplus,46.798714,7.1532741
4002039925,"Rue Jacques-Vogt 2, 1700 Fribourg",fast_food,Café Istanbul,46.8014361,7.1507751
4002039925,"Rue Jacques-Vogt 2, 1700 Fribourg",parking,Les Galeries du Rex,46.8009111,7.1512846
4002039925,"Rue Jacques-Vogt 2, 1700 Fribourg",pharmacy,Pharmacie Dr.Hagendorf,46.8019679,7.1517882
4002039925,"Rue Jacques-Vogt 2, 1700 Fribourg",cafe,Café de la Presse,46.7971908,7.154096
4002039925,"Rue Jacques-Vogt 2, 1700 Fribourg",pharmacy,Benu,46.7997007,7.1524027
4002039925,"Rue Jacques-Vogt 2, 1700 Fribourg",bar,Korso - Kino Bar Bier,46.8004131,7.1520836
4002039925,"Rue Jacques-Vogt 2, 1700 Fribourg",restaurant,San Marco,46.8010124,7.1522881
4002039925,"Rue Jacques-Vogt 2, 1700 Fribourg",parking,n/a,46.7987801,7.1514062
4002039925,"Rue Jacques-Vogt 2, 1700 Fribourg",fast_food,Pizzaphone,46.7990691,7.1502721
4002039925,"Rue Jacques-Vogt 2, 1700 Fribourg",parking,n/a,46.7987898,7.1500011
4002039925,"Rue Jacques-Vogt 2, 1700 Fribourg",parking,n/a,46.7983934,7.1512513
4002039925,"Rue Jacques-Vogt 2, 1700 Fribourg",parking,n/a,46.7963916,7.1541197
4002039925,"Rue Jacques-Vogt 2, 1700 Fribourg",restaurant,L'Isola,46.7961177,7.1538965
4002039925,"Rue Jacques-Vogt 2, 1700 Fribourg",fast_food,Mike Wong,46.8011706,7.1516797
4002039925,"Rue Jacques-Vogt 2, 1700 Fribourg",restaurant,Migros Restaurant,46.7997188,7.1519305
4002039925,"Rue Jacques-Vogt 2, 1700 Fribourg",fast_food,Can Dersim,46.7953948,7.1561655
4002039925,"Rue Jacques-Vogt 2, 1700 Fribourg",fast_food,83,46.7949672,7.1566283
4002039925,"Rue Jacques-Vogt 2, 1700 Fribourg",fast_food,Le-Lotus,46.7950108,7.1565841
4002039925,"Rue Jacques-Vogt 2, 1700 Fribourg",fast_food,Pastamia,46.7950676,7.1565153
4002039925,"Rue Jacques-Vogt 2, 1700 Fribourg",fast_food,Club MG,46.7951788,7.1563872
4002039925,"Rue Jacques-Vogt 2, 1700 Fribourg",fast_food,Sixty Five,46.7960329,7.1554906
4002039925,"Rue Jacques-Vogt 2, 1700 Fribourg",restaurant,Au phenix d'Or,46.7963793,7.1550898
4002039925,"Rue Jacques-Vogt 2, 1700 Fribourg",parking,n/a,46.8015877,7.1510559
4002039925,"Rue Jacques-Vogt 2, 1700 Fribourg",restaurant,Etoile d'Or,46.7962662,7.1552167
4002039925,"Rue Jacques-Vogt 2, 1700 Fribourg",fast_food,Happy Food,46.7963407,7.1551389
4002039925,"Rue Jacques-Vogt 2, 1700 Fribourg",fast_food,Mena Me,46.7967784,7.1546254
4002039925,"Rue Jacques-Vogt 2, 1700 Fribourg",parking,n/a,46.7953096,7.1556397
4002039925,"Rue Jacques-Vogt 2, 1700 Fribourg",restaurant,PHO Vietnam,46.7955037,7.1560201
4002039925,"Rue Jacques-Vogt 2, 1700 Fribourg",fast_food,Délices d‘Asie,46.7952211,7.1563291
4002039925,"Rue Jacques-Vogt 2, 1700 Fribourg",parking,n/a,46.7992432,7.1541091
4002039925,"Rue Jacques-Vogt 2, 1700 Fribourg",restaurant,Le Chemin de Fer,46.7987455,7.1497777
4002039925,"Rue Jacques-Vogt 2, 1700 Fribourg",parking,n/a,46.7986085,7.148102
4002039925,"Rue Jacques-Vogt 2, 1700 Fribourg",library,Bibliothèque de la Haute école de santé Fribourg,46.7971628,7.1503336
4002039925,"Rue Jacques-Vogt 2, 1700 Fribourg",fast_food,Walima,46.8011076,7.1521812
4002039925,"Rue Jacques-Vogt 2, 1700 Fribourg",fast_food,Comptoir libanais,46.7968093,7.1545885
4002039925,"Rue Jacques-Vogt 2, 1700 Fribourg",restaurant,Les Menteurs,46.798124,7.1479678
4002039925,"Rue Jacques-Vogt 2, 1700 Fribourg",fast_food,Star Pizza Kebab,46.8006982,7.1519523
4002039925,"Rue Jacques-Vogt 2, 1700 Fribourg",pub,Les Gosses du Québec,46.802119,7.1517355
4002039925,"Rue Jacques-Vogt 2, 1700 Fribourg",university,Hes-so - HEdS-FR - HETS-FR - EF TS - FHF-SA und HfG-FR,46.7966987,7.1506995
4002039925,"Rue Jacques-Vogt 2, 1700 Fribourg",restaurant,Chengdu (成 都),46.7991272,7.1530682
4002039925,"Rue Jacques-Vogt 2, 1700 Fribourg",restaurant,"Café Chemin de Fer - Restaurant, Pizzeria",46.7988549,7.1497943
4002039925,"Rue Jacques-Vogt 2, 1700 Fribourg",restaurant,Pizzeria des Arsenaux,46.7980063,7.1493765
4002039925,"Rue Jacques-Vogt 2, 1700 Fribourg",parking,n/a,46.800824,7.1508499
4002039925,"Rue Jacques-Vogt 2, 1700 Fribourg",restaurant,Au pied de cochon,46.7990835,7.1530894
4002039925,"Rue Jacques-Vogt 2, 1700 Fribourg",bar,Le Cintra,46.8015634,7.1519484
4002039925,"Rue Jacques-Vogt 2, 1700 Fribourg",bar,Le Kaiser,46.7951697,7.1535286
4002039925,"Rue Jacques-Vogt 2, 1700 Fribourg",parking,Pérolles Centre,46.7997647,7.1509149
4002017373,"Chemin de la Colline 2, 1023 Crissier",library,Bibliothèque communale de Crissier,46.5450702,6.5743613
4001995971,"Via Franco Zorzi 25A, 6500 Bellinzona",restaurant,Pizzeria Lo Scugnizzo,46.1930932,9.0112097
4001995971,"Via Franco Zorzi 25A, 6500 Bellinzona",pub,Bar Paninoteca Peter Pan,46.1932978,9.0175962
4001995971,"Via Franco Zorzi 25A, 6500 Bellinzona",pharmacy,pharmacieplus,46.1872087,9.0148651
4001995971,"Via Franco Zorzi 25A, 6500 Bellinzona",restaurant,Osteria Eden,46.1915696,9.015188
4001995971,"Via Franco Zorzi 25A, 6500 Bellinzona",bank,Banca Raiffeisen Bellinzonese e Visagno,46.1902994,9.0201019
4001995971,"Via Franco Zorzi 25A, 6500 Bellinzona",pharmacy,Farmacia Teatro,46.1912595,9.0213983
4001995971,"Via Franco Zorzi 25A, 6500 Bellinzona",cafe,Tea Room Gazzaniga,46.1902286,9.022361
4001995971,"Via Franco Zorzi 25A, 6500 Bellinzona",library,Biblioteca cantonale di Bellinzona,46.193247,9.0120996
4001995971,"Via Franco Zorzi 25A, 6500 Bellinzona",restaurant,Grottino Ticinese,46.1958975,9.0189873
4001995971,"Via Franco Zorzi 25A, 6500 Bellinzona",restaurant,Locanda Orico,46.1921383,9.0190511
4001995971,"Via Franco Zorzi 25A, 6500 Bellinzona",restaurant,Osteria Locanda Ticinese,46.1917237,9.020323
4001995971,"Via Franco Zorzi 25A, 6500 Bellinzona",restaurant,Osteria Mistral,46.1917441,9.0195068
4001995971,"Via Franco Zorzi 25A, 6500 Bellinzona",restaurant,Ristorante Giardino,46.1916448,9.0205336
4001995971,"Via Franco Zorzi 25A, 6500 Bellinzona",restaurant,Ristorante Chiarafonte,46.1878415,9.0142228
4001995971,"Via Franco Zorzi 25A, 6500 Bellinzona",restaurant,Ristorante Achilea,46.1874976,9.0165724
4001995971,"Via Franco Zorzi 25A, 6500 Bellinzona",cafe,Caffè degli Artisti,46.1909255,9.0214432
4001995971,"Via Franco Zorzi 25A, 6500 Bellinzona",cafe,Glitter Caffè,46.189843,9.0222774
4001995971,"Via Franco Zorzi 25A, 6500 Bellinzona",cafe,Caffè Teatro snack-bar,46.1907046,9.0206734
4001995971,"Via Franco Zorzi 25A, 6500 Bellinzona",restaurant,Il Piazza Ristorante,46.1913987,9.0209778
4001995971,"Via Franco Zorzi 25A, 6500 Bellinzona",fast_food,Smiles,46.1892537,9.0140236
4001995971,"Via Franco Zorzi 25A, 6500 Bellinzona",fast_food,Moogi Kebab,46.1939906,9.0162617
4001995971,"Via Franco Zorzi 25A, 6500 Bellinzona",restaurant,Osteria Zanzibar,46.1883166,9.0210074
4001995971,"Via Franco Zorzi 25A, 6500 Bellinzona",library,Biblioteca della Scuola Media di Bellinzona 1,46.1965646,9.0193624
4001995971,"Via Franco Zorzi 25A, 6500 Bellinzona",library,Centro di dialettologia e di etnografia,46.1931519,9.0127386
4001995971,"Via Franco Zorzi 25A, 6500 Bellinzona",library,Biblioteca pubblica di diritto,46.1912061,9.0203588
4001995971,"Via Franco Zorzi 25A, 6500 Bellinzona",library,Centro di documentazione del Servizio di promozione e di valutazione sanitaria,46.1918795,9.0199356
4001995971,"Via Franco Zorzi 25A, 6500 Bellinzona",bar,Bar Castello,46.1935014,9.0198253
4001995971,"Via Franco Zorzi 25A, 6500 Bellinzona",restaurant,Ristorante Pizzeria Varano,46.1869244,9.0146246
4001995971,"Via Franco Zorzi 25A, 6500 Bellinzona",bar,Bar Ambra,46.1878924,9.0153099
4001995971,"Via Franco Zorzi 25A, 6500 Bellinzona",bar,Bar Tri Bofitt,46.1860572,9.0134874
4001995971,"Via Franco Zorzi 25A, 6500 Bellinzona",bar,Bar Commercianti,46.1911004,9.0219736
4001995971,"Via Franco Zorzi 25A, 6500 Bellinzona",bar,L'Incontro,46.1915218,9.0207344
4001995971,"Via Franco Zorzi 25A, 6500 Bellinzona",cafe,L’arte del caffè,46.1924239,9.0184252
4001995971,"Via Franco Zorzi 25A, 6500 Bellinzona",restaurant,Ristorante Torretta,46.1922103,9.0141418
4001995971,"Via Franco Zorzi 25A, 6500 Bellinzona",bar,Birreria Haas,46.1929735,9.0181613
4001989296,"Paul-Kleestrasse 107, 3053 Münchenbuchsee",restaurant,Ein Topf und mehr,47.019791,7.4369997
4001989296,"Paul-Kleestrasse 107, 3053 Münchenbuchsee",parking,n/a,47.020268,7.4410691
4001979003,"Via Franco Zorzi 25A, 6500 Bellinzona",restaurant,Pizzeria Lo Scugnizzo,46.1930932,9.0112097
4001979003,"Via Franco Zorzi 25A, 6500 Bellinzona",pub,Bar Paninoteca Peter Pan,46.1932978,9.0175962
4001979003,"Via Franco Zorzi 25A, 6500 Bellinzona",pharmacy,pharmacieplus,46.1872087,9.0148651
4001979003,"Via Franco Zorzi 25A, 6500 Bellinzona",restaurant,Osteria Eden,46.1915696,9.015188
4001979003,"Via Franco Zorzi 25A, 6500 Bellinzona",bank,Banca Raiffeisen Bellinzonese e Visagno,46.1902994,9.0201019
4001979003,"Via Franco Zorzi 25A, 6500 Bellinzona",pharmacy,Farmacia Teatro,46.1912595,9.0213983
4001979003,"Via Franco Zorzi 25A, 6500 Bellinzona",cafe,Tea Room Gazzaniga,46.1902286,9.022361
4001979003,"Via Franco Zorzi 25A, 6500 Bellinzona",library,Biblioteca cantonale di Bellinzona,46.193247,9.0120996
4001979003,"Via Franco Zorzi 25A, 6500 Bellinzona",restaurant,Grottino Ticinese,46.1958975,9.0189873
4001979003,"Via Franco Zorzi 25A, 6500 Bellinzona",restaurant,Locanda Orico,46.1921383,9.0190511
4001979003,"Via Franco Zorzi 25A, 6500 Bellinzona",restaurant,Osteria Locanda Ticinese,46.1917237,9.020323
4001979003,"Via Franco Zorzi 25A, 6500 Bellinzona",restaurant,Osteria Mistral,46.1917441,9.0195068
4001979003,"Via Franco Zorzi 25A, 6500 Bellinzona",restaurant,Ristorante Giardino,46.1916448,9.0205336
4001979003,"Via Franco Zorzi 25A, 6500 Bellinzona",restaurant,Ristorante Chiarafonte,46.1878415,9.0142228
4001979003,"Via Franco Zorzi 25A, 6500 Bellinzona",restaurant,Ristorante Achilea,46.1874976,9.0165724
4001979003,"Via Franco Zorzi 25A, 6500 Bellinzona",cafe,Caffè degli Artisti,46.1909255,9.0214432
4001979003,"Via Franco Zorzi 25A, 6500 Bellinzona",cafe,Glitter Caffè,46.189843,9.0222774
4001979003,"Via Franco Zorzi 25A, 6500 Bellinzona",cafe,Caffè Teatro snack-bar,46.1907046,9.0206734
4001979003,"Via Franco Zorzi 25A, 6500 Bellinzona",restaurant,Il Piazza Ristorante,46.1913987,9.0209778
4001979003,"Via Franco Zorzi 25A, 6500 Bellinzona",fast_food,Smiles,46.1892537,9.0140236
4001979003,"Via Franco Zorzi 25A, 6500 Bellinzona",fast_food,Moogi Kebab,46.1939906,9.0162617
4001979003,"Via Franco Zorzi 25A, 6500 Bellinzona",restaurant,Osteria Zanzibar,46.1883166,9.0210074
4001979003,"Via Franco Zorzi 25A, 6500 Bellinzona",library,Biblioteca della Scuola Media di Bellinzona 1,46.1965646,9.0193624
4001979003,"Via Franco Zorzi 25A, 6500 Bellinzona",library,Centro di dialettologia e di etnografia,46.1931519,9.0127386
4001979003,"Via Franco Zorzi 25A, 6500 Bellinzona",library,Biblioteca pubblica di diritto,46.1912061,9.0203588
4001979003,"Via Franco Zorzi 25A, 6500 Bellinzona",library,Centro di documentazione del Servizio di promozione e di valutazione sanitaria,46.1918795,9.0199356
4001979003,"Via Franco Zorzi 25A, 6500 Bellinzona",bar,Bar Castello,46.1935014,9.0198253
4001979003,"Via Franco Zorzi 25A, 6500 Bellinzona",restaurant,Ristorante Pizzeria Varano,46.1869244,9.0146246
4001979003,"Via Franco Zorzi 25A, 6500 Bellinzona",bar,Bar Ambra,46.1878924,9.0153099
4001979003,"Via Franco Zorzi 25A, 6500 Bellinzona",bar,Bar Tri Bofitt,46.1860572,9.0134874
4001979003,"Via Franco Zorzi 25A, 6500 Bellinzona",bar,Bar Commercianti,46.1911004,9.0219736
4001979003,"Via Franco Zorzi 25A, 6500 Bellinzona",bar,L'Incontro,46.1915218,9.0207344
4001979003,"Via Franco Zorzi 25A, 6500 Bellinzona",cafe,L’arte del caffè,46.1924239,9.0184252
4001979003,"Via Franco Zorzi 25A, 6500 Bellinzona",restaurant,Ristorante Torretta,46.1922103,9.0141418
4001979003,"Via Franco Zorzi 25A, 6500 Bellinzona",bar,Birreria Haas,46.1929735,9.0181613
4001867848,"Chemin des Grands-Pins 2, 2000 Neuchâtel",restaurant,Eateco Natural Food,46.9976198,6.9360365
4001867848,"Chemin des Grands-Pins 2, 2000 Neuchâtel",restaurant,Les Belgeries,46.9968891,6.9340322
4001860704,"Via Cantonale 12 A, 6942 Savosa",bank,n/a,46.0188441,8.9422989
4001860704,"Via Cantonale 12 A, 6942 Savosa",pharmacy,Farmacia di Crocifisso,46.017183,8.9409669
4001860704,"Via Cantonale 12 A, 6942 Savosa",fast_food,kebab,46.0175263,8.9407369
4001860704,"Via Cantonale 12 A, 6942 Savosa",parking,n/a,46.0180542,8.942102
4001860704,"Via Cantonale 12 A, 6942 Savosa",restaurant,Ristorante Pizzeria Ticinella,46.0185987,8.9416324
4001860704,"Via Cantonale 12 A, 6942 Savosa",bar,Bar Siesta,46.0183282,8.9407553
4001860704,"Via Cantonale 12 A, 6942 Savosa",atm,UBS,46.017078,8.9409894
4001860704,"Via Cantonale 12 A, 6942 Savosa",atm,Raiffeisen,46.0172958,8.9405039
4001860704,"Via Cantonale 12 A, 6942 Savosa",library,"Biblioteca Comunale di Savosa ""Millelibri""",46.0197229,8.9422469
4001860704,"Via Cantonale 12 A, 6942 Savosa",atm,n/a,46.0173681,8.9405343
4001847621,"Rue Adrien-Pichard 2, 1003 Lausanne",bank,UBS,46.5194671,6.632358
4001847621,"Rue Adrien-Pichard 2, 1003 Lausanne",fast_food,Au Monopole,46.5235075,6.626732
4001847621,"Rue Adrien-Pichard 2, 1003 Lausanne",cafe,Starbucks,46.5199123,6.6326487
4001847621,"Rue Adrien-Pichard 2, 1003 Lausanne",pub,Café Romand,46.5198881,6.6324949
4001847621,"Rue Adrien-Pichard 2, 1003 Lausanne",bank,UBS,46.5199023,6.6320854
4001847621,"Rue Adrien-Pichard 2, 1003 Lausanne",bar,Movida,46.5231277,6.625985
4001847621,"Rue Adrien-Pichard 2, 1003 Lausanne",cafe,Starbucks,46.5225223,6.6302652
4001847621,"Rue Adrien-Pichard 2, 1003 Lausanne",pharmacy,Pharmacie Amavita Saint-Laurent,46.5224093,6.6303349
4001847621,"Rue Adrien-Pichard 2, 1003 Lausanne",bar,Mombassa Island,46.5234405,6.6278242
4001847621,"Rue Adrien-Pichard 2, 1003 Lausanne",restaurant,L'Orchidée,46.5232854,6.628513
4001847621,"Rue Adrien-Pichard 2, 1003 Lausanne",restaurant,Lotus Bleu Club,46.523276,6.6285481
4001847621,"Rue Adrien-Pichard 2, 1003 Lausanne",atm,Banque Cantonale Vaudoise,46.5191626,6.6340022
4001847621,"Rue Adrien-Pichard 2, 1003 Lausanne",fast_food,Holy Cow,46.5226883,6.6282137
4001847621,"Rue Adrien-Pichard 2, 1003 Lausanne",restaurant,La Coccinelle,46.5216295,6.6307171
4001847621,"Rue Adrien-Pichard 2, 1003 Lausanne",fast_food,Burger King,46.5216317,6.6303121
4001847621,"Rue Adrien-Pichard 2, 1003 Lausanne",restaurant,Aux Trois Tonneaux,46.5215882,6.6311846
4001847621,"Rue Adrien-Pichard 2, 1003 Lausanne",restaurant,Eat Me,46.520243,6.632309
4001847621,"Rue Adrien-Pichard 2, 1003 Lausanne",fast_food,McDonald's,46.523125,6.6271238
4001847621,"Rue Adrien-Pichard 2, 1003 Lausanne",restaurant,La Croquignole,46.5232886,6.6291632
4001847621,"Rue Adrien-Pichard 2, 1003 Lausanne",bank,Cler,46.5226406,6.6301381
4001847621,"Rue Adrien-Pichard 2, 1003 Lausanne",pharmacy,Sunstore,46.5218545,6.6300254
4001847621,"Rue Adrien-Pichard 2, 1003 Lausanne",restaurant,Nihao,46.5228252,6.6294072
4001847621,"Rue Adrien-Pichard 2, 1003 Lausanne",fast_food,Le Charlot,46.5220563,6.630536
4001847621,"Rue Adrien-Pichard 2, 1003 Lausanne",cafe,Downtown Lausanne,46.5215056,6.6300601
4001847621,"Rue Adrien-Pichard 2, 1003 Lausanne",bar,abc,46.5209699,6.6311501
4001847621,"Rue Adrien-Pichard 2, 1003 Lausanne",fast_food,Le Levant to go,46.5208863,6.6310887
4001847621,"Rue Adrien-Pichard 2, 1003 Lausanne",restaurant,Les Saveurs du Monde,46.5219989,6.6299497
4001847621,"Rue Adrien-Pichard 2, 1003 Lausanne",fast_food,Le 7ème Délice,46.5219354,6.6299603
4001847621,"Rue Adrien-Pichard 2, 1003 Lausanne",library,Bibliothèque municipale de Chauderon,46.5232425,6.6251964
4001847621,"Rue Adrien-Pichard 2, 1003 Lausanne",fast_food,Easyfood,46.5219433,6.6299498
4001847621,"Rue Adrien-Pichard 2, 1003 Lausanne",restaurant,Mizūmiy - Japan super food,46.5214227,6.6306248
4001847621,"Rue Adrien-Pichard 2, 1003 Lausanne",pub,Lausanne Cocktail Club,46.5200811,6.6323819
4001847621,"Rue Adrien-Pichard 2, 1003 Lausanne",restaurant,Le Levant,46.5234443,6.6287181
4001847621,"Rue Adrien-Pichard 2, 1003 Lausanne",cafe,Café Barath,46.5220506,6.630516
4001847621,"Rue Adrien-Pichard 2, 1003 Lausanne",pharmacy,Amavita,46.5218395,6.630654
4001847621,"Rue Adrien-Pichard 2, 1003 Lausanne",fast_food,Krispy Kreme,46.5217838,6.6307023
4001847621,"Rue Adrien-Pichard 2, 1003 Lausanne",fast_food,Luncheonette,46.5213378,6.6314968
4001847621,"Rue Adrien-Pichard 2, 1003 Lausanne",cafe,GreenGorilla,46.5217086,6.6302409
4001847621,"Rue Adrien-Pichard 2, 1003 Lausanne",restaurant,La Siesta,46.5216734,6.6310251
4001847621,"Rue Adrien-Pichard 2, 1003 Lausanne",cafe,Bel-Air Coffee,46.5228103,6.6285098
4001847621,"Rue Adrien-Pichard 2, 1003 Lausanne",fast_food,Fresco,46.521137,6.631085
4001847621,"Rue Adrien-Pichard 2, 1003 Lausanne",fast_food,My sandwiches,46.5211167,6.6311226
4001847621,"Rue Adrien-Pichard 2, 1003 Lausanne",fast_food,Giga Tacos,46.5226765,6.6293002
4001847621,"Rue Adrien-Pichard 2, 1003 Lausanne",restaurant,Tropicana,46.5199293,6.6325707
4001847621,"Rue Adrien-Pichard 2, 1003 Lausanne",restaurant,Sushi Express,46.5225878,6.6285252
4001847621,"Rue Adrien-Pichard 2, 1003 Lausanne",fast_food,The Pancakes Mafia,46.5226132,6.62847
4001847621,"Rue Adrien-Pichard 2, 1003 Lausanne",restaurant,La Caleta,46.5232707,6.6286622
4001847621,"Rue Adrien-Pichard 2, 1003 Lausanne",restaurant,Açai concept,46.5232658,6.6295335
4001809020,"Feldeggstrasse 73, 3322 Urtenen-Schönbühl",parking,n/a,47.0180666,7.5039719
4001809020,"Feldeggstrasse 73, 3322 Urtenen-Schönbühl",restaurant,Bären,47.0223988,7.5239965
4001809020,"Feldeggstrasse 73, 3322 Urtenen-Schönbühl",parking,n/a,47.0184483,7.5072681
4001765042,"Heidenerstrasse 6, 9400 Rorschach",parking,Stadthof,47.4768586,9.4950803
4001765042,"Heidenerstrasse 6, 9400 Rorschach",restaurant,Hirschen,47.4733004,9.4917695
4001765042,"Heidenerstrasse 6, 9400 Rorschach",restaurant,Capri,47.4760661,9.4923139
4001765042,"Heidenerstrasse 6, 9400 Rorschach",restaurant,Schweizerhof,47.4769647,9.4986505
4001765042,"Heidenerstrasse 6, 9400 Rorschach",restaurant,Taormina,47.4776094,9.4975263
4001765042,"Heidenerstrasse 6, 9400 Rorschach",restaurant,El Cid,47.4768495,9.4979186
4001765042,"Heidenerstrasse 6, 9400 Rorschach",restaurant,Siri`s Restaurant im Angehrn,47.4765488,9.4957297
4001765042,"Heidenerstrasse 6, 9400 Rorschach",restaurant,Wilhelm Tell,47.4762371,9.4982578
4001765042,"Heidenerstrasse 6, 9400 Rorschach",restaurant,Fuchsschwanz,47.4742238,9.4920697
4001765042,"Heidenerstrasse 6, 9400 Rorschach",restaurant,Pfeffermühle,47.4774314,9.4983475
4001765042,"Heidenerstrasse 6, 9400 Rorschach",library,medienverbund.phsg,47.4741964,9.5017154
4001765042,"Heidenerstrasse 6, 9400 Rorschach",restaurant,Bocciaclub Feldmühle-Primavera,47.4729563,9.4864038
4001765042,"Heidenerstrasse 6, 9400 Rorschach",bar,Sport Treff,47.4758305,9.4915751
4001765042,"Heidenerstrasse 6, 9400 Rorschach",fast_food,Big Chefs,47.476293,9.4913316
4001765042,"Heidenerstrasse 6, 9400 Rorschach",parking,n/a,47.473526,9.4892566
4001765042,"Heidenerstrasse 6, 9400 Rorschach",parking,n/a,47.4763781,9.4968975
4001765042,"Heidenerstrasse 6, 9400 Rorschach",parking,n/a,47.4767635,9.5008509
4001765042,"Heidenerstrasse 6, 9400 Rorschach",parking,n/a,47.4736726,9.4873985
4002081184,"Truttikerstrasse 19, 8475 Ossingen",restaurant,Thalacker,47.6143412,8.7257403
4002081184,"Truttikerstrasse 19, 8475 Ossingen",atm,n/a,47.612635,8.7261502
4002081184,"Truttikerstrasse 19, 8475 Ossingen",cafe,Kafi Liesowski,47.6145774,8.7241338
4002081184,"Truttikerstrasse 19, 8475 Ossingen",school,Primarschule Ossingen,47.6122409,8.7298062
4002081184,"Truttikerstrasse 19, 8475 Ossingen",school,Sekundarschule Ossingen-Truttikon,47.6128092,8.7302458
4002078663,"Wilfriedstrasse 7, 8032 Zürich",pharmacy,Dropa Hottingen,47.3697086,8.5557788
4002078663,"Wilfriedstrasse 7, 8032 Zürich",restaurant,Rosengarten,47.3697879,8.5563885
4002078663,"Wilfriedstrasse 7, 8032 Zürich",restaurant,Wolfbach,47.3703441,8.552204
4002078663,"Wilfriedstrasse 7, 8032 Zürich",restaurant,Afghan Anar,47.3697919,8.5529812
4002078663,"Wilfriedstrasse 7, 8032 Zürich",cafe,Café Berner,47.3695588,8.5540543
4002078663,"Wilfriedstrasse 7, 8032 Zürich",restaurant,Santa Lucia,47.3700945,8.5491025
4002078663,"Wilfriedstrasse 7, 8032 Zürich",cafe,Vier Linden Imbiss-Café,47.3696191,8.5554987
4002078663,"Wilfriedstrasse 7, 8032 Zürich",pharmacy,Pfauen-Apotheke,47.3706294,8.5496573
4002078663,"Wilfriedstrasse 7, 8032 Zürich",parking,Kulturama Besucherparkplatz,47.3687928,8.5553944
4002078663,"Wilfriedstrasse 7, 8032 Zürich",pub,Bar am Egge,47.369497,8.557336
4002078663,"Wilfriedstrasse 7, 8032 Zürich",cafe,Café Paradiesli,47.3708122,8.557219
4002078663,"Wilfriedstrasse 7, 8032 Zürich",cafe,Apo THEKE,47.3734924,8.5528078
4002078663,"Wilfriedstrasse 7, 8032 Zürich",restaurant,Mori Ramen,47.3703532,8.549533
4002078663,"Wilfriedstrasse 7, 8032 Zürich",bar,Kunsthaus Bar,47.3707857,8.549135
4002078663,"Wilfriedstrasse 7, 8032 Zürich",fast_food,Marronistand,47.3703523,8.5487701
4002075419,"Husächerstr. 5, 8907 Wettswil",restaurant,Nirwana,47.3373064,8.4747981
4002075419,"Husächerstr. 5, 8907 Wettswil",bank,Clientis Sparcassa 1816,47.3379651,8.4743625
4002075419,"Husächerstr. 5, 8907 Wettswil",restaurant,Restaurant Pizzeria Grazie,47.3403525,8.4728269
4002075044,"Route de Vandœuvres 6, 1223 Cologny",cafe,Dolce & Salato,46.2052504,6.1814315
4002073382,"Wylerstrasse 115, 3014 Bern",restaurant,Ludmilla,46.9611333,7.4502091
4002073382,"Wylerstrasse 115, 3014 Bern",pub,Carpe Diem,46.9596743,7.4488732
4002073382,"Wylerstrasse 115, 3014 Bern",restaurant,Chez SBB,46.9614225,7.4464629
4002073382,"Wylerstrasse 115, 3014 Bern",cafe,Phil's Coffee to Go,46.9624923,7.4516195
4002073382,"Wylerstrasse 115, 3014 Bern",parking,n/a,46.9616658,7.4466625
4002073335,"Hammerstrasse 92, 4057 Basel",restaurant,Restaurant Zum Wilde Maa,47.5679494,7.595093
4002073335,"Hammerstrasse 92, 4057 Basel",restaurant,Zum Goldenen Fass,47.5656669,7.5956372
4002073335,"Hammerstrasse 92, 4057 Basel",restaurant,Delfin,47.5665578,7.5917694
4002073335,"Hammerstrasse 92, 4057 Basel",cafe,Da Graziella,47.5664559,7.5928691
4002073335,"Hammerstrasse 92, 4057 Basel",cafe,Acero,47.5659948,7.5941398
4002073335,"Hammerstrasse 92, 4057 Basel",cafe,Didi Bar,47.5656436,7.5934442
4002073335,"Hammerstrasse 92, 4057 Basel",cafe,Saint Tropez,47.5651584,7.5940531
4002073335,"Hammerstrasse 92, 4057 Basel",restaurant,Hong Kong,47.5651063,7.5981445
4002073335,"Hammerstrasse 92, 4057 Basel",fast_food,Isbilir,47.5671452,7.5952952
4002073335,"Hammerstrasse 92, 4057 Basel",fast_food,Royal Grill,47.5668682,7.5953324
4002073335,"Hammerstrasse 92, 4057 Basel",atm,Basler Kantonalbank,47.5638499,7.5993087
4002073335,"Hammerstrasse 92, 4057 Basel",restaurant,Efringerhof,47.5673371,7.5963892
4002073335,"Hammerstrasse 92, 4057 Basel",restaurant,Tapeo Tapas Bar La Terraza,47.566436,7.597422
4002073335,"Hammerstrasse 92, 4057 Basel",restaurant,Urban Greek,47.5658332,7.5956113
4002073335,"Hammerstrasse 92, 4057 Basel",fast_food,Lu,47.5662885,7.5918563
4002073335,"Hammerstrasse 92, 4057 Basel",restaurant,Nua,47.5660088,7.5975782
4002073335,"Hammerstrasse 92, 4057 Basel",restaurant,Boo Messeplatz,47.5642735,7.5983857
4002073335,"Hammerstrasse 92, 4057 Basel",atm,n/a,47.5638698,7.5992961
4002073335,"Hammerstrasse 92, 4057 Basel",fast_food,Astro Fries,47.5664318,7.5925697
4002073335,"Hammerstrasse 92, 4057 Basel",cafe,SMUK Café Bar,47.567226,7.5958963
4002073335,"Hammerstrasse 92, 4057 Basel",restaurant,Avant-Gouz,47.5677168,7.5948728
4002073335,"Hammerstrasse 92, 4057 Basel",bar,Locanda,47.564069,7.5977405
4002073335,"Hammerstrasse 92, 4057 Basel",bar,Rouine,47.5666217,7.5924914
4002073335,"Hammerstrasse 92, 4057 Basel",pharmacy,Hammer Apotheke,47.567587,7.5952345
4002073335,"Hammerstrasse 92, 4057 Basel",bar,pusat cafe bar,47.5678995,7.5948047
4002073335,"Hammerstrasse 92, 4057 Basel",fast_food,Hoffmann's Bagel,47.5671995,7.596898
4002073335,"Hammerstrasse 92, 4057 Basel",restaurant,Pandarosa,47.5644099,7.5984284
4002073335,"Hammerstrasse 92, 4057 Basel",restaurant,Chanthaburi,47.56648,7.5916548
4002073335,"Hammerstrasse 92, 4057 Basel",restaurant,Pizzeria La Perla,47.5653483,7.595655
4002073335,"Hammerstrasse 92, 4057 Basel",fast_food,Lu,47.5663068,7.5918813
4002073335,"Hammerstrasse 92, 4057 Basel",pub,Fass Bar,47.5657565,7.5956208
4002073335,"Hammerstrasse 92, 4057 Basel",restaurant,Reataurant Lu,47.5663965,7.5923787
4002070471,"Bleicherstrasse, Nr. 33, 8953 Dietikon",restaurant,Molino,47.4060643,8.3971433
4002070471,"Bleicherstrasse, Nr. 33, 8953 Dietikon",restaurant,Steinmürli,47.407649,8.3935218
4002070191,"Rue Daubin 4, 1203 Genève",library,Bibliothèque de Saint-Jean,46.2057295,6.1270445
4002070191,"Rue Daubin 4, 1203 Genève",restaurant,Pizzeria les Tilleuls,46.2058099,6.1311533
4002070191,"Rue Daubin 4, 1203 Genève",restaurant,La Limite,46.2064678,6.1301205
4002070191,"Rue Daubin 4, 1203 Genève",pharmacy,Pharmacie de la Dôle,46.2074676,6.130493
4002070191,"Rue Daubin 4, 1203 Genève",restaurant,Le Chanaan,46.2059677,6.1271143
4002070191,"Rue Daubin 4, 1203 Genève",restaurant,Na Village,46.2052734,6.131489
4002070191,"Rue Daubin 4, 1203 Genève",restaurant,Mr. Pal,46.208272,6.1286696
4002070191,"Rue Daubin 4, 1203 Genève",pharmacy,Pharmacie Populaire Charmilles,46.2081577,6.1274194
4002070191,"Rue Daubin 4, 1203 Genève",restaurant,La Cocina Argentina,46.2052599,6.1321939
4002070191,"Rue Daubin 4, 1203 Genève",restaurant,Le Paradis,46.2061647,6.132514
4002070191,"Rue Daubin 4, 1203 Genève",restaurant,Délices Parc,46.206191,6.133215
4002070191,"Rue Daubin 4, 1203 Genève",cafe,Entre Nous,46.2073067,6.1299849
4002070191,"Rue Daubin 4, 1203 Genève",school,ortra santé social,46.2068311,6.1301644
4002070191,"Rue Daubin 4, 1203 Genève",restaurant,Café de Charmilles,46.2076878,6.1276386
4002070191,"Rue Daubin 4, 1203 Genève",bar,Tiki Bar,46.2055318,6.1254402
4002070191,"Rue Daubin 4, 1203 Genève",cafe,Utopia,46.2052851,6.1323515
4002070191,"Rue Daubin 4, 1203 Genève",restaurant,Le Picotin,46.205459,6.1276644
4002070191,"Rue Daubin 4, 1203 Genève",restaurant,Sindbad,46.2051353,6.1317546
4002070191,"Rue Daubin 4, 1203 Genève",restaurant,Un Sens,46.205272,6.1322689
4002070191,"Rue Daubin 4, 1203 Genève",fast_food,Silver Kebab,46.2082421,6.1278904
4002066673,"Eigenheimweg 18, 4614 Hägendorf",school,n/a,47.3366579,7.8451485
4002061897,"Langgasse 58, 8400 Winterthur",parking,Parkhaus Teuchelweiher,47.496416,8.7324219
4002061897,"Langgasse 58, 8400 Winterthur",restaurant,Incontro,47.4912931,8.7340645
4002061897,"Langgasse 58, 8400 Winterthur",bar,Esse Musicbar,47.4937273,8.7345161
4002061897,"Langgasse 58, 8400 Winterthur",school,Schulhaus Teuchelweiher,47.4957514,8.7313777
4002061897,"Langgasse 58, 8400 Winterthur",clinic,IBP Institut,47.4970363,8.7319593
4002061897,"Langgasse 58, 8400 Winterthur",cafe,Rauke,47.4942761,8.7341936
4002061897,"Langgasse 58, 8400 Winterthur",bar,LOK.AL,47.4942942,8.7342741
4002060913,"Rathausstrasse 30, 8570 Weinfelden",bank,Thurgauer Kantonalbank,47.5657038,9.1091486
4002060913,"Rathausstrasse 30, 8570 Weinfelden",restaurant,zum Trauben,47.5684003,9.1099987
4002060913,"Rathausstrasse 30, 8570 Weinfelden",restaurant,Rössli,47.5680791,9.1107781
4002060913,"Rathausstrasse 30, 8570 Weinfelden",restaurant,Wirtschaft zum Eigenhof,47.5689772,9.1076383
4002060913,"Rathausstrasse 30, 8570 Weinfelden",restaurant,Eisenbahn,47.5658415,9.1079733
4002060913,"Rathausstrasse 30, 8570 Weinfelden",bank,Raiffeisenbank Mittelthurgau,47.566659,9.1066201
4002060913,"Rathausstrasse 30, 8570 Weinfelden",pub,Jack's Café,47.5667351,9.1061358
4002060913,"Rathausstrasse 30, 8570 Weinfelden",restaurant,Grüner Baum,47.5641058,9.1082947
4002060913,"Rathausstrasse 30, 8570 Weinfelden",restaurant,Pulcinella,47.5647012,9.1079874
4002060913,"Rathausstrasse 30, 8570 Weinfelden",cafe,Mohn,47.5649405,9.1084125
4002060913,"Rathausstrasse 30, 8570 Weinfelden",bar,BarCode,47.5654591,9.1085793
4002060913,"Rathausstrasse 30, 8570 Weinfelden",pub,Blue Box,47.5640958,9.1080324
4002060913,"Rathausstrasse 30, 8570 Weinfelden",restaurant,Pizzamania,47.5652819,9.1073063
4002060913,"Rathausstrasse 30, 8570 Weinfelden",school,Paul-Reinhart-Schulhaus,47.561581,9.1061455
4002060913,"Rathausstrasse 30, 8570 Weinfelden",school,Thomas Bornhauser Schulhaus,47.5663815,9.1125029
4002060913,"Rathausstrasse 30, 8570 Weinfelden",bank,UBS,47.5677353,9.10932
4002060913,"Rathausstrasse 30, 8570 Weinfelden",cafe,Strassmann,47.5669229,9.1168402
4002060913,"Rathausstrasse 30, 8570 Weinfelden",restaurant,Toni's Ristorante Piz,47.5667078,9.1165904
4002060913,"Rathausstrasse 30, 8570 Weinfelden",pub,Nelson Pub,47.5698497,9.1066232
4002060913,"Rathausstrasse 30, 8570 Weinfelden",restaurant,Stiefel,47.5697362,9.1073794
4002060913,"Rathausstrasse 30, 8570 Weinfelden",restaurant,Thai Chilli,47.5678902,9.1064191
4002060913,"Rathausstrasse 30, 8570 Weinfelden",pharmacy,Apotheke Aemisegger,47.5674526,9.1102435
4002060913,"Rathausstrasse 30, 8570 Weinfelden",library,Mediothek der Katholischen Landeskirche Thurgau,47.5644587,9.1114806
4002060913,"Rathausstrasse 30, 8570 Weinfelden",atm,n/a,47.5677521,9.1102637
4002060913,"Rathausstrasse 30, 8570 Weinfelden",restaurant,Wirtschaft zum Löwen,47.5683474,9.109532
4002060913,"Rathausstrasse 30, 8570 Weinfelden",restaurant,Migros Restaurant,47.5678523,9.1107446
4002060913,"Rathausstrasse 30, 8570 Weinfelden",restaurant,Gambrinus,47.5671735,9.1088659
4002060913,"Rathausstrasse 30, 8570 Weinfelden",fast_food,Easy Food & Drink,47.5651139,9.1084266
4002060913,"Rathausstrasse 30, 8570 Weinfelden",restaurant,Brauerei,47.5646115,9.1155848
4002060913,"Rathausstrasse 30, 8570 Weinfelden",cafe,La Stazione,47.5671174,9.1065267
4002060913,"Rathausstrasse 30, 8570 Weinfelden",restaurant,Falken,47.5641992,9.1060643
4002060913,"Rathausstrasse 30, 8570 Weinfelden",restaurant,Gleis 1,47.5668659,9.1062149
4002060913,"Rathausstrasse 30, 8570 Weinfelden",pharmacy,Apotheke Dr. Hörmann,47.5665435,9.106732
4002060913,"Rathausstrasse 30, 8570 Weinfelden",restaurant,Storchen,47.5697362,9.1055462
4002060913,"Rathausstrasse 30, 8570 Weinfelden",bar,Rössli-Bar,47.5680111,9.1109542
4002060913,"Rathausstrasse 30, 8570 Weinfelden",atm,n/a,47.5658032,9.1089006
4002060913,"Rathausstrasse 30, 8570 Weinfelden",cafe,Mohn Bäckerei Café Konditorei Confiserie,47.5669439,9.1104133
4002060913,"Rathausstrasse 30, 8570 Weinfelden",bar,Lauer Bar,47.5670284,9.1103371
4002060913,"Rathausstrasse 30, 8570 Weinfelden",school,Pestalozzi- Schulhaus,47.5671229,9.1082093
4002060913,"Rathausstrasse 30, 8570 Weinfelden",bar,Weinkeller Felsenburg,47.568839,9.1097116
4002060913,"Rathausstrasse 30, 8570 Weinfelden",atm,n/a,47.5663531,9.1070336
4002060913,"Rathausstrasse 30, 8570 Weinfelden",restaurant,Hirschen,47.5679559,9.1095199
4002060913,"Rathausstrasse 30, 8570 Weinfelden",restaurant,Siemis Restaurant,47.568892,9.1092544
4002060913,"Rathausstrasse 30, 8570 Weinfelden",parking,n/a,47.5662739,9.1122225
4002060913,"Rathausstrasse 30, 8570 Weinfelden",bar,Kostbar,47.5671268,9.1088528
4002060913,"Rathausstrasse 30, 8570 Weinfelden",fast_food,n/a,47.567201,9.1091262
4002060913,"Rathausstrasse 30, 8570 Weinfelden",school,n/a,47.5622523,9.1118628
4002060913,"Rathausstrasse 30, 8570 Weinfelden",fast_food,Bistro Paprika,47.5667934,9.1085106
4002060913,"Rathausstrasse 30, 8570 Weinfelden",atm,n/a,47.5668191,9.1065419
4002060913,"Rathausstrasse 30, 8570 Weinfelden",bar,Goldener Dachs,47.5674652,9.1074788
4002059937,"Seeburgstrasse 49B, 6006 Luzern",restaurant,Richemont Gastronomie & Hotel,47.0478181,8.3434633
4002059937,"Seeburgstrasse 49B, 6006 Luzern",parking,Richemont Parking,47.0476568,8.3435516
4002059937,"Seeburgstrasse 49B, 6006 Luzern",parking,Lido/Brüel,47.0494595,8.341173
4002055430,"Hofmattstrasse 46, 4415 Lausen",restaurant,Ben Fatto,47.4705263,7.7602413
4002055430,"Hofmattstrasse 46, 4415 Lausen",parking,n/a,47.4706474,7.7599998
4002055429,"Am Stausee 25, 4127 Birsfelden",parking,n/a,47.5571528,7.6242179
4002055429,"Am Stausee 25, 4127 Birsfelden",parking,n/a,47.5567775,7.6244795
4002055429,"Am Stausee 25, 4127 Birsfelden",restaurant,Restaurant Sternenfeld,47.556635,7.6300489
4002055429,"Am Stausee 25, 4127 Birsfelden",parking,n/a,47.5570978,7.6270433
4002054443,"Westerholz 6, 2504 Biel/Bienne",atm,Postfinance,47.1464415,7.2733008
4002054443,"Westerholz 6, 2504 Biel/Bienne",fast_food,Express Pizza,47.14724,7.27352
4002054443,"Westerholz 6, 2504 Biel/Bienne",restaurant,zur Brücke,47.1542232,7.2683482
4002054443,"Westerholz 6, 2504 Biel/Bienne",atm,BEKB BCBE,47.1461079,7.2723818
4002054439,"Kurvenstrasse 15, 8600 Dübendorf",restaurant,Pizzeria Il Faro,47.3968938,8.6138054
4002054439,"Kurvenstrasse 15, 8600 Dübendorf",cafe,Topolino Plaza,47.3965547,8.6138893
4002054439,"Kurvenstrasse 15, 8600 Dübendorf",restaurant,Miglio,47.3964338,8.6132097
4002054439,"Kurvenstrasse 15, 8600 Dübendorf",restaurant,Safran,47.3962547,8.6135679
4002054439,"Kurvenstrasse 15, 8600 Dübendorf",parking,n/a,47.3968395,8.6154512
4002054439,"Kurvenstrasse 15, 8600 Dübendorf",fast_food,Take away Imbiss bar,47.3963048,8.613512
4002054439,"Kurvenstrasse 15, 8600 Dübendorf",restaurant,Apuliami,47.3959696,8.6093976
4002054433,"Pfruendhofstrasse 48, 8910 Affoltern am Albis",cafe,Bistro Frosch,47.2752567,8.4568795
4002051403,"Bernstrasse 147, 3400 Burgdorf",parking,n/a,47.0520953,7.6110924
4002051403,"Bernstrasse 147, 3400 Burgdorf",parking,n/a,47.0530519,7.6119283
4002051403,"Bernstrasse 147, 3400 Burgdorf",parking,n/a,47.0530322,7.61328
4002051395,"Batteriestrasse 4a, 4103 Bottmingen",restaurant,Bottminger Mühle,47.5320841,7.5732069
4002051394,"Via Giuseppe Torti 6, 6500 Bellinzona",pharmacy,pharmacieplus,46.1872087,9.0148651
4002051394,"Via Giuseppe Torti 6, 6500 Bellinzona",restaurant,Ristorante Achilea,46.1874976,9.0165724
4002051394,"Via Giuseppe Torti 6, 6500 Bellinzona",restaurant,Osteria Zanzibar,46.1883166,9.0210074
4002051394,"Via Giuseppe Torti 6, 6500 Bellinzona",restaurant,Ristorante Pizzeria Varano,46.1869244,9.0146246
4002051394,"Via Giuseppe Torti 6, 6500 Bellinzona",bar,Bar Ambra,46.1878924,9.0153099
4002051338,"Via Monte Carmen 13, 6900 Lugano",restaurant,Villa Sassa,46.011964,8.9506724
4002051338,"Via Monte Carmen 13, 6900 Lugano",bar,Rookies Picchio,46.0081217,8.9509764
4002051338,"Via Monte Carmen 13, 6900 Lugano",restaurant,The CIRCLE,46.0114081,8.9549435
4002051338,"Via Monte Carmen 13, 6900 Lugano",restaurant,Wong Ho,46.0118126,8.9544167
4002051338,"Via Monte Carmen 13, 6900 Lugano",pharmacy,Farmacia Contrada dei Patrizi,46.0125702,8.9547338
4002051338,"Via Monte Carmen 13, 6900 Lugano",cafe,Café Tra,46.0130112,8.9540684
4002051338,"Via Monte Carmen 13, 6900 Lugano",library,Biblioteca Salita dei Frati di Lugano,46.0082931,8.9491749
4002051338,"Via Monte Carmen 13, 6900 Lugano",library,"Biblioteca interculturale per la prima infanzia ""Ricciogiramondo""",46.0131905,8.9546483
4002051338,"Via Monte Carmen 13, 6900 Lugano",bar,Bar Pinard,46.0120723,8.9547722
4002051338,"Via Monte Carmen 13, 6900 Lugano",restaurant,AMALO pinsa e gelato,46.0109159,8.9554293
4002051338,"Via Monte Carmen 13, 6900 Lugano",restaurant,Zio Pippo,46.0107681,8.9542612
4002050823,"Hammerstrasse 33, 8008 Zürich",restaurant,Gesundheitszentrum für das Alter Wildbach,47.3575819,8.5575836
4002050823,"Hammerstrasse 33, 8008 Zürich",restaurant,ButchersTable,47.3615601,8.5603652
4002050823,"Hammerstrasse 33, 8008 Zürich",restaurant,Neumünster,47.3596206,8.5585046
4002050823,"Hammerstrasse 33, 8008 Zürich",restaurant,Marcellino Pane e Vino,47.3602234,8.5655522
4002050823,"Hammerstrasse 33, 8008 Zürich",fast_food,Spizzati,47.360488,8.5648892
4002050823,"Hammerstrasse 33, 8008 Zürich",restaurant,Misoga,47.3614068,8.5608856
4002050823,"Hammerstrasse 33, 8008 Zürich",pharmacy,Minerva Apotheke,47.3614842,8.5610538
4002050823,"Hammerstrasse 33, 8008 Zürich",restaurant,blindekuh,47.3583286,8.5571633
4002050823,"Hammerstrasse 33, 8008 Zürich",cafe,Cafeteria UZH Botanischer Garten,47.3588123,8.5595427
4002050823,"Hammerstrasse 33, 8008 Zürich",library,Bibliothek der Institute für Systematische Botanik und für Pflanzenbiologie,47.3588388,8.5595046
4002050823,"Hammerstrasse 33, 8008 Zürich",fast_food,Pimp Your Pizza,47.3624078,8.5611769
4002050823,"Hammerstrasse 33, 8008 Zürich",restaurant,Hammam Salon,47.3569676,8.5586356
4002050823,"Hammerstrasse 33, 8008 Zürich",cafe,Hegifret Kaffeefenster,47.3617836,8.5612343
4002050823,"Hammerstrasse 33, 8008 Zürich",cafe,Marfa,47.3620459,8.5609414
4002050783,"Via ai Saleggi 26, 6600 Locarno",parking,n/a,46.165573,8.7962163
4002050783,"Via ai Saleggi 26, 6600 Locarno",parking,n/a,46.1636855,8.7941246
4002050783,"Via ai Saleggi 26, 6600 Locarno",parking,n/a,46.1611373,8.7936584
4002050783,"Via ai Saleggi 26, 6600 Locarno",pharmacy,Farmacia Delta,46.1657249,8.7951739
4002050783,"Via ai Saleggi 26, 6600 Locarno",restaurant,Robinia,46.1622534,8.7980305
4002050783,"Via ai Saleggi 26, 6600 Locarno",fast_food,P Pizza&Pasta,46.1660789,8.7938057
4002050783,"Via ai Saleggi 26, 6600 Locarno",restaurant,Hotel Ristorante Stella,46.1656127,8.7940551
4002050783,"Via ai Saleggi 26, 6600 Locarno",library,Biblioteca della Scuola Media di Locarno,46.1637066,8.7949245
4002050783,"Via ai Saleggi 26, 6600 Locarno",restaurant,Snack bar Bistrot del Pellegrino,46.1615194,8.7926369
4002050667,"Wyde 7, 5242 Birr",parking,n/a,47.4364296,8.2071517
4002050667,"Wyde 7, 5242 Birr",bank,Raiffeisenbank Aare-Reuss,47.4394641,8.2075175
4002050667,"Wyde 7, 5242 Birr",bank,Aargauische Kantonalbank,47.4403612,8.2078979
4002050667,"Wyde 7, 5242 Birr",restaurant,Wydehof,47.4375134,8.2109849
4002050667,"Wyde 7, 5242 Birr",parking,n/a,47.4393856,8.209542
4002050667,"Wyde 7, 5242 Birr",pharmacy,Apotheke Birrfeld,47.4402629,8.2083261
4002050667,"Wyde 7, 5242 Birr",library,Schul- und Gemeindebibliothek Birr,47.4352714,8.2031588
4002050667,"Wyde 7, 5242 Birr",restaurant,Flachsacher,47.4400361,8.2074211
4002050667,"Wyde 7, 5242 Birr",parking,n/a,47.4415926,8.2039267
4002050667,"Wyde 7, 5242 Birr",parking,n/a,47.4406073,8.2047844
4002050667,"Wyde 7, 5242 Birr",parking,n/a,47.4400025,8.2057175
4002050667,"Wyde 7, 5242 Birr",parking,n/a,47.4402687,8.2053
4002050667,"Wyde 7, 5242 Birr",parking,n/a,47.4411697,8.2055227
4002050667,"Wyde 7, 5242 Birr",parking,n/a,47.4400444,8.2076087
4002050667,"Wyde 7, 5242 Birr",parking,n/a,47.4401244,8.2086826
4002048119,"Dorfstrasse 31, 8310 Grafstal",restaurant,Frieden,47.444753,8.699068
4002048119,"Dorfstrasse 31, 8310 Grafstal",restaurant,Wirtschaft zur Tanne,47.4449031,8.7002374
4002048119,"Dorfstrasse 31, 8310 Grafstal",parking,n/a,47.4439969,8.6968825
4002048119,"Dorfstrasse 31, 8310 Grafstal",parking,n/a,47.4451648,8.699974
4002048119,"Dorfstrasse 31, 8310 Grafstal",parking,n/a,47.4426347,8.7009228
4002044164,"Am Stausee 25, 4127 Birsfelden",parking,n/a,47.5571528,7.6242179
4002044164,"Am Stausee 25, 4127 Birsfelden",parking,n/a,47.5567775,7.6244795
4002044164,"Am Stausee 25, 4127 Birsfelden",restaurant,Restaurant Sternenfeld,47.556635,7.6300489
4002044164,"Am Stausee 25, 4127 Birsfelden",parking,n/a,47.5570978,7.6270433
4002042526,"Rue de l'Aubépine 3, 1205 Genève",restaurant,Spikisi,46.1927721,6.1431794
4002042526,"Rue de l'Aubépine 3, 1205 Genève",restaurant,Zaitouna,46.1908049,6.1445272
4002042526,"Rue de l'Aubépine 3, 1205 Genève",cafe,Le P'tit Prince,46.1920325,6.1437713
4002042526,"Rue de l'Aubépine 3, 1205 Genève",restaurant,Le Rouge & Le Blanc,46.1918206,6.1437245
4002042526,"Rue de l'Aubépine 3, 1205 Genève",fast_food,Thai Twist,46.1918044,6.1442499
4002042526,"Rue de l'Aubépine 3, 1205 Genève",restaurant,Le VG (Les Vieux-Grenadiers),46.1911813,6.1433741
4002042526,"Rue de l'Aubépine 3, 1205 Genève",pharmacy,Pharmacie Populaire Plainpalais,46.1930148,6.1439871
4002042526,"Rue de l'Aubépine 3, 1205 Genève",bar,Marius,46.1913887,6.1446074
4002042526,"Rue de l'Aubépine 3, 1205 Genève",restaurant,Café des Augustins,46.1911125,6.1446088
4002042526,"Rue de l'Aubépine 3, 1205 Genève",restaurant,Tam-Tam Café,46.1929275,6.1446577
4002042526,"Rue de l'Aubépine 3, 1205 Genève",restaurant,Le Colibri,46.1928207,6.1437096
4002042526,"Rue de l'Aubépine 3, 1205 Genève",fast_food,Ephese,46.1923649,6.1437793
4002042526,"Rue de l'Aubépine 3, 1205 Genève",restaurant,Bar Grill '72,46.1925752,6.1437585
4002042526,"Rue de l'Aubépine 3, 1205 Genève",cafe,Com'Chez Vous,46.1918905,6.1437699
4002042526,"Rue de l'Aubépine 3, 1205 Genève",restaurant,Le Safari,46.1918366,6.142988
4002042526,"Rue de l'Aubépine 3, 1205 Genève",fast_food,Manu Il Gelato Italiano,46.1920133,6.1441055
4002042526,"Rue de l'Aubépine 3, 1205 Genève",fast_food,Planète Sandwichs,46.1907665,6.1438368
4002042526,"Rue de l'Aubépine 3, 1205 Genève",pharmacy,Sun Store,46.1929631,6.1431309
4002042526,"Rue de l'Aubépine 3, 1205 Genève",restaurant,Brasserie La Sportive,46.193798,6.1439187
4002042526,"Rue de l'Aubépine 3, 1205 Genève",pharmacy,Pharmacie Vipha,46.1918341,6.1440851
4002042526,"Rue de l'Aubépine 3, 1205 Genève",cafe,Café Caillou,46.1913162,6.1445937
4002042526,"Rue de l'Aubépine 3, 1205 Genève",cafe,Le Far,46.1915032,6.1440548
4002042526,"Rue de l'Aubépine 3, 1205 Genève",fast_food,Burgers Brothers,46.192121,6.1441127
4002042526,"Rue de l'Aubépine 3, 1205 Genève",bar,Bombar,46.1918257,6.1444585
4002042526,"Rue de l'Aubépine 3, 1205 Genève",cafe,Leger's,46.1911678,6.1439634
4002042526,"Rue de l'Aubépine 3, 1205 Genève",bar,n/a,46.1929598,6.1436865
4002042526,"Rue de l'Aubépine 3, 1205 Genève",cafe,Rendez-vous Gourmande,46.1921703,6.1437673
4002042526,"Rue de l'Aubépine 3, 1205 Genève",restaurant,Sushitime,46.1936288,6.1435716
4002042526,"Rue de l'Aubépine 3, 1205 Genève",restaurant,Le Maison Thai,46.1907307,6.1438242
4002039327,"Mattengasse 11, 8005 Zürich",restaurant,Dar,47.3835914,8.5283234
4002039327,"Mattengasse 11, 8005 Zürich",restaurant,LILY'S,47.3825398,8.5296036
4002039327,"Mattengasse 11, 8005 Zürich",atm,Zürcher Kantonalbank,47.3844836,8.5316859
4002039327,"Mattengasse 11, 8005 Zürich",atm,Postfinance,47.3842188,8.532441
4002039327,"Mattengasse 11, 8005 Zürich",pub,Matahari Bar,47.3840524,8.5309307
4002039327,"Mattengasse 11, 8005 Zürich",restaurant,LA Brea SoCal Tacos,47.3821979,8.5317241
4002039327,"Mattengasse 11, 8005 Zürich",restaurant,Spicy Box,47.382624,8.5312467
4002039327,"Mattengasse 11, 8005 Zürich",pharmacy,TopPharm,47.3839118,8.5323405
4002039327,"Mattengasse 11, 8005 Zürich",restaurant,Tibetasia,47.3844648,8.5278368
4002039327,"Mattengasse 11, 8005 Zürich",restaurant,Damas,47.384599,8.5275777
4002039327,"Mattengasse 11, 8005 Zürich",restaurant,Eisenhof,47.3836276,8.5287302
4002039327,"Mattengasse 11, 8005 Zürich",cafe,Café Lang,47.3851076,8.5314772
4002039327,"Mattengasse 11, 8005 Zürich",restaurant,AMO e lino,47.3847471,8.5311137
4002039327,"Mattengasse 11, 8005 Zürich",bar,Kasheme,47.3827935,8.5295411
4002039327,"Mattengasse 11, 8005 Zürich",pharmacy,Paracelsus-Apotheke,47.3793647,8.5276523
4002039327,"Mattengasse 11, 8005 Zürich",cafe,Caffetteria am Limmatplatz,47.3847107,8.5321502
4002039327,"Mattengasse 11, 8005 Zürich",restaurant,Tadka,47.3832551,8.5332337
4002039327,"Mattengasse 11, 8005 Zürich",restaurant,Millennium,47.3842264,8.5319218
4002039327,"Mattengasse 11, 8005 Zürich",restaurant,Migros Restaurant,47.3855243,8.5312041
4002039327,"Mattengasse 11, 8005 Zürich",cafe,Café Noir,47.3819687,8.53053
4002039327,"Mattengasse 11, 8005 Zürich",bar,Schickeria,47.3804469,8.527784
4002039327,"Mattengasse 11, 8005 Zürich",bar,Tipsy Tiger,47.3798446,8.5276503
4002039327,"Mattengasse 11, 8005 Zürich",bar,Sudaka,47.3794533,8.5282622
4002039327,"Mattengasse 11, 8005 Zürich",bar,Strauss,47.379674,8.5278486
4002039327,"Mattengasse 11, 8005 Zürich",fast_food,Italia Bistro To-Go da Lisa,47.3794249,8.5280229
4002039327,"Mattengasse 11, 8005 Zürich",fast_food,Rosita's,47.3793553,8.5297102
4002039327,"Mattengasse 11, 8005 Zürich",restaurant,Yume Ramen,47.3823657,8.5303266
4002039327,"Mattengasse 11, 8005 Zürich",restaurant,Soul Köfte,47.3818623,8.5296911
4002039327,"Mattengasse 11, 8005 Zürich",restaurant,Babo's Restaurant,47.3819642,8.5294299
4002039327,"Mattengasse 11, 8005 Zürich",restaurant,Don’t Worry Eat Curry,47.3828582,8.5307697
4002039327,"Mattengasse 11, 8005 Zürich",restaurant,Casa da Picanha,47.382094,8.5300961
4002039327,"Mattengasse 11, 8005 Zürich",restaurant,Restaurant Neugasshof,47.3820132,8.5303576
4002039327,"Mattengasse 11, 8005 Zürich",restaurant,Co Chin Chin,47.3837599,8.5284695
4002039327,"Mattengasse 11, 8005 Zürich",restaurant,Zekis World,47.3839003,8.5307988
4002039327,"Mattengasse 11, 8005 Zürich",restaurant,Cucina,47.384162,8.5304006
4002039327,"Mattengasse 11, 8005 Zürich",restaurant,Cinque,47.383294,8.5301807
4002039327,"Mattengasse 11, 8005 Zürich",pharmacy,Dropa Limmatplatz,47.3850081,8.5315987
4002039327,"Mattengasse 11, 8005 Zürich",restaurant,Molino,47.3840714,8.5291751
4002039327,"Mattengasse 11, 8005 Zürich",restaurant,Manjaal,47.3843311,8.5286143
4002039327,"Mattengasse 11, 8005 Zürich",cafe,Lycka,47.3837629,8.5298256
4002039327,"Mattengasse 11, 8005 Zürich",restaurant,4Leoni Firenze,47.3843323,8.5302362
4002039327,"Mattengasse 11, 8005 Zürich",restaurant,Valentin's,47.3846382,8.5297901
4002039327,"Mattengasse 11, 8005 Zürich",restaurant,La Contrada,47.384832,8.5295929
4002039327,"Mattengasse 11, 8005 Zürich",restaurant,Friends Corner,47.3847907,8.5277141
4002039327,"Mattengasse 11, 8005 Zürich",restaurant,Josef,47.3838905,8.5289598
4002039327,"Mattengasse 11, 8005 Zürich",bar,Eldorado,47.3836636,8.5326533
4002039327,"Mattengasse 11, 8005 Zürich",restaurant,Chimy's,47.3832801,8.528361
4002039327,"Mattengasse 11, 8005 Zürich",bank,Migros Bank,47.3855128,8.5315853
4002039327,"Mattengasse 11, 8005 Zürich",restaurant,Maneez,47.3841944,8.5284377
4002039327,"Mattengasse 11, 8005 Zürich",fast_food,Hanswurst,47.3840062,8.5311406
4002039327,"Mattengasse 11, 8005 Zürich",restaurant,Burgermeister,47.384344,8.5311512
4002039327,"Mattengasse 11, 8005 Zürich",bar,The International Beer Bar,47.3828872,8.5287112
4002039327,"Mattengasse 11, 8005 Zürich",restaurant,MeiXin,47.3834555,8.5303841
4002039327,"Mattengasse 11, 8005 Zürich",restaurant,Himalaya,47.3830864,8.5329144
4002039327,"Mattengasse 11, 8005 Zürich",restaurant,Santa Lucia,47.3838555,8.5295871
4002039327,"Mattengasse 11, 8005 Zürich",cafe,Diwan Shisha,47.3827024,8.5300338
4002039327,"Mattengasse 11, 8005 Zürich",bar,Chicago Bar,47.3825931,8.5299484
4002039327,"Mattengasse 11, 8005 Zürich",bar,Olé Olé Bar,47.3800296,8.5280643
4002039327,"Mattengasse 11, 8005 Zürich",bar,Vineria Centrale,47.3825403,8.5300127
4002039327,"Mattengasse 11, 8005 Zürich",cafe,MAME,47.3849227,8.5273599
4002039327,"Mattengasse 11, 8005 Zürich",fast_food,McDonald's,47.3829117,8.529958
4002039327,"Mattengasse 11, 8005 Zürich",fast_food,Big Burger,47.383026,8.5300509
4002039327,"Mattengasse 11, 8005 Zürich",fast_food,Best,47.3827549,8.5300757
4002039327,"Mattengasse 11, 8005 Zürich",restaurant,Neni,47.3803007,8.5287319
4002039327,"Mattengasse 11, 8005 Zürich",school,IST Höhere Fachschule für Tourismus,47.3821347,8.5318509
4002039327,"Mattengasse 11, 8005 Zürich",cafe,XYLO,47.3828676,8.5293614
4002039327,"Mattengasse 11, 8005 Zürich",fast_food,Baba Food Station,47.38229,8.5294034
4002039327,"Mattengasse 11, 8005 Zürich",bar,Fat Tony,47.380048,8.5277818
4002039327,"Mattengasse 11, 8005 Zürich",cafe,flavour coffee & plants,47.3824213,8.5297861
4002039327,"Mattengasse 11, 8005 Zürich",fast_food,Vito,47.3848528,8.5322457
4002039327,"Mattengasse 11, 8005 Zürich",restaurant,Afghan Anar,47.3840078,8.5318712
4002039327,"Mattengasse 11, 8005 Zürich",atm,Bankomat,47.3795123,8.5277145
4002039327,"Mattengasse 11, 8005 Zürich",restaurant,Thali House,47.3831028,8.5301347
4002039327,"Mattengasse 11, 8005 Zürich",bar,Cinchona Bar,47.3805067,8.5286126
4002039327,"Mattengasse 11, 8005 Zürich",pharmacy,Zur Rose,47.3855599,8.5313722
4002039327,"Mattengasse 11, 8005 Zürich",fast_food,Vegitat,47.3822487,8.5296459
4002039327,"Mattengasse 11, 8005 Zürich",restaurant,Osso,47.3816304,8.529384
4002039327,"Mattengasse 11, 8005 Zürich",bar,Gleis,47.381465,8.5296408
4002039327,"Mattengasse 11, 8005 Zürich",cafe,McCafé,47.3829101,8.5299568
4002039327,"Mattengasse 11, 8005 Zürich",bar,Sanny Bar & Lounge,47.3792182,8.5275828
4002039327,"Mattengasse 11, 8005 Zürich",cafe,ViCafe,47.3816092,8.5298325
4002039327,"Mattengasse 11, 8005 Zürich",fast_food,Napulé,47.382953,8.5307653
4002039327,"Mattengasse 11, 8005 Zürich",restaurant,Riviera,47.3830089,8.5303012
4002039327,"Mattengasse 11, 8005 Zürich",fast_food,Taste of Africa,47.379434,8.5279472
4002039327,"Mattengasse 11, 8005 Zürich",bar,Zwllings Bar,47.3792121,8.5282699
4002039327,"Mattengasse 11, 8005 Zürich",restaurant,Khouris,47.3800736,8.5289015
4002039327,"Mattengasse 11, 8005 Zürich",restaurant,Charlatan Restodisco,47.3798514,8.5284862
4002039327,"Mattengasse 11, 8005 Zürich",fast_food,Da Marco,47.3844835,8.5322947
4002039327,"Mattengasse 11, 8005 Zürich",restaurant,Casa Aurelio,47.3831405,8.5297441
4002039327,"Mattengasse 11, 8005 Zürich",restaurant,JIAOZI,47.3823411,8.5300095
4002039327,"Mattengasse 11, 8005 Zürich",atm,n/a,47.382825,8.5301239
4002039327,"Mattengasse 11, 8005 Zürich",fast_food,3 Sushi Momo,47.3839455,8.5307226
4002039327,"Mattengasse 11, 8005 Zürich",fast_food,La Isla Bonita,47.3797897,8.5286284
4002039327,"Mattengasse 11, 8005 Zürich",atm,Värdex Crypto ATM,47.3842118,8.5310402
4002039327,"Mattengasse 11, 8005 Zürich",fast_food,Tipsy Tiger,47.3799226,8.5277248
4002038160,"Rainstrasse 1, 5415 Nussbaumen AG",parking,n/a,47.4885855,8.2925884
4002038160,"Rainstrasse 1, 5415 Nussbaumen AG",atm,Raiffeisenbank,47.4884155,8.2954315
4002038160,"Rainstrasse 1, 5415 Nussbaumen AG",atm,Aargauische Kantonalbank,47.4876622,8.2921583
4002038160,"Rainstrasse 1, 5415 Nussbaumen AG",restaurant,Lenzo Palace,47.4884817,8.2939809
4002038160,"Rainstrasse 1, 5415 Nussbaumen AG",cafe,Frei,47.4877977,8.2922702
4002038160,"Rainstrasse 1, 5415 Nussbaumen AG",restaurant,Neuhaus,47.4879579,8.294493
4002038160,"Rainstrasse 1, 5415 Nussbaumen AG",bank,Aargauische Kantonalbank,47.4876027,8.2921712
4002038160,"Rainstrasse 1, 5415 Nussbaumen AG",bank,Raiffeisenbank Siggenthal-Würenlingen,47.488369,8.2953327
4002032820,"Blochmonterstr. 4, 4054 Basel",restaurant,Sukhothai,47.5496409,7.5802149
4002032820,"Blochmonterstr. 4, 4054 Basel",pharmacy,Dorenbach Apotheke,47.5443996,7.576067
4002032033,"Bahnweg 1, 8700 Küsnacht",restaurant,Rico's,47.3155127,8.5799829
4002032033,"Bahnweg 1, 8700 Küsnacht",bar,SeeBar,47.3133596,8.5818343
4002031831,"Wehrligasse 5A, 8476 Stammheim",restaurant,Besebeiz,47.6361909,8.7920759
4002028305,"Bernapark 28, 3066 Stettlen",restaurant,FUD LäB,46.9613214,7.5132986
4002027464,"Pappelnweg 34b, 4310 Rheinfelden",restaurant,Badi Beizli,47.5508101,7.7742138
4002022332,"Zihlweg 41, 2557 Studen BE",restaurant,Linde,47.1134117,7.3015281
4002022332,"Zihlweg 41, 2557 Studen BE",school,Primarschule Studen,47.1161174,7.2998519
4002022332,"Zihlweg 41, 2557 Studen BE",parking,n/a,47.112674,7.3015852
4002022332,"Zihlweg 41, 2557 Studen BE",restaurant,Petinesca,47.113903,7.3004924
4002022332,"Zihlweg 41, 2557 Studen BE",pharmacy,Dorfplatz Apotheke,47.112847,7.301587
4002015998,"Schiltstrasse 49, 8750 Glarus",restaurant,Glarnerstübli,47.0387907,9.0674331
4002015998,"Schiltstrasse 49, 8750 Glarus",restaurant,Schützenhaus,47.0382288,9.0650331
4002015998,"Schiltstrasse 49, 8750 Glarus",cafe,Cornetto,47.0395122,9.0680558
4002015998,"Schiltstrasse 49, 8750 Glarus",pharmacy,Apotheke Glarus,47.0389528,9.0676861
4002015998,"Schiltstrasse 49, 8750 Glarus",fast_food,Glarus Kebap,47.0385028,9.0673848
4002015998,"Schiltstrasse 49, 8750 Glarus",bank,Glarner Kantonalbank,47.0391759,9.0683104
4002015998,"Schiltstrasse 49, 8750 Glarus",bar,Route 66,47.0427457,9.0626755
4002015998,"Schiltstrasse 49, 8750 Glarus",bar,Shisha Lounge Glarnerland,47.0396098,9.0673359
4002015998,"Schiltstrasse 49, 8750 Glarus",bar,Ochsen Bar,47.038666,9.0672612
4002015998,"Schiltstrasse 49, 8750 Glarus",cafe,Namaste Coffeeshop,47.040507,9.0673775
4002015998,"Schiltstrasse 49, 8750 Glarus",restaurant,bottega ventisei,47.0394546,9.0684602
4002015998,"Schiltstrasse 49, 8750 Glarus",cafe,Sommerbistro Rathausplatz,47.0398147,9.0677928
4002015998,"Schiltstrasse 49, 8750 Glarus",fast_food,Duski Imbiss,47.0393829,9.0685356
4002009502,"Birsfelderstrasse 95, 4132 Muttenz",clinic,Rennbahnklinik,47.5354867,7.633952
4002009502,"Birsfelderstrasse 95, 4132 Muttenz",restaurant,Alessia,47.5355604,7.6341281
4002009502,"Birsfelderstrasse 95, 4132 Muttenz",school,FOS Muttenz,47.5337971,7.634791
4002009502,"Birsfelderstrasse 95, 4132 Muttenz",parking,n/a,47.5396471,7.6261785
4002009502,"Birsfelderstrasse 95, 4132 Muttenz",parking,n/a,47.5398873,7.6262758
4002009502,"Birsfelderstrasse 95, 4132 Muttenz",school,Berufsbildungszentrum Baselland BBZ BL Muttenz,47.534228,7.6367566
4002005842,"Rothausstrasse 15, 4132 Muttenz",parking,n/a,47.5251219,7.6587317
4002005842,"Rothausstrasse 15, 4132 Muttenz",parking,n/a,47.5265592,7.6556922
4002005842,"Rothausstrasse 15, 4132 Muttenz",parking,n/a,47.5256298,7.6558362
4002005129,"Heinrich-Wolff-Strasse 10, 8046 Zürich",restaurant,Wirtschaft Unterdorf,47.4262082,8.5054134
4002005129,"Heinrich-Wolff-Strasse 10, 8046 Zürich",restaurant,Da Bella Italia,47.4232082,8.4994145
4002005129,"Heinrich-Wolff-Strasse 10, 8046 Zürich",restaurant,Serendipity Viet Food,47.4231318,8.499721
4002001854,"Zürcherstrasse 24B, 8852 Altendorf",restaurant,Landgasthof Mühlebach,47.1932466,8.8213774
4002001854,"Zürcherstrasse 24B, 8852 Altendorf",restaurant,Landgasthof Rose,47.1925307,8.8303375
4002001854,"Zürcherstrasse 24B, 8852 Altendorf",cafe,Bäckerei Knobel,47.1924103,8.8309053
4002001854,"Zürcherstrasse 24B, 8852 Altendorf",cafe,Café Seepark,47.1929842,8.827564
4002001854,"Zürcherstrasse 24B, 8852 Altendorf",restaurant,Gasthof Schwanen,47.1921715,8.8301893
4002001854,"Zürcherstrasse 24B, 8852 Altendorf",restaurant,Kreuz Bar,47.1926361,8.8298969
4002001854,"Zürcherstrasse 24B, 8852 Altendorf",library,Bibliothek Altendorf,47.1914911,8.8300972
4002001854,"Zürcherstrasse 24B, 8852 Altendorf",bank,Bank Linth,47.1926716,8.8297208
4002001854,"Zürcherstrasse 24B, 8852 Altendorf",bank,Schwyzer Kantonalbank,47.193194,8.820028
4002001854,"Zürcherstrasse 24B, 8852 Altendorf",restaurant,D.O.C. Ristorante Pizzeria,47.1939675,8.8223333
4002001854,"Zürcherstrasse 24B, 8852 Altendorf",parking,n/a,47.1911217,8.835962
4002001854,"Zürcherstrasse 24B, 8852 Altendorf",parking,n/a,47.1913883,8.8345682
4002000627,"Schärenfeld 30, 8052 Seebach",restaurant,Rebstock,47.4198706,8.5480159
4002000627,"Schärenfeld 30, 8052 Seebach",pharmacy,Medbase Apotheke Seebach,47.4205226,8.5487362
4002000627,"Schärenfeld 30, 8052 Seebach",restaurant,Dông Quê,47.4202502,8.5484299
4002000627,"Schärenfeld 30, 8052 Seebach",pub,Machiavelli,47.4207708,8.5495305
4002000627,"Schärenfeld 30, 8052 Seebach",restaurant,Family Grill,47.4194842,8.5469086
4002000627,"Schärenfeld 30, 8052 Seebach",pharmacy,Gesundhaus Falken Apotheke,47.4196446,8.548453
4002000627,"Schärenfeld 30, 8052 Seebach",bar,Jolly Bar,47.4215832,8.550392
4002000627,"Schärenfeld 30, 8052 Seebach",pharmacy,Landhus Apotheke,47.4214731,8.550288
4002000627,"Schärenfeld 30, 8052 Seebach",atm,Bancomat ZKB,47.4206988,8.5489682
4002000627,"Schärenfeld 30, 8052 Seebach",parking,Migros Seebach,47.4193173,8.5485411
4002000627,"Schärenfeld 30, 8052 Seebach",atm,Postfinance,47.4190773,8.5467971
4002000627,"Schärenfeld 30, 8052 Seebach",cafe,Ami Tea Room,47.4175197,8.5462279
4002000627,"Schärenfeld 30, 8052 Seebach",fast_food,Awania,47.4200742,8.5482532
4002000627,"Schärenfeld 30, 8052 Seebach",restaurant,Mi Mi Sa,47.4193301,8.5469887
4002000627,"Schärenfeld 30, 8052 Seebach",fast_food,Seebacher Treff,47.421224,8.550043
4002000627,"Schärenfeld 30, 8052 Seebach",restaurant,Ozzi Bistro,47.420397,8.5486267
4002000627,"Schärenfeld 30, 8052 Seebach",restaurant,Landhus,47.4216283,8.5491603
4002000627,"Schärenfeld 30, 8052 Seebach",restaurant,Legend Döner,47.4178276,8.5460313
4002000627,"Schärenfeld 30, 8052 Seebach",fast_food,Domino's,47.4200243,8.5478942
4002000627,"Schärenfeld 30, 8052 Seebach",restaurant,Shahba Rose,47.4178923,8.546588
4002000627,"Schärenfeld 30, 8052 Seebach",bar,Seela,47.4177512,8.5457503
4002000627,"Schärenfeld 30, 8052 Seebach",bar,Bar Laguna,47.417732,8.5469095
4001997328,"Altweg 25, 8905 Arni",cafe,Sakura Sushi & More,47.3198544,8.4240637
4001988533,"Steinenbühlstrasse 50A, 5417 Untersiggenthal",parking,n/a,47.5103889,8.2658507
4001987266,"Delsbergerallee 68, 4053 Basel",restaurant,Halle7 Dunkelrestaurant Blinde Kuh,47.5415318,7.5937327
4001987266,"Delsbergerallee 68, 4053 Basel",cafe,Sutter Begg,47.5418217,7.5975665
4001987266,"Delsbergerallee 68, 4053 Basel",cafe,Bohemia,47.5406293,7.597733
4001987266,"Delsbergerallee 68, 4053 Basel",restaurant,River Square,47.5407402,7.6022858
4001987266,"Delsbergerallee 68, 4053 Basel",restaurant,Drei Eiben,47.5406315,7.5968383
4001987266,"Delsbergerallee 68, 4053 Basel",cafe,Da Graziella,47.5401968,7.5993514
4001987266,"Delsbergerallee 68, 4053 Basel",restaurant,Sushi Tenzan,47.5417053,7.5941911
4001987266,"Delsbergerallee 68, 4053 Basel",restaurant,Mondo,47.5409058,7.595863
4001987266,"Delsbergerallee 68, 4053 Basel",bank,Basler Kantonalbank,47.5418133,7.5983226
4001987266,"Delsbergerallee 68, 4053 Basel",restaurant,Thai Square,47.5400268,7.5998728
4001987266,"Delsbergerallee 68, 4053 Basel",pharmacy,Stern,47.5402801,7.5982091
4001987266,"Delsbergerallee 68, 4053 Basel",cafe,Smyrna,47.5405042,7.5973912
4001983791,"Schwärzere 19, 3425 Koppigen",school,n/a,47.1344991,7.6067629
4001983791,"Schwärzere 19, 3425 Koppigen",parking,n/a,47.132135,7.6073498
4001983791,"Schwärzere 19, 3425 Koppigen",bank,Raiffeisenbank,47.1319358,7.6070909
4001983791,"Schwärzere 19, 3425 Koppigen",parking,n/a,47.1331434,7.6070463
4001983791,"Schwärzere 19, 3425 Koppigen",parking,n/a,47.1320716,7.607104
4001983791,"Schwärzere 19, 3425 Koppigen",parking,n/a,47.1327058,7.6065377
4001983791,"Schwärzere 19, 3425 Koppigen",parking,n/a,47.1335692,7.6069102
4001983791,"Schwärzere 19, 3425 Koppigen",parking,n/a,47.1333198,7.6065242
4001983791,"Schwärzere 19, 3425 Koppigen",parking,n/a,47.1328386,7.6049819
4001982696,"Trogmattweg 9, 3506 Grosshöchstetten",restaurant,Löwen,46.9066733,7.6385676
4001982696,"Trogmattweg 9, 3506 Grosshöchstetten",restaurant,Sternen,46.907349,7.6378561
4001982696,"Trogmattweg 9, 3506 Grosshöchstetten",atm,n/a,46.9065521,7.638128
4001982696,"Trogmattweg 9, 3506 Grosshöchstetten",pharmacy,n/a,46.9065461,7.6373845
4001982696,"Trogmattweg 9, 3506 Grosshöchstetten",bank,UBS,46.9065223,7.639659
4001982696,"Trogmattweg 9, 3506 Grosshöchstetten",cafe,Caffè Pavillon,46.9050637,7.635413
4001982696,"Trogmattweg 9, 3506 Grosshöchstetten",bank,BEKB,46.9065607,7.6380719
4001982696,"Trogmattweg 9, 3506 Grosshöchstetten",atm,n/a,46.906526,7.6397359
4001982696,"Trogmattweg 9, 3506 Grosshöchstetten",atm,n/a,46.9043562,7.6348555
4001982696,"Trogmattweg 9, 3506 Grosshöchstetten",parking,n/a,46.9062129,7.6390227
4001980147,"Grubenstrasse 13b, 5070 Frick",pharmacy,Storchen Apotheke,47.5096952,8.0173795
4001980147,"Grubenstrasse 13b, 5070 Frick",fast_food,Bilen Kebap,47.5090678,8.0177487
4001980147,"Grubenstrasse 13b, 5070 Frick",bank,Raiffeisenbank Regio Frick,47.5091295,8.0184312
4001980147,"Grubenstrasse 13b, 5070 Frick",restaurant,Coop Restaurant,47.5086598,8.0189006
4001980147,"Grubenstrasse 13b, 5070 Frick",pharmacy,Coop Vitality,47.5088989,8.0188264
4001980147,"Grubenstrasse 13b, 5070 Frick",cafe,Piazza,47.5090777,8.0185201
4001970464,"Elsastrasse 16, 8004 Zürich",atm,Postfinance,47.3780333,8.5095733
4001970464,"Elsastrasse 16, 8004 Zürich",fast_food,Pizza Casa,47.376424,8.5141895
4001970464,"Elsastrasse 16, 8004 Zürich",restaurant,Pho 50,47.3773106,8.5130089
4001970464,"Elsastrasse 16, 8004 Zürich",pub,Légère,47.3763377,8.5143811
4001970464,"Elsastrasse 16, 8004 Zürich",restaurant,Taverne da Angelo,47.3761581,8.5147672
4001970464,"Elsastrasse 16, 8004 Zürich",atm,UBS Bancomat,47.3786046,8.5104619
4001970464,"Elsastrasse 16, 8004 Zürich",bank,UBS,47.3786284,8.5103744
4001970464,"Elsastrasse 16, 8004 Zürich",restaurant,FiveSpice,47.3758295,8.5164278
4001970464,"Elsastrasse 16, 8004 Zürich",restaurant,Derby,47.3761196,8.5163348
4001970464,"Elsastrasse 16, 8004 Zürich",restaurant,Rosi,47.376432,8.5162699
4001970464,"Elsastrasse 16, 8004 Zürich",pub,Play Bar,47.3762277,8.5146317
4001970464,"Elsastrasse 16, 8004 Zürich",restaurant,Café Boy,47.3779179,8.5160184
4001970464,"Elsastrasse 16, 8004 Zürich",restaurant,Hardhof,47.3781646,8.5109337
4001970464,"Elsastrasse 16, 8004 Zürich",pharmacy,Pilgerbrunnen Apotheke,47.3782798,8.5108558
4001970464,"Elsastrasse 16, 8004 Zürich",fast_food,Züri Bistro,47.3779515,8.5106961
4001970464,"Elsastrasse 16, 8004 Zürich",parking,Parkhaus Albisriederplatz,47.3794251,8.5081998
4001970464,"Elsastrasse 16, 8004 Zürich",atm,Bancomat ZKB,47.3780805,8.5110339
4001970464,"Elsastrasse 16, 8004 Zürich",pharmacy,Nature First Apotheke,47.3780503,8.5098694
4001970464,"Elsastrasse 16, 8004 Zürich",restaurant,Parea,47.3758611,8.5142545
4001970464,"Elsastrasse 16, 8004 Zürich",bar,La Ola Bar,47.3761962,8.5162805
4001970464,"Elsastrasse 16, 8004 Zürich",restaurant,Suan Long,47.378262,8.5095184
4001970464,"Elsastrasse 16, 8004 Zürich",cafe,Café Bar Orion,47.3775694,8.5161183
4001970464,"Elsastrasse 16, 8004 Zürich",restaurant,Four Twenty,47.3801026,8.5066494
4001970464,"Elsastrasse 16, 8004 Zürich",fast_food,Tacos Ramiro y Macario,47.3790661,8.5108789
4001970464,"Elsastrasse 16, 8004 Zürich",restaurant,Sentosa,47.377487,8.5125757
4001970464,"Elsastrasse 16, 8004 Zürich",restaurant,mit&ohne,47.375895,8.5161558
4001970464,"Elsastrasse 16, 8004 Zürich",restaurant,Tenz,47.3761214,8.5155216
4001970464,"Elsastrasse 16, 8004 Zürich",restaurant,Granò,47.3771838,8.5132636
4001970464,"Elsastrasse 16, 8004 Zürich",restaurant,Delicias latinas Zurich,47.376186,8.5153905
4001970464,"Elsastrasse 16, 8004 Zürich",restaurant,Endi,47.3774336,8.5127223
4001970464,"Elsastrasse 16, 8004 Zürich",cafe,Schmück ToGo / Black&Blaze Coffee,47.3765151,8.5140257
4001970464,"Elsastrasse 16, 8004 Zürich",pub,Billiard Center Zypresse,47.3774616,8.5138646
4001970464,"Elsastrasse 16, 8004 Zürich",fast_food,Delhi-Bistro,47.3773927,8.513108
4001970464,"Elsastrasse 16, 8004 Zürich",fast_food,Centro Pizza,47.3765089,8.5146024
4001970464,"Elsastrasse 16, 8004 Zürich",fast_food,Thai Food,47.3759386,8.5152955
4001970464,"Elsastrasse 16, 8004 Zürich",fast_food,Delhi House,47.3774466,8.5131703
4001970464,"Elsastrasse 16, 8004 Zürich",restaurant,Iberia,47.3781897,8.5086846
4001970464,"Elsastrasse 16, 8004 Zürich",cafe,Anny-K,47.3773006,8.5165338
4001966990,"Mühlemattstrasse 11, 6374 Buochs",restaurant,Kreuzgarten,46.9742452,8.4247492
4001966990,"Mühlemattstrasse 11, 6374 Buochs",restaurant,Zum Hirschen,46.9729312,8.4204634
4001966990,"Mühlemattstrasse 11, 6374 Buochs",restaurant,Fischmatt,46.9757309,8.4232634
4001966990,"Mühlemattstrasse 11, 6374 Buochs",bank,Raiffeisenbank Nidwalden,46.974012,8.4200295
4001966990,"Mühlemattstrasse 11, 6374 Buochs",bank,Nidwaldner Kantonalbank,46.9785161,8.4160273
4001966990,"Mühlemattstrasse 11, 6374 Buochs",cafe,Piccadilly,46.9749968,8.4199547
4001966990,"Mühlemattstrasse 11, 6374 Buochs",fast_food,FeRus,46.9777756,8.4156809
4001966990,"Mühlemattstrasse 11, 6374 Buochs",atm,n/a,46.9739877,8.4224046
4001966990,"Mühlemattstrasse 11, 6374 Buochs",restaurant,Der Italiener,46.9751298,8.425615
4001966990,"Mühlemattstrasse 11, 6374 Buochs",pub,Sherlocks Pub,46.9728934,8.4202603
4001966990,"Mühlemattstrasse 11, 6374 Buochs",restaurant,Bamboos,46.976004,8.4184912
4001966990,"Mühlemattstrasse 11, 6374 Buochs",restaurant,La Piazzetta,46.9735351,8.4211023
4001966990,"Mühlemattstrasse 11, 6374 Buochs",fast_food,s'Töpfli,46.9784693,8.4159098
4001966134,"Birsfelderstrasse 34, 4132 Muttenz",restaurant,Pizzeria Rennbahn,47.5321009,7.6337642
4001966134,"Birsfelderstrasse 34, 4132 Muttenz",clinic,Rennbahnklinik,47.5354867,7.633952
4001966134,"Birsfelderstrasse 34, 4132 Muttenz",restaurant,Alessia,47.5355604,7.6341281
4001966134,"Birsfelderstrasse 34, 4132 Muttenz",school,FOS Muttenz,47.5337971,7.634791
4001966134,"Birsfelderstrasse 34, 4132 Muttenz",school,Gymnasium Muttenz - Fachmittelschule,47.5345987,7.6386155
4001966134,"Birsfelderstrasse 34, 4132 Muttenz",school,Berufsbildungszentrum Baselland BBZ BL Muttenz,47.534228,7.6367566
4001962223,"Apfelseestr. 9, 4143 Dornach",restaurant,treff.zwölf,47.4828799,7.6094921
4001960538,"Bergstrasse 14, 8953 Dietikon",pharmacy,City Apotheke Ruckstuhl,47.4053583,8.402993
4001960538,"Bergstrasse 14, 8953 Dietikon",bank,Zürcher Kantonalbank,47.4048385,8.402418
4001960538,"Bergstrasse 14, 8953 Dietikon",restaurant,Migros Restaurant,47.4052072,8.4013786
4001960538,"Bergstrasse 14, 8953 Dietikon",pub,Zeus,47.4058392,8.4018052
4001960538,"Bergstrasse 14, 8953 Dietikon",fast_food,El Pablo,47.4054721,8.3987591
4001960538,"Bergstrasse 14, 8953 Dietikon",pharmacy,Amavita Dietikon,47.405637,8.3982172
4001960538,"Bergstrasse 14, 8953 Dietikon",restaurant,Molino,47.4060643,8.3971433
4001960538,"Bergstrasse 14, 8953 Dietikon",restaurant,Peking Garden,47.4047654,8.4026256
4001960538,"Bergstrasse 14, 8953 Dietikon",fast_food,Mali Pizza & Kebap,47.4043324,8.402963
4001960538,"Bergstrasse 14, 8953 Dietikon",restaurant,Treff,47.4065115,8.4020831
4001960538,"Bergstrasse 14, 8953 Dietikon",atm,n/a,47.4051157,8.4022489
4001960538,"Bergstrasse 14, 8953 Dietikon",restaurant,Taverne zur Krone,47.4057501,8.400649
4001960538,"Bergstrasse 14, 8953 Dietikon",restaurant,Ochsen,47.4014861,8.3973193
4001960538,"Bergstrasse 14, 8953 Dietikon",parking,n/a,47.4048831,8.4005551
4001960538,"Bergstrasse 14, 8953 Dietikon",parking,n/a,47.4053642,8.4013984
4001960538,"Bergstrasse 14, 8953 Dietikon",parking,n/a,47.4058217,8.4032167
4001960538,"Bergstrasse 14, 8953 Dietikon",restaurant,Heimat,47.4023148,8.3955106
4001960538,"Bergstrasse 14, 8953 Dietikon",bar,Moonlight,47.4016205,8.3963311
4001960538,"Bergstrasse 14, 8953 Dietikon",pharmacy,Löwen-Apotheke,47.4049414,8.4022509
4001960538,"Bergstrasse 14, 8953 Dietikon",fast_food,Spice Flavour,47.4056661,8.3989168
4001960538,"Bergstrasse 14, 8953 Dietikon",restaurant,Pad-Thai,47.4052611,8.3996154
4001960538,"Bergstrasse 14, 8953 Dietikon",bar,Chilling,47.4052643,8.4027757
4001960538,"Bergstrasse 14, 8953 Dietikon",fast_food,ALIBABA,47.4045984,8.4020282
4001960538,"Bergstrasse 14, 8953 Dietikon",fast_food,T. Wraps,47.405142,8.4024529
4001960538,"Bergstrasse 14, 8953 Dietikon",bar,Palace Sport-Bsr,47.404904,8.402662
4001960538,"Bergstrasse 14, 8953 Dietikon",fast_food,Namueng,47.404178,8.4031525
4001960538,"Bergstrasse 14, 8953 Dietikon",restaurant,Kono Pizza,47.4042958,8.402156
4001960538,"Bergstrasse 14, 8953 Dietikon",fast_food,Kebab Haus Dietikon,47.4042979,8.4023322
4001960538,"Bergstrasse 14, 8953 Dietikon",fast_food,Pizza Pasta,47.4055522,8.3991171
4001960538,"Bergstrasse 14, 8953 Dietikon",fast_food,Crispy Chicken,47.4060516,8.402481
4001960538,"Bergstrasse 14, 8953 Dietikon",atm,n/a,47.4052153,8.4032826
4001960538,"Bergstrasse 14, 8953 Dietikon",bar,Bar Idea,47.4050034,8.4026318
4001960538,"Bergstrasse 14, 8953 Dietikon",atm,n/a,47.4047901,8.4024679
4001960538,"Bergstrasse 14, 8953 Dietikon",restaurant,Luo,47.4016288,8.3974749
4001960538,"Bergstrasse 14, 8953 Dietikon",cafe,Mis Kaffi,47.4040737,8.4027124
4001960538,"Bergstrasse 14, 8953 Dietikon",fast_food,Burek King,47.4047982,8.4005664
4001960538,"Bergstrasse 14, 8953 Dietikon",fast_food,Royal Önder,47.4056015,8.3990154
4001953394,"Kempttalstrasse 78, 8308 Illnau-Effretikon",restaurant,Rössli Illnau,47.4082738,8.7265832
4001953394,"Kempttalstrasse 78, 8308 Illnau-Effretikon",restaurant,Steak House,47.4080005,8.7246055
4001953394,"Kempttalstrasse 78, 8308 Illnau-Effretikon",restaurant,Schmitte da Nino,47.4075463,8.7237243
4001953394,"Kempttalstrasse 78, 8308 Illnau-Effretikon",atm,Clientis Zürcher Regionalbank,47.4077696,8.7247534
4001953394,"Kempttalstrasse 78, 8308 Illnau-Effretikon",library,Bibliothek Illnau,47.4080853,8.7265095
4001953394,"Kempttalstrasse 78, 8308 Illnau-Effretikon",cafe,Efsin Café,47.4088377,8.7227821
4001953394,"Kempttalstrasse 78, 8308 Illnau-Effretikon",restaurant,Rössli,47.4082423,8.7263699
4001953394,"Kempttalstrasse 78, 8308 Illnau-Effretikon",bar,Frieden Bar,47.4081375,8.724541
4001953394,"Kempttalstrasse 78, 8308 Illnau-Effretikon",atm,n/a,47.4077775,8.7247484
4001948106,"Via Galli 8, 6600 Locarno",atm,n/a,46.16899,8.7913412
4001948106,"Via Galli 8, 6600 Locarno",restaurant,Trattoria Ristorante Campagna,46.1691524,8.7903797
4001948106,"Via Galli 8, 6600 Locarno",cafe,Bar Cafe Eni,46.1696189,8.7837254
4001948106,"Via Galli 8, 6600 Locarno",restaurant,Ristorante Pizzeria delle Valli,46.1698418,8.7890495
4001948106,"Via Galli 8, 6600 Locarno",parking,n/a,46.1698913,8.7904131
4001948106,"Via Galli 8, 6600 Locarno",restaurant,bar verzaschina,46.1679659,8.7897879
4001948106,"Via Galli 8, 6600 Locarno",restaurant,Pizzeria Flash Express,46.1677538,8.789934
4001937866,"Schipferstrasse 5, 8800 Thalwil",restaurant,Tisch 55,47.2851168,8.5702272
4001937866,"Schipferstrasse 5, 8800 Thalwil",parking,n/a,47.2869334,8.5687578
4001937866,"Schipferstrasse 5, 8800 Thalwil",parking,n/a,47.2861753,8.5689218
4001937866,"Schipferstrasse 5, 8800 Thalwil",parking,n/a,47.2818898,8.5758866
4001937866,"Schipferstrasse 5, 8800 Thalwil",parking,n/a,47.2866104,8.5711577
4001910546,"Billoweg 3, 8038 Zürich",parking,n/a,47.3498349,8.5309313
4001906397,"Baselstrasse 95, 4153 Reinach",school,International School Basel,47.5104966,7.6015806
4001906397,"Baselstrasse 95, 4153 Reinach",restaurant,Wacker,47.5092335,7.600486
4001906397,"Baselstrasse 95, 4153 Reinach",parking,n/a,47.5069898,7.5996852
4001906397,"Baselstrasse 95, 4153 Reinach",parking,n/a,47.5070521,7.6017291
4001906397,"Baselstrasse 95, 4153 Reinach",restaurant,Restaurant Landhof,47.501142,7.5998005
4001906397,"Baselstrasse 95, 4153 Reinach",atm,n/a,47.5064906,7.6007159
4001906397,"Baselstrasse 95, 4153 Reinach",parking,n/a,47.5059864,7.6002105
4001898329,"Werkgasse 28, 3018 Bern",restaurant,Trucker,46.9442456,7.3985876
4001898329,"Werkgasse 28, 3018 Bern",pharmacy,Schermen Apotheke,46.9442756,7.3992727
4001893464,"Winzerweg 9, 4123 Allschwil",cafe,Café Bäckerei am Dorfplatz,47.5512889,7.5364914
4001893464,"Winzerweg 9, 4123 Allschwil",fast_food,Pico Pizzeria,47.5503858,7.5369971
4001893464,"Winzerweg 9, 4123 Allschwil",restaurant,Restaurant Eintracht,47.5504341,7.5369421
4001893464,"Winzerweg 9, 4123 Allschwil",restaurant,Jägerstube,47.5515399,7.5371579
4001893464,"Winzerweg 9, 4123 Allschwil",restaurant,Restaurant Spitzwald,47.5406171,7.5417128
4001893301,"Haldenstrasse 8, 8045 Zürich",restaurant,Ploy-Thai,47.3639501,8.5201156
4001893301,"Haldenstrasse 8, 8045 Zürich",fast_food,Dieci Pizzakurier,47.3635821,8.5202242
4001893301,"Haldenstrasse 8, 8045 Zürich",cafe,Walter Buchmann,47.3623912,8.5189172
4001893301,"Haldenstrasse 8, 8045 Zürich",restaurant,AnaMiRa,47.3641859,8.5204226
4001893301,"Haldenstrasse 8, 8045 Zürich",restaurant,Hopfenau,47.3651417,8.5200023
4001893301,"Haldenstrasse 8, 8045 Zürich",restaurant,Swaad,47.3592215,8.5162289
4001893301,"Haldenstrasse 8, 8045 Zürich",fast_food,La Penisola,47.3603774,8.5164489
4001893301,"Haldenstrasse 8, 8045 Zürich",restaurant,Chez Nhan,47.3645425,8.520783
4001893301,"Haldenstrasse 8, 8045 Zürich",restaurant,Vietnam,47.3606785,8.5179538
4001893301,"Haldenstrasse 8, 8045 Zürich",restaurant,Utoburg,47.3616035,8.5180157
4001893301,"Haldenstrasse 8, 8045 Zürich",library,Schweizerische Bibliothek für Blinde und Seh- und Lesebehinderte,47.3619773,8.5164484
4001893301,"Haldenstrasse 8, 8045 Zürich",restaurant,Napoli (da Gerardo),47.3662269,8.5212488
4001893301,"Haldenstrasse 8, 8045 Zürich",pharmacy,TopPharm,47.3654807,8.5213755
4001893301,"Haldenstrasse 8, 8045 Zürich",restaurant,Maison Manesse,47.36518,8.5212519
4001893301,"Haldenstrasse 8, 8045 Zürich",restaurant,Uramakiya,47.3658973,8.5212335
4001893301,"Haldenstrasse 8, 8045 Zürich",fast_food,Payamlino Take Away,47.3615076,8.517904
4001893301,"Haldenstrasse 8, 8045 Zürich",clinic,Kanghua TCM&Lingua,47.3642808,8.5205204
4001893301,"Haldenstrasse 8, 8045 Zürich",restaurant,chez Smith,47.3614005,8.5146383
4001893301,"Haldenstrasse 8, 8045 Zürich",fast_food,Kaisin,47.3633742,8.5174676
4001893301,"Haldenstrasse 8, 8045 Zürich",restaurant,Restaurant Vereinigung,47.3632257,8.5220138
4001893301,"Haldenstrasse 8, 8045 Zürich",restaurant,Pizzeria Trattoria da Michele,47.3620219,8.5163974
4001893301,"Haldenstrasse 8, 8045 Zürich",restaurant,Binz Pasta e Pizza House,47.3611277,8.5174484
4001893301,"Haldenstrasse 8, 8045 Zürich",restaurant,Pizza Binz,47.3617013,8.5163091
4001893301,"Haldenstrasse 8, 8045 Zürich",school,Talmud Toire Chajei Oilom,47.3659036,8.5222293
4001892969,"Hauptstrasse 7, 4132 Muttenz",school,Schulhaus Breite,47.5241812,7.648008
4001892969,"Hauptstrasse 7, 4132 Muttenz",bar,Bajazzo,47.5244599,7.6464438
4001892969,"Hauptstrasse 7, 4132 Muttenz",fast_food,Cafe & More,47.5267647,7.6471139
4001892969,"Hauptstrasse 7, 4132 Muttenz",restaurant,Coop Restaurant,47.5276346,7.6476003
4001892969,"Hauptstrasse 7, 4132 Muttenz",restaurant,Gasthof zum Rebstock,47.5224442,7.6460993
4001892969,"Hauptstrasse 7, 4132 Muttenz",atm,n/a,47.5267901,7.6477194
4001892969,"Hauptstrasse 7, 4132 Muttenz",bank,Raiffeisenbank Arlesheim,47.5266295,7.6470612
4001892969,"Hauptstrasse 7, 4132 Muttenz",restaurant,Restaurant zum Wartenberg,47.5218749,7.6454774
4001892969,"Hauptstrasse 7, 4132 Muttenz",pharmacy,Rössli Apotheke,47.5255047,7.6470676
4001892969,"Hauptstrasse 7, 4132 Muttenz",restaurant,Wirtschaft zur Waage,47.5239672,7.6461572
4001892969,"Hauptstrasse 7, 4132 Muttenz",parking,n/a,47.522894,7.6481301
4001892969,"Hauptstrasse 7, 4132 Muttenz",restaurant,Trattoria Il Nuraghe,47.5238541,7.6455429
4001892969,"Hauptstrasse 7, 4132 Muttenz",fast_food,Dönerstop,47.5268261,7.6472043
4001892969,"Hauptstrasse 7, 4132 Muttenz",restaurant,Vicino,47.5254538,7.6472169
4001892969,"Hauptstrasse 7, 4132 Muttenz",bank,UBS,47.5262386,7.6474316
4001892969,"Hauptstrasse 7, 4132 Muttenz",restaurant,dr Egge - das restaurant,47.5227137,7.6448957
4001888521,"Dammweg 35, 5610 Wohlen AG",pub,Upstairs Billard Center,47.3445812,8.2756738
4001888521,"Dammweg 35, 5610 Wohlen AG",parking,n/a,47.3452398,8.2843913
4001888521,"Dammweg 35, 5610 Wohlen AG",parking,ACLI,47.3452398,8.2763197
4001888521,"Dammweg 35, 5610 Wohlen AG",parking,Friedhof,47.3459119,8.2776058
4001888521,"Dammweg 35, 5610 Wohlen AG",atm,Raiffeisen,47.347488,8.27705
4001888521,"Dammweg 35, 5610 Wohlen AG",parking,n/a,47.3460549,8.2778579
4001888521,"Dammweg 35, 5610 Wohlen AG",pharmacy,Bünz Apotheke,47.3482936,8.2768542
4001884400,"Via Monte Carmen 13, 6900 Lugano",restaurant,Villa Sassa,46.011964,8.9506724
4001884400,"Via Monte Carmen 13, 6900 Lugano",bar,Rookies Picchio,46.0081217,8.9509764
4001884400,"Via Monte Carmen 13, 6900 Lugano",restaurant,The CIRCLE,46.0114081,8.9549435
4001884400,"Via Monte Carmen 13, 6900 Lugano",restaurant,Wong Ho,46.0118126,8.9544167
4001884400,"Via Monte Carmen 13, 6900 Lugano",pharmacy,Farmacia Contrada dei Patrizi,46.0125702,8.9547338
4001884400,"Via Monte Carmen 13, 6900 Lugano",cafe,Café Tra,46.0130112,8.9540684
4001884400,"Via Monte Carmen 13, 6900 Lugano",library,Biblioteca Salita dei Frati di Lugano,46.0082931,8.9491749
4001884400,"Via Monte Carmen 13, 6900 Lugano",library,"Biblioteca interculturale per la prima infanzia ""Ricciogiramondo""",46.0131905,8.9546483
4001884400,"Via Monte Carmen 13, 6900 Lugano",bar,Bar Pinard,46.0120723,8.9547722
4001884400,"Via Monte Carmen 13, 6900 Lugano",restaurant,AMALO pinsa e gelato,46.0109159,8.9554293
4001884400,"Via Monte Carmen 13, 6900 Lugano",restaurant,Zio Pippo,46.0107681,8.9542612
4001883675,"Sonnhaldenstrasse 1, 8113 Boppelsen",restaurant,Lägernstübli,47.4702125,8.4035794
4001871860,"Lungolago Giuseppe Motta 78, 6815 Melide",restaurant,Caffè della Posta,45.9529412,8.9459788
4001871860,"Lungolago Giuseppe Motta 78, 6815 Melide",library,Biblioteca comunale di Melide,45.9536159,8.9450595
4001871860,"Lungolago Giuseppe Motta 78, 6815 Melide",pharmacy,Farmacia Internazionale,45.9542807,8.947261
4001871860,"Lungolago Giuseppe Motta 78, 6815 Melide",restaurant,Hotel Lac,45.9514215,8.9434927
4001871860,"Lungolago Giuseppe Motta 78, 6815 Melide",atm,n/a,45.9522467,8.9451559
4001867855,"Oberburgstrasse 90, 3400 Burgdorf",restaurant,Löwen/Tham Nak Thai,47.0392316,7.6252842
4001867855,"Oberburgstrasse 90, 3400 Burgdorf",atm,n/a,47.0396027,7.6255947
4001867855,"Oberburgstrasse 90, 3400 Burgdorf",cafe,Tea Room Neuhaus,47.039733,7.6251434
4001867855,"Oberburgstrasse 90, 3400 Burgdorf",parking,n/a,47.0462869,7.6239091
4001867855,"Oberburgstrasse 90, 3400 Burgdorf",parking,n/a,47.047134,7.6210907
4001867855,"Oberburgstrasse 90, 3400 Burgdorf",parking,n/a,47.0466178,7.6228758
4001852928,"Bernstrasse 149, 3400 Burgdorf",restaurant,Adulis Steinhof,47.052643,7.6190496
4001852928,"Bernstrasse 149, 3400 Burgdorf",restaurant,Hofgut,47.0529904,7.6200096
4001852928,"Bernstrasse 149, 3400 Burgdorf",parking,n/a,47.0530209,7.6206494
4001852928,"Bernstrasse 149, 3400 Burgdorf",parking,n/a,47.0520953,7.6110924
4001852928,"Bernstrasse 149, 3400 Burgdorf",parking,n/a,47.0530519,7.6119283
4001852928,"Bernstrasse 149, 3400 Burgdorf",parking,n/a,47.0530322,7.61328
4001852928,"Bernstrasse 149, 3400 Burgdorf",restaurant,Swen Asian Restaurant,47.0576274,7.612342
4001847968,"Länggasse 43, 4624 Härkingen",school,Primarschule Härkingen,47.3075616,7.8193986
4001847968,"Länggasse 43, 4624 Härkingen",restaurant,Gasthaus zum Lamm,47.3080915,7.8139615
4001815017,"Rainackerweg 70, 5303 Würenlingen",restaurant,Coop Restaurant,47.5254157,8.2445999
4001815017,"Rainackerweg 70, 5303 Würenlingen",restaurant,Kuhgässli,47.5256796,8.2451091
4001793303,"Via Mario Jaeggli 10, 6500 Bellinzona",parking,n/a,46.2065828,9.0278623
4001793303,"Via Mario Jaeggli 10, 6500 Bellinzona",parking,n/a,46.2066414,9.0278124
4001793303,"Via Mario Jaeggli 10, 6500 Bellinzona",parking,n/a,46.2064127,9.028125
4001793303,"Via Mario Jaeggli 10, 6500 Bellinzona",parking,n/a,46.2063373,9.0282763
4001793303,"Via Mario Jaeggli 10, 6500 Bellinzona",parking,n/a,46.2062622,9.0283709
4001793303,"Via Mario Jaeggli 10, 6500 Bellinzona",parking,n/a,46.2060281,9.0287246
4001793303,"Via Mario Jaeggli 10, 6500 Bellinzona",pharmacy,Farmacia San Gottardo,46.2021968,9.033804
4001793303,"Via Mario Jaeggli 10, 6500 Bellinzona",restaurant,Osteria della Bett,46.2044653,9.0245823
4001790468,"Länggenstrasse 3, 8184 Bachenbülach",atm,n/a,47.5060245,8.5419571
4001790468,"Länggenstrasse 3, 8184 Bachenbülach",parking,n/a,47.5031039,8.5452084
4001790468,"Länggenstrasse 3, 8184 Bachenbülach",pharmacy,Coop Vitality,47.5060901,8.5416419
4001790468,"Länggenstrasse 3, 8184 Bachenbülach",restaurant,San Marco,47.5037865,8.5464341
4001790468,"Länggenstrasse 3, 8184 Bachenbülach",restaurant,Zum Freihof,47.5030653,8.5455342
4001790468,"Länggenstrasse 3, 8184 Bachenbülach",parking,n/a,47.5035979,8.5468663
4001790468,"Länggenstrasse 3, 8184 Bachenbülach",parking,n/a,47.5015789,8.5437788
4001790468,"Länggenstrasse 3, 8184 Bachenbülach",parking,n/a,47.5011677,8.5436858
4001790468,"Länggenstrasse 3, 8184 Bachenbülach",parking,n/a,47.5025542,8.544028
4001790468,"Länggenstrasse 3, 8184 Bachenbülach",parking,n/a,47.5032722,8.5448438
4001790468,"Länggenstrasse 3, 8184 Bachenbülach",fast_food,Burger King,47.5051927,8.5415404
4001790468,"Länggenstrasse 3, 8184 Bachenbülach",fast_food,Food Corner,47.5073355,8.5412483
4001790468,"Länggenstrasse 3, 8184 Bachenbülach",parking,n/a,47.504516,8.5424054
4001709598,"Worbigstrasse 10B, 8416 Flaach",atm,n/a,47.5751043,8.6094274
4001709598,"Worbigstrasse 10B, 8416 Flaach",restaurant,Wirtschaft zur Post,47.5741674,8.6248159
4001668923,"Heimstr. 12, 9014 St. Gallen",cafe,Coffee Shop,47.412803,9.3346242
4001668923,"Heimstr. 12, 9014 St. Gallen",restaurant,Eissportzentrum Lerchenfeld,47.4150399,9.3407832
4001668314,"Via Crocetta 27a, 6962 Lugano",restaurant,Ristorante La Gasparina,46.0150502,8.9651781
4001668314,"Via Crocetta 27a, 6962 Lugano",restaurant,Food KF,46.015136,8.96516
4001668313,"Via Crocetta 25, 6962 Lugano",pub,Formula 1,46.0175693,8.9643096
4001668313,"Via Crocetta 25, 6962 Lugano",cafe,Dama's Cafe,46.0146642,8.9638199
4001668313,"Via Crocetta 25, 6962 Lugano",pharmacy,Farmacia Pregassona,46.0194498,8.9650003
4001668313,"Via Crocetta 25, 6962 Lugano",restaurant,La Bettola,46.0150711,8.9702957
4001668313,"Via Crocetta 25, 6962 Lugano",cafe,Caffè Gioconda da San Sir,46.0158587,8.9716365
4001668313,"Via Crocetta 25, 6962 Lugano",restaurant,Ristorante La Gasparina,46.0150502,8.9651781
4001668313,"Via Crocetta 25, 6962 Lugano",restaurant,Food KF,46.015136,8.96516
4001668313,"Via Crocetta 25, 6962 Lugano",bar,Snack Bar L'Angolo,46.0127886,8.9660116
4001668313,"Via Crocetta 25, 6962 Lugano",pharmacy,Farmacia Contrada dei Patrizi,46.0152804,8.9706312
4001668313,"Via Crocetta 25, 6962 Lugano",restaurant,Kyoto Sushi,46.0151056,8.970237
4001668188,"Auweg 20, 4450 Sissach",parking,n/a,47.4672747,7.8009757
4001608152,"Tulpenweg 19, 4153 Reinach",cafe,Café Grellinger,47.4933407,7.5889212
4001608152,"Tulpenweg 19, 4153 Reinach",cafe,Café Storch,47.4927869,7.5888236
4001608152,"Tulpenweg 19, 4153 Reinach",restaurant,Arcade Restaurant,47.4917834,7.5888125
4001608152,"Tulpenweg 19, 4153 Reinach",bank,Credit Suisse,47.4928234,7.5888923
4001510353,"Frohburgerstrasse 9, 4132 Muttenz",parking,n/a,47.5251219,7.6587317
4001510353,"Frohburgerstrasse 9, 4132 Muttenz",parking,n/a,47.5265592,7.6556922
4001510353,"Frohburgerstrasse 9, 4132 Muttenz",parking,n/a,47.5256298,7.6558362
4001510353,"Frohburgerstrasse 9, 4132 Muttenz",parking,n/a,47.5275499,7.6510429
4001447177,"Kronengasse 1, 5000 Aarau",pharmacy,TopPharm,47.3923834,8.0443151
4001447177,"Kronengasse 1, 5000 Aarau",restaurant,La Crêperie,47.3924339,8.0447397
4001447177,"Kronengasse 1, 5000 Aarau",restaurant,Ninni,47.3923196,8.0444516
4001447177,"Kronengasse 1, 5000 Aarau",restaurant,Speck,47.3936959,8.0434811
4001447177,"Kronengasse 1, 5000 Aarau",restaurant,Laterne,47.392778,8.043911
4001447177,"Kronengasse 1, 5000 Aarau",bar,Garage,47.3926247,8.0431241
4001447177,"Kronengasse 1, 5000 Aarau",atm,n/a,47.3935972,8.0456401
4001447177,"Kronengasse 1, 5000 Aarau",parking,Kasernen-Parking,47.3937574,8.0476277
4001447177,"Kronengasse 1, 5000 Aarau",restaurant,El Camino,47.3925202,8.0448385
4001447177,"Kronengasse 1, 5000 Aarau",bar,Platzhirsch,47.3930164,8.0436629
4001447177,"Kronengasse 1, 5000 Aarau",parking,Kasinoparking/City Märt,47.3923078,8.0467287
4001447177,"Kronengasse 1, 5000 Aarau",restaurant,Migros Restaurant,47.3917644,8.0464241
4001447177,"Kronengasse 1, 5000 Aarau",pharmacy,Schön & Gsund,47.3919832,8.0468455
4001447177,"Kronengasse 1, 5000 Aarau",cafe,Tuchlaube,47.3937141,8.0437976
4001447177,"Kronengasse 1, 5000 Aarau",restaurant,Freihof,47.3941726,8.048639
4001447177,"Kronengasse 1, 5000 Aarau",restaurant,Waldmeier,47.3918051,8.0449938
4001447177,"Kronengasse 1, 5000 Aarau",restaurant,Mulia,47.3926564,8.0437531
4001447177,"Kronengasse 1, 5000 Aarau",restaurant,Altstadt,47.3926099,8.0438007
4001447177,"Kronengasse 1, 5000 Aarau",bar,Scalo,47.3929773,8.0439972
4001447177,"Kronengasse 1, 5000 Aarau",restaurant,Max & Moriz,47.3930422,8.0441487
4001447177,"Kronengasse 1, 5000 Aarau",restaurant,Spagi,47.3935858,8.0440611
4001447177,"Kronengasse 1, 5000 Aarau",fast_food,GoodFood Falken,47.3925624,8.0446669
4001447177,"Kronengasse 1, 5000 Aarau",restaurant,Hung Fat,47.392026,8.0447147
4001447177,"Kronengasse 1, 5000 Aarau",bank,Raiffeisenbank Aarau-Lenzburg,47.3916713,8.0473647
4001447177,"Kronengasse 1, 5000 Aarau",pub,Mr. Pick Wick Pub,47.3929881,8.045533
4001447177,"Kronengasse 1, 5000 Aarau",restaurant,Café Literaire,47.3923802,8.0462693
4001447177,"Kronengasse 1, 5000 Aarau",library,Stadtbibliothek Aarau,47.3924056,8.0461741
4001447177,"Kronengasse 1, 5000 Aarau",restaurant,Oliv,47.3929503,8.0443534
4001447177,"Kronengasse 1, 5000 Aarau",restaurant,PANINI Cultura Caffè,47.3932395,8.0453016
4001447177,"Kronengasse 1, 5000 Aarau",bar,Jojo,47.3932926,8.0443161
4001447177,"Kronengasse 1, 5000 Aarau",restaurant,Waage,47.3932295,8.0440799
4001447177,"Kronengasse 1, 5000 Aarau",restaurant,Ticino,47.3922637,8.0441443
4001447177,"Kronengasse 1, 5000 Aarau",bank,Bank Cler,47.3927381,8.0467635
4001447177,"Kronengasse 1, 5000 Aarau",restaurant,Sevilla,47.3926864,8.0433238
4001447177,"Kronengasse 1, 5000 Aarau",cafe,Giusi,47.3916731,8.0438924
4001447177,"Kronengasse 1, 5000 Aarau",cafe,Beck Maier - Café Restaurant Maier,47.3911654,8.0442506
4001447177,"Kronengasse 1, 5000 Aarau",restaurant,Sultan - Restaurant Halde,47.3933179,8.0425856
4001447177,"Kronengasse 1, 5000 Aarau",bar,Mad Cat,47.3929364,8.0427678
4001447177,"Kronengasse 1, 5000 Aarau",bank,Valiant Bank,47.3936257,8.0457285
4001447177,"Kronengasse 1, 5000 Aarau",restaurant,Comitato Cittadino CCA,47.3939496,8.043522
4001447177,"Kronengasse 1, 5000 Aarau",atm,PostFinance,47.393232,8.044681
4001447177,"Kronengasse 1, 5000 Aarau",cafe,Ccino,47.3912229,8.0442794
4001447177,"Kronengasse 1, 5000 Aarau",cafe,Starbucks,47.3921368,8.046264
4001447177,"Kronengasse 1, 5000 Aarau",bar,OscarOne,47.393489,8.0453051
4001447177,"Kronengasse 1, 5000 Aarau",fast_food,Pim's Thai Doodles 2 go,47.393691,8.0439693
4001447177,"Kronengasse 1, 5000 Aarau",fast_food,Empanaderia Aarau,47.3936539,8.043997
4001447177,"Kronengasse 1, 5000 Aarau",pub,No6 Butcher Street,47.3934518,8.0441859
4001447177,"Kronengasse 1, 5000 Aarau",fast_food,Bistro Brotkorb,47.3936379,8.0436113
4001447177,"Kronengasse 1, 5000 Aarau",restaurant,Thai Time,47.3926487,8.0445802
4001447177,"Kronengasse 1, 5000 Aarau",restaurant,La Caverna,47.3926205,8.0456946
4001447177,"Kronengasse 1, 5000 Aarau",bar,Billard Bar,47.393491,8.0452121
4001447177,"Kronengasse 1, 5000 Aarau",pharmacy,Neue Apotheke,47.3912185,8.0449335
4001447177,"Kronengasse 1, 5000 Aarau",bar,Bar im Stall,47.3925648,8.0478877
4001447177,"Kronengasse 1, 5000 Aarau",bar,Theo Getränkewerkstatt,47.3923696,8.0445726
4001447177,"Kronengasse 1, 5000 Aarau",pub,Stadt Turm,47.3915322,8.0440426
4001447177,"Kronengasse 1, 5000 Aarau",fast_food,Ahram,47.3923124,8.044674
4001447177,"Kronengasse 1, 5000 Aarau",bar,Zum Bierstübli,47.3924138,8.0446521
4001447177,"Kronengasse 1, 5000 Aarau",cafe,Lockentopf,47.3921842,8.0442509
4001447177,"Kronengasse 1, 5000 Aarau",bar,Näscht,47.3932,8.04414
4001447177,"Kronengasse 1, 5000 Aarau",restaurant,Peppino,47.3934011,8.0436047
4001447177,"Kronengasse 1, 5000 Aarau",restaurant,Little Sem,47.3930999,8.0432302
4001447177,"Kronengasse 1, 5000 Aarau",cafe,Honey,47.3924479,8.0442461
4001447177,"Kronengasse 1, 5000 Aarau",restaurant,Tenzin Momo,47.3920773,8.0455719
4001447177,"Kronengasse 1, 5000 Aarau",restaurant,Krone,47.3930124,8.0440709
4001447177,"Kronengasse 1, 5000 Aarau",fast_food,Steingrill,47.3929063,8.0437828
4001447177,"Kronengasse 1, 5000 Aarau",bar,Boiler Club,47.3925594,8.043857
4001447177,"Kronengasse 1, 5000 Aarau",fast_food,Wakara Karaage,47.392275,8.045616
4001447177,"Kronengasse 1, 5000 Aarau",bar,HOBO,47.3923685,8.0440275
4001447177,"Kronengasse 1, 5000 Aarau",fast_food,Cirqu 9,47.3931324,8.0447949
4001447177,"Kronengasse 1, 5000 Aarau",cafe,Byro,47.392913,8.0433957
4001447177,"Kronengasse 1, 5000 Aarau",atm,Värdex Crypto ATM,47.3915078,8.0430345
4001190324,"Heidenlochstrasse 110, 4410 Liestal",parking,n/a,47.4828215,7.7456484
4001123839,"Schlossbergweg 6b, 5400 Baden",parking,Linde (Mieter),47.4712216,8.3040665
4001123839,"Schlossbergweg 6b, 5400 Baden",restaurant,Linde,47.4711695,8.3047962
4001123839,"Schlossbergweg 6b, 5400 Baden",restaurant,Bones,47.4709595,8.3054389
4002076836,"Zürcherstrasse 42, 8142 Uitikon Waldegg",restaurant,Restaurant Dörfli,47.3703657,8.4536068
4002076836,"Zürcherstrasse 42, 8142 Uitikon Waldegg",restaurant,Restaurant Frohsinn,47.370248,8.4522594
4002076836,"Zürcherstrasse 42, 8142 Uitikon Waldegg",pharmacy,Waldegg Rotpunkt Apotheke,47.3684193,8.4628225
4002076836,"Zürcherstrasse 42, 8142 Uitikon Waldegg",bank,Raiffeisenbank Mutschellen-Reppischtal,47.3682911,8.4626849
4002076836,"Zürcherstrasse 42, 8142 Uitikon Waldegg",atm,n/a,47.3703505,8.4542154
4002076836,"Zürcherstrasse 42, 8142 Uitikon Waldegg",library,Schul- und Gemeindebibliothek Uitikon,47.3679191,8.462252
4002076836,"Zürcherstrasse 42, 8142 Uitikon Waldegg",parking,Coop Parkhaus,47.3681544,8.4618148
4002076759,"Bächtelenweg 3, 3084 Wabern",restaurant,Zamarod,46.9277644,7.4531675
4002076759,"Bächtelenweg 3, 3084 Wabern",restaurant,Zamarod,46.9277693,7.4532194
4002076759,"Bächtelenweg 3, 3084 Wabern",fast_food,Inter Pizza,46.9230933,7.4600733
4002076759,"Bächtelenweg 3, 3084 Wabern",restaurant,Yam Yam Thai Food,46.926315,7.4552233
4002076759,"Bächtelenweg 3, 3084 Wabern",fast_food,Jecky’s Take Away,46.9278259,7.4529372
4002076367,"Parkweg 2, 4852 Rothrist",restaurant,Rössli,47.3051918,7.8996575
4002076367,"Parkweg 2, 4852 Rothrist",restaurant,Pizzeria Pöstli,47.3057936,7.888889
4002076367,"Parkweg 2, 4852 Rothrist",pharmacy,Apotheke Rothrist,47.3046181,7.8961596
4002076367,"Parkweg 2, 4852 Rothrist",cafe,Café Bijou,47.3051342,7.8916425
4002076367,"Parkweg 2, 4852 Rothrist",restaurant,Villa Dörfli,47.3056364,7.8871619
4002076367,"Parkweg 2, 4852 Rothrist",library,Schul- und Gemeindebibliothek Rothrist,47.3053121,7.8893994
4002076367,"Parkweg 2, 4852 Rothrist",parking,n/a,47.3050104,7.8903507
4002076367,"Parkweg 2, 4852 Rothrist",restaurant,Sennhof,47.3055398,7.8911764
4002076367,"Parkweg 2, 4852 Rothrist",bank,Aargauische Kantonalbank,47.3060945,7.8890338
4002076367,"Parkweg 2, 4852 Rothrist",parking,n/a,47.3051384,7.8937689
4002076367,"Parkweg 2, 4852 Rothrist",parking,n/a,47.3050411,7.8935734
4002076367,"Parkweg 2, 4852 Rothrist",parking,n/a,47.3034559,7.891901
4002076367,"Parkweg 2, 4852 Rothrist",parking,n/a,47.3054748,7.8913735
4002076367,"Parkweg 2, 4852 Rothrist",parking,n/a,47.3050721,7.8918016
4002076367,"Parkweg 2, 4852 Rothrist",parking,n/a,47.3048414,7.8917649
4002076367,"Parkweg 2, 4852 Rothrist",parking,n/a,47.3046301,7.8906519
4002076367,"Parkweg 2, 4852 Rothrist",parking,n/a,47.3045129,7.8901961
4002076367,"Parkweg 2, 4852 Rothrist",parking,n/a,47.3043438,7.8957948
4002076367,"Parkweg 2, 4852 Rothrist",parking,n/a,47.3046932,7.8961409
4002076367,"Parkweg 2, 4852 Rothrist",parking,n/a,47.3046312,7.8959125
4002076355,"Parkweg 2, 4852 Rothrist",restaurant,Rössli,47.3051918,7.8996575
4002076355,"Parkweg 2, 4852 Rothrist",restaurant,Pizzeria Pöstli,47.3057936,7.888889
4002076355,"Parkweg 2, 4852 Rothrist",pharmacy,Apotheke Rothrist,47.3046181,7.8961596
4002076355,"Parkweg 2, 4852 Rothrist",cafe,Café Bijou,47.3051342,7.8916425
4002076355,"Parkweg 2, 4852 Rothrist",restaurant,Villa Dörfli,47.3056364,7.8871619
4002076355,"Parkweg 2, 4852 Rothrist",library,Schul- und Gemeindebibliothek Rothrist,47.3053121,7.8893994
4002076355,"Parkweg 2, 4852 Rothrist",parking,n/a,47.3050104,7.8903507
4002076355,"Parkweg 2, 4852 Rothrist",restaurant,Sennhof,47.3055398,7.8911764
4002076355,"Parkweg 2, 4852 Rothrist",bank,Aargauische Kantonalbank,47.3060945,7.8890338
4002076355,"Parkweg 2, 4852 Rothrist",parking,n/a,47.3051384,7.8937689
4002076355,"Parkweg 2, 4852 Rothrist",parking,n/a,47.3050411,7.8935734
4002076355,"Parkweg 2, 4852 Rothrist",parking,n/a,47.3034559,7.891901
4002076355,"Parkweg 2, 4852 Rothrist",parking,n/a,47.3054748,7.8913735
4002076355,"Parkweg 2, 4852 Rothrist",parking,n/a,47.3050721,7.8918016
4002076355,"Parkweg 2, 4852 Rothrist",parking,n/a,47.3048414,7.8917649
4002076355,"Parkweg 2, 4852 Rothrist",parking,n/a,47.3046301,7.8906519
4002076355,"Parkweg 2, 4852 Rothrist",parking,n/a,47.3045129,7.8901961
4002076355,"Parkweg 2, 4852 Rothrist",parking,n/a,47.3043438,7.8957948
4002076355,"Parkweg 2, 4852 Rothrist",parking,n/a,47.3046932,7.8961409
4002076355,"Parkweg 2, 4852 Rothrist",parking,n/a,47.3046312,7.8959125
4002075874,"Holeestrasse 101, 4054 Basel",restaurant,Gasthof Neubad,47.5451433,7.5636794
4002075874,"Holeestrasse 101, 4054 Basel",bank,UBS,47.5466512,7.5645224
4002075874,"Holeestrasse 101, 4054 Basel",restaurant,Restaurant Pizzeria Dorenbach,47.5448366,7.5716504
4002075874,"Holeestrasse 101, 4054 Basel",atm,n/a,47.5461951,7.564392
4002075874,"Holeestrasse 101, 4054 Basel",restaurant,pico,47.546335,7.5644729
4002073300,"Hammerstrasse 92, 4057 Basel",restaurant,Restaurant Zum Wilde Maa,47.5679494,7.595093
4002073300,"Hammerstrasse 92, 4057 Basel",restaurant,Zum Goldenen Fass,47.5656669,7.5956372
4002073300,"Hammerstrasse 92, 4057 Basel",restaurant,Delfin,47.5665578,7.5917694
4002073300,"Hammerstrasse 92, 4057 Basel",cafe,Da Graziella,47.5664559,7.5928691
4002073300,"Hammerstrasse 92, 4057 Basel",cafe,Acero,47.5659948,7.5941398
4002073300,"Hammerstrasse 92, 4057 Basel",cafe,Didi Bar,47.5656436,7.5934442
4002073300,"Hammerstrasse 92, 4057 Basel",cafe,Saint Tropez,47.5651584,7.5940531
4002073300,"Hammerstrasse 92, 4057 Basel",restaurant,Hong Kong,47.5651063,7.5981445
4002073300,"Hammerstrasse 92, 4057 Basel",fast_food,Isbilir,47.5671452,7.5952952
4002073300,"Hammerstrasse 92, 4057 Basel",fast_food,Royal Grill,47.5668682,7.5953324
4002073300,"Hammerstrasse 92, 4057 Basel",atm,Basler Kantonalbank,47.5638499,7.5993087
4002073300,"Hammerstrasse 92, 4057 Basel",restaurant,Efringerhof,47.5673371,7.5963892
4002073300,"Hammerstrasse 92, 4057 Basel",restaurant,Tapeo Tapas Bar La Terraza,47.566436,7.597422
4002073300,"Hammerstrasse 92, 4057 Basel",restaurant,Urban Greek,47.5658332,7.5956113
4002073300,"Hammerstrasse 92, 4057 Basel",fast_food,Lu,47.5662885,7.5918563
4002073300,"Hammerstrasse 92, 4057 Basel",restaurant,Nua,47.5660088,7.5975782
4002073300,"Hammerstrasse 92, 4057 Basel",restaurant,Boo Messeplatz,47.5642735,7.5983857
4002073300,"Hammerstrasse 92, 4057 Basel",atm,n/a,47.5638698,7.5992961
4002073300,"Hammerstrasse 92, 4057 Basel",fast_food,Astro Fries,47.5664318,7.5925697
4002073300,"Hammerstrasse 92, 4057 Basel",cafe,SMUK Café Bar,47.567226,7.5958963
4002073300,"Hammerstrasse 92, 4057 Basel",restaurant,Avant-Gouz,47.5677168,7.5948728
4002073300,"Hammerstrasse 92, 4057 Basel",bar,Locanda,47.564069,7.5977405
4002073300,"Hammerstrasse 92, 4057 Basel",bar,Rouine,47.5666217,7.5924914
4002073300,"Hammerstrasse 92, 4057 Basel",pharmacy,Hammer Apotheke,47.567587,7.5952345
4002073300,"Hammerstrasse 92, 4057 Basel",bar,pusat cafe bar,47.5678995,7.5948047
4002073300,"Hammerstrasse 92, 4057 Basel",fast_food,Hoffmann's Bagel,47.5671995,7.596898
4002073300,"Hammerstrasse 92, 4057 Basel",restaurant,Pandarosa,47.5644099,7.5984284
4002073300,"Hammerstrasse 92, 4057 Basel",restaurant,Chanthaburi,47.56648,7.5916548
4002073300,"Hammerstrasse 92, 4057 Basel",restaurant,Pizzeria La Perla,47.5653483,7.595655
4002073300,"Hammerstrasse 92, 4057 Basel",fast_food,Lu,47.5663068,7.5918813
4002073300,"Hammerstrasse 92, 4057 Basel",pub,Fass Bar,47.5657565,7.5956208
4002073300,"Hammerstrasse 92, 4057 Basel",restaurant,Reataurant Lu,47.5663965,7.5923787
4002072457,"Parkweg 2, 4852 Rothrist",restaurant,Rössli,47.3051918,7.8996575
4002072457,"Parkweg 2, 4852 Rothrist",restaurant,Pizzeria Pöstli,47.3057936,7.888889
4002072457,"Parkweg 2, 4852 Rothrist",pharmacy,Apotheke Rothrist,47.3046181,7.8961596
4002072457,"Parkweg 2, 4852 Rothrist",cafe,Café Bijou,47.3051342,7.8916425
4002072457,"Parkweg 2, 4852 Rothrist",restaurant,Villa Dörfli,47.3056364,7.8871619
4002072457,"Parkweg 2, 4852 Rothrist",library,Schul- und Gemeindebibliothek Rothrist,47.3053121,7.8893994
4002072457,"Parkweg 2, 4852 Rothrist",parking,n/a,47.3050104,7.8903507
4002072457,"Parkweg 2, 4852 Rothrist",restaurant,Sennhof,47.3055398,7.8911764
4002072457,"Parkweg 2, 4852 Rothrist",bank,Aargauische Kantonalbank,47.3060945,7.8890338
4002072457,"Parkweg 2, 4852 Rothrist",parking,n/a,47.3051384,7.8937689
4002072457,"Parkweg 2, 4852 Rothrist",parking,n/a,47.3050411,7.8935734
4002072457,"Parkweg 2, 4852 Rothrist",parking,n/a,47.3034559,7.891901
4002072457,"Parkweg 2, 4852 Rothrist",parking,n/a,47.3054748,7.8913735
4002072457,"Parkweg 2, 4852 Rothrist",parking,n/a,47.3050721,7.8918016
4002072457,"Parkweg 2, 4852 Rothrist",parking,n/a,47.3048414,7.8917649
4002072457,"Parkweg 2, 4852 Rothrist",parking,n/a,47.3046301,7.8906519
4002072457,"Parkweg 2, 4852 Rothrist",parking,n/a,47.3045129,7.8901961
4002072457,"Parkweg 2, 4852 Rothrist",parking,n/a,47.3043438,7.8957948
4002072457,"Parkweg 2, 4852 Rothrist",parking,n/a,47.3046932,7.8961409
4002072457,"Parkweg 2, 4852 Rothrist",parking,n/a,47.3046312,7.8959125
4002063359,"Dietenrainweg 8, 8610 Uster",parking,n/a,47.3373803,8.7165413
4002063359,"Dietenrainweg 8, 8610 Uster",parking,n/a,47.3386692,8.7170091
4002063238,"Zürcherstrasse 35, 9500 Wil SG",parking,Parkhaus Bahnhof,47.4630797,9.0411739
4002063238,"Zürcherstrasse 35, 9500 Wil SG",bar,Ralph's Bar,47.4646039,9.0428107
4002063238,"Zürcherstrasse 35, 9500 Wil SG",restaurant,Hirschen,47.4634005,9.021294
4002063238,"Zürcherstrasse 35, 9500 Wil SG",bank,Valiant,47.464675,9.0441846
4002063238,"Zürcherstrasse 35, 9500 Wil SG",atm,n/a,47.4647998,9.0445734
4002063238,"Zürcherstrasse 35, 9500 Wil SG",cafe,Evolet,47.4649958,9.0444741
4002063238,"Zürcherstrasse 35, 9500 Wil SG",pharmacy,Medbase Apotheke Wil,47.4649791,9.0444152
4002063238,"Zürcherstrasse 35, 9500 Wil SG",restaurant,El Burro,47.4646034,9.0426646
4002063238,"Zürcherstrasse 35, 9500 Wil SG",restaurant,Kreisel Imbiss,47.4644276,9.0420894
4002063238,"Zürcherstrasse 35, 9500 Wil SG",restaurant,Yildiz Kebab,47.4647179,9.040875
4002063238,"Zürcherstrasse 35, 9500 Wil SG",restaurant,Migros Restaurant,47.4627849,9.0423979
4002063238,"Zürcherstrasse 35, 9500 Wil SG",bar,Pino,47.4631025,9.0415361
4002063238,"Zürcherstrasse 35, 9500 Wil SG",restaurant,Piccola,47.4637875,9.0429424
4002063238,"Zürcherstrasse 35, 9500 Wil SG",restaurant,Swan21,47.46438,9.0432072
4002063238,"Zürcherstrasse 35, 9500 Wil SG",atm,n/a,47.4625754,9.0417532
4002063238,"Zürcherstrasse 35, 9500 Wil SG",restaurant,Neu-Toggenburg,47.4651566,9.0432598
4002063238,"Zürcherstrasse 35, 9500 Wil SG",bank,Raiffeisenbank Wil,47.4654665,9.043301
4002063238,"Zürcherstrasse 35, 9500 Wil SG",bar,West Side Bar,47.4631473,9.0401266
4002063238,"Zürcherstrasse 35, 9500 Wil SG",bus_station,"Wil, Bahnhof",47.4627479,9.0414621
4002063238,"Zürcherstrasse 35, 9500 Wil SG",library,BIZ Berufs- und Laufbahnberatung Wil,47.4647159,9.0433653
4002063238,"Zürcherstrasse 35, 9500 Wil SG",atm,n/a,47.4653669,9.0433199
4002063238,"Zürcherstrasse 35, 9500 Wil SG",restaurant,Pizzeria Piccola,47.4637459,9.0428211
4002063238,"Zürcherstrasse 35, 9500 Wil SG",bar,Santos Bar,47.4637569,9.0442835
4002063238,"Zürcherstrasse 35, 9500 Wil SG",bank,Migros Bank,47.4650112,9.0428517
4002063238,"Zürcherstrasse 35, 9500 Wil SG",bank,PostFinance,47.4640875,9.0450486
4002063238,"Zürcherstrasse 35, 9500 Wil SG",bank,Acrevis,47.4653002,9.0443816
4002063238,"Zürcherstrasse 35, 9500 Wil SG",restaurant,Restaurant Psychiatrie St. Gallen,47.4664758,9.0372207
4002063238,"Zürcherstrasse 35, 9500 Wil SG",atm,n/a,47.4673442,9.0278687
4002063238,"Zürcherstrasse 35, 9500 Wil SG",parking,Parkhaus Bahnhof,47.4634494,9.0419893
4002062320,"Im Kirchbrunnen 7, 8153 Rümlang",restaurant,Romantica,47.4526469,8.5298506
4002062320,"Im Kirchbrunnen 7, 8153 Rümlang",restaurant,Trizi's Dorfbeiz,47.4513302,8.5304761
4002062320,"Im Kirchbrunnen 7, 8153 Rümlang",atm,n/a,47.4530767,8.5294957
4002062320,"Im Kirchbrunnen 7, 8153 Rümlang",atm,Zürcher Kantonalbank,47.4498788,8.5316751
4002062320,"Im Kirchbrunnen 7, 8153 Rümlang",atm,n/a,47.4540841,8.5325643
4002062320,"Im Kirchbrunnen 7, 8153 Rümlang",bar,n/a,47.4517361,8.537071
4002062320,"Im Kirchbrunnen 7, 8153 Rümlang",fast_food,Tuono,47.4533118,8.5330521
4002062320,"Im Kirchbrunnen 7, 8153 Rümlang",restaurant,n/a,47.4517983,8.5300184
4002061078,"Mühlestrasse 9, 6022 Grosswangen",restaurant,Restaurant Pinte,47.1334191,8.0483531
4002061078,"Mühlestrasse 9, 6022 Grosswangen",cafe,Krummenacher,47.1340637,8.0474612
4002061078,"Mühlestrasse 9, 6022 Grosswangen",restaurant,Gasthaus zum Ochsen,47.1347846,8.0477613
4002061078,"Mühlestrasse 9, 6022 Grosswangen",restaurant,Pizzeria da Pino,47.1317766,8.0531402
4002061078,"Mühlestrasse 9, 6022 Grosswangen",restaurant,Restaurant Bad,47.1341221,8.0444759
4002061078,"Mühlestrasse 9, 6022 Grosswangen",fast_food,My Imbiss,47.1338493,8.0474211
4002056374,"Teufenerstrasse 4, 9000 St. Gallen",parking,Parkgarage Neumarkt,47.4218293,9.3707853
4002056374,"Teufenerstrasse 4, 9000 St. Gallen",bank,Now,47.422494,9.3730486
4002056374,"Teufenerstrasse 4, 9000 St. Gallen",bar,Tankstell Bar,47.4167788,9.3668399
4002056374,"Teufenerstrasse 4, 9000 St. Gallen",restaurant,Ristorante Acquarello,47.4200411,9.368385
4002056374,"Teufenerstrasse 4, 9000 St. Gallen",restaurant,Stickerei,47.4218376,9.3748054
4002056374,"Teufenerstrasse 4, 9000 St. Gallen",restaurant,Facincani,47.4219453,9.3756824
4002056374,"Teufenerstrasse 4, 9000 St. Gallen",bar,Baracca Bar and Music,47.4209232,9.371314
4002056374,"Teufenerstrasse 4, 9000 St. Gallen",school,Primarschulhaus St. Leonhard,47.4206504,9.3686713
4002056374,"Teufenerstrasse 4, 9000 St. Gallen",restaurant,The Pinch,47.4207872,9.3701373
4002056374,"Teufenerstrasse 4, 9000 St. Gallen",school,Primarschule Tschudiwies,47.4168456,9.3658253
4002056374,"Teufenerstrasse 4, 9000 St. Gallen",fast_food,Kim Ngoc,47.4208377,9.3708446
4002056374,"Teufenerstrasse 4, 9000 St. Gallen",parking,Raiffeisen,47.4209431,9.372538
4002056374,"Teufenerstrasse 4, 9000 St. Gallen",restaurant,Migros Restaurant,47.4215563,9.3716691
4002056374,"Teufenerstrasse 4, 9000 St. Gallen",restaurant,s'Teeblatt Teahouse,47.4218872,9.3755618
4002056374,"Teufenerstrasse 4, 9000 St. Gallen",restaurant,Mamma Assunta,47.4216993,9.3738975
4002056374,"Teufenerstrasse 4, 9000 St. Gallen",parking,Tiefgarage Pestalozzistrasse,47.4202369,9.3682803
4002056374,"Teufenerstrasse 4, 9000 St. Gallen",bar,Haki's Shisha Lounge,47.4184354,9.3671231
4002056374,"Teufenerstrasse 4, 9000 St. Gallen",cafe,Art Cafe Süperb,47.4220421,9.3746292
4002056374,"Teufenerstrasse 4, 9000 St. Gallen",library,"BIZ Berufs-, Studien- und Laufbahnberatung St.Gallen",47.42115,9.3719619
4002056374,"Teufenerstrasse 4, 9000 St. Gallen",restaurant,Forchetta d'oro,47.4189399,9.3665444
4002056374,"Teufenerstrasse 4, 9000 St. Gallen",restaurant,Soleil d'Or,47.4204026,9.372755
4002056374,"Teufenerstrasse 4, 9000 St. Gallen",clinic,Psychiatrie St. Gallen Nord,47.4194847,9.3697656
4002056374,"Teufenerstrasse 4, 9000 St. Gallen",clinic,MedBase St. Gallen Einsten,47.4214584,9.3744211
4002056374,"Teufenerstrasse 4, 9000 St. Gallen",parking,Einstein Parking,47.421471,9.3742346
4002056374,"Teufenerstrasse 4, 9000 St. Gallen",parking,Gartenstrasse,47.4221263,9.3736991
4002056374,"Teufenerstrasse 4, 9000 St. Gallen",restaurant,Einstein Gourmet,47.4214822,9.3755558
4002055437,"Freihofstrasse 5A, 8280 Kreuzlingen",restaurant,Vietnam China Wok,47.6580383,9.17094
4002055437,"Freihofstrasse 5A, 8280 Kreuzlingen",cafe,Coffee Fritz,47.6579653,9.1709688
4002055437,"Freihofstrasse 5A, 8280 Kreuzlingen",pub,Old Mary's Pub,47.6571877,9.1718965
4002055437,"Freihofstrasse 5A, 8280 Kreuzlingen",restaurant,Pailin,47.653428,9.1676192
4002055437,"Freihofstrasse 5A, 8280 Kreuzlingen",cafe,Süss & Salzig,47.6578221,9.1710088
4002055437,"Freihofstrasse 5A, 8280 Kreuzlingen",cafe,Eiscafé Grezzo,47.657903,9.1706232
4002055437,"Freihofstrasse 5A, 8280 Kreuzlingen",fast_food,Asia Wok Gourmet,47.6562948,9.1698739
4002055437,"Freihofstrasse 5A, 8280 Kreuzlingen",bar,Sendibad,47.6557492,9.1693199
4002055437,"Freihofstrasse 5A, 8280 Kreuzlingen",restaurant,Mr. Wrap,47.6554918,9.1686887
4002055437,"Freihofstrasse 5A, 8280 Kreuzlingen",fast_food,Kebap Pizza House,47.6563246,9.1699049
4002055437,"Freihofstrasse 5A, 8280 Kreuzlingen",fast_food,Sultans,47.6563535,9.1699332
4002055437,"Freihofstrasse 5A, 8280 Kreuzlingen",atm,Thurgauer Kantonalbank,47.6552054,9.1688787
4002055437,"Freihofstrasse 5A, 8280 Kreuzlingen",atm,Euronet,47.6572407,9.1708875
4002055437,"Freihofstrasse 5A, 8280 Kreuzlingen",atm,Thurgauer Kantonalbank,47.6552254,9.1688932
4002055437,"Freihofstrasse 5A, 8280 Kreuzlingen",atm,n/a,47.6575209,9.1707402
4002055437,"Freihofstrasse 5A, 8280 Kreuzlingen",restaurant,No. 5,47.658117,9.1709177
4002055437,"Freihofstrasse 5A, 8280 Kreuzlingen",atm,Thurgauer Kantonalbank,47.6552609,9.1631432
4002054436,"Via Pazzalino 9, 6962 Viganello",pharmacy,Farmacia Semper Fidelis,46.0118249,8.9664122
4002054436,"Via Pazzalino 9, 6962 Viganello",cafe,Dama's Cafe,46.0146642,8.9638199
4002054436,"Via Pazzalino 9, 6962 Viganello",cafe,Bar Diamond,46.0118042,8.9647729
4002054436,"Via Pazzalino 9, 6962 Viganello",parking,n/a,46.0112559,8.9667811
4002054436,"Via Pazzalino 9, 6962 Viganello",cafe,Bar Elly,46.0116166,8.9661994
4002054436,"Via Pazzalino 9, 6962 Viganello",restaurant,La Bettola,46.0150711,8.9702957
4002054436,"Via Pazzalino 9, 6962 Viganello",parking,n/a,46.0110382,8.970638
4002054436,"Via Pazzalino 9, 6962 Viganello",cafe,Caffè Gioconda da San Sir,46.0158587,8.9716365
4002054436,"Via Pazzalino 9, 6962 Viganello",restaurant,Ristorante La Gasparina,46.0150502,8.9651781
4002054436,"Via Pazzalino 9, 6962 Viganello",restaurant,Food KF,46.015136,8.96516
4002054436,"Via Pazzalino 9, 6962 Viganello",fast_food,Çevapcici,46.012042,8.9657357
4002054436,"Via Pazzalino 9, 6962 Viganello",restaurant,Bistrot Vecchio Torchio,46.0125389,8.9648616
4002054436,"Via Pazzalino 9, 6962 Viganello",restaurant,St. Louis Ristorante Di Costantino Ciro,46.0117143,8.9679236
4002054436,"Via Pazzalino 9, 6962 Viganello",school,Nuovo Centro Scolastico Viganello (NCS),46.0145314,8.9682808
4002054436,"Via Pazzalino 9, 6962 Viganello",school,Scuola Elementare di Viganello,46.0128702,8.9671053
4002054436,"Via Pazzalino 9, 6962 Viganello",bar,Snack Bar L'Angolo,46.0127886,8.9660116
4002054436,"Via Pazzalino 9, 6962 Viganello",restaurant,Ristorante della Posta,46.0115428,8.9652049
4002054436,"Via Pazzalino 9, 6962 Viganello",library,Biblioteca dei ragazzi - Viganello,46.0145529,8.9681501
4002054436,"Via Pazzalino 9, 6962 Viganello",pharmacy,Farmacia Contrada dei Patrizi,46.0152804,8.9706312
4002054436,"Via Pazzalino 9, 6962 Viganello",restaurant,Kyoto Sushi,46.0151056,8.970237
4002051398,"Via Tesserete 33, 6900 Massagno",restaurant,Pizzeria Centro,46.0123147,8.9463548
4002051398,"Via Tesserete 33, 6900 Massagno",restaurant,Parco Maraini,46.0098937,8.9468866
4002051398,"Via Tesserete 33, 6900 Massagno",restaurant,ABC,46.010637,8.947241
4002051398,"Via Tesserete 33, 6900 Massagno",restaurant,Villa Sassa,46.011964,8.9506724
4002051398,"Via Tesserete 33, 6900 Massagno",cafe,bar Cocco,46.0126106,8.9471764
4002051398,"Via Tesserete 33, 6900 Massagno",cafe,bar Luna,46.0118893,8.9469447
4002051398,"Via Tesserete 33, 6900 Massagno",pharmacy,Farmacia Federale,46.0126881,8.9469704
4002051398,"Via Tesserete 33, 6900 Massagno",cafe,bar Punta,46.0093584,8.9469049
4002051398,"Via Tesserete 33, 6900 Massagno",parking,n/a,46.0107494,8.9465365
4002051398,"Via Tesserete 33, 6900 Massagno",bank,n/a,46.0106337,8.9462079
4002051398,"Via Tesserete 33, 6900 Massagno",restaurant,Villa Selva,46.014372,8.950323
4002051398,"Via Tesserete 33, 6900 Massagno",restaurant,Cappella 2 mani,46.0144026,8.9419094
4002051398,"Via Tesserete 33, 6900 Massagno",school,Commercio di Massagno,46.0089879,8.9492757
4002051398,"Via Tesserete 33, 6900 Massagno",library,Biblioteca del Centro professionale commerciale di Lugano,46.0094654,8.9485602
4002051398,"Via Tesserete 33, 6900 Massagno",library,Biblioteca del Centro di produzione della Biblioteca Braille e del libro parlato,46.0151475,8.9521976
4002051398,"Via Tesserete 33, 6900 Massagno",parking,n/a,46.0104531,8.9464196
4002051398,"Via Tesserete 33, 6900 Massagno",restaurant,Pizzeria Michelangelo,46.0144384,8.9419747
4002051398,"Via Tesserete 33, 6900 Massagno",bar,Bar Genzana,46.0085037,8.9466406
4002051396,"Kanalweg 38, 4800 Zofingen",fast_food,Pizza Palma,47.2827749,7.9379256
4002051392,"Via al Castello 12, 6964 Davesco-Soragno",restaurant,Citybiliardo,46.0320683,8.974401
4002050988,"Langenmattstrasse 68, 8617 Mönchaltorf",bank,Zürcher Kantonalbank,47.3113125,8.7219712
4002050988,"Langenmattstrasse 68, 8617 Mönchaltorf",restaurant,Zur Mühle,47.3121896,8.7217911
4002050988,"Langenmattstrasse 68, 8617 Mönchaltorf",parking,n/a,47.314069,8.7179389
4002050988,"Langenmattstrasse 68, 8617 Mönchaltorf",atm,Postfinance,47.3116076,8.721832
4002050988,"Langenmattstrasse 68, 8617 Mönchaltorf",cafe,Steiner Beck,47.311436,8.7219117
4002050670,"Bellariastrasse 81, 8038 Zürich",cafe,moana,47.3439521,8.5297852
4002050670,"Bellariastrasse 81, 8038 Zürich",bank,Zürcher Kantonalbank,47.3441758,8.530946
4002050670,"Bellariastrasse 81, 8038 Zürich",pharmacy,TopPharm,47.3438585,8.5298166
4002050670,"Bellariastrasse 81, 8038 Zürich",restaurant,Allegro,47.3468443,8.5287676
4002050670,"Bellariastrasse 81, 8038 Zürich",bank,Raiffeisen,47.3441137,8.5301973
4002050670,"Bellariastrasse 81, 8038 Zürich",parking,n/a,47.349562,8.5311243
4002050670,"Bellariastrasse 81, 8038 Zürich",parking,n/a,47.3498349,8.5309313
4002050666,"Brotkorbstrasse 30 B, 4332 Stein AG",cafe,Café Konditorei Kunz,47.5466991,7.9526497
4002050666,"Brotkorbstrasse 30 B, 4332 Stein AG",parking,n/a,47.5503894,7.953093
4002050666,"Brotkorbstrasse 30 B, 4332 Stein AG",restaurant,Birri,47.5438426,7.9488417
4002050666,"Brotkorbstrasse 30 B, 4332 Stein AG",parking,n/a,47.5465034,7.9569562
4002050666,"Brotkorbstrasse 30 B, 4332 Stein AG",parking,n/a,47.5499688,7.9530166
4002050666,"Brotkorbstrasse 30 B, 4332 Stein AG",pharmacy,Rhein Apotheke,47.5462093,7.9518264
4002050660,"Leimenstrasse 49, 4051 Basel",pub,Templum,47.5504714,7.5808569
4002050660,"Leimenstrasse 49, 4051 Basel",pharmacy,Holbein-Apotheke,47.5506784,7.5793282
4002050660,"Leimenstrasse 49, 4051 Basel",restaurant,Rialto,47.5498846,7.5834578
4002050660,"Leimenstrasse 49, 4051 Basel",restaurant,"Borromäum (Kulturzentrum, Restaurant)",47.5525523,7.5827294
4002050660,"Leimenstrasse 49, 4051 Basel",library,Karger-Bibliothek,47.5545263,7.5828336
4002050660,"Leimenstrasse 49, 4051 Basel",restaurant,Tuk Tuk,47.5535627,7.5822564
4002050660,"Leimenstrasse 49, 4051 Basel",restaurant,Cantina E9,47.5543298,7.5819493
4002050660,"Leimenstrasse 49, 4051 Basel",restaurant,Kastanienhof,47.5538533,7.5838468
4002050660,"Leimenstrasse 49, 4051 Basel",restaurant,Ristorante La Vela,47.5505454,7.5807065
4002050660,"Leimenstrasse 49, 4051 Basel",restaurant,Bistrot Crescenda,47.5525464,7.576938
4002050660,"Leimenstrasse 49, 4051 Basel",restaurant,Pizzeria zum Schützen,47.5558167,7.5804921
4002050660,"Leimenstrasse 49, 4051 Basel",restaurant,Aroma,47.5563689,7.5841585
4002050660,"Leimenstrasse 49, 4051 Basel",clinic,Poliklinik für Kinder und Jugendliche,47.5561249,7.5832808
4002050660,"Leimenstrasse 49, 4051 Basel",restaurant,roots,47.550335,7.5811371
4002050076,"Ramuzstrasse 17, 3027 Bern",restaurant,Piazza,46.9483029,7.3769832
4002046815,"Rennweg 43, 8001 Zürich",parking,Parkhaus Urania,47.3740506,8.5410752
4002046815,"Rennweg 43, 8001 Zürich",restaurant,Brasserie Lipp,47.3743748,8.5394674
4002046815,"Rennweg 43, 8001 Zürich",restaurant,Lotti,47.3751744,8.5397124
4002046815,"Rennweg 43, 8001 Zürich",pub,The Lion,47.3740381,8.5393693
4002046815,"Rennweg 43, 8001 Zürich",cafe,Starbucks,47.3736638,8.5392193
4002046815,"Rennweg 43, 8001 Zürich",cafe,Confiserie Honold,47.3736029,8.538956
4002046815,"Rennweg 43, 8001 Zürich",pub,Schminkbar,47.375762,8.5402732
4002046815,"Rennweg 43, 8001 Zürich",pub,Nelson,47.3757612,8.5400722
4002046815,"Rennweg 43, 8001 Zürich",parking,n/a,47.374536,8.5409973
4002046815,"Rennweg 43, 8001 Zürich",atm,UBS Bancomat,47.3743746,8.5388516
4002046815,"Rennweg 43, 8001 Zürich",atm,CS Bancomat,47.3746224,8.5394592
4002046815,"Rennweg 43, 8001 Zürich",pharmacy,Victoria Apotheke,47.3742811,8.5383036
4002046815,"Rennweg 43, 8001 Zürich",restaurant,Black Tap,47.3749062,8.539532
4002046815,"Rennweg 43, 8001 Zürich",cafe,Pret A Manger,47.3737322,8.5391398
4002046815,"Rennweg 43, 8001 Zürich",restaurant,Konshi,47.3740885,8.5408521
4002046815,"Rennweg 43, 8001 Zürich",restaurant,Rooftop,47.3746638,8.5391076
4002046815,"Rennweg 43, 8001 Zürich",restaurant,Hiltl Dachterrasse,47.3756521,8.5398019
4002046815,"Rennweg 43, 8001 Zürich",bank,UBS,47.3744013,8.5389001
4002046815,"Rennweg 43, 8001 Zürich",bar,Lady Hamiltons,47.3757443,8.5399824
4002046815,"Rennweg 43, 8001 Zürich",bar,Jules Verne Panoramabar,47.3742607,8.539349
4002046815,"Rennweg 43, 8001 Zürich",bank,Credit Suisse,47.374689,8.5394436
4002046815,"Rennweg 43, 8001 Zürich",restaurant,Ojo de Agua,47.3739113,8.5394258
4002046815,"Rennweg 43, 8001 Zürich",fast_food,Marronistand,47.3740768,8.5386367
4002046815,"Rennweg 43, 8001 Zürich",fast_food,Sesam Falafel,47.3743276,8.5379761
4002046815,"Rennweg 43, 8001 Zürich",cafe,Commercial - The Project Bahnhofstrasse,47.3747212,8.5384948
4002046662,"Zielhagweg 28, 8240 Thayngen",parking,n/a,47.7482446,8.7007883
4002046472,"Südstrasse 36, 2504 Biel/Bienne",pharmacy,Drogerie Kropf,47.1439083,7.2758503
4002046472,"Südstrasse 36, 2504 Biel/Bienne",restaurant,Bistro Mett Biel,47.142811,7.271863
4002046472,"Südstrasse 36, 2504 Biel/Bienne",restaurant,Sloga,47.1428041,7.2698649
4002046472,"Südstrasse 36, 2504 Biel/Bienne",fast_food,n/a,47.1423161,7.2704515
4002046472,"Südstrasse 36, 2504 Biel/Bienne",restaurant,Stiftung Battenberg Restaurant,47.1418515,7.2780465
4002046472,"Südstrasse 36, 2504 Biel/Bienne",fast_food,Pizza Bienna,47.1438156,7.2756165
4002046472,"Südstrasse 36, 2504 Biel/Bienne",parking,n/a,47.1418875,7.278279
4002046472,"Südstrasse 36, 2504 Biel/Bienne",parking,n/a,47.1420665,7.278095
4002046472,"Südstrasse 36, 2504 Biel/Bienne",restaurant,Restaurant Café Mett,47.1434898,7.272718
4002046472,"Südstrasse 36, 2504 Biel/Bienne",parking,Coop,47.1434124,7.2729328
4002046472,"Südstrasse 36, 2504 Biel/Bienne",atm,CLER,47.1434197,7.2726975
4002046472,"Südstrasse 36, 2504 Biel/Bienne",pharmacy,Battenberg,47.1429739,7.2729271
4002046472,"Südstrasse 36, 2504 Biel/Bienne",parking,n/a,47.1443678,7.2763509
4002046472,"Südstrasse 36, 2504 Biel/Bienne",parking,n/a,47.1430756,7.27407
4002046471,"Südstrasse 33, 2504 Biel/Bienne",pharmacy,Drogerie Kropf,47.1439083,7.2758503
4002046471,"Südstrasse 33, 2504 Biel/Bienne",restaurant,Bistro Mett Biel,47.142811,7.271863
4002046471,"Südstrasse 33, 2504 Biel/Bienne",restaurant,Sloga,47.1428041,7.2698649
4002046471,"Südstrasse 33, 2504 Biel/Bienne",fast_food,n/a,47.1423161,7.2704515
4002046471,"Südstrasse 33, 2504 Biel/Bienne",restaurant,Stiftung Battenberg Restaurant,47.1418515,7.2780465
4002046471,"Südstrasse 33, 2504 Biel/Bienne",fast_food,Pizza Bienna,47.1438156,7.2756165
4002046471,"Südstrasse 33, 2504 Biel/Bienne",parking,n/a,47.1418875,7.278279
4002046471,"Südstrasse 33, 2504 Biel/Bienne",parking,n/a,47.1420665,7.278095
4002046471,"Südstrasse 33, 2504 Biel/Bienne",restaurant,Restaurant Café Mett,47.1434898,7.272718
4002046471,"Südstrasse 33, 2504 Biel/Bienne",parking,Coop,47.1434124,7.2729328
4002046471,"Südstrasse 33, 2504 Biel/Bienne",atm,CLER,47.1434197,7.2726975
4002046471,"Südstrasse 33, 2504 Biel/Bienne",pharmacy,Battenberg,47.1429739,7.2729271
4002046471,"Südstrasse 33, 2504 Biel/Bienne",parking,n/a,47.1459159,7.2748009
4002046471,"Südstrasse 33, 2504 Biel/Bienne",parking,n/a,47.1443678,7.2763509
4002046471,"Südstrasse 33, 2504 Biel/Bienne",parking,n/a,47.1430756,7.27407
4002046470,"Schollstrasse 3-13, 2504 Biel/Bienne",pharmacy,Drogerie Kropf,47.1439083,7.2758503
4002046470,"Schollstrasse 3-13, 2504 Biel/Bienne",restaurant,Bistro Mett Biel,47.142811,7.271863
4002046470,"Schollstrasse 3-13, 2504 Biel/Bienne",restaurant,Sloga,47.1428041,7.2698649
4002046470,"Schollstrasse 3-13, 2504 Biel/Bienne",fast_food,n/a,47.1423161,7.2704515
4002046470,"Schollstrasse 3-13, 2504 Biel/Bienne",restaurant,Stiftung Battenberg Restaurant,47.1418515,7.2780465
4002046470,"Schollstrasse 3-13, 2504 Biel/Bienne",fast_food,Pizza Bienna,47.1438156,7.2756165
4002046470,"Schollstrasse 3-13, 2504 Biel/Bienne",parking,n/a,47.1418875,7.278279
4002046470,"Schollstrasse 3-13, 2504 Biel/Bienne",parking,n/a,47.1420665,7.278095
4002046470,"Schollstrasse 3-13, 2504 Biel/Bienne",restaurant,Restaurant Café Mett,47.1434898,7.272718
4002046470,"Schollstrasse 3-13, 2504 Biel/Bienne",parking,Coop,47.1434124,7.2729328
4002046470,"Schollstrasse 3-13, 2504 Biel/Bienne",atm,CLER,47.1434197,7.2726975
4002046470,"Schollstrasse 3-13, 2504 Biel/Bienne",pharmacy,Battenberg,47.1429739,7.2729271
4002046470,"Schollstrasse 3-13, 2504 Biel/Bienne",parking,n/a,47.1443678,7.2763509
4002046470,"Schollstrasse 3-13, 2504 Biel/Bienne",parking,n/a,47.1430756,7.27407
4002044165,"Lothringerstrasse 51, 4056 Basel",restaurant,LoLa,47.5684242,7.5771542
4002042483,"Baslerstrasse 71, 8048 Zürich",restaurant,Pizza Züri,47.3842422,8.4978272
4002042483,"Baslerstrasse 71, 8048 Zürich",restaurant,Turbinenhalle,47.3841009,8.4964028
4002042483,"Baslerstrasse 71, 8048 Zürich",atm,UBS Bancomat,47.3852455,8.4961361
4002042483,"Baslerstrasse 71, 8048 Zürich",fast_food,Ruenthai 2 Take Away,47.3853736,8.4947825
4002042483,"Baslerstrasse 71, 8048 Zürich",fast_food,McDonald's,47.3879048,8.4979594
4002042483,"Baslerstrasse 71, 8048 Zürich",parking,n/a,47.3870198,8.4951134
4002042483,"Baslerstrasse 71, 8048 Zürich",parking,n/a,47.3872287,8.4969655
4002042483,"Baslerstrasse 71, 8048 Zürich",parking,n/a,47.3876712,8.4981147
4002042483,"Baslerstrasse 71, 8048 Zürich",parking,n/a,47.3875731,8.4984897
4002042483,"Baslerstrasse 71, 8048 Zürich",restaurant,Thai Style,47.3838416,8.4947954
4002042483,"Baslerstrasse 71, 8048 Zürich",parking,n/a,47.3876643,8.496986
4002042483,"Baslerstrasse 71, 8048 Zürich",restaurant,Napi's,47.3877848,8.4969898
4002042483,"Baslerstrasse 71, 8048 Zürich",restaurant,Cucina,47.3857931,8.4971961
4002042483,"Baslerstrasse 71, 8048 Zürich",clinic,allcare Zentrum Altstetten,47.3876118,8.4966929
4002042483,"Baslerstrasse 71, 8048 Zürich",bank,Valiant,47.3841976,8.4942783
4002042483,"Baslerstrasse 71, 8048 Zürich",school,kinder campus,47.3844657,8.4945248
4002042483,"Baslerstrasse 71, 8048 Zürich",parking,Medienpark,47.3844014,8.4950445
4002042483,"Baslerstrasse 71, 8048 Zürich",bank,neon,47.383659,8.4982173
4002042477,"St. Alban-Anlage 59/61/63, 4052 Basel",restaurant,XX Large Pizzeria,47.5547279,7.6110572
4002042477,"St. Alban-Anlage 59/61/63, 4052 Basel",restaurant,Pizzeria Froburg,47.5550403,7.6119734
4002042477,"St. Alban-Anlage 59/61/63, 4052 Basel",restaurant,n/a,47.5511342,7.6029046
4002042477,"St. Alban-Anlage 59/61/63, 4052 Basel",cafe,Bäckerei Jetzer,47.5543635,7.610095
4002042477,"St. Alban-Anlage 59/61/63, 4052 Basel",pharmacy,Breite-Apotheke,47.5548232,7.6113761
4002042477,"St. Alban-Anlage 59/61/63, 4052 Basel",bank,CA next bank,47.5524658,7.6037907
4002042476,"Freilager-Platz 4, 4142 Münchenstein",library,Bibliothek für Gestaltung Basel,47.5324679,7.6108704
4002042476,"Freilager-Platz 4, 4142 Münchenstein",library,Stiftung Gartenbaubibliothek Basel,47.5326332,7.6110631
4002042476,"Freilager-Platz 4, 4142 Münchenstein",library,Plakatsammlung der Schule für Gestaltung Basel,47.5321258,7.6097947
4002042476,"Freilager-Platz 4, 4142 Münchenstein",bar,Fahrbar,47.5323615,7.6079116
4002042472,"Route de la Feuillère 21, 1010 Lausanne",parking,Feuillère,46.5360575,6.6508244
4002042472,"Route de la Feuillère 21, 1010 Lausanne",parking,n/a,46.5371222,6.6509116
4002042472,"Route de la Feuillère 21, 1010 Lausanne",cafe,La Rotonde,46.5328266,6.6474109
4002042472,"Route de la Feuillère 21, 1010 Lausanne",pharmacy,Benu,46.532719,6.6465885
4002042472,"Route de la Feuillère 21, 1010 Lausanne",pharmacy,Pharmacie Populaire de La Sallaz,46.5336252,6.6481547
4002042472,"Route de la Feuillère 21, 1010 Lausanne",restaurant,Restaurant de la Poste,46.5333336,6.6476997
4002042472,"Route de la Feuillère 21, 1010 Lausanne",school,École pour Enfants Atteints d'Autisme,46.5332231,6.6598066
4002039922,"Stauffacherstrasse 1, 6020 Emmenbrücke",pharmacy,Emmencenter Apotheke,47.0742507,8.2876627
4002039922,"Stauffacherstrasse 1, 6020 Emmenbrücke",restaurant,Jasmin's Asien-Restaurant,47.073843,8.2872453
4002039922,"Stauffacherstrasse 1, 6020 Emmenbrücke",restaurant,Manora,47.0737317,8.2872962
4002039922,"Stauffacherstrasse 1, 6020 Emmenbrücke",atm,UBS Automatenbank,47.0743225,8.2873816
4002039922,"Stauffacherstrasse 1, 6020 Emmenbrücke",cafe,Xpresso Cafe,47.0739873,8.2873768
4002039922,"Stauffacherstrasse 1, 6020 Emmenbrücke",bar,SUC,47.0744384,8.2875637
4002039922,"Stauffacherstrasse 1, 6020 Emmenbrücke",cafe,AB&C Coffe Shop,47.0740603,8.2874331
4002039796,"Zieglerweg 53, 8240 Thayngen",parking,n/a,47.7482446,8.7007883
4002038669,"Via Beltramina 10, 6900 Lugano",restaurant,I peccati di Bech,46.0141602,8.9604742
4002038669,"Via Beltramina 10, 6900 Lugano",restaurant,Hollywood,46.0145443,8.9564382
4002038669,"Via Beltramina 10, 6900 Lugano",fast_food,Mondo Pizza,46.0192886,8.9572029
4002038669,"Via Beltramina 10, 6900 Lugano",cafe,Al Piccolo Bar,46.0163554,8.9577704
4002038669,"Via Beltramina 10, 6900 Lugano",cafe,Ristorante Andrea,46.0207914,8.9581315
4002038669,"Via Beltramina 10, 6900 Lugano",parking,n/a,46.0140289,8.9573563
4002038669,"Via Beltramina 10, 6900 Lugano",cafe,n/a,46.0182606,8.9588315
4002038669,"Via Beltramina 10, 6900 Lugano",cafe,Bar al 74,46.018148,8.9570188
4002038669,"Via Beltramina 10, 6900 Lugano",pharmacy,Daniela Sartori,46.0157886,8.955199
4002038669,"Via Beltramina 10, 6900 Lugano",pub,livingroom,46.0207106,8.9579431
4002038669,"Via Beltramina 10, 6900 Lugano",bar,n/a,46.0169857,8.9557817
4002038669,"Via Beltramina 10, 6900 Lugano",pharmacy,Farmacia Stella,46.0191428,8.9574995
4002038669,"Via Beltramina 10, 6900 Lugano",fast_food,n/a,46.0163455,8.9551676
4002038669,"Via Beltramina 10, 6900 Lugano",fast_food,Speedy pizza,46.0166978,8.9569552
4002038669,"Via Beltramina 10, 6900 Lugano",fast_food,Maistà food,46.0168022,8.9569575
4002038669,"Via Beltramina 10, 6900 Lugano",fast_food,Giulio & Silvana Take Away,46.0143003,8.95641
4002038669,"Via Beltramina 10, 6900 Lugano",fast_food,Kebab Arbil,46.0193531,8.9572419
4002038669,"Via Beltramina 10, 6900 Lugano",library,Biblioteca interculturale della Svizzera italiana - sede di Lugano,46.0156356,8.9549307
4002038669,"Via Beltramina 10, 6900 Lugano",library,Biblioteca della Croce Rossa Svizzera,46.0155782,8.9571888
4002038669,"Via Beltramina 10, 6900 Lugano",restaurant,Ristorante La Veranda,46.0194909,8.9573375
4002038669,"Via Beltramina 10, 6900 Lugano",restaurant,Ristorante Pizzeria Dal Gallo,46.0143627,8.9549901
4002038669,"Via Beltramina 10, 6900 Lugano",restaurant,Billy Food,46.01803,8.9576649
4002032173,"Grendelbachstrasse 45, 8307 Effretikon",restaurant,Casa Rustica,47.4269755,8.6917334
4002032173,"Grendelbachstrasse 45, 8307 Effretikon",parking,n/a,47.4208953,8.6921641
4002032173,"Grendelbachstrasse 45, 8307 Effretikon",parking,n/a,47.4195279,8.6931664
4002032173,"Grendelbachstrasse 45, 8307 Effretikon",parking,n/a,47.4201986,8.6926509
4002032173,"Grendelbachstrasse 45, 8307 Effretikon",parking,n/a,47.4197228,8.6892453
4002031440,"Schlossstr. 5c, 4133 Pratteln",school,Fröschmatt-Schule,47.5209889,7.6990401
4002031440,"Schlossstr. 5c, 4133 Pratteln",restaurant,Endstation,47.5214778,7.6945204
4002031440,"Schlossstr. 5c, 4133 Pratteln",restaurant,Tramstübli,47.5211809,7.6945794
4002031440,"Schlossstr. 5c, 4133 Pratteln",parking,Vierfeld,47.5224349,7.6948552
4002031440,"Schlossstr. 5c, 4133 Pratteln",cafe,Cafe Auszeit,47.5222964,7.6948386
4002031440,"Schlossstr. 5c, 4133 Pratteln",pharmacy,Amavita Pratteln Bahnhof,47.521971,7.6932648
4002031439,"Schlossstr. 5e, 4133 Pratteln",school,Fröschmatt-Schule,47.5209889,7.6990401
4002031439,"Schlossstr. 5e, 4133 Pratteln",atm,n/a,47.5218026,7.6920398
4002031439,"Schlossstr. 5e, 4133 Pratteln",fast_food,City Grill,47.5208404,7.6932079
4002031439,"Schlossstr. 5e, 4133 Pratteln",pharmacy,n/a,47.522025,7.6921037
4002031439,"Schlossstr. 5e, 4133 Pratteln",restaurant,Grotto Gianini,47.5216065,7.6920313
4002031439,"Schlossstr. 5e, 4133 Pratteln",restaurant,Endstation,47.5214778,7.6945204
4002031439,"Schlossstr. 5e, 4133 Pratteln",restaurant,Fourteen,47.5209598,7.6936352
4002031439,"Schlossstr. 5e, 4133 Pratteln",restaurant,Tramstübli,47.5211809,7.6945794
4002031439,"Schlossstr. 5e, 4133 Pratteln",parking,Vierfeld,47.5224349,7.6948552
4002031439,"Schlossstr. 5e, 4133 Pratteln",pharmacy,Amavita Pratteln,47.5205035,7.6937526
4002031439,"Schlossstr. 5e, 4133 Pratteln",parking,n/a,47.520529,7.6946389
4002031439,"Schlossstr. 5e, 4133 Pratteln",cafe,Cafe Auszeit,47.5222964,7.6948386
4002031439,"Schlossstr. 5e, 4133 Pratteln",pharmacy,Amavita Pratteln Bahnhof,47.521971,7.6932648
4002031439,"Schlossstr. 5e, 4133 Pratteln",bank,UBS,47.5218291,7.6920382
4002030767,"Voltastrasse 2, 6005 Luzern",restaurant,Neustadt,47.0444975,8.308674
4002030767,"Voltastrasse 2, 6005 Luzern",pub,Parterre,47.0447619,8.3077395
4002030767,"Voltastrasse 2, 6005 Luzern",restaurant,Grottino 1313,47.04166,8.3112416
4002030767,"Voltastrasse 2, 6005 Luzern",bar,Bar 59,47.0419574,8.3108921
4002030767,"Voltastrasse 2, 6005 Luzern",restaurant,Oskar,47.0443317,8.3086867
4002030767,"Voltastrasse 2, 6005 Luzern",bar,Bar Berlin,47.0439223,8.3084694
4002030767,"Voltastrasse 2, 6005 Luzern",restaurant,Sternegg,47.0383806,8.3124322
4002030767,"Voltastrasse 2, 6005 Luzern",bar,Zone 5,47.0452835,8.3087593
4002030767,"Voltastrasse 2, 6005 Luzern",restaurant,Moosmatt,47.0396733,8.3037669
4002030767,"Voltastrasse 2, 6005 Luzern",restaurant,Habibi's Cafe & Restaurant,47.0398264,8.3045718
4002030767,"Voltastrasse 2, 6005 Luzern",restaurant,Vegitat,47.0422682,8.3064155
4002030767,"Voltastrasse 2, 6005 Luzern",restaurant,Kaiten,47.0427784,8.3066577
4002030767,"Voltastrasse 2, 6005 Luzern",restaurant,Volver,47.0426619,8.3065889
4002030767,"Voltastrasse 2, 6005 Luzern",restaurant,Casa N°1,47.0429195,8.3038464
4002030767,"Voltastrasse 2, 6005 Luzern",restaurant,Tavolino,47.0422482,8.3061022
4002030767,"Voltastrasse 2, 6005 Luzern",restaurant,BAYTS,47.0417709,8.305903
4002030767,"Voltastrasse 2, 6005 Luzern",restaurant,Asian Takeaway,47.03976,8.3037657
4002030767,"Voltastrasse 2, 6005 Luzern",restaurant,Neubad Bistro,47.0412775,8.3070569
4002030767,"Voltastrasse 2, 6005 Luzern",bar,Gardist,47.0419264,8.3053938
4002030767,"Voltastrasse 2, 6005 Luzern",restaurant,Don Feri,47.0426139,8.3037411
4002030767,"Voltastrasse 2, 6005 Luzern",restaurant,Nour,47.0420619,8.310772
4002030767,"Voltastrasse 2, 6005 Luzern",restaurant,Kostgeberei,47.0418295,8.3048778
4002030767,"Voltastrasse 2, 6005 Luzern",restaurant,Indian Restaurant Luzern,47.0434863,8.3038132
4002030767,"Voltastrasse 2, 6005 Luzern",fast_food,Erwins Imbiss Stube,47.0403235,8.3096012
4002030767,"Voltastrasse 2, 6005 Luzern",restaurant,Pastarazzi,47.043666,8.3063453
4002030767,"Voltastrasse 2, 6005 Luzern",fast_food,meinRad,47.0400625,8.3042059
4002030767,"Voltastrasse 2, 6005 Luzern",parking,n/a,47.0395682,8.3114146
4002030767,"Voltastrasse 2, 6005 Luzern",parking,n/a,47.0418415,8.312042
4002030767,"Voltastrasse 2, 6005 Luzern",parking,n/a,47.0418895,8.3120068
4002030767,"Voltastrasse 2, 6005 Luzern",parking,n/a,47.04184,8.3115676
4002030767,"Voltastrasse 2, 6005 Luzern",parking,n/a,47.0419416,8.3105646
4002030767,"Voltastrasse 2, 6005 Luzern",parking,n/a,47.041706,8.3102819
4002030767,"Voltastrasse 2, 6005 Luzern",parking,n/a,47.041142,8.3097369
4002030767,"Voltastrasse 2, 6005 Luzern",parking,n/a,47.040681,8.3099858
4002030767,"Voltastrasse 2, 6005 Luzern",parking,n/a,47.0403041,8.3092431
4002030767,"Voltastrasse 2, 6005 Luzern",parking,n/a,47.0421685,8.3068721
4002030767,"Voltastrasse 2, 6005 Luzern",restaurant,Taberna Latina,47.0433432,8.3037722
4002030767,"Voltastrasse 2, 6005 Luzern",restaurant,Incline Concept Store,47.0434264,8.3065951
4002030767,"Voltastrasse 2, 6005 Luzern",restaurant,Helen,47.0437605,8.3084862
4002021045,"Seestrasse 46A, 8855 Wangen",restaurant,Krone,47.1910796,8.8959376
4002021045,"Seestrasse 46A, 8855 Wangen",parking,n/a,47.1894432,8.8965356
4002021045,"Seestrasse 46A, 8855 Wangen",bank,Schwyzer Kantonalbank,47.1902616,8.8961366
4002021045,"Seestrasse 46A, 8855 Wangen",restaurant,Gasthof Kreuz,47.1917136,8.8948629
4002021045,"Seestrasse 46A, 8855 Wangen",restaurant,Restaurant Weinrebe,47.1951276,8.8952935
4002021045,"Seestrasse 46A, 8855 Wangen",restaurant,Restaurant Sonne,47.1916394,8.8951264
4002021045,"Seestrasse 46A, 8855 Wangen",restaurant,Gasthof Hirschen,47.1919589,8.8956704
4002021045,"Seestrasse 46A, 8855 Wangen",restaurant,Café Memory,47.1896368,8.8965443
4002021045,"Seestrasse 46A, 8855 Wangen",fast_food,Vesta Pizza Kebap,47.1915857,8.8952099
4002021045,"Seestrasse 46A, 8855 Wangen",fast_food,"Kebab Haus Wangen, Kebab & Pizza Kurier",47.1912304,8.8948315
4002021045,"Seestrasse 46A, 8855 Wangen",parking,n/a,47.1919079,8.8946341
4002021045,"Seestrasse 46A, 8855 Wangen",cafe,Hafenkran,47.1915469,8.8929198
4002018331,"Hammerstrasse 61, 8032 Zürich",restaurant,ButchersTable,47.3615601,8.5603652
4002018331,"Hammerstrasse 61, 8032 Zürich",restaurant,Neumünster,47.3596206,8.5585046
4002018331,"Hammerstrasse 61, 8032 Zürich",pharmacy,Hirslanden-Apotheke,47.3604238,8.5676494
4002018331,"Hammerstrasse 61, 8032 Zürich",cafe,Stiftung Perla Park,47.3608126,8.5659833
4002018331,"Hammerstrasse 61, 8032 Zürich",restaurant,Marcellino Pane e Vino,47.3602234,8.5655522
4002018331,"Hammerstrasse 61, 8032 Zürich",fast_food,Spizzati,47.360488,8.5648892
4002018331,"Hammerstrasse 61, 8032 Zürich",restaurant,Misoga,47.3614068,8.5608856
4002018331,"Hammerstrasse 61, 8032 Zürich",pharmacy,Minerva Apotheke,47.3614842,8.5610538
4002018331,"Hammerstrasse 61, 8032 Zürich",restaurant,Grand‘in Osteria,47.3600494,8.5690109
4002018331,"Hammerstrasse 61, 8032 Zürich",cafe,Hegifret Kaffeefenster,47.3617836,8.5612343
4002018331,"Hammerstrasse 61, 8032 Zürich",cafe,Marfa,47.3620459,8.5609414
4002009503,"Zur Stahlgiesserei 3, 8200 Schaffhausen",restaurant,Brasserie Zikade,47.6994947,8.6325886
4002009503,"Zur Stahlgiesserei 3, 8200 Schaffhausen",restaurant,Bull & Bonito,47.6992222,8.6317983
4002009503,"Zur Stahlgiesserei 3, 8200 Schaffhausen",restaurant,Selda's,47.6985827,8.6318162
4002009503,"Zur Stahlgiesserei 3, 8200 Schaffhausen",restaurant,Khawa,47.7037097,8.6304461
4002009503,"Zur Stahlgiesserei 3, 8200 Schaffhausen",parking,Parkhaus Diana,47.6995789,8.6325696
4002009503,"Zur Stahlgiesserei 3, 8200 Schaffhausen",fast_food,Al Beek,47.7012695,8.6300671
4002009503,"Zur Stahlgiesserei 3, 8200 Schaffhausen",restaurant,Centraal,47.7010957,8.6301816
4002009503,"Zur Stahlgiesserei 3, 8200 Schaffhausen",bar,Nachbar,47.7037001,8.6300309
4002009498,"Bruggstrasse 7, 4153 Reinach BL",atm,Kantonalbank,47.493121,7.5927274
4002009498,"Bruggstrasse 7, 4153 Reinach BL",pharmacy,Hornstein,47.4929297,7.593537
4002009498,"Bruggstrasse 7, 4153 Reinach BL",restaurant,Zur Waage,47.4909027,7.5891607
4002009498,"Bruggstrasse 7, 4153 Reinach BL",restaurant,Restaurant im Zentrum,47.4927585,7.5936045
4002009498,"Bruggstrasse 7, 4153 Reinach BL",cafe,Café Grellinger,47.4933407,7.5889212
4002009498,"Bruggstrasse 7, 4153 Reinach BL",cafe,Café Storch,47.4927869,7.5888236
4002009498,"Bruggstrasse 7, 4153 Reinach BL",restaurant,Mister Wong,47.4890774,7.5966724
4002009498,"Bruggstrasse 7, 4153 Reinach BL",restaurant,Arcade Restaurant,47.4917834,7.5888125
4002009498,"Bruggstrasse 7, 4153 Reinach BL",restaurant,Grill Corner Imbiss,47.491386,7.58918
4002009498,"Bruggstrasse 7, 4153 Reinach BL",parking,n/a,47.4915645,7.5896845
4002009498,"Bruggstrasse 7, 4153 Reinach BL",restaurant,Café Schopf,47.4918994,7.5896171
4002009498,"Bruggstrasse 7, 4153 Reinach BL",fast_food,Pizza Capo,47.4935178,7.5914866
4002009498,"Bruggstrasse 7, 4153 Reinach BL",bank,Credit Suisse,47.4928234,7.5888923
4002009498,"Bruggstrasse 7, 4153 Reinach BL",bank,Valiant,47.4934634,7.5915349
4002009498,"Bruggstrasse 7, 4153 Reinach BL",bank,Kantonalbank Baselland,47.493121,7.5926778
4002009498,"Bruggstrasse 7, 4153 Reinach BL",bank,UBS,47.4932316,7.5935911
4002009498,"Bruggstrasse 7, 4153 Reinach BL",restaurant,Cucina-amici Pizzaria,47.4922681,7.592893
4002009498,"Bruggstrasse 7, 4153 Reinach BL",atm,n/a,47.4897002,7.5985302
4002009498,"Bruggstrasse 7, 4153 Reinach BL",fast_food,Kägen Imbiss-Café Kocak,47.4878588,7.5959092
4002008739,"Ob der Müli, 8166 Niederweningen",restaurant,Löwen,47.5074513,8.3797562
4002008739,"Ob der Müli, 8166 Niederweningen",bank,Bezirks-Sparkasse Dielsdorf,47.5077363,8.3783722
4002008739,"Ob der Müli, 8166 Niederweningen",library,Mediothek Niederweningen,47.5071907,8.3800914
4002006071,"Marktstrasse 3, 2540 Grenchen",parking,n/a,47.1919546,7.3979096
4002006071,"Marktstrasse 3, 2540 Grenchen",pub,Baracoa,47.1928349,7.3960856
4002006071,"Marktstrasse 3, 2540 Grenchen",fast_food,McDonald's,47.192981,7.4012687
4002006071,"Marktstrasse 3, 2540 Grenchen",pharmacy,n/a,47.1927234,7.3969981
4002006071,"Marktstrasse 3, 2540 Grenchen",restaurant,Metzgerhalle,47.1942997,7.3950991
4002006071,"Marktstrasse 3, 2540 Grenchen",bank,Raiffeisenbank Weissenstein,47.1926257,7.3988046
4002006071,"Marktstrasse 3, 2540 Grenchen",atm,n/a,47.1926381,7.3987593
4002006071,"Marktstrasse 3, 2540 Grenchen",restaurant,Thai Wok,47.1935096,7.4036313
4002006071,"Marktstrasse 3, 2540 Grenchen",clinic,Clinique DELC,47.1935543,7.4016235
4002006071,"Marktstrasse 3, 2540 Grenchen",restaurant,Roy,47.1934259,7.3951969
4002006071,"Marktstrasse 3, 2540 Grenchen",restaurant,Restaurant am Girardplatz,47.1913001,7.3995455
4002006071,"Marktstrasse 3, 2540 Grenchen",restaurant,Bambi,47.1936253,7.3977055
4002006071,"Marktstrasse 3, 2540 Grenchen",restaurant,Man Fu,47.1932421,7.3985235
4002006071,"Marktstrasse 3, 2540 Grenchen",restaurant,Restaurant Centro Lounge,47.1925659,7.3968083
4002006071,"Marktstrasse 3, 2540 Grenchen",restaurant,Restaurant Antonio Gonzales,47.1935146,7.3963731
4002006071,"Marktstrasse 3, 2540 Grenchen",cafe,Café Märet,47.1931314,7.3964998
4002006071,"Marktstrasse 3, 2540 Grenchen",pub,Britannia Pub,47.1939502,7.3955483
4002002556,"Pfirsichstrasse 9, 8006 Zürich",fast_food,Richie's Chicken,47.3905675,8.5394452
4002002556,"Pfirsichstrasse 9, 8006 Zürich",fast_food,Fux und Haas,47.3857229,8.5395166
4002002556,"Pfirsichstrasse 9, 8006 Zürich",fast_food,Janni Pizza Kurier,47.3866392,8.539917
4002002556,"Pfirsichstrasse 9, 8006 Zürich",restaurant,Mama's Beck,47.3885695,8.539287
4002002556,"Pfirsichstrasse 9, 8006 Zürich",restaurant,Thali Indian Restaurant,47.390294,8.5392273
4002002556,"Pfirsichstrasse 9, 8006 Zürich",restaurant,SimSim,47.3878521,8.5392302
4002002556,"Pfirsichstrasse 9, 8006 Zürich",restaurant,Al Ventotto,47.3902274,8.538794
4002002556,"Pfirsichstrasse 9, 8006 Zürich",parking,Parkhaus Stampfenbach,47.3864863,8.5390689
4002002556,"Pfirsichstrasse 9, 8006 Zürich",restaurant,differente,47.3881157,8.5390656
4002002556,"Pfirsichstrasse 9, 8006 Zürich",restaurant,Bistro Pinto Take Away,47.3872577,8.540021
4002002556,"Pfirsichstrasse 9, 8006 Zürich",restaurant,Edi,47.3886532,8.5392721
4002002543,"Schaffhauserstrasse 230 A, 8057 Zürich",restaurant,Il Postino,47.400103,8.5436425
4002002543,"Schaffhauserstrasse 230 A, 8057 Zürich",atm,Postfinance,47.4032222,8.5471691
4002002543,"Schaffhauserstrasse 230 A, 8057 Zürich",pharmacy,Medbase Apotheke Berninaplatz,47.4033589,8.5472861
4002002543,"Schaffhauserstrasse 230 A, 8057 Zürich",restaurant,Smeiley's,47.4034424,8.5471665
4002002543,"Schaffhauserstrasse 230 A, 8057 Zürich",fast_food,Pho Saigon Take Away,47.4024817,8.547717
4002002543,"Schaffhauserstrasse 230 A, 8057 Zürich",pharmacy,Hirschwiesen-Apotheke,47.4003419,8.5439647
4002002543,"Schaffhauserstrasse 230 A, 8057 Zürich",restaurant,Amore,47.4041342,8.548368
4002002543,"Schaffhauserstrasse 230 A, 8057 Zürich",restaurant,Nihao,47.4024233,8.5445394
4002002543,"Schaffhauserstrasse 230 A, 8057 Zürich",parking,n/a,47.403656,8.5467695
4002002543,"Schaffhauserstrasse 230 A, 8057 Zürich",library,HfH-Bibliothek,47.402815,8.5463957
4002000431,"Poststrasse 98, 7050 Arosa",pub,Lindemann's Overtime Bar,46.7823226,9.6796935
4002000431,"Poststrasse 98, 7050 Arosa",pharmacy,Montana Apotheke,46.7820602,9.6794897
4002000431,"Poststrasse 98, 7050 Arosa",bar,Los,46.7782719,9.6775029
4002000431,"Poststrasse 98, 7050 Arosa",bank,Graubündner Kantonalbank,46.7784023,9.6775822
4002000431,"Poststrasse 98, 7050 Arosa",bank,Credit Suisse,46.7822577,9.6796057
4002000431,"Poststrasse 98, 7050 Arosa",restaurant,Simmens Rösti,46.7812817,9.6795279
4002000431,"Poststrasse 98, 7050 Arosa",restaurant,Bullrian,46.7777074,9.6760738
4002000431,"Poststrasse 98, 7050 Arosa",restaurant,aifach,46.7810716,9.6798471
4002000431,"Poststrasse 98, 7050 Arosa",restaurant,Bellini,46.7818716,9.6797246
4002000431,"Poststrasse 98, 7050 Arosa",restaurant,Grottino,46.7817486,9.6797252
4002000431,"Poststrasse 98, 7050 Arosa",library,Gemeinde & Schulbibliothek Arosa,46.7774469,9.6747287
4002000431,"Poststrasse 98, 7050 Arosa",restaurant,Le Bistro,46.7794473,9.6778042
4002000431,"Poststrasse 98, 7050 Arosa",fast_food,n/a,46.7781535,9.6772129
4002000431,"Poststrasse 98, 7050 Arosa",bar,Halli Galli,46.7776088,9.6758587
4002000431,"Poststrasse 98, 7050 Arosa",fast_food,Pizza & Kebab Bar,46.78257,9.6797567
4002000431,"Poststrasse 98, 7050 Arosa",restaurant,Restaurant Charlie's,46.7778078,9.6756949
4001995448,"Büelstrasse 3, 8863 Buttikon SZ",restaurant,Rosengarten,47.175496,8.943932
4001995448,"Büelstrasse 3, 8863 Buttikon SZ",restaurant,Traube,47.173428,8.9576699
4001995448,"Büelstrasse 3, 8863 Buttikon SZ",atm,n/a,47.17458,8.951664
4001995448,"Büelstrasse 3, 8863 Buttikon SZ",restaurant,Freihof,47.1754156,8.9492492
4001995448,"Büelstrasse 3, 8863 Buttikon SZ",restaurant,Thai Metta,47.1755735,8.941524
4001995448,"Büelstrasse 3, 8863 Buttikon SZ",cafe,Wüst Bäckerei,47.1751899,8.9476511
4001995448,"Büelstrasse 3, 8863 Buttikon SZ",cafe,MuKidi Family-Kafi,47.1755358,8.9468526
4001995448,"Büelstrasse 3, 8863 Buttikon SZ",restaurant,Bistro 94,47.1735904,8.9553196
4001995448,"Büelstrasse 3, 8863 Buttikon SZ",restaurant,Alti Glasi 1936,47.1744387,8.9531497
4001994870,"Hubelweg 5, 3504 Niederhünigen",restaurant,Esswerk6,46.8762255,7.6393899
4001987280,"Gutenbergstr. 37, 3011 Bern",restaurant,Da Carlo,46.9459784,7.4351935
4001987280,"Gutenbergstr. 37, 3011 Bern",restaurant,Yaadein,46.9429002,7.4319485
4001987280,"Gutenbergstr. 37, 3011 Bern",restaurant,Piccola Napoli,46.9432488,7.4361178
4001987280,"Gutenbergstr. 37, 3011 Bern",restaurant,India4u,46.9454979,7.4335432
4001987280,"Gutenbergstr. 37, 3011 Bern",restaurant,Mezze de Beirut,46.9419805,7.4318855
4001987280,"Gutenbergstr. 37, 3011 Bern",cafe,Café Alino,46.9405911,7.4360298
4001987280,"Gutenbergstr. 37, 3011 Bern",restaurant,musigbistrot,46.9425205,7.4334896
4001987280,"Gutenbergstr. 37, 3011 Bern",restaurant,Allresto,46.9461258,7.4342407
4001987280,"Gutenbergstr. 37, 3011 Bern",fast_food,Jana Chicken Take Away,46.9457198,7.4336499
4001987280,"Gutenbergstr. 37, 3011 Bern",restaurant,Frohegg,46.9424116,7.4316794
4001987280,"Gutenbergstr. 37, 3011 Bern",pub,Nelson,46.9428383,7.4361217
4001987280,"Gutenbergstr. 37, 3011 Bern",library,Bibliothek + Archiv Schweizerischer Gewerkschaftsbund,46.9415393,7.4361616
4001987280,"Gutenbergstr. 37, 3011 Bern",restaurant,Namaste India,46.9440749,7.4357829
4001987280,"Gutenbergstr. 37, 3011 Bern",restaurant,Mattehof Gastronomie,46.9434438,7.4323312
4001987280,"Gutenbergstr. 37, 3011 Bern",fast_food,Bhatti Shop,46.9456577,7.4357576
4001987280,"Gutenbergstr. 37, 3011 Bern",cafe,Effinger,46.9459972,7.4358117
4001987280,"Gutenbergstr. 37, 3011 Bern",library,Alliance Sud InfoDoc Bern,46.9438184,7.4362301
4001987280,"Gutenbergstr. 37, 3011 Bern",fast_food,Cèdre du Liban,46.9444823,7.4354816
4001987280,"Gutenbergstr. 37, 3011 Bern",school,BFF - Berufs- Fach- und Fortbildungsschule,46.9413632,7.4325651
4001987280,"Gutenbergstr. 37, 3011 Bern",fast_food,CONTACT take a way,46.9406238,7.4355286
4001987280,"Gutenbergstr. 37, 3011 Bern",clinic,Augen Zentrum Gutenberg,46.9445614,7.4348287
4001987280,"Gutenbergstr. 37, 3011 Bern",clinic,Augen Zentrum Prof. Fankhauser,46.9444648,7.4347504
4001987280,"Gutenbergstr. 37, 3011 Bern",restaurant,Fabrique28,46.9439157,7.4356642
4001987280,"Gutenbergstr. 37, 3011 Bern",fast_food,Bigi Pizza Huus,46.9424958,7.4316804
4001987280,"Gutenbergstr. 37, 3011 Bern",restaurant,City Pizzeria,46.9440145,7.4357364
4001987280,"Gutenbergstr. 37, 3011 Bern",restaurant,Petit Couteau,46.9454348,7.4367604
4001987280,"Gutenbergstr. 37, 3011 Bern",restaurant,Missione Cattolica Italiana,46.9410602,7.4345779
4001987280,"Gutenbergstr. 37, 3011 Bern",restaurant,Asia Höck,46.9437576,7.4362244
4001987280,"Gutenbergstr. 37, 3011 Bern",cafe,Cafe Racer,46.945968,7.4362877
4001987280,"Gutenbergstr. 37, 3011 Bern",fast_food,HurryCurry,46.9409003,7.4360759
4001987280,"Gutenbergstr. 37, 3011 Bern",cafe,CAFÉ TRAVOIS,46.9425529,7.4360529
4001981892,"Tellstrasse 26, 3014 Bern",fast_food,McDonald's,46.9625281,7.4638878
4001981830,"Tellstrasse 26, 3014 Bern",fast_food,McDonald's,46.9625281,7.4638878
4001980219,"Grabenwies 20, 8057 Zürich",restaurant,Fallender Brunnenhof,47.402817,8.5355605
4001980219,"Grabenwies 20, 8057 Zürich",restaurant,Kiosk / Restaurant,47.4048648,8.5379355
4001980219,"Grabenwies 20, 8057 Zürich",restaurant,Barcelona Restaurant,47.4020484,8.5353195
4001980219,"Grabenwies 20, 8057 Zürich",restaurant,Gasthaus Hofwiesen,47.4063257,8.5376266
4001980219,"Grabenwies 20, 8057 Zürich",pharmacy,Wehntal-Apotheke,47.402496,8.5358866
4001980219,"Grabenwies 20, 8057 Zürich",restaurant,Jeunesse,47.4041372,8.5342275
4001978464,"Theaterstrasse 13, 6003 Luzern",cafe,La vie en rose,47.0488665,8.3065612
4001978464,"Theaterstrasse 13, 6003 Luzern",bank,Luzerner Kantonalbank,47.0494894,8.306714
4001978464,"Theaterstrasse 13, 6003 Luzern",atm,n/a,47.0507915,8.307197
4001978464,"Theaterstrasse 13, 6003 Luzern",restaurant,Bistro du Théâtre,47.0501819,8.306705
4001978464,"Theaterstrasse 13, 6003 Luzern",restaurant,La Baracca,47.0500866,8.3067964
4001978464,"Theaterstrasse 13, 6003 Luzern",restaurant,Wirtschaft zur Ente,47.0503868,8.3062934
4001978464,"Theaterstrasse 13, 6003 Luzern",restaurant,Pastarazzi,47.0497108,8.3049239
4001978464,"Theaterstrasse 13, 6003 Luzern",cafe,Taburettli,47.0490729,8.3059069
4001978464,"Theaterstrasse 13, 6003 Luzern",bar,Boca Grande,47.0489776,8.3067156
4001978464,"Theaterstrasse 13, 6003 Luzern",bar,Penthouse,47.0481586,8.3055261
4001978464,"Theaterstrasse 13, 6003 Luzern",restaurant,Mekong,47.0481843,8.3053784
4001978464,"Theaterstrasse 13, 6003 Luzern",cafe,Coffeeshop,47.0482409,8.3055152
4001978464,"Theaterstrasse 13, 6003 Luzern",restaurant,La Cucina,47.0479172,8.3058605
4001978464,"Theaterstrasse 13, 6003 Luzern",cafe,Kaffeekranz,47.0482343,8.3066261
4001978464,"Theaterstrasse 13, 6003 Luzern",restaurant,Mövenpick Restaurant,47.0494411,8.3064254
4001978464,"Theaterstrasse 13, 6003 Luzern",restaurant,Rossini,47.0507233,8.3070246
4001978464,"Theaterstrasse 13, 6003 Luzern",pharmacy,Cysat Apotheke,47.0492114,8.3061459
4001978464,"Theaterstrasse 13, 6003 Luzern",bar,Café Nizza Bar,47.0482129,8.305887
4001978464,"Theaterstrasse 13, 6003 Luzern",atm,n/a,47.0494189,8.3068078
4001978464,"Theaterstrasse 13, 6003 Luzern",school,Castle's language,47.0497936,8.3051072
4001978464,"Theaterstrasse 13, 6003 Luzern",atm,n/a,47.0494775,8.306515
4001978464,"Theaterstrasse 13, 6003 Luzern",clinic,Röntgeninstitut Medical Imaging Luzern,47.0506304,8.3069199
4001978464,"Theaterstrasse 13, 6003 Luzern",bar,Kaspar,47.0485107,8.3063809
4001978464,"Theaterstrasse 13, 6003 Luzern",bank,ViaExpress,47.0490943,8.3053284
4001978464,"Theaterstrasse 13, 6003 Luzern",bar,Ravioli Bar,47.0487033,8.3065774
4001978464,"Theaterstrasse 13, 6003 Luzern",restaurant,Pacifico,47.0490347,8.3069359
4001978464,"Theaterstrasse 13, 6003 Luzern",bar,milano bar,47.048899,8.305284
4001978464,"Theaterstrasse 13, 6003 Luzern",bank,small world Money Transfer,47.0490216,8.3059563
4001978464,"Theaterstrasse 13, 6003 Luzern",restaurant,Wild Bowls,47.0494118,8.3066396
4001978464,"Theaterstrasse 13, 6003 Luzern",cafe,Café Vista,47.0499625,8.3054628
4001978464,"Theaterstrasse 13, 6003 Luzern",bar,Moderne Bar & Karussell,47.0484739,8.3060088
4001978464,"Theaterstrasse 13, 6003 Luzern",restaurant,Abi's Luzern Kebab,47.0498138,8.307015
4001978464,"Theaterstrasse 13, 6003 Luzern",bar,just a little brewpub,47.0497286,8.3066015
4001976822,"Marktplatz 14, 9000 St. Gallen",parking,Manor,47.4237668,9.3727109
4001976822,"Marktplatz 14, 9000 St. Gallen",fast_food,McDonald's,47.4265531,9.3768575
4001976822,"Marktplatz 14, 9000 St. Gallen",cafe,Starbucks,47.4255024,9.3764555
4001976822,"Marktplatz 14, 9000 St. Gallen",restaurant,Seeger,47.4257369,9.3737137
4001976822,"Marktplatz 14, 9000 St. Gallen",restaurant,Marktplatz,47.4256989,9.3754467
4001976822,"Marktplatz 14, 9000 St. Gallen",restaurant,Hörnli,47.4255885,9.3753555
4001976822,"Marktplatz 14, 9000 St. Gallen",pharmacy,Löwen,47.4262283,9.3752022
4001976822,"Marktplatz 14, 9000 St. Gallen",restaurant,Tres Amigos,47.4268566,9.3766374
4001976822,"Marktplatz 14, 9000 St. Gallen",fast_food,Gabriel,47.4261299,9.3758544
4001976822,"Marktplatz 14, 9000 St. Gallen",restaurant,Al Capone,47.4265343,9.3764816
4001976822,"Marktplatz 14, 9000 St. Gallen",restaurant,90 Grad,47.4261655,9.3763484
4001976822,"Marktplatz 14, 9000 St. Gallen",bar,News Café Musikbar,47.4252559,9.374099
4001976822,"Marktplatz 14, 9000 St. Gallen",bar,Alpenchique,47.4275336,9.3745034
4001976822,"Marktplatz 14, 9000 St. Gallen",cafe,Eiscafé Gekko,47.4268922,9.3744683
4001976822,"Marktplatz 14, 9000 St. Gallen",restaurant,Sushi Bar Wasabi,47.4267666,9.3744883
4001976822,"Marktplatz 14, 9000 St. Gallen",restaurant,Sauceria,47.4266685,9.3745146
4001976822,"Marktplatz 14, 9000 St. Gallen",bank,WIR,47.427097,9.3734871
4001976822,"Marktplatz 14, 9000 St. Gallen",bank,Migros Bank,47.4259494,9.3735777
4001976822,"Marktplatz 14, 9000 St. Gallen",fast_food,Gazi,47.4256395,9.372625
4001976822,"Marktplatz 14, 9000 St. Gallen",restaurant,il Kolosseum,47.4254047,9.3727981
4001976822,"Marktplatz 14, 9000 St. Gallen",restaurant,US-Mex,47.4261322,9.3764861
4001976822,"Marktplatz 14, 9000 St. Gallen",restaurant,New White Swan,47.4271011,9.3751415
4001976822,"Marktplatz 14, 9000 St. Gallen",restaurant,Focacceria,47.427074,9.3752399
4001976822,"Marktplatz 14, 9000 St. Gallen",restaurant,Big Elephant,47.4270031,9.3753068
4001976822,"Marktplatz 14, 9000 St. Gallen",bar,Palma,47.4265647,9.3756343
4001976822,"Marktplatz 14, 9000 St. Gallen",restaurant,Zum Goldenen Schäfli,47.4266102,9.3755659
4001976822,"Marktplatz 14, 9000 St. Gallen",restaurant,Schwarzer Adler,47.4262959,9.3752955
4001976822,"Marktplatz 14, 9000 St. Gallen",library,Freihandbibliothek,47.4269731,9.3770864
4001976822,"Marktplatz 14, 9000 St. Gallen",parking,n/a,47.4245723,9.3724725
4001976822,"Marktplatz 14, 9000 St. Gallen",restaurant,Brauwerk,47.4247253,9.3717223
4001976822,"Marktplatz 14, 9000 St. Gallen",fast_food,Orange,47.4268801,9.376277
4001976822,"Marktplatz 14, 9000 St. Gallen",cafe,Gschwend,47.4268477,9.3760612
4001976822,"Marktplatz 14, 9000 St. Gallen",restaurant,Spitalkeller,47.4257801,9.3773337
4001976822,"Marktplatz 14, 9000 St. Gallen",atm,n/a,47.4261304,9.3773498
4001976822,"Marktplatz 14, 9000 St. Gallen",pub,Metzgertor,47.4271928,9.3746816
4001976822,"Marktplatz 14, 9000 St. Gallen",fast_food,chez Fritz,47.4257047,9.3750501
4001976822,"Marktplatz 14, 9000 St. Gallen",atm,n/a,47.4265668,9.3769431
4001976822,"Marktplatz 14, 9000 St. Gallen",bar,Paparazzo Bar,47.4266664,9.3738565
4001976822,"Marktplatz 14, 9000 St. Gallen",restaurant,Blumenberg,47.4266928,9.37389
4001976822,"Marktplatz 14, 9000 St. Gallen",cafe,Barista St. Gallen,47.4261611,9.3736514
4001976822,"Marktplatz 14, 9000 St. Gallen",restaurant,La Taverna IV,47.4236605,9.3729072
4001976822,"Marktplatz 14, 9000 St. Gallen",bar,August Bar,47.4272899,9.3745692
4001976822,"Marktplatz 14, 9000 St. Gallen",bar,Bartolomé Drinx & Talx,47.4272004,9.3749954
4001976822,"Marktplatz 14, 9000 St. Gallen",restaurant,Schwarzer Engel,47.4269336,9.3745668
4001976822,"Marktplatz 14, 9000 St. Gallen",pharmacy,Amavita,47.4246991,9.3733297
4001976822,"Marktplatz 14, 9000 St. Gallen",parking,Parkhaus Rathaus St.Gallen,47.4244131,9.3710861
4001976822,"Marktplatz 14, 9000 St. Gallen",restaurant,Dieci,47.4280396,9.3778384
4001976822,"Marktplatz 14, 9000 St. Gallen",cafe,Roox,47.424262,9.3721008
4001976822,"Marktplatz 14, 9000 St. Gallen",restaurant,schiffchuchi,47.4258771,9.3763556
4001976822,"Marktplatz 14, 9000 St. Gallen",bar,Analog,47.4263814,9.3747725
4001976822,"Marktplatz 14, 9000 St. Gallen",restaurant,Alt St.Gallen,47.4270548,9.3743632
4001976822,"Marktplatz 14, 9000 St. Gallen",restaurant,Banh Mi Bros,47.4268237,9.3752962
4001976822,"Marktplatz 14, 9000 St. Gallen",bar,Picante,47.427085,9.3743958
4001976822,"Marktplatz 14, 9000 St. Gallen",bar,chillout bar Lunaris,47.4271656,9.374476
4001976822,"Marktplatz 14, 9000 St. Gallen",restaurant,krug,47.427274,9.374873
4001976822,"Marktplatz 14, 9000 St. Gallen",restaurant,samosa,47.4268712,9.3745737
4001976822,"Marktplatz 14, 9000 St. Gallen",cafe,Øya Bar Kafé Klub,47.4275464,9.3774951
4001976822,"Marktplatz 14, 9000 St. Gallen",restaurant,Café im Pärkli,47.4245373,9.3734974
4001976822,"Marktplatz 14, 9000 St. Gallen",bank,Julius Bär,47.4254969,9.3730836
4001976822,"Marktplatz 14, 9000 St. Gallen",bank,Migrosbank,47.4259607,9.3734114
4001976822,"Marktplatz 14, 9000 St. Gallen",cafe,Café Zentrum,47.4256884,9.3751957
4001976822,"Marktplatz 14, 9000 St. Gallen",restaurant,Neugass,47.4248615,9.3744477
4001976822,"Marktplatz 14, 9000 St. Gallen",fast_food,Alpen Dedi,47.4255176,9.3750295
4001976822,"Marktplatz 14, 9000 St. Gallen",bar,Blumenmarkt,47.4258801,9.3745247
4001976822,"Marktplatz 14, 9000 St. Gallen",bank,Cembra,47.4255576,9.3745719
4001976822,"Marktplatz 14, 9000 St. Gallen",cafe,Zentrum,47.4256475,9.3751453
4001976822,"Marktplatz 14, 9000 St. Gallen",cafe,südbar,47.4254246,9.3746878
4001976822,"Marktplatz 14, 9000 St. Gallen",restaurant,Senso Kitchen,47.4261967,9.3740371
4001976822,"Marktplatz 14, 9000 St. Gallen",restaurant,Restaurant Kränzlin,47.4260992,9.3744132
4001976822,"Marktplatz 14, 9000 St. Gallen",restaurant,Thach,47.4269061,9.3761238
4001976822,"Marktplatz 14, 9000 St. Gallen",bar,Goliath Stübli,47.4274952,9.3767961
4001976822,"Marktplatz 14, 9000 St. Gallen",restaurant,Japan House Edo,47.4264873,9.3746017
4001976822,"Marktplatz 14, 9000 St. Gallen",bar,Time Out,47.4272628,9.3762853
4001976822,"Marktplatz 14, 9000 St. Gallen",bar,Salsoteca bar,47.4283192,9.3776598
4001976822,"Marktplatz 14, 9000 St. Gallen",atm,Acrevis,47.4259177,9.3759124
4001976822,"Marktplatz 14, 9000 St. Gallen",atm,Acrevis,47.4258491,9.3759124
4001976822,"Marktplatz 14, 9000 St. Gallen",bar,kult,47.426586,9.3770645
4001976822,"Marktplatz 14, 9000 St. Gallen",restaurant,Kostas der Grieche,47.4278582,9.3768884
4001976822,"Marktplatz 14, 9000 St. Gallen",bank,Bank Jungholz,47.4250404,9.3734953
4001976822,"Marktplatz 14, 9000 St. Gallen",bar,O Five-Pub,47.4245144,9.3728423
4001976822,"Marktplatz 14, 9000 St. Gallen",fast_food,Holy Cow!,47.4265383,9.3772821
4001976822,"Marktplatz 14, 9000 St. Gallen",fast_food,Nil Imbiss,47.4260978,9.3759613
4001976822,"Marktplatz 14, 9000 St. Gallen",fast_food,Risotteria,47.4261505,9.3759845
4001976822,"Marktplatz 14, 9000 St. Gallen",fast_food,Subway,47.4242597,9.3736476
4001976822,"Marktplatz 14, 9000 St. Gallen",restaurant,Atrium,47.4241058,9.3722647
4001976822,"Marktplatz 14, 9000 St. Gallen",pharmacy,Care land,47.4241072,9.3717915
4001976822,"Marktplatz 14, 9000 St. Gallen",cafe,l'Ultimo Bacio,47.4246951,9.3726524
4001976822,"Marktplatz 14, 9000 St. Gallen",atm,Raiffeisen,47.4260454,9.3762708
4001976822,"Marktplatz 14, 9000 St. Gallen",bar,roox,47.4274838,9.3769785
4001976822,"Marktplatz 14, 9000 St. Gallen",cafe,Bagutta Bistro Bar,47.4265692,9.374567
4001976822,"Marktplatz 14, 9000 St. Gallen",bar,Torpedo,47.4273707,9.3771134
4001976822,"Marktplatz 14, 9000 St. Gallen",restaurant,Mila Sol,47.4274969,9.3759548
4001976822,"Marktplatz 14, 9000 St. Gallen",bar,Shisha Bar,47.4274088,9.3766169
4001976822,"Marktplatz 14, 9000 St. Gallen",bar,non olet,47.4265935,9.3775584
4001976822,"Marktplatz 14, 9000 St. Gallen",bar,Caipirinha Bar,47.4266186,9.3772861
4001976822,"Marktplatz 14, 9000 St. Gallen",bar,Maverick's Cocktail Bar,47.4268371,9.3742725
4001976822,"Marktplatz 14, 9000 St. Gallen",restaurant,1733 Restaurant & Weinbar,47.4276287,9.3769259
4001976822,"Marktplatz 14, 9000 St. Gallen",pub,Gallus Pub,47.4267956,9.3753296
4001976822,"Marktplatz 14, 9000 St. Gallen",restaurant,Lotus,47.4266632,9.3772894
4001976822,"Marktplatz 14, 9000 St. Gallen",pub,oink oink,47.4271417,9.3750971
4001976822,"Marktplatz 14, 9000 St. Gallen",bar,nox,47.428027,9.377124
4001976822,"Marktplatz 14, 9000 St. Gallen",restaurant,Al Mouchtar,47.4273875,9.3768876
4001976822,"Marktplatz 14, 9000 St. Gallen",pub,Brewpub St.Gallen,47.427729,9.3771994
4001976822,"Marktplatz 14, 9000 St. Gallen",restaurant,Yak Momo,47.4267248,9.3772795
4001976822,"Marktplatz 14, 9000 St. Gallen",cafe,Café am Ring,47.4265342,9.3739767
4001976822,"Marktplatz 14, 9000 St. Gallen",cafe,DeeOne,47.4264939,9.3743182
4001976822,"Marktplatz 14, 9000 St. Gallen",parking,n/a,47.427491,9.3743667
4001976822,"Marktplatz 14, 9000 St. Gallen",bar,MeetingPoint,47.4272569,9.3736703
4001976822,"Marktplatz 14, 9000 St. Gallen",bar,Escape Bar,47.4263422,9.3740276
4001976822,"Marktplatz 14, 9000 St. Gallen",restaurant,Gschwend,47.4268537,9.3760333
4001976822,"Marktplatz 14, 9000 St. Gallen",restaurant,The Kebab Club,47.4240152,9.3708972
4001976822,"Marktplatz 14, 9000 St. Gallen",restaurant,Fratelli - Pasta Takeaway,47.4257962,9.3755332
4001976822,"Marktplatz 14, 9000 St. Gallen",restaurant,Esswerk,47.4254799,9.3745804
4001976822,"Marktplatz 14, 9000 St. Gallen",cafe,Liberté,47.4243289,9.3723738
4001976822,"Marktplatz 14, 9000 St. Gallen",bar,Rock Story,47.42707,9.3745118
4001976822,"Marktplatz 14, 9000 St. Gallen",restaurant,Zur Werkstatt St.Gallen AG,47.4255301,9.3749759
4001976822,"Marktplatz 14, 9000 St. Gallen",cafe,Starbucks,47.4252955,9.3724222
4001976822,"Marktplatz 14, 9000 St. Gallen",atm,Värdex Crypto ATM,47.4261461,9.3764418
4001976822,"Marktplatz 14, 9000 St. Gallen",atm,Värdex Crypto ATM,47.4240209,9.3715315
4001976822,"Marktplatz 14, 9000 St. Gallen",parking,n/a,47.4238663,9.3729222
4001976822,"Marktplatz 14, 9000 St. Gallen",parking,n/a,47.4244455,9.3731849
4001976822,"Marktplatz 14, 9000 St. Gallen",fast_food,Domino's,47.428237,9.3775941
4001976822,"Marktplatz 14, 9000 St. Gallen",restaurant,Osteria San Gallo,47.4266422,9.3776211
4001976806,"Seemoosholzstrasse 20, 9320 Arbon",parking,n/a,47.5200631,9.4209664
4001976806,"Seemoosholzstrasse 20, 9320 Arbon",parking,n/a,47.521383,9.4215951
4001974662,"Rue du Chêne 5, 1020 Renens",restaurant,il Bacio,46.5297906,6.5918468
4001974662,"Rue du Chêne 5, 1020 Renens",restaurant,Café Restaurant du Léman,46.5316226,6.5884676
4001974662,"Rue du Chêne 5, 1020 Renens",parking,n/a,46.5321662,6.588384
4001974662,"Rue du Chêne 5, 1020 Renens",university,Haute école fédérale en formation professionnelle,46.5288516,6.5919006
4001974661,"Rue du Chêne 5, 1020 Renens",restaurant,il Bacio,46.5297906,6.5918468
4001974661,"Rue du Chêne 5, 1020 Renens",restaurant,Café Restaurant du Léman,46.5316226,6.5884676
4001974661,"Rue du Chêne 5, 1020 Renens",parking,n/a,46.5321662,6.588384
4001974661,"Rue du Chêne 5, 1020 Renens",university,Haute école fédérale en formation professionnelle,46.5288516,6.5919006
4001974660,"Rue du Chêne 5, 1020 Renens",restaurant,il Bacio,46.5297906,6.5918468
4001974660,"Rue du Chêne 5, 1020 Renens",restaurant,Café Restaurant du Léman,46.5316226,6.5884676
4001974660,"Rue du Chêne 5, 1020 Renens",parking,n/a,46.5321662,6.588384
4001974660,"Rue du Chêne 5, 1020 Renens",university,Haute école fédérale en formation professionnelle,46.5288516,6.5919006
4001974657,"Rue du Chêne 5, 1020 Renens",restaurant,il Bacio,46.5297906,6.5918468
4001974657,"Rue du Chêne 5, 1020 Renens",restaurant,Café Restaurant du Léman,46.5316226,6.5884676
4001974657,"Rue du Chêne 5, 1020 Renens",parking,n/a,46.5321662,6.588384
4001974657,"Rue du Chêne 5, 1020 Renens",university,Haute école fédérale en formation professionnelle,46.5288516,6.5919006
4001972101,"Säntisstrasse, 9542 Münchwilen TG",bank,Raiffeisen,47.4783883,8.9952229
4001972101,"Säntisstrasse, 9542 Münchwilen TG",fast_food,Alis Kebaphaus,47.4782563,8.9959047
4001972101,"Säntisstrasse, 9542 Münchwilen TG",bar,Musicbar Lime,47.4775279,8.9915273
4001971322,"Nüchternweg 12, 3038 Kirchlindach",parking,n/a,46.9999895,7.4170216
4001971322,"Nüchternweg 12, 3038 Kirchlindach",restaurant,Linde,47.0004268,7.4164151
4001970764,"Murtenstrasse 143 D, 3008 Bern",restaurant,Kesar,46.949,7.41113
4001970764,"Murtenstrasse 143 D, 3008 Bern",restaurant,Noa,46.9491001,7.4096693
4001958798,"Erikastrasse 1, 4057 Basel",bar,Nordbar,47.5704484,7.5955243
4001958798,"Erikastrasse 1, 4057 Basel",restaurant,Che que lomo,47.5705566,7.594893
4001958798,"Erikastrasse 1, 4057 Basel",restaurant,Pizzeria Da Pia,47.5709099,7.5920312
4001958798,"Erikastrasse 1, 4057 Basel",restaurant,Drei Rosen,47.570532,7.5905079
4001958798,"Erikastrasse 1, 4057 Basel",fast_food,Detto Pronto,47.5705037,7.5952502
4001958714,"Hinterdorfstrasse 27, 8157 Dielsdorf",restaurant,Pinocchio Pizza,47.4816005,8.4573262
4001958714,"Hinterdorfstrasse 27, 8157 Dielsdorf",atm,n/a,47.4822267,8.4572404
4001958714,"Hinterdorfstrasse 27, 8157 Dielsdorf",atm,n/a,47.4826611,8.45842
4001958714,"Hinterdorfstrasse 27, 8157 Dielsdorf",library,Gemeinde- und Schulbibliothek Dielsdorf,47.4812359,8.4557634
4001958714,"Hinterdorfstrasse 27, 8157 Dielsdorf",pharmacy,Zum Gerichtshaus,47.4817544,8.4537708
4001958714,"Hinterdorfstrasse 27, 8157 Dielsdorf",restaurant,Amigo,47.482317,8.4579197
4001958714,"Hinterdorfstrasse 27, 8157 Dielsdorf",restaurant,Löwen,47.4837534,8.4551445
4001958714,"Hinterdorfstrasse 27, 8157 Dielsdorf",restaurant,Sun Garden,47.482337,8.4552316
4001958714,"Hinterdorfstrasse 27, 8157 Dielsdorf",restaurant,La Torre,47.4834675,8.4529269
4001958714,"Hinterdorfstrasse 27, 8157 Dielsdorf",restaurant,Sonne,47.4825399,8.4535816
4001958714,"Hinterdorfstrasse 27, 8157 Dielsdorf",bank,Bezirks-Sparkasse Dielsdorf,47.4826869,8.4584839
4001958714,"Hinterdorfstrasse 27, 8157 Dielsdorf",restaurant,Steinbruch,47.486197,8.450796
4001958714,"Hinterdorfstrasse 27, 8157 Dielsdorf",restaurant,Dieli,47.4823769,8.4561593
4001958714,"Hinterdorfstrasse 27, 8157 Dielsdorf",cafe,Café mit Herz,47.4841193,8.4555635
4001958714,"Hinterdorfstrasse 27, 8157 Dielsdorf",fast_food,Dönergy,47.4823853,8.4562468
4001954405,"Untere Bühlenstrasse, 8708 Männedorf",parking,n/a,47.2606344,8.6810162
4001953666,"Avenue De France 22, 1004 Lausanne",pub,Le Juventino,46.5272792,6.6217699
4001953666,"Avenue De France 22, 1004 Lausanne",cafe,L'A-T-E-L-I-E-R,46.5268293,6.6198081
4001953666,"Avenue De France 22, 1004 Lausanne",restaurant,La Station,46.5260881,6.6232685
4001953666,"Avenue De France 22, 1004 Lausanne",fast_food,Tip top,46.5265063,6.6225181
4001953666,"Avenue De France 22, 1004 Lausanne",restaurant,Iris,46.5247497,6.6234641
4001953666,"Avenue De France 22, 1004 Lausanne",restaurant,Bufalà,46.5260973,6.6213801
4001953666,"Avenue De France 22, 1004 Lausanne",library,Bibliothèque Touche-à-Tout,46.525704,6.6221239
4001953666,"Avenue De France 22, 1004 Lausanne",restaurant,Bạn,46.526068,6.6214397
4001953666,"Avenue De France 22, 1004 Lausanne",restaurant,La Cantine sociale et solidaire,46.5260991,6.6232503
4001943629,"Baselmattweg 87, 4123 Allschwil",pharmacy,Central-Apotheke,47.5520441,7.5488169
4001943629,"Baselmattweg 87, 4123 Allschwil",restaurant,La Vita,47.5522515,7.5451593
4001943629,"Baselmattweg 87, 4123 Allschwil",cafe,Buvette,47.5536737,7.5453867
4001943629,"Baselmattweg 87, 4123 Allschwil",atm,n/a,47.5527069,7.5454154
4001943629,"Baselmattweg 87, 4123 Allschwil",parking,n/a,47.5542959,7.5466593
4001939095,"Obere Schöntalstrasse 48, 8406 Winterthur",atm,n/a,47.4955823,8.7127274
4001939095,"Obere Schöntalstrasse 48, 8406 Winterthur",parking,n/a,47.4962372,8.7131115
4001939095,"Obere Schöntalstrasse 48, 8406 Winterthur",school,Schule Lokstadt,47.4960126,8.7147376
4001933501,"Felsenaustrasse 13, 8704 Herrliberg",restaurant,Rössli zur Vogtei,47.2889928,8.6115013
4001933501,"Felsenaustrasse 13, 8704 Herrliberg",restaurant,Seehaus Herrliberg,47.2873517,8.6061659
4001933501,"Felsenaustrasse 13, 8704 Herrliberg",parking,n/a,47.287177,8.6061257
4001933501,"Felsenaustrasse 13, 8704 Herrliberg",restaurant,Strozzi's Strandhaus,47.2869012,8.6066525
4001933501,"Felsenaustrasse 13, 8704 Herrliberg",bar,Ocean Drive Bar,47.2871625,8.606812
4001928257,"Überlandstrasse 198, 8600 Dübendorf",restaurant,Frohsinn,47.3923878,8.6467275
4001928257,"Überlandstrasse 198, 8600 Dübendorf",restaurant,Restaurant Holding,47.3975694,8.6319913
4001928257,"Überlandstrasse 198, 8600 Dübendorf",fast_food,Contadino,47.3937176,8.6408638
4001928257,"Überlandstrasse 198, 8600 Dübendorf",fast_food,Burger King,47.3936802,8.6577187
4001928257,"Überlandstrasse 198, 8600 Dübendorf",parking,n/a,47.398907,8.6278497
4001928257,"Überlandstrasse 198, 8600 Dübendorf",parking,n/a,47.398847,8.6279058
4001928257,"Überlandstrasse 198, 8600 Dübendorf",parking,n/a,47.3988699,8.629262
4001928257,"Überlandstrasse 198, 8600 Dübendorf",parking,n/a,47.3985748,8.6299974
4001889310,"Via Borenco 22, 6648 Minusio",restaurant,Ristorante del Ponte,46.1778233,8.8154905
4001889310,"Via Borenco 22, 6648 Minusio",atm,n/a,46.1773697,8.8147502
4001889310,"Via Borenco 22, 6648 Minusio",atm,n/a,46.1770118,8.8151336
4001889310,"Via Borenco 22, 6648 Minusio",parking,n/a,46.1785585,8.816927
4001889310,"Via Borenco 22, 6648 Minusio",parking,n/a,46.1750371,8.8152436
4001889310,"Via Borenco 22, 6648 Minusio",parking,n/a,46.1738283,8.8123409
4001889310,"Via Borenco 22, 6648 Minusio",parking,n/a,46.1738923,8.8109844
4001889310,"Via Borenco 22, 6648 Minusio",parking,n/a,46.1746649,8.8127135
4001889310,"Via Borenco 22, 6648 Minusio",parking,n/a,46.1749735,8.8137782
4001889310,"Via Borenco 22, 6648 Minusio",parking,n/a,46.1749714,8.8136026
4001889310,"Via Borenco 22, 6648 Minusio",restaurant,Ristorante Pizzeria Centrale,46.1756785,8.8120092
4001889310,"Via Borenco 22, 6648 Minusio",pharmacy,Farmacia Verbano,46.1772543,8.814511
4001867863,"Am Schmittenbach 10 A, 5236 Remigen",atm,Raiffeisen,47.5164065,8.1889434
4001867863,"Am Schmittenbach 10 A, 5236 Remigen",school,Primarschule Remigen,47.5156385,8.1916547
4001867863,"Am Schmittenbach 10 A, 5236 Remigen",restaurant,Chevys Road Stop,47.5138481,8.2088023
4001867863,"Am Schmittenbach 10 A, 5236 Remigen",restaurant,Zum Blauen Engel,47.5092252,8.2058635
4001867863,"Am Schmittenbach 10 A, 5236 Remigen",parking,Gemeindehaus Parkplatz,47.5152585,8.1910314
4001867863,"Am Schmittenbach 10 A, 5236 Remigen",restaurant,Gasthof Bären AG,47.5161436,8.1894027
4001866303,"Eichholzstrasse 35, 8620 Wetzikon ZH",parking,n/a,47.3294604,8.820193
4001866303,"Eichholzstrasse 35, 8620 Wetzikon ZH",parking,n/a,47.3295444,8.8203447
4001866303,"Eichholzstrasse 35, 8620 Wetzikon ZH",school,Schule der Kinder,47.3330575,8.8170981
4001866303,"Eichholzstrasse 35, 8620 Wetzikon ZH",parking,n/a,47.3341256,8.8166707
4001866303,"Eichholzstrasse 35, 8620 Wetzikon ZH",parking,n/a,47.3339802,8.8168877
4001866303,"Eichholzstrasse 35, 8620 Wetzikon ZH",parking,n/a,47.3339127,8.8171946
4001866303,"Eichholzstrasse 35, 8620 Wetzikon ZH",parking,n/a,47.3343105,8.8182823
4001866303,"Eichholzstrasse 35, 8620 Wetzikon ZH",restaurant,Na Nu Vietnam Kitchen,47.3327794,8.8111557
4001862435,"Via Mulino Rosso 8, 6517 Arbedo",cafe,Osteria degli Sportivi,46.2109992,9.0394526
4001862435,"Via Mulino Rosso 8, 6517 Arbedo",bar,Bar San Gottardo,46.2160283,9.0416005
4001862435,"Via Mulino Rosso 8, 6517 Arbedo",parking,n/a,46.2127642,9.0425325
4001862435,"Via Mulino Rosso 8, 6517 Arbedo",cafe,CC bar,46.2128973,9.0429516
4001862435,"Via Mulino Rosso 8, 6517 Arbedo",parking,n/a,46.2132952,9.044487
4001862435,"Via Mulino Rosso 8, 6517 Arbedo",fast_food,Pizzarella,46.2110572,9.0412256
4001862435,"Via Mulino Rosso 8, 6517 Arbedo",atm,n/a,46.2125285,9.0395416
4001858736,"Zwickystrasse 30, 8304 Wallisellen",school,Swiss International School Zürich,47.4042283,8.6061329
4001858736,"Zwickystrasse 30, 8304 Wallisellen",restaurant,Bistro ZwiBack,47.4038645,8.6052129
4001858736,"Zwickystrasse 30, 8304 Wallisellen",cafe,Raumschiff,47.4035895,8.6047419
4001858736,"Zwickystrasse 30, 8304 Wallisellen",restaurant,Accogliente,47.4044575,8.6030482
4001858736,"Zwickystrasse 30, 8304 Wallisellen",restaurant,Simple Steakhouse & Tapas Bar,47.4047808,8.6051436
4001858736,"Zwickystrasse 30, 8304 Wallisellen",restaurant,Movie Sushi,47.4050285,8.6041946
4001858736,"Zwickystrasse 30, 8304 Wallisellen",pub,Hardwald Brewhouse,47.4037463,8.6029696
4001858736,"Zwickystrasse 30, 8304 Wallisellen",fast_food,Swicky 3,47.4040724,8.6050259
4001856667,"Dorfstrasse 68, 8630 Rüti ZH",restaurant,Sternen,47.2554562,8.8578529
4001856667,"Dorfstrasse 68, 8630 Rüti ZH",bus_station,"Rüti, Bahnhof",47.2601519,8.8548585
4001856667,"Dorfstrasse 68, 8630 Rüti ZH",bank,Zürcher Kantonalbank,47.2593135,8.855339
4001856667,"Dorfstrasse 68, 8630 Rüti ZH",atm,Bank Linth,47.2577756,8.8491894
4001856667,"Dorfstrasse 68, 8630 Rüti ZH",parking,Coop,47.2568249,8.8504138
4001856667,"Dorfstrasse 68, 8630 Rüti ZH",restaurant,Al Seda,47.2602363,8.8499769
4001856667,"Dorfstrasse 68, 8630 Rüti ZH",restaurant,Freihof,47.2606077,8.8512817
4001856667,"Dorfstrasse 68, 8630 Rüti ZH",restaurant,Sandhof,47.263635,8.8517542
4001856667,"Dorfstrasse 68, 8630 Rüti ZH",restaurant,Wilder Mann,47.2639855,8.8519939
4001856667,"Dorfstrasse 68, 8630 Rüti ZH",fast_food,Big Daddy,47.2602337,8.8540598
4001856667,"Dorfstrasse 68, 8630 Rüti ZH",fast_food,3Men's Kebab,47.2603892,8.8536298
4001856667,"Dorfstrasse 68, 8630 Rüti ZH",cafe,Café Voland,47.2589937,8.8503832
4001856667,"Dorfstrasse 68, 8630 Rüti ZH",restaurant,Foodoo - Asian Kitchen,47.2599583,8.8518278
4001856667,"Dorfstrasse 68, 8630 Rüti ZH",restaurant,Migros Restaurant,47.2582628,8.8487877
4001856667,"Dorfstrasse 68, 8630 Rüti ZH",restaurant,Grado,47.2553871,8.8586467
4001856667,"Dorfstrasse 68, 8630 Rüti ZH",restaurant,A Casa di Gianluca (Löwen),47.2595753,8.8512636
4001856667,"Dorfstrasse 68, 8630 Rüti ZH",atm,n/a,47.2593411,8.8552679
4001856667,"Dorfstrasse 68, 8630 Rüti ZH",parking,n/a,47.259354,8.8547552
4001856667,"Dorfstrasse 68, 8630 Rüti ZH",restaurant,Klosterhof,47.2595514,8.8493536
4001856667,"Dorfstrasse 68, 8630 Rüti ZH",fast_food,Maroni,47.2602517,8.8546358
4001856667,"Dorfstrasse 68, 8630 Rüti ZH",restaurant,Sonne,47.2567983,8.8539976
4001856667,"Dorfstrasse 68, 8630 Rüti ZH",pharmacy,APODRO Apotheke,47.2585757,8.848725
4001856667,"Dorfstrasse 68, 8630 Rüti ZH",atm,ZKB,47.258933,8.8496866
4001856667,"Dorfstrasse 68, 8630 Rüti ZH",parking,n/a,47.2584965,8.8498157
4001856667,"Dorfstrasse 68, 8630 Rüti ZH",parking,n/a,47.25899,8.8507008
4001856667,"Dorfstrasse 68, 8630 Rüti ZH",restaurant,Shizuka,47.2580604,8.8527523
4001856667,"Dorfstrasse 68, 8630 Rüti ZH",bank,Bank Linth,47.258291,8.8495632
4001856667,"Dorfstrasse 68, 8630 Rüti ZH",parking,n/a,47.2603371,8.8557751
4001856667,"Dorfstrasse 68, 8630 Rüti ZH",restaurant,Grill Bistro Bar,47.2603215,8.8538043
4001856667,"Dorfstrasse 68, 8630 Rüti ZH",parking,n/a,47.2591832,8.8575401
4001856667,"Dorfstrasse 68, 8630 Rüti ZH",parking,n/a,47.2600613,8.8542439
4001856667,"Dorfstrasse 68, 8630 Rüti ZH",bar,Marrakech Shisha bar,47.2533514,8.8530641
4001856667,"Dorfstrasse 68, 8630 Rüti ZH",parking,n/a,47.2543332,8.8563531
4001856667,"Dorfstrasse 68, 8630 Rüti ZH",parking,n/a,47.2568343,8.8564156
4001856667,"Dorfstrasse 68, 8630 Rüti ZH",parking,n/a,47.2575072,8.8566656
4001856667,"Dorfstrasse 68, 8630 Rüti ZH",restaurant,Buon Appetito Pizzakurier,47.2581749,8.8514037
4001856667,"Dorfstrasse 68, 8630 Rüti ZH",restaurant,Amici miei,47.2584114,8.8509346
4001856667,"Dorfstrasse 68, 8630 Rüti ZH",restaurant,Seoul Kitchen & BBQ,47.258703,8.84887
4001856667,"Dorfstrasse 68, 8630 Rüti ZH",fast_food,Akgül,47.2585366,8.8498811
4001856667,"Dorfstrasse 68, 8630 Rüti ZH",parking,n/a,47.2574578,8.8508299
4001856667,"Dorfstrasse 68, 8630 Rüti ZH",parking,n/a,47.2567133,8.8522799
4001856667,"Dorfstrasse 68, 8630 Rüti ZH",restaurant,Schönegg,47.2595546,8.8453245
4001856667,"Dorfstrasse 68, 8630 Rüti ZH",cafe,XOKÓ,47.2588463,8.8498571
4001856667,"Dorfstrasse 68, 8630 Rüti ZH",fast_food,Sandwich Factory GmbH,47.2615424,8.8513829
4001856667,"Dorfstrasse 68, 8630 Rüti ZH",atm,Postfinance,47.2604541,8.854048
4001856667,"Dorfstrasse 68, 8630 Rüti ZH",bank,Bank Avera,47.258797,8.851074
4001856667,"Dorfstrasse 68, 8630 Rüti ZH",restaurant,Leschär,47.2576719,8.847003
4001856667,"Dorfstrasse 68, 8630 Rüti ZH",restaurant,Ochsen,47.2574681,8.8529959
4001856667,"Dorfstrasse 68, 8630 Rüti ZH",fast_food,Foodoo,47.2601885,8.8517689
4001856667,"Dorfstrasse 68, 8630 Rüti ZH",cafe,Vivazzo,47.2601184,8.8534674
4001856667,"Dorfstrasse 68, 8630 Rüti ZH",clinic,Praxis am Bahnhof,47.2601863,8.8531577
4001856667,"Dorfstrasse 68, 8630 Rüti ZH",clinic,ZRR - Zentrum für Radiotherapie Rüti,47.259456,8.8422905
4001856667,"Dorfstrasse 68, 8630 Rüti ZH",school,Privatschule 9plus,47.2603859,8.8497878
4001856667,"Dorfstrasse 68, 8630 Rüti ZH",restaurant,Märtegge,47.2586305,8.8491639
4001856667,"Dorfstrasse 68, 8630 Rüti ZH",fast_food,BBQ Sushi Momo,47.2587631,8.8477967
4001856667,"Dorfstrasse 68, 8630 Rüti ZH",fast_food,Blue,47.2587814,8.8478678
4001856667,"Dorfstrasse 68, 8630 Rüti ZH",fast_food,Al Massimo,47.2588493,8.8480518
4001856667,"Dorfstrasse 68, 8630 Rüti ZH",atm,UBS,47.2606287,8.8532141
4001856667,"Dorfstrasse 68, 8630 Rüti ZH",cafe,Café Rüti,47.2600844,8.8521308
4001856667,"Dorfstrasse 68, 8630 Rüti ZH",fast_food,Schnitzel Plaza Ketis,47.2555205,8.8584351
4001856666,"Dorfstrasse 66a, 8630 Rüti ZH",restaurant,Sternen,47.2554562,8.8578529
4001856666,"Dorfstrasse 66a, 8630 Rüti ZH",bus_station,"Rüti, Bahnhof",47.2601519,8.8548585
4001856666,"Dorfstrasse 66a, 8630 Rüti ZH",bank,Zürcher Kantonalbank,47.2593135,8.855339
4001856666,"Dorfstrasse 66a, 8630 Rüti ZH",atm,Bank Linth,47.2577756,8.8491894
4001856666,"Dorfstrasse 66a, 8630 Rüti ZH",parking,Coop,47.2568249,8.8504138
4001856666,"Dorfstrasse 66a, 8630 Rüti ZH",restaurant,Al Seda,47.2602363,8.8499769
4001856666,"Dorfstrasse 66a, 8630 Rüti ZH",restaurant,Freihof,47.2606077,8.8512817
4001856666,"Dorfstrasse 66a, 8630 Rüti ZH",restaurant,Sandhof,47.263635,8.8517542
4001856666,"Dorfstrasse 66a, 8630 Rüti ZH",restaurant,Wilder Mann,47.2639855,8.8519939
4001856666,"Dorfstrasse 66a, 8630 Rüti ZH",fast_food,Big Daddy,47.2602337,8.8540598
4001856666,"Dorfstrasse 66a, 8630 Rüti ZH",fast_food,3Men's Kebab,47.2603892,8.8536298
4001856666,"Dorfstrasse 66a, 8630 Rüti ZH",cafe,Café Voland,47.2589937,8.8503832
4001856666,"Dorfstrasse 66a, 8630 Rüti ZH",restaurant,Foodoo - Asian Kitchen,47.2599583,8.8518278
4001856666,"Dorfstrasse 66a, 8630 Rüti ZH",restaurant,Migros Restaurant,47.2582628,8.8487877
4001856666,"Dorfstrasse 66a, 8630 Rüti ZH",restaurant,Grado,47.2553871,8.8586467
4001856666,"Dorfstrasse 66a, 8630 Rüti ZH",restaurant,A Casa di Gianluca (Löwen),47.2595753,8.8512636
4001856666,"Dorfstrasse 66a, 8630 Rüti ZH",atm,n/a,47.2593411,8.8552679
4001856666,"Dorfstrasse 66a, 8630 Rüti ZH",parking,n/a,47.259354,8.8547552
4001856666,"Dorfstrasse 66a, 8630 Rüti ZH",restaurant,Klosterhof,47.2595514,8.8493536
4001856666,"Dorfstrasse 66a, 8630 Rüti ZH",fast_food,Maroni,47.2602517,8.8546358
4001856666,"Dorfstrasse 66a, 8630 Rüti ZH",restaurant,Sonne,47.2567983,8.8539976
4001856666,"Dorfstrasse 66a, 8630 Rüti ZH",pharmacy,APODRO Apotheke,47.2585757,8.848725
4001856666,"Dorfstrasse 66a, 8630 Rüti ZH",atm,ZKB,47.258933,8.8496866
4001856666,"Dorfstrasse 66a, 8630 Rüti ZH",parking,n/a,47.2584965,8.8498157
4001856666,"Dorfstrasse 66a, 8630 Rüti ZH",parking,n/a,47.25899,8.8507008
4001856666,"Dorfstrasse 66a, 8630 Rüti ZH",restaurant,Shizuka,47.2580604,8.8527523
4001856666,"Dorfstrasse 66a, 8630 Rüti ZH",bank,Bank Linth,47.258291,8.8495632
4001856666,"Dorfstrasse 66a, 8630 Rüti ZH",parking,n/a,47.2603371,8.8557751
4001856666,"Dorfstrasse 66a, 8630 Rüti ZH",restaurant,Grill Bistro Bar,47.2603215,8.8538043
4001856666,"Dorfstrasse 66a, 8630 Rüti ZH",parking,n/a,47.2591832,8.8575401
4001856666,"Dorfstrasse 66a, 8630 Rüti ZH",parking,n/a,47.2600613,8.8542439
4001856666,"Dorfstrasse 66a, 8630 Rüti ZH",bar,Marrakech Shisha bar,47.2533514,8.8530641
4001856666,"Dorfstrasse 66a, 8630 Rüti ZH",parking,n/a,47.2543332,8.8563531
4001856666,"Dorfstrasse 66a, 8630 Rüti ZH",parking,n/a,47.2568343,8.8564156
4001856666,"Dorfstrasse 66a, 8630 Rüti ZH",parking,n/a,47.2575072,8.8566656
4001856666,"Dorfstrasse 66a, 8630 Rüti ZH",restaurant,Buon Appetito Pizzakurier,47.2581749,8.8514037
4001856666,"Dorfstrasse 66a, 8630 Rüti ZH",restaurant,Amici miei,47.2584114,8.8509346
4001856666,"Dorfstrasse 66a, 8630 Rüti ZH",restaurant,Seoul Kitchen & BBQ,47.258703,8.84887
4001856666,"Dorfstrasse 66a, 8630 Rüti ZH",fast_food,Akgül,47.2585366,8.8498811
4001856666,"Dorfstrasse 66a, 8630 Rüti ZH",parking,n/a,47.2574578,8.8508299
4001856666,"Dorfstrasse 66a, 8630 Rüti ZH",parking,n/a,47.2567133,8.8522799
4001856666,"Dorfstrasse 66a, 8630 Rüti ZH",restaurant,Schönegg,47.2595546,8.8453245
4001856666,"Dorfstrasse 66a, 8630 Rüti ZH",cafe,XOKÓ,47.2588463,8.8498571
4001856666,"Dorfstrasse 66a, 8630 Rüti ZH",fast_food,Sandwich Factory GmbH,47.2615424,8.8513829
4001856666,"Dorfstrasse 66a, 8630 Rüti ZH",atm,Postfinance,47.2604541,8.854048
4001856666,"Dorfstrasse 66a, 8630 Rüti ZH",bank,Bank Avera,47.258797,8.851074
4001856666,"Dorfstrasse 66a, 8630 Rüti ZH",restaurant,Leschär,47.2576719,8.847003
4001856666,"Dorfstrasse 66a, 8630 Rüti ZH",restaurant,Ochsen,47.2574681,8.8529959
4001856666,"Dorfstrasse 66a, 8630 Rüti ZH",fast_food,Foodoo,47.2601885,8.8517689
4001856666,"Dorfstrasse 66a, 8630 Rüti ZH",cafe,Vivazzo,47.2601184,8.8534674
4001856666,"Dorfstrasse 66a, 8630 Rüti ZH",clinic,Praxis am Bahnhof,47.2601863,8.8531577
4001856666,"Dorfstrasse 66a, 8630 Rüti ZH",clinic,ZRR - Zentrum für Radiotherapie Rüti,47.259456,8.8422905
4001856666,"Dorfstrasse 66a, 8630 Rüti ZH",school,Privatschule 9plus,47.2603859,8.8497878
4001856666,"Dorfstrasse 66a, 8630 Rüti ZH",restaurant,Märtegge,47.2586305,8.8491639
4001856666,"Dorfstrasse 66a, 8630 Rüti ZH",fast_food,BBQ Sushi Momo,47.2587631,8.8477967
4001856666,"Dorfstrasse 66a, 8630 Rüti ZH",fast_food,Blue,47.2587814,8.8478678
4001856666,"Dorfstrasse 66a, 8630 Rüti ZH",fast_food,Al Massimo,47.2588493,8.8480518
4001856666,"Dorfstrasse 66a, 8630 Rüti ZH",atm,UBS,47.2606287,8.8532141
4001856666,"Dorfstrasse 66a, 8630 Rüti ZH",cafe,Café Rüti,47.2600844,8.8521308
4001856666,"Dorfstrasse 66a, 8630 Rüti ZH",fast_food,Schnitzel Plaza Ketis,47.2555205,8.8584351
4001841517,"Route de Sion 81, 3960 Sierre",pharmacy,Amavita,46.2904884,7.525137
4001841517,"Route de Sion 81, 3960 Sierre",restaurant,Restaurant des Liddes,46.2895537,7.5241516
4001841517,"Route de Sion 81, 3960 Sierre",restaurant,Le Pigalle,46.2890448,7.5226325
4001841517,"Route de Sion 81, 3960 Sierre",bar,Le Domino,46.2902178,7.5253358
4001841517,"Route de Sion 81, 3960 Sierre",library,Bibliothèque de l'Ecole cantonale d'art du Valais,46.2912471,7.5209819
4001841517,"Route de Sion 81, 3960 Sierre",parking,n/a,46.2814269,7.5139629
4001841517,"Route de Sion 81, 3960 Sierre",parking,n/a,46.2810886,7.5127476
4001841517,"Route de Sion 81, 3960 Sierre",parking,n/a,46.2842403,7.5161854
4001841517,"Route de Sion 81, 3960 Sierre",restaurant,Le Sporting,46.287308,7.5252864
4001841517,"Route de Sion 81, 3960 Sierre",cafe,Café des Noyers,46.2913283,7.5230644
4001841517,"Route de Sion 81, 3960 Sierre",restaurant,Manora,46.2825775,7.511205
4001841517,"Route de Sion 81, 3960 Sierre",parking,n/a,46.2909545,7.522607
4001841517,"Route de Sion 81, 3960 Sierre",parking,n/a,46.2893531,7.5179131
4001841517,"Route de Sion 81, 3960 Sierre",parking,n/a,46.2889658,7.5178085
4001841517,"Route de Sion 81, 3960 Sierre",parking,n/a,46.2875377,7.5182323
4001841517,"Route de Sion 81, 3960 Sierre",restaurant,A Table,46.2877311,7.5208975
4001841517,"Route de Sion 81, 3960 Sierre",parking,n/a,46.2876817,7.5204554
4001841517,"Route de Sion 81, 3960 Sierre",parking,n/a,46.2902222,7.5197513
4001841517,"Route de Sion 81, 3960 Sierre",pharmacy,Sun Store,46.2815599,7.5134416
4001841517,"Route de Sion 81, 3960 Sierre",restaurant,Centro Espanol,46.2855164,7.5216341
4001841517,"Route de Sion 81, 3960 Sierre",parking,n/a,46.2899251,7.5253901
4001841517,"Route de Sion 81, 3960 Sierre",parking,n/a,46.2809942,7.5103437
4001841517,"Route de Sion 81, 3960 Sierre",parking,n/a,46.2804695,7.5099152
4001841517,"Route de Sion 81, 3960 Sierre",restaurant,Sushi Zen,46.2823738,7.5112035
4001841517,"Route de Sion 81, 3960 Sierre",pharmacy,Sun Store,46.2825577,7.5117749
4001841517,"Route de Sion 81, 3960 Sierre",atm,n/a,46.2823884,7.5111225
4001838215,"Bernstrasse 141, 3400 Burgdorf",restaurant,Adulis Steinhof,47.052643,7.6190496
4001838215,"Bernstrasse 141, 3400 Burgdorf",restaurant,Hofgut,47.0529904,7.6200096
4001838215,"Bernstrasse 141, 3400 Burgdorf",parking,n/a,47.0520953,7.6110924
4001838215,"Bernstrasse 141, 3400 Burgdorf",parking,n/a,47.0530519,7.6119283
4001838215,"Bernstrasse 141, 3400 Burgdorf",parking,n/a,47.0530322,7.61328
4001837441,"Via Lugano 17, 6500 Bellinzona",bank,Banca Raiffeisen Bellinzonese e Visagno,46.1902994,9.0201019
4001837441,"Via Lugano 17, 6500 Bellinzona",bar,Bar Indipendenza,46.1901775,9.0226625
4001837441,"Via Lugano 17, 6500 Bellinzona",pharmacy,Farmacia Teatro,46.1912595,9.0213983
4001837441,"Via Lugano 17, 6500 Bellinzona",cafe,Tea Room Gazzaniga,46.1902286,9.022361
4001837441,"Via Lugano 17, 6500 Bellinzona",restaurant,Locanda Orico,46.1921383,9.0190511
4001837441,"Via Lugano 17, 6500 Bellinzona",restaurant,Osteria Locanda Ticinese,46.1917237,9.020323
4001837441,"Via Lugano 17, 6500 Bellinzona",restaurant,Osteria Mistral,46.1917441,9.0195068
4001837441,"Via Lugano 17, 6500 Bellinzona",restaurant,Ristorante Giardino,46.1916448,9.0205336
4001837441,"Via Lugano 17, 6500 Bellinzona",restaurant,Ristorante Achilea,46.1874976,9.0165724
4001837441,"Via Lugano 17, 6500 Bellinzona",cafe,Caffè degli Artisti,46.1909255,9.0214432
4001837441,"Via Lugano 17, 6500 Bellinzona",restaurant,Antica Pizzeria Da Michele,46.190699,9.0227038
4001837441,"Via Lugano 17, 6500 Bellinzona",cafe,Glitter Caffè,46.189843,9.0222774
4001837441,"Via Lugano 17, 6500 Bellinzona",cafe,Caffè Teatro snack-bar,46.1907046,9.0206734
4001837441,"Via Lugano 17, 6500 Bellinzona",bar,Bar Cervo,46.1909832,9.0236201
4001837441,"Via Lugano 17, 6500 Bellinzona",restaurant,Il Piazza Ristorante,46.1913987,9.0209778
4001837441,"Via Lugano 17, 6500 Bellinzona",pharmacy,pharamcieplus malè,46.1897623,9.02292
4001837441,"Via Lugano 17, 6500 Bellinzona",restaurant,Osteria Zanzibar,46.1883166,9.0210074
4001837441,"Via Lugano 17, 6500 Bellinzona",library,Biblioteca pubblica di diritto,46.1912061,9.0203588
4001837441,"Via Lugano 17, 6500 Bellinzona",library,Centro di documentazione del Servizio di promozione e di valutazione sanitaria,46.1918795,9.0199356
4001837441,"Via Lugano 17, 6500 Bellinzona",bar,Bar Commercianti,46.1911004,9.0219736
4001837441,"Via Lugano 17, 6500 Bellinzona",bar,L'Incontro,46.1915218,9.0207344
4001837441,"Via Lugano 17, 6500 Bellinzona",restaurant,Locanda Marco,46.1884875,9.0249028
4001837441,"Via Lugano 17, 6500 Bellinzona",bank,Banca Migros,46.1908633,9.0227418
4001835702,"Am Oeschbrig 5, 8053 Zürich",restaurant,Viva,47.3550642,8.6019347
4001835702,"Am Oeschbrig 5, 8053 Zürich",parking,n/a,47.3603579,8.5944938
4001835702,"Am Oeschbrig 5, 8053 Zürich",cafe,Cafeteria,47.3560249,8.6009276
4001835702,"Am Oeschbrig 5, 8053 Zürich",cafe,Kafi Tasse,47.360005,8.5942694
4001810866,"Gellertstrasse 2a, 4052 Basel",bank,Basler Kantonalbank,47.5553442,7.612994
4001810866,"Gellertstrasse 2a, 4052 Basel",restaurant,XX Large Pizzeria,47.5547279,7.6110572
4001810866,"Gellertstrasse 2a, 4052 Basel",restaurant,Multi Grill,47.5551145,7.6122362
4001810866,"Gellertstrasse 2a, 4052 Basel",restaurant,Pizzeria Froburg,47.5550403,7.6119734
4001810866,"Gellertstrasse 2a, 4052 Basel",restaurant,n/a,47.5511342,7.6029046
4001810866,"Gellertstrasse 2a, 4052 Basel",cafe,n/a,47.5557927,7.6097485
4001810866,"Gellertstrasse 2a, 4052 Basel",cafe,Bäckerei Jetzer,47.5543635,7.610095
4001810866,"Gellertstrasse 2a, 4052 Basel",restaurant,Restaurant Murano,47.5521616,7.6007922
4001810866,"Gellertstrasse 2a, 4052 Basel",pharmacy,Breite-Apotheke,47.5548232,7.6113761
4001810866,"Gellertstrasse 2a, 4052 Basel",bank,CA next bank,47.5524658,7.6037907
4001803665,"Iselisberg, 8524 Uesslingen-Buch",restaurant,Aussicht,47.5863561,8.8270048
4001790015,"Waffenplatzstrasse 80, 8002 Zürich",restaurant,Don Leone,47.3611874,8.5266838
4001681223,"Rue de la Fiaz 38, 2300 La Chaux-de-Fonds",restaurant,Atlantic'o,47.0874752,6.8041545
4001681223,"Rue de la Fiaz 38, 2300 La Chaux-de-Fonds",atm,n/a,47.0885494,6.8024821
4001681223,"Rue de la Fiaz 38, 2300 La Chaux-de-Fonds",parking,n/a,47.0874374,6.8099263
4001662189,"Rue des Musées 58, 2300 La Chaux-de-Fonds",pharmacy,eco Pharma,47.102792,6.83138
4001662189,"Rue des Musées 58, 2300 La Chaux-de-Fonds",bank,Raiffeisen,47.1027052,6.8306742
4001662189,"Rue des Musées 58, 2300 La Chaux-de-Fonds",parking,Parking Grande Fontaine,47.102381,6.8309529
4001662189,"Rue des Musées 58, 2300 La Chaux-de-Fonds",cafe,Le Pacha,47.1012747,6.8261425
4001662189,"Rue des Musées 58, 2300 La Chaux-de-Fonds",restaurant,L'Orphéo,47.1016501,6.8257148
4001662189,"Rue des Musées 58, 2300 La Chaux-de-Fonds",pub,Bar le Coyote,47.1017474,6.8250441
4001662189,"Rue des Musées 58, 2300 La Chaux-de-Fonds",cafe,Orforte,47.1022052,6.8277827
4001662189,"Rue des Musées 58, 2300 La Chaux-de-Fonds",fast_food,Au Paradis Kebab,47.1021836,6.8285243
4001662189,"Rue des Musées 58, 2300 La Chaux-de-Fonds",restaurant,Bamboo,47.1013547,6.8289078
4001662189,"Rue des Musées 58, 2300 La Chaux-de-Fonds",restaurant,Brasserie de la Poste,47.0994367,6.8259679
4001662189,"Rue des Musées 58, 2300 La Chaux-de-Fonds",restaurant,Dino's Italia,47.1002294,6.8349519
4001662189,"Rue des Musées 58, 2300 La Chaux-de-Fonds",cafe,Le Rendez-vous,47.1005192,6.8253866
4001662189,"Rue des Musées 58, 2300 La Chaux-de-Fonds",cafe,La Belle Affaire,47.1004694,6.8269329
4001662189,"Rue des Musées 58, 2300 La Chaux-de-Fonds",pub,Centre Italien,47.1011067,6.828544
4001662189,"Rue des Musées 58, 2300 La Chaux-de-Fonds",cafe,L'Univers,47.1021462,6.8262996
4001662189,"Rue des Musées 58, 2300 La Chaux-de-Fonds",bank,Banque Cantonale Neuchâteloise,47.1012897,6.8269328
4001662189,"Rue des Musées 58, 2300 La Chaux-de-Fonds",restaurant,Union Restaurant du Théâtre,47.101731,6.8285929
4001662189,"Rue des Musées 58, 2300 La Chaux-de-Fonds",bank,Banque CLER,47.1021331,6.8284239
4001662189,"Rue des Musées 58, 2300 La Chaux-de-Fonds",cafe,Terminus,47.0999343,6.8254645
4001662189,"Rue des Musées 58, 2300 La Chaux-de-Fonds",restaurant,Local Craft Burguers,47.1009364,6.8271825
4001662189,"Rue des Musées 58, 2300 La Chaux-de-Fonds",cafe,Maxim,47.1010227,6.8262525
4001662189,"Rue des Musées 58, 2300 La Chaux-de-Fonds",pharmacy,Pilonell,47.1007036,6.8252096
4001662189,"Rue des Musées 58, 2300 La Chaux-de-Fonds",cafe,Fairplay,47.1010318,6.825593
4001662189,"Rue des Musées 58, 2300 La Chaux-de-Fonds",restaurant,La Pinte Neuchâteloise,47.1028161,6.831716
4001662189,"Rue des Musées 58, 2300 La Chaux-de-Fonds",bar,Maxim,47.1009523,6.826425
4001662189,"Rue des Musées 58, 2300 La Chaux-de-Fonds",bank,Banque Migros,47.1028736,6.8297172
4001662189,"Rue des Musées 58, 2300 La Chaux-de-Fonds",restaurant,L'Elite Pizzeria Grill,47.1026848,6.8303829
4001662189,"Rue des Musées 58, 2300 La Chaux-de-Fonds",cafe,Le Métro,47.1002381,6.8275657
4001662189,"Rue des Musées 58, 2300 La Chaux-de-Fonds",bar,Buddy'z Lounge,47.0995691,6.8263895
4001662189,"Rue des Musées 58, 2300 La Chaux-de-Fonds",parking,n/a,47.1014031,6.8307334
4001662189,"Rue des Musées 58, 2300 La Chaux-de-Fonds",restaurant,Monna Lisa,47.1011461,6.82498
4001662189,"Rue des Musées 58, 2300 La Chaux-de-Fonds",clinic,Clinique de La Tour,47.0996235,6.8264647
4001662189,"Rue des Musées 58, 2300 La Chaux-de-Fonds",fast_food,Panda Express,47.101043,6.8279091
4001662189,"Rue des Musées 58, 2300 La Chaux-de-Fonds",cafe,Bessa,47.1007408,6.8273632
4001662189,"Rue des Musées 58, 2300 La Chaux-de-Fonds",pharmacy,Pharmacie Centrale,47.1007613,6.8269099
4001662189,"Rue des Musées 58, 2300 La Chaux-de-Fonds",cafe,OYO Bubble Tea,47.1022825,6.8276228
4001662189,"Rue des Musées 58, 2300 La Chaux-de-Fonds",cafe,L'Amuse Bar,47.1003506,6.8323611
4001662189,"Rue des Musées 58, 2300 La Chaux-de-Fonds",cafe,Société de Consommation,47.1010393,6.8292745
4001662189,"Rue des Musées 58, 2300 La Chaux-de-Fonds",pharmacy,Sun Store,47.100348,6.8272758
4001662189,"Rue des Musées 58, 2300 La Chaux-de-Fonds",restaurant,Dolce Vita,47.0994648,6.8262118
4001662189,"Rue des Musées 58, 2300 La Chaux-de-Fonds",atm,Bitcoin ATM,47.0994593,6.8262066
4001662189,"Rue des Musées 58, 2300 La Chaux-de-Fonds",bank,next bank Crédit Agricolaire,47.1003382,6.8253451
4001662189,"Rue des Musées 58, 2300 La Chaux-de-Fonds",cafe,City Bar,47.1026654,6.8315581
4001662189,"Rue des Musées 58, 2300 La Chaux-de-Fonds",cafe,Admin cafés,47.1022301,6.8312192
4001662189,"Rue des Musées 58, 2300 La Chaux-de-Fonds",cafe,Crême Renversante Café,47.1009254,6.8281518
4001662189,"Rue des Musées 58, 2300 La Chaux-de-Fonds",cafe,Café des Arcades,47.1002756,6.8265865
4001662189,"Rue des Musées 58, 2300 La Chaux-de-Fonds",fast_food,Fresh Burger's,47.1017628,6.8342674
4001662189,"Rue des Musées 58, 2300 La Chaux-de-Fonds",restaurant,Chef Falafel,47.0997679,6.8254817
4001642199,"Rue du Nord 54, 2300 La Chaux-de-Fonds",restaurant,La Différence,47.1070124,6.8296598
4001642199,"Rue du Nord 54, 2300 La Chaux-de-Fonds",restaurant,Pizza Rapido,47.1094844,6.8294306
4001642199,"Rue du Nord 54, 2300 La Chaux-de-Fonds",pub,Centro Español,47.1069401,6.8290049
4001642199,"Rue du Nord 54, 2300 La Chaux-de-Fonds",pharmacy,Pharmacie du Versoix,47.1057348,6.8308798
4001642199,"Rue du Nord 54, 2300 La Chaux-de-Fonds",restaurant,Fratellini's,47.1062073,6.8303497
4001642199,"Rue du Nord 54, 2300 La Chaux-de-Fonds",cafe,l'Antabuse,47.1034167,6.8292084
4001642199,"Rue du Nord 54, 2300 La Chaux-de-Fonds",restaurant,Yakut,47.1049009,6.8304583
4001642199,"Rue du Nord 54, 2300 La Chaux-de-Fonds",cafe,ABC,47.1054831,6.8296114
4001642199,"Rue du Nord 54, 2300 La Chaux-de-Fonds",restaurant,Les Enfants Terribles,47.1024673,6.8231231
4001642199,"Rue du Nord 54, 2300 La Chaux-de-Fonds",restaurant,Le Bistro,47.104018,6.8308696
4001642199,"Rue du Nord 54, 2300 La Chaux-de-Fonds",restaurant,Crêperie Poivre & Sel,47.1060683,6.8307023
4001642199,"Rue du Nord 54, 2300 La Chaux-de-Fonds",restaurant,Chez Gilles,47.1046598,6.8306353
4001642199,"Rue du Nord 54, 2300 La Chaux-de-Fonds",library,Centre de documentation et d'étude sur la langue internationale,47.1043064,6.8262405
4001642199,"Rue du Nord 54, 2300 La Chaux-de-Fonds",restaurant,Au détour,47.103806,6.8251592
4001642199,"Rue du Nord 54, 2300 La Chaux-de-Fonds",restaurant,Marché 6,47.1041792,6.8312194
4001642199,"Rue du Nord 54, 2300 La Chaux-de-Fonds",fast_food,Poké Moon,47.10414,6.8311158
4001642199,"Rue du Nord 54, 2300 La Chaux-de-Fonds",library,Bibliothèque de la Ville de La Chaux-de-Fonds,47.1042762,6.8263178
4001642199,"Rue du Nord 54, 2300 La Chaux-de-Fonds",cafe,Le Vostok,47.1044521,6.830382
4001642199,"Rue du Nord 54, 2300 La Chaux-de-Fonds",restaurant,Maharaja,47.1046948,6.8312141
4001642199,"Rue du Nord 54, 2300 La Chaux-de-Fonds",cafe,La Bohème,47.1038292,6.8305202
4001642199,"Rue du Nord 54, 2300 La Chaux-de-Fonds",restaurant,Cafétéria Rêverie,47.1107963,6.8287679
4001642199,"Rue du Nord 54, 2300 La Chaux-de-Fonds",cafe,Marji's Sweety,47.1036335,6.8296906
4001642199,"Rue du Nord 54, 2300 La Chaux-de-Fonds",restaurant,Le Big Bang,47.1038927,6.830049
4001642199,"Rue du Nord 54, 2300 La Chaux-de-Fonds",fast_food,Charrière,47.1075083,6.8313113
4001642199,"Rue du Nord 54, 2300 La Chaux-de-Fonds",fast_food,happy one grill,47.1077367,6.8312563
4001642199,"Rue du Nord 54, 2300 La Chaux-de-Fonds",cafe,Le Silo,47.1046877,6.831725
4001642199,"Rue du Nord 54, 2300 La Chaux-de-Fonds",restaurant,Chez Tony,47.1083601,6.8311903
4001642199,"Rue du Nord 54, 2300 La Chaux-de-Fonds",restaurant,SUSHIYA,47.104831,6.8311471
4001642199,"Rue du Nord 54, 2300 La Chaux-de-Fonds",parking,Parc clients in coiffure,47.1050985,6.8299667
4001442139,"Via Montalbano 1, 6925 Gentilino",parking,n/a,45.9905268,8.9301789
4001442139,"Via Montalbano 1, 6925 Gentilino",parking,n/a,45.9912007,8.9327967
4001255523,"Hauptstrasse 41, 4437 Waldenburg",restaurant,Leue,47.3818644,7.7473403
4001255523,"Hauptstrasse 41, 4437 Waldenburg",restaurant,Bella Sicilia,47.3856586,7.7495342
4001255523,"Hauptstrasse 41, 4437 Waldenburg",restaurant,La Stella,47.3920298,7.7486206
4001255523,"Hauptstrasse 41, 4437 Waldenburg",bank,Basellandschaftliche Kantonalbank,47.3943393,7.7488508
4001255523,"Hauptstrasse 41, 4437 Waldenburg",atm,n/a,47.3943252,7.7489141
4001255523,"Hauptstrasse 41, 4437 Waldenburg",pharmacy,TopPharm,47.3942857,7.7489748
4001255523,"Hauptstrasse 41, 4437 Waldenburg",atm,Basellandschaftliche Kantonalbank,47.3862564,7.7489594
4001255523,"Hauptstrasse 41, 4437 Waldenburg",cafe,Alte Wacht,47.3830155,7.7483743
4001255523,"Hauptstrasse 41, 4437 Waldenburg",atm,n/a,47.3928872,7.7488781
4000976400,"Amerbachstrasse 64, 4057 Basel",restaurant,Firenze,47.5692427,7.5944428
4000976400,"Amerbachstrasse 64, 4057 Basel",pub,Kiki Bar,47.5692456,7.5941997
4000976400,"Amerbachstrasse 64, 4057 Basel",cafe,Senat Maki's,47.5692456,7.5938822
4000976400,"Amerbachstrasse 64, 4057 Basel",pub,DejaVu,47.5694062,7.5901309
4000976400,"Amerbachstrasse 64, 4057 Basel",restaurant,Brombi,47.5705197,7.5962519
4000976400,"Amerbachstrasse 64, 4057 Basel",pub,Sport Pub Milan,47.5689609,7.5948146
4000976400,"Amerbachstrasse 64, 4057 Basel",cafe,Antik Café Bar,47.5690588,7.5902334
4000976400,"Amerbachstrasse 64, 4057 Basel",cafe,Café Siesta,47.5690053,7.5965148
4000976400,"Amerbachstrasse 64, 4057 Basel",atm,n/a,47.568672,7.5897794
4000976400,"Amerbachstrasse 64, 4057 Basel",restaurant,Rössli,47.5700863,7.596641
4000976400,"Amerbachstrasse 64, 4057 Basel",restaurant,Thai Café,47.5698504,7.5973694
4000976400,"Amerbachstrasse 64, 4057 Basel",bar,Nordbar,47.5704484,7.5955243
4000976400,"Amerbachstrasse 64, 4057 Basel",restaurant,Che que lomo,47.5705566,7.594893
4000976400,"Amerbachstrasse 64, 4057 Basel",library,GGG Stadtbibliothek Bläsi,47.5687038,7.591119
4000976400,"Amerbachstrasse 64, 4057 Basel",restaurant,Habesha,47.5701487,7.596197
4000976400,"Amerbachstrasse 64, 4057 Basel",cafe,Gemeinsam Café,47.5698858,7.5910258
4000976400,"Amerbachstrasse 64, 4057 Basel",pharmacy,Matthäus Apotheke,47.5688536,7.5965248
4000976400,"Amerbachstrasse 64, 4057 Basel",restaurant,Casa Piccola Italia,47.570009,7.5974416
4000976400,"Amerbachstrasse 64, 4057 Basel",restaurant,Pizzeria Da Pia,47.5709099,7.5920312
4000976400,"Amerbachstrasse 64, 4057 Basel",restaurant,Drei Rosen,47.570532,7.5905079
4000976400,"Amerbachstrasse 64, 4057 Basel",bar,OFF,47.5693615,7.5899974
4000976400,"Amerbachstrasse 64, 4057 Basel",restaurant,Lalibela Äthiopisches Restaurant,47.5692168,7.5912968
4000976400,"Amerbachstrasse 64, 4057 Basel",restaurant,Pizza Picassso,47.5694979,7.5901783
4000976400,"Amerbachstrasse 64, 4057 Basel",pharmacy,Dreirosen Apotheke,47.5689793,7.5906307
4000976400,"Amerbachstrasse 64, 4057 Basel",fast_food,Detto Pronto,47.5705037,7.5952502
4000744811,"Rue de la Fiaz 38, 2300 La Chaux-de-Fonds",restaurant,Atlantic'o,47.0874752,6.8041545
4000744811,"Rue de la Fiaz 38, 2300 La Chaux-de-Fonds",atm,n/a,47.0885494,6.8024821
4000744811,"Rue de la Fiaz 38, 2300 La Chaux-de-Fonds",parking,n/a,47.0874374,6.8099263
4000744717,"Rue de la Fiaz 38, 2300 La Chaux-de-Fonds",restaurant,Atlantic'o,47.0874752,6.8041545
4000744717,"Rue de la Fiaz 38, 2300 La Chaux-de-Fonds",atm,n/a,47.0885494,6.8024821
4000744717,"Rue de la Fiaz 38, 2300 La Chaux-de-Fonds",parking,n/a,47.0874374,6.8099263
3003296264,"Bahnhofstrasse 172, 6423 Seewen SZ",pharmacy,Coop Vitality,47.0326529,8.6277023
3003296264,"Bahnhofstrasse 172, 6423 Seewen SZ",bank,Schwyzer Kantonalbank,47.0264078,8.6328134
3003296264,"Bahnhofstrasse 172, 6423 Seewen SZ",bar,Clovers,47.025994,8.6328508
3003296264,"Bahnhofstrasse 172, 6423 Seewen SZ",parking,n/a,47.0332066,8.6275915
3003296264,"Bahnhofstrasse 172, 6423 Seewen SZ",atm,n/a,47.0329994,8.6281396
3003296264,"Bahnhofstrasse 172, 6423 Seewen SZ",restaurant,Coop Restaurant,47.0329239,8.6283423
3003296264,"Bahnhofstrasse 172, 6423 Seewen SZ",restaurant,öffentliches Personalrestaurant,47.027521,8.6326752
3003296264,"Bahnhofstrasse 172, 6423 Seewen SZ",restaurant,Divan Bistro,47.029345,8.6296856
3003296264,"Bahnhofstrasse 172, 6423 Seewen SZ",cafe,Blend & Brew,47.0266715,8.6321597
3003296216,"Bahnhofstrasse 172, 6423 Seewen SZ",pharmacy,Coop Vitality,47.0326529,8.6277023
3003296216,"Bahnhofstrasse 172, 6423 Seewen SZ",bank,Schwyzer Kantonalbank,47.0264078,8.6328134
3003296216,"Bahnhofstrasse 172, 6423 Seewen SZ",bar,Clovers,47.025994,8.6328508
3003296216,"Bahnhofstrasse 172, 6423 Seewen SZ",parking,n/a,47.0332066,8.6275915
3003296216,"Bahnhofstrasse 172, 6423 Seewen SZ",atm,n/a,47.0329994,8.6281396
3003296216,"Bahnhofstrasse 172, 6423 Seewen SZ",restaurant,Coop Restaurant,47.0329239,8.6283423
3003296216,"Bahnhofstrasse 172, 6423 Seewen SZ",restaurant,öffentliches Personalrestaurant,47.027521,8.6326752
3003296216,"Bahnhofstrasse 172, 6423 Seewen SZ",restaurant,Divan Bistro,47.029345,8.6296856
3003296216,"Bahnhofstrasse 172, 6423 Seewen SZ",cafe,Blend & Brew,47.0266715,8.6321597
4002078671,"Landstrasse 49, 5415 Nussbaumen",parking,n/a,47.4885855,8.2925884
4002078671,"Landstrasse 49, 5415 Nussbaumen",parking,n/a,47.4877015,8.2912794
4002078671,"Landstrasse 49, 5415 Nussbaumen",atm,Raiffeisenbank,47.4884155,8.2954315
4002078671,"Landstrasse 49, 5415 Nussbaumen",atm,Neue Aargauer Bank,47.4872748,8.2913974
4002078671,"Landstrasse 49, 5415 Nussbaumen",atm,Aargauische Kantonalbank,47.4876622,8.2921583
4002078671,"Landstrasse 49, 5415 Nussbaumen",parking,n/a,47.4882131,8.2913304
4002078671,"Landstrasse 49, 5415 Nussbaumen",bar,Blue Bird Bar,47.4861844,8.2974375
4002078671,"Landstrasse 49, 5415 Nussbaumen",restaurant,Entehuus China Restaurant,47.4861206,8.2976178
4002078671,"Landstrasse 49, 5415 Nussbaumen",restaurant,Pizzeria Markthof,47.4879081,8.2912553
4002078671,"Landstrasse 49, 5415 Nussbaumen",restaurant,Lenzo Palace,47.4884817,8.2939809
4002078671,"Landstrasse 49, 5415 Nussbaumen",parking,n/a,47.4869477,8.296833
4002078671,"Landstrasse 49, 5415 Nussbaumen",parking,n/a,47.4876945,8.2947811
4002078671,"Landstrasse 49, 5415 Nussbaumen",cafe,Frei,47.4877977,8.2922702
4002078671,"Landstrasse 49, 5415 Nussbaumen",restaurant,Apithai,47.4833221,8.3024345
4002078671,"Landstrasse 49, 5415 Nussbaumen",restaurant,Neuhaus,47.4879579,8.294493
4002078671,"Landstrasse 49, 5415 Nussbaumen",parking,n/a,47.4831743,8.3023649
4002078671,"Landstrasse 49, 5415 Nussbaumen",library,Dorfbibliothek Obersiggenthal,47.4868318,8.2938724
4002078671,"Landstrasse 49, 5415 Nussbaumen",bar,3Sternen Bar,47.4866505,8.2927605
4002078671,"Landstrasse 49, 5415 Nussbaumen",pharmacy,TopPharm Damian Apotheke & Drogerie,47.4877794,8.2915355
4002078671,"Landstrasse 49, 5415 Nussbaumen",bank,Aargauische Kantonalbank,47.4876027,8.2921712
4002078671,"Landstrasse 49, 5415 Nussbaumen",bank,Neue Aargauer Bank,47.4873408,8.2913129
4002078671,"Landstrasse 49, 5415 Nussbaumen",bank,Raiffeisenbank Siggenthal-Würenlingen,47.488369,8.2953327
4002078671,"Landstrasse 49, 5415 Nussbaumen",restaurant,Fullhaus Pizza Kebab,47.4877543,8.2917865
4002078590,"Murgenthalstrasse 4C, 4900 Langenthal",parking,Jurastrasse/ Stadttheater,47.2138683,7.7890399
4002078590,"Murgenthalstrasse 4C, 4900 Langenthal",restaurant,Dogan’s Langenthal,47.2168301,7.7850914
4002078590,"Murgenthalstrasse 4C, 4900 Langenthal",atm,Postomat,47.2165829,7.7851636
4002078590,"Murgenthalstrasse 4C, 4900 Langenthal",parking,n/a,47.2181972,7.7808422
4002078590,"Murgenthalstrasse 4C, 4900 Langenthal",parking,Parkhaus Brauihof,47.2129603,7.7863707
4002078590,"Murgenthalstrasse 4C, 4900 Langenthal",atm,n/a,47.2172263,7.7848966
4002078590,"Murgenthalstrasse 4C, 4900 Langenthal",cafe,Caffè Spettacolo,47.2172305,7.7847584
4002078590,"Murgenthalstrasse 4C, 4900 Langenthal",restaurant,Migros Restaurant,47.214234,7.784581
4002078590,"Murgenthalstrasse 4C, 4900 Langenthal",parking,n/a,47.2165441,7.7863946
4002078590,"Murgenthalstrasse 4C, 4900 Langenthal",restaurant,Restaurant zur alten Post,47.2132426,7.7883885
4002078590,"Murgenthalstrasse 4C, 4900 Langenthal",parking,Parkplatz Stadtverwaltung,47.214201,7.7888131
4002078590,"Murgenthalstrasse 4C, 4900 Langenthal",parking,Parkhaus Manor,47.2135489,7.7889422
4002078590,"Murgenthalstrasse 4C, 4900 Langenthal",parking,Parkplatz Jurastrasse 17a,47.2135014,7.7888449
4002078590,"Murgenthalstrasse 4C, 4900 Langenthal",restaurant,L’AUBERGE,47.2166466,7.7879525
4002078590,"Murgenthalstrasse 4C, 4900 Langenthal",restaurant,Treffpunkt,47.2165093,7.794266
4002078590,"Murgenthalstrasse 4C, 4900 Langenthal",parking,n/a,47.2164543,7.7847291
4002078590,"Murgenthalstrasse 4C, 4900 Langenthal",restaurant,Braui,47.2132996,7.7871932
4002078590,"Murgenthalstrasse 4C, 4900 Langenthal",cafe,Phoenix,47.2127319,7.7874512
4002078590,"Murgenthalstrasse 4C, 4900 Langenthal",cafe,Feiss & Heimlich,47.2134801,7.7924868
4002078590,"Murgenthalstrasse 4C, 4900 Langenthal",pub,BeBeTo - Bar&Billard,47.2154754,7.7880022
4002078590,"Murgenthalstrasse 4C, 4900 Langenthal",pharmacy,Coop Vitality,47.2207914,7.7815041
4002078590,"Murgenthalstrasse 4C, 4900 Langenthal",bank,Clientis Bank Oberaargau,47.2144988,7.78704
4002078590,"Murgenthalstrasse 4C, 4900 Langenthal",restaurant,Migros Restaurant,47.2189722,7.7879436
4002078590,"Murgenthalstrasse 4C, 4900 Langenthal",atm,n/a,47.2206531,7.7815426
4002078590,"Murgenthalstrasse 4C, 4900 Langenthal",pharmacy,Bahnhofapotheke Langenthal,47.2173248,7.7850448
4002078590,"Murgenthalstrasse 4C, 4900 Langenthal",clinic,Bahnhofpraxis Langenthal,47.2173498,7.7850078
4002078590,"Murgenthalstrasse 4C, 4900 Langenthal",cafe,Kaffee-Fabrik,47.2135387,7.7872459
4002078590,"Murgenthalstrasse 4C, 4900 Langenthal",restaurant,NongNang Thai Take Away,47.2135049,7.7883444
4002078590,"Murgenthalstrasse 4C, 4900 Langenthal",restaurant,Mi Casita,47.2134075,7.7875732
4002078590,"Murgenthalstrasse 4C, 4900 Langenthal",parking,n/a,47.2188127,7.7817374
4002078153,"Ziegelhofstrasse 1, 8730 Uznach",bank,Raiffeisenbank Benken,47.2247244,8.9818078
4002078153,"Ziegelhofstrasse 1, 8730 Uznach",bank,St.Galler Kantonalbank,47.2242781,8.9826133
4002078153,"Ziegelhofstrasse 1, 8730 Uznach",restaurant,Restaurant Linth,47.224309,8.9820506
4002078153,"Ziegelhofstrasse 1, 8730 Uznach",school,Schulhaus Letzi,47.2251092,8.9838657
4002078153,"Ziegelhofstrasse 1, 8730 Uznach",school,Jugendhaus Schlössli,47.2253282,8.9842253
4002078153,"Ziegelhofstrasse 1, 8730 Uznach",bank,Bank Linth,47.2248261,8.9832277
4002078153,"Ziegelhofstrasse 1, 8730 Uznach",pharmacy,n/a,47.224771,8.984745
4002078153,"Ziegelhofstrasse 1, 8730 Uznach",pub,The Canadian,47.2245665,8.9846103
4002078153,"Ziegelhofstrasse 1, 8730 Uznach",parking,n/a,47.2250287,8.9817634
4002078153,"Ziegelhofstrasse 1, 8730 Uznach",school,Oberstufenzentrum,47.226033,8.9837211
4002078153,"Ziegelhofstrasse 1, 8730 Uznach",school,Schulhaus Haslen,47.2262425,8.9842093
4002078153,"Ziegelhofstrasse 1, 8730 Uznach",school,Schulhaus Letzigraben,47.2253008,8.9836031
4002078153,"Ziegelhofstrasse 1, 8730 Uznach",atm,n/a,47.2241909,8.982494
4002078153,"Ziegelhofstrasse 1, 8730 Uznach",atm,n/a,47.2245022,8.9813483
4002078153,"Ziegelhofstrasse 1, 8730 Uznach",restaurant,Blume,47.2251395,8.9853585
4002078153,"Ziegelhofstrasse 1, 8730 Uznach",restaurant,Restaurant Schäfli,47.2252985,8.9868152
4002078153,"Ziegelhofstrasse 1, 8730 Uznach",cafe,Gabriel,47.2243228,8.980543
4002078153,"Ziegelhofstrasse 1, 8730 Uznach",pharmacy,Amavita Frohsinn,47.2264174,8.9811583
4002078153,"Ziegelhofstrasse 1, 8730 Uznach",school,Schulhaus Herrenacker,47.2260858,8.9856833
4002078153,"Ziegelhofstrasse 1, 8730 Uznach",restaurant,House of Grill,47.2252829,8.9826899
4002078153,"Ziegelhofstrasse 1, 8730 Uznach",restaurant,Smile Elephant Foodtruck,47.2247465,8.9803552
4002078153,"Ziegelhofstrasse 1, 8730 Uznach",clinic,Psychiatrie-Zentrum Linthgebiet,47.2243785,8.9837341
4002078153,"Ziegelhofstrasse 1, 8730 Uznach",cafe,Kafibar im Städtli,47.225144,8.9859968
4002078153,"Ziegelhofstrasse 1, 8730 Uznach",cafe,Ambiente Café,47.2252544,8.9864433
4002078153,"Ziegelhofstrasse 1, 8730 Uznach",fast_food,n/a,47.2243149,8.9839334
4002078153,"Ziegelhofstrasse 1, 8730 Uznach",parking,n/a,47.2165185,8.9910625
4002078153,"Ziegelhofstrasse 1, 8730 Uznach",restaurant,Öxli - Bistro und Take-Away,47.2244709,8.9837516
4002076914,"Waldmeisterstrasse 46, 3018 Bern",restaurant,Dicle Pizza,46.9392919,7.3889223
4002076914,"Waldmeisterstrasse 46, 3018 Bern",atm,n/a,46.9393243,7.3890664
4002076914,"Waldmeisterstrasse 46, 3018 Bern",bank,UBS,46.9402007,7.3900369
4002076914,"Waldmeisterstrasse 46, 3018 Bern",restaurant,AVI Restaurant,46.9393138,7.3899988
4002076914,"Waldmeisterstrasse 46, 3018 Bern",atm,n/a,46.9401822,7.3900983
4002075578,"Bibersteinerstrasse 41A, 5022 Rombach",atm,n/a,47.4020386,8.04521
4002075578,"Bibersteinerstrasse 41A, 5022 Rombach",pharmacy,Aare-Apotheke,47.4019747,8.0450641
4002075578,"Bibersteinerstrasse 41A, 5022 Rombach",restaurant,Il Mulino,47.4022135,8.0448073
4002075578,"Bibersteinerstrasse 41A, 5022 Rombach",restaurant,Thai-Thai,47.4029582,8.0460815
4002075578,"Bibersteinerstrasse 41A, 5022 Rombach",parking,n/a,47.404244,8.050087
4002075344,"Culmannstrasse 20, 8006 Zürich",restaurant,Ristorante Culmann,47.3794422,8.5470198
4002075344,"Culmannstrasse 20, 8006 Zürich",restaurant,La Fontana,47.3797201,8.5469255
4002075344,"Culmannstrasse 20, 8006 Zürich",cafe,Tannenbar,47.3773953,8.5478673
4002075344,"Culmannstrasse 20, 8006 Zürich",restaurant,food&lab,47.378314,8.548805
4002075344,"Culmannstrasse 20, 8006 Zürich",restaurant,Restaurant Haldenbach,47.3799672,8.5469246
4002075344,"Culmannstrasse 20, 8006 Zürich",fast_food,Züri Bistro,47.38053,8.5479785
4002075344,"Culmannstrasse 20, 8006 Zürich",restaurant,Ristorante Al Forno da Angelo,47.3805744,8.5483371
4002075344,"Culmannstrasse 20, 8006 Zürich",fast_food,Domino's,47.3784731,8.547949
4002075344,"Culmannstrasse 20, 8006 Zürich",cafe,Café Oberstrass,47.3782514,8.5479609
4002075344,"Culmannstrasse 20, 8006 Zürich",restaurant,Hot Pasta,47.3786854,8.547952
4002075344,"Culmannstrasse 20, 8006 Zürich",pub,The Alehouse Palmhof,47.3790827,8.5478805
4002075344,"Culmannstrasse 20, 8006 Zürich",fast_food,Lemon Grass,47.3796283,8.5479597
4002075344,"Culmannstrasse 20, 8006 Zürich",restaurant,Bamboo Inn,47.3804786,8.5472423
4002075344,"Culmannstrasse 20, 8006 Zürich",restaurant,Stapferstube da Rizzo,47.3821725,8.5474623
4002075344,"Culmannstrasse 20, 8006 Zürich",library,Grüne Bibliothek,47.3789092,8.5486877
4002075344,"Culmannstrasse 20, 8006 Zürich",library,Bibliothek Erdwissenschaften,47.3785235,8.5473008
4002075344,"Culmannstrasse 20, 8006 Zürich",fast_food,Klara's Kitchen,47.3787999,8.5479501
4002075344,"Culmannstrasse 20, 8006 Zürich",restaurant,Mensa Institut Minerva,47.3819656,8.5455532
4002075344,"Culmannstrasse 20, 8006 Zürich",cafe,Natural Bites,47.3803426,8.5478344
4002075344,"Culmannstrasse 20, 8006 Zürich",school,Schule Minerva Zürich,47.3818918,8.5455529
4002075344,"Culmannstrasse 20, 8006 Zürich",fast_food,Tiny Fish,47.3784125,8.5478096
4002075344,"Culmannstrasse 20, 8006 Zürich",restaurant,mi-te,47.3791998,8.5479282
4002075344,"Culmannstrasse 20, 8006 Zürich",school,Lernstudio,47.3819111,8.5456909
4002075315,"Sandgrubenstrasse 18, 8330 Pfäffikon ZH",bank,Raiffeisen,47.367514,8.783895
4002075315,"Sandgrubenstrasse 18, 8330 Pfäffikon ZH",cafe,Hotz,47.3673777,8.7839787
4002075315,"Sandgrubenstrasse 18, 8330 Pfäffikon ZH",fast_food,Ali Baba,47.366809,8.7834807
4002075315,"Sandgrubenstrasse 18, 8330 Pfäffikon ZH",bar,Bermuda,47.3667792,8.7836028
4002075315,"Sandgrubenstrasse 18, 8330 Pfäffikon ZH",restaurant,A Casa di Luca,47.3662402,8.7815082
4002075315,"Sandgrubenstrasse 18, 8330 Pfäffikon ZH",restaurant,Schneiders Quer,47.3695625,8.7709101
4002075315,"Sandgrubenstrasse 18, 8330 Pfäffikon ZH",atm,n/a,47.3679644,8.7818315
4002075315,"Sandgrubenstrasse 18, 8330 Pfäffikon ZH",atm,n/a,47.3673382,8.7835518
4002075315,"Sandgrubenstrasse 18, 8330 Pfäffikon ZH",pharmacy,Medbase,47.3678988,8.781923
4002075315,"Sandgrubenstrasse 18, 8330 Pfäffikon ZH",pharmacy,Drogerie Teufer,47.3682623,8.7808047
4002075315,"Sandgrubenstrasse 18, 8330 Pfäffikon ZH",restaurant,Bar Amalfi,47.3681417,8.7817938
4002075315,"Sandgrubenstrasse 18, 8330 Pfäffikon ZH",restaurant,Stiftung zur Palme,47.3660269,8.7850183
4002075315,"Sandgrubenstrasse 18, 8330 Pfäffikon ZH",restaurant,Vecchia Posta,47.36726,8.7821016
4002075315,"Sandgrubenstrasse 18, 8330 Pfäffikon ZH",library,Gemeindebibliothek,47.3659761,8.7811519
4002075315,"Sandgrubenstrasse 18, 8330 Pfäffikon ZH",restaurant,Kam Yu,47.3669313,8.7821579
4002075315,"Sandgrubenstrasse 18, 8330 Pfäffikon ZH",fast_food,Pizzakurier Poldo,47.3711095,8.7734469
4002075315,"Sandgrubenstrasse 18, 8330 Pfäffikon ZH",atm,n/a,47.3711464,8.7762164
4002075315,"Sandgrubenstrasse 18, 8330 Pfäffikon ZH",bank,Bank Avera,47.3672408,8.7836524
4002075315,"Sandgrubenstrasse 18, 8330 Pfäffikon ZH",restaurant,Rössli,47.3681337,8.7832101
4002075315,"Sandgrubenstrasse 18, 8330 Pfäffikon ZH",bank,Zürcher Kantonalbank,47.368019,8.7816734
4002075315,"Sandgrubenstrasse 18, 8330 Pfäffikon ZH",bank,PostFinance,47.3681264,8.7804481
4002075315,"Sandgrubenstrasse 18, 8330 Pfäffikon ZH",restaurant,Restaurant Hecht,47.3658085,8.7811258
4002075315,"Sandgrubenstrasse 18, 8330 Pfäffikon ZH",cafe,Aight,47.3666403,8.7816528
4002075315,"Sandgrubenstrasse 18, 8330 Pfäffikon ZH",restaurant,Cucina Piccante,47.3674838,8.7817782
4002075315,"Sandgrubenstrasse 18, 8330 Pfäffikon ZH",bar,The Sunshine Lounge,47.3681279,8.7803568
4002075315,"Sandgrubenstrasse 18, 8330 Pfäffikon ZH",clinic,Ärztehaus,47.367773,8.7834474
4002075315,"Sandgrubenstrasse 18, 8330 Pfäffikon ZH",bar,Dänus Lounge,47.3661835,8.7818459
4002073826,"Untermatt 2, 8902 Urdorf",pub,Schwanen,47.39014,8.4188167
4002073576,"Akazienweg 22, 8500 Frauenfeld",clinic,Clienia,47.556486,8.8897486
4002073576,"Akazienweg 22, 8500 Frauenfeld",fast_food,Sherpa Take Away,47.5575453,8.8897093
4002073576,"Akazienweg 22, 8500 Frauenfeld",cafe,Duzis,47.5563739,8.8915928
4002073576,"Akazienweg 22, 8500 Frauenfeld",library,n/a,47.5569292,8.8915304
4002071968,"Fluhmattstrasse 31, 5400 Baden",restaurant,Quelle,47.4833669,8.2843541
4002060883,"Schulweg 3, 5453 Remetschwil",parking,n/a,47.4072679,8.3282943
4002060883,"Schulweg 3, 5453 Remetschwil",parking,n/a,47.4080098,8.3285772
4002060883,"Schulweg 3, 5453 Remetschwil",restaurant,Schöneck,47.4104183,8.3271198
4002060883,"Schulweg 3, 5453 Remetschwil",parking,n/a,47.4103196,8.3271585
4002060883,"Schulweg 3, 5453 Remetschwil",restaurant,Restaurant zur Post,47.4082559,8.3268615
4002059591,"Chapfstrasse 13, 8625 Gossau",restaurant,Frohsinn,47.3073899,8.7586899
4002059591,"Chapfstrasse 13, 8625 Gossau",restaurant,Rosengarten,47.3063621,8.7582492
4002059591,"Chapfstrasse 13, 8625 Gossau",restaurant,Pizzeria Laufenbach,47.3055261,8.7589912
4002059591,"Chapfstrasse 13, 8625 Gossau",fast_food,Zéro Deux,47.3073975,8.758108
4002059591,"Chapfstrasse 13, 8625 Gossau",bank,Raiffeisenbank Zürcher Oberland,47.3073252,8.7577187
4002059591,"Chapfstrasse 13, 8625 Gossau",pharmacy,Dorf-Apotheke Gossau,47.3072044,8.75753
4002059591,"Chapfstrasse 13, 8625 Gossau",pharmacy,Drogerie Büelgass,47.3058571,8.7571388
4002059591,"Chapfstrasse 13, 8625 Gossau",restaurant,Pizza For You,47.3051137,8.7577138
4002059591,"Chapfstrasse 13, 8625 Gossau",atm,n/a,47.3073201,8.7577536
4002059591,"Chapfstrasse 13, 8625 Gossau",atm,n/a,47.3050095,8.7580214
4002055443,"Auf den Fiechten 4, 4147 Aesch BL",fast_food,Werni's Grillimbiss,47.4783727,7.5949291
4002055443,"Auf den Fiechten 4, 4147 Aesch BL",atm,Basler Kantonalbank,47.4853428,7.5970573
4002055443,"Auf den Fiechten 4, 4147 Aesch BL",school,GSR,47.4802937,7.592324
4002055443,"Auf den Fiechten 4, 4147 Aesch BL",fast_food,Suppe-Bar zum Suppechasper,47.4864108,7.595633
4002055434,"Erlenweg 12, 5036 Oberentfelden",restaurant,Restaurant Schmiedstube,47.3574904,8.0467569
4002055434,"Erlenweg 12, 5036 Oberentfelden",restaurant,Engel,47.356433,8.0469523
4002055434,"Erlenweg 12, 5036 Oberentfelden",atm,Postfinance,47.355931,8.0467759
4002055434,"Erlenweg 12, 5036 Oberentfelden",restaurant,Mühle,47.3567721,8.0461483
4002055434,"Erlenweg 12, 5036 Oberentfelden",atm,n/a,47.3616505,8.0456918
4002055434,"Erlenweg 12, 5036 Oberentfelden",school,Schule Entfelden,47.3587376,8.0443572
4002055434,"Erlenweg 12, 5036 Oberentfelden",restaurant,Restaurant Pizzeria POST,47.3645936,8.0422228
4002055434,"Erlenweg 12, 5036 Oberentfelden",library,Gemeindebibliothek Oberentfelden,47.3585242,8.0447562
4002055434,"Erlenweg 12, 5036 Oberentfelden",restaurant,Migros Restaurant,47.3616337,8.0458819
4002055434,"Erlenweg 12, 5036 Oberentfelden",pharmacy,Dropa Unterentfelden,47.3618585,8.0454809
4002055434,"Erlenweg 12, 5036 Oberentfelden",pub,Dart Club,47.3557823,8.0464316
4002055434,"Erlenweg 12, 5036 Oberentfelden",fast_food,Veloce,47.3559161,8.0464566
4002055434,"Erlenweg 12, 5036 Oberentfelden",fast_food,Gabbiano Pizza Kurier,47.3566082,8.0466001
4002055434,"Erlenweg 12, 5036 Oberentfelden",fast_food,Little Curry,47.3553611,8.0456981
4002055434,"Erlenweg 12, 5036 Oberentfelden",restaurant,Spicy Kitchen,47.3553019,8.0461899
4002055432,"Gartenstrasse 4, 9320 Arbon",bar,Bistro Turm,47.5166106,9.4332844
4002055432,"Gartenstrasse 4, 9320 Arbon",parking,n/a,47.5136676,9.4326027
4002055432,"Gartenstrasse 4, 9320 Arbon",parking,Rosengarten,47.5136562,9.4325358
4002055432,"Gartenstrasse 4, 9320 Arbon",atm,n/a,47.5159708,9.4336579
4002055432,"Gartenstrasse 4, 9320 Arbon",parking,n/a,47.5195442,9.4196928
4002055432,"Gartenstrasse 4, 9320 Arbon",parking,n/a,47.515338,9.4314776
4002055432,"Gartenstrasse 4, 9320 Arbon",parking,n/a,47.5159788,9.4312448
4002055432,"Gartenstrasse 4, 9320 Arbon",parking,n/a,47.5195284,9.4191285
4002051424,"Altstetterstrasse 247 + 249, 8048 Zürich",restaurant,Restaurant Sonne Libanon,47.3822104,8.4838926
4002051424,"Altstetterstrasse 247 + 249, 8048 Zürich",fast_food,Big Baba's,47.3878129,8.4868415
4002051424,"Altstetterstrasse 247 + 249, 8048 Zürich",restaurant,Brasserie Spirgarten,47.387399,8.4854595
4002051424,"Altstetterstrasse 247 + 249, 8048 Zürich",pharmacy,Apotheke Altstetten AA1,47.3877883,8.4855758
4002051424,"Altstetterstrasse 247 + 249, 8048 Zürich",pharmacy,Apotheke Schafroth,47.3879571,8.4863203
4002051424,"Altstetterstrasse 247 + 249, 8048 Zürich",bank,Migros Bank,47.3877156,8.4869909
4002051424,"Altstetterstrasse 247 + 249, 8048 Zürich",cafe,Buena Vista Cafebar,47.3876933,8.4855445
4002051424,"Altstetterstrasse 247 + 249, 8048 Zürich",fast_food,Cafe Bar Memo,47.3879937,8.4861656
4002051424,"Altstetterstrasse 247 + 249, 8048 Zürich",library,PBZ Bibliothek Altstetten,47.3872466,8.4859509
4002051424,"Altstetterstrasse 247 + 249, 8048 Zürich",parking,n/a,47.3821807,8.4888599
4002051424,"Altstetterstrasse 247 + 249, 8048 Zürich",parking,n/a,47.382205,8.4888669
4002051424,"Altstetterstrasse 247 + 249, 8048 Zürich",restaurant,Caffe Cioccolato,47.3872299,8.486059
4002051424,"Altstetterstrasse 247 + 249, 8048 Zürich",parking,n/a,47.387337,8.4870184
4002051424,"Altstetterstrasse 247 + 249, 8048 Zürich",restaurant,Restaurant Rauti,47.3818695,8.4886583
4002051424,"Altstetterstrasse 247 + 249, 8048 Zürich",parking,n/a,47.3844671,8.4880014
4002051424,"Altstetterstrasse 247 + 249, 8048 Zürich",restaurant,Burgermeister,47.3881831,8.4865271
4002051424,"Altstetterstrasse 247 + 249, 8048 Zürich",cafe,Bistro uf em Chilehügel,47.3868818,8.484668
4002051424,"Altstetterstrasse 247 + 249, 8048 Zürich",restaurant,Rashim's Kitchen,47.3872533,8.4876631
4002051424,"Altstetterstrasse 247 + 249, 8048 Zürich",restaurant,Farfalla,47.3800966,8.4844491
4002051424,"Altstetterstrasse 247 + 249, 8048 Zürich",fast_food,La Pizza Buona,47.3810756,8.4837137
4002051424,"Altstetterstrasse 247 + 249, 8048 Zürich",school,Schule für Sehbehinderte,47.3850777,8.4861808
4002051424,"Altstetterstrasse 247 + 249, 8048 Zürich",restaurant,Ristorante Passione Italiana,47.3872401,8.4877586
4002051399,"Zähringerstrasse 18, 4057 Basel",bar,Oetlinger-Buvette,47.5670666,7.58652
4002051268,"Erlenmattweg 7, 4058 Basel",fast_food,Maulbeergrill,47.5676143,7.6023449
4002051268,"Erlenmattweg 7, 4058 Basel",bar,Qbarana Lounge Bar,47.5687669,7.6018111
4002051268,"Erlenmattweg 7, 4058 Basel",fast_food,Musical Grill,47.5687224,7.597405
4002051268,"Erlenmattweg 7, 4058 Basel",bar,Carambolage,47.5683278,7.6004231
4002051268,"Erlenmattweg 7, 4058 Basel",pub,Cafe 360,47.5676417,7.6024174
4002051268,"Erlenmattweg 7, 4058 Basel",restaurant,CHiCKPEA,47.5673966,7.6009155
4002051268,"Erlenmattweg 7, 4058 Basel",restaurant,Le S,47.5690986,7.5993385
4002051268,"Erlenmattweg 7, 4058 Basel",library,feministische bibliothek @spit,47.5684445,7.6009464
4002051268,"Erlenmattweg 7, 4058 Basel",cafe,Magical Cafe,47.5699745,7.5993614
4002051268,"Erlenmattweg 7, 4058 Basel",pharmacy,Coop Vitality,47.5697544,7.6036227
4002051268,"Erlenmattweg 7, 4058 Basel",restaurant,Matt & Elly Brewery & Kitchen,47.56969,7.6034296
4002051268,"Erlenmattweg 7, 4058 Basel",school,Primarschulhaus Erlenmatt,47.5689989,7.6004078
4002051268,"Erlenmattweg 7, 4058 Basel",restaurant,Angolo Italiano,47.5670069,7.6009293
4002051268,"Erlenmattweg 7, 4058 Basel",restaurant,Kitchen 41,47.5674377,7.6017047
4002051268,"Erlenmattweg 7, 4058 Basel",library,Universitätsbibliothek Rosental,47.5669624,7.601665
4002051266,"Nordeckstrasse 10, 8636 Wald ZH",restaurant,Felsenau,47.2721837,8.9119663
4002051266,"Nordeckstrasse 10, 8636 Wald ZH",restaurant,Meat Western Khawasti,47.2723403,8.9120308
4002051266,"Nordeckstrasse 10, 8636 Wald ZH",parking,n/a,47.2687881,8.9140249
4002050974,"Altstetterstrasse 247 + 249, 8048 Zürich",restaurant,Restaurant Sonne Libanon,47.3822104,8.4838926
4002050974,"Altstetterstrasse 247 + 249, 8048 Zürich",fast_food,Big Baba's,47.3878129,8.4868415
4002050974,"Altstetterstrasse 247 + 249, 8048 Zürich",restaurant,Brasserie Spirgarten,47.387399,8.4854595
4002050974,"Altstetterstrasse 247 + 249, 8048 Zürich",pharmacy,Apotheke Altstetten AA1,47.3877883,8.4855758
4002050974,"Altstetterstrasse 247 + 249, 8048 Zürich",pharmacy,Apotheke Schafroth,47.3879571,8.4863203
4002050974,"Altstetterstrasse 247 + 249, 8048 Zürich",bank,Migros Bank,47.3877156,8.4869909
4002050974,"Altstetterstrasse 247 + 249, 8048 Zürich",cafe,Buena Vista Cafebar,47.3876933,8.4855445
4002050974,"Altstetterstrasse 247 + 249, 8048 Zürich",fast_food,Cafe Bar Memo,47.3879937,8.4861656
4002050974,"Altstetterstrasse 247 + 249, 8048 Zürich",library,PBZ Bibliothek Altstetten,47.3872466,8.4859509
4002050974,"Altstetterstrasse 247 + 249, 8048 Zürich",parking,n/a,47.3821807,8.4888599
4002050974,"Altstetterstrasse 247 + 249, 8048 Zürich",parking,n/a,47.382205,8.4888669
4002050974,"Altstetterstrasse 247 + 249, 8048 Zürich",restaurant,Caffe Cioccolato,47.3872299,8.486059
4002050974,"Altstetterstrasse 247 + 249, 8048 Zürich",parking,n/a,47.387337,8.4870184
4002050974,"Altstetterstrasse 247 + 249, 8048 Zürich",restaurant,Restaurant Rauti,47.3818695,8.4886583
4002050974,"Altstetterstrasse 247 + 249, 8048 Zürich",parking,n/a,47.3844671,8.4880014
4002050974,"Altstetterstrasse 247 + 249, 8048 Zürich",restaurant,Burgermeister,47.3881831,8.4865271
4002050974,"Altstetterstrasse 247 + 249, 8048 Zürich",cafe,Bistro uf em Chilehügel,47.3868818,8.484668
4002050974,"Altstetterstrasse 247 + 249, 8048 Zürich",restaurant,Rashim's Kitchen,47.3872533,8.4876631
4002050974,"Altstetterstrasse 247 + 249, 8048 Zürich",restaurant,Farfalla,47.3800966,8.4844491
4002050974,"Altstetterstrasse 247 + 249, 8048 Zürich",fast_food,La Pizza Buona,47.3810756,8.4837137
4002050974,"Altstetterstrasse 247 + 249, 8048 Zürich",school,Schule für Sehbehinderte,47.3850777,8.4861808
4002050974,"Altstetterstrasse 247 + 249, 8048 Zürich",restaurant,Ristorante Passione Italiana,47.3872401,8.4877586
4002050973,"Altstetterstrasse 247 + 249, 8048 Zürich",restaurant,Restaurant Sonne Libanon,47.3822104,8.4838926
4002050973,"Altstetterstrasse 247 + 249, 8048 Zürich",fast_food,Big Baba's,47.3878129,8.4868415
4002050973,"Altstetterstrasse 247 + 249, 8048 Zürich",restaurant,Brasserie Spirgarten,47.387399,8.4854595
4002050973,"Altstetterstrasse 247 + 249, 8048 Zürich",pharmacy,Apotheke Altstetten AA1,47.3877883,8.4855758
4002050973,"Altstetterstrasse 247 + 249, 8048 Zürich",pharmacy,Apotheke Schafroth,47.3879571,8.4863203
4002050973,"Altstetterstrasse 247 + 249, 8048 Zürich",bank,Migros Bank,47.3877156,8.4869909
4002050973,"Altstetterstrasse 247 + 249, 8048 Zürich",cafe,Buena Vista Cafebar,47.3876933,8.4855445
4002050973,"Altstetterstrasse 247 + 249, 8048 Zürich",fast_food,Cafe Bar Memo,47.3879937,8.4861656
4002050973,"Altstetterstrasse 247 + 249, 8048 Zürich",library,PBZ Bibliothek Altstetten,47.3872466,8.4859509
4002050973,"Altstetterstrasse 247 + 249, 8048 Zürich",parking,n/a,47.3821807,8.4888599
4002050973,"Altstetterstrasse 247 + 249, 8048 Zürich",parking,n/a,47.382205,8.4888669
4002050973,"Altstetterstrasse 247 + 249, 8048 Zürich",restaurant,Caffe Cioccolato,47.3872299,8.486059
4002050973,"Altstetterstrasse 247 + 249, 8048 Zürich",parking,n/a,47.387337,8.4870184
4002050973,"Altstetterstrasse 247 + 249, 8048 Zürich",restaurant,Restaurant Rauti,47.3818695,8.4886583
4002050973,"Altstetterstrasse 247 + 249, 8048 Zürich",parking,n/a,47.3844671,8.4880014
4002050973,"Altstetterstrasse 247 + 249, 8048 Zürich",restaurant,Burgermeister,47.3881831,8.4865271
4002050973,"Altstetterstrasse 247 + 249, 8048 Zürich",cafe,Bistro uf em Chilehügel,47.3868818,8.484668
4002050973,"Altstetterstrasse 247 + 249, 8048 Zürich",restaurant,Rashim's Kitchen,47.3872533,8.4876631
4002050973,"Altstetterstrasse 247 + 249, 8048 Zürich",restaurant,Farfalla,47.3800966,8.4844491
4002050973,"Altstetterstrasse 247 + 249, 8048 Zürich",fast_food,La Pizza Buona,47.3810756,8.4837137
4002050973,"Altstetterstrasse 247 + 249, 8048 Zürich",school,Schule für Sehbehinderte,47.3850777,8.4861808
4002050973,"Altstetterstrasse 247 + 249, 8048 Zürich",restaurant,Ristorante Passione Italiana,47.3872401,8.4877586
4002050972,"Altstetterstrasse 247 + 249, 8048 Zürich",restaurant,Restaurant Sonne Libanon,47.3822104,8.4838926
4002050972,"Altstetterstrasse 247 + 249, 8048 Zürich",fast_food,Big Baba's,47.3878129,8.4868415
4002050972,"Altstetterstrasse 247 + 249, 8048 Zürich",restaurant,Brasserie Spirgarten,47.387399,8.4854595
4002050972,"Altstetterstrasse 247 + 249, 8048 Zürich",pharmacy,Apotheke Altstetten AA1,47.3877883,8.4855758
4002050972,"Altstetterstrasse 247 + 249, 8048 Zürich",pharmacy,Apotheke Schafroth,47.3879571,8.4863203
4002050972,"Altstetterstrasse 247 + 249, 8048 Zürich",bank,Migros Bank,47.3877156,8.4869909
4002050972,"Altstetterstrasse 247 + 249, 8048 Zürich",cafe,Buena Vista Cafebar,47.3876933,8.4855445
4002050972,"Altstetterstrasse 247 + 249, 8048 Zürich",fast_food,Cafe Bar Memo,47.3879937,8.4861656
4002050972,"Altstetterstrasse 247 + 249, 8048 Zürich",library,PBZ Bibliothek Altstetten,47.3872466,8.4859509
4002050972,"Altstetterstrasse 247 + 249, 8048 Zürich",parking,n/a,47.3821807,8.4888599
4002050972,"Altstetterstrasse 247 + 249, 8048 Zürich",parking,n/a,47.382205,8.4888669
4002050972,"Altstetterstrasse 247 + 249, 8048 Zürich",restaurant,Caffe Cioccolato,47.3872299,8.486059
4002050972,"Altstetterstrasse 247 + 249, 8048 Zürich",parking,n/a,47.387337,8.4870184
4002050972,"Altstetterstrasse 247 + 249, 8048 Zürich",restaurant,Restaurant Rauti,47.3818695,8.4886583
4002050972,"Altstetterstrasse 247 + 249, 8048 Zürich",parking,n/a,47.3844671,8.4880014
4002050972,"Altstetterstrasse 247 + 249, 8048 Zürich",restaurant,Burgermeister,47.3881831,8.4865271
4002050972,"Altstetterstrasse 247 + 249, 8048 Zürich",cafe,Bistro uf em Chilehügel,47.3868818,8.484668
4002050972,"Altstetterstrasse 247 + 249, 8048 Zürich",restaurant,Rashim's Kitchen,47.3872533,8.4876631
4002050972,"Altstetterstrasse 247 + 249, 8048 Zürich",restaurant,Farfalla,47.3800966,8.4844491
4002050972,"Altstetterstrasse 247 + 249, 8048 Zürich",fast_food,La Pizza Buona,47.3810756,8.4837137
4002050972,"Altstetterstrasse 247 + 249, 8048 Zürich",school,Schule für Sehbehinderte,47.3850777,8.4861808
4002050972,"Altstetterstrasse 247 + 249, 8048 Zürich",restaurant,Ristorante Passione Italiana,47.3872401,8.4877586
4002047849,"Buckhauserstrasse 49, 8048 Zürich",restaurant,UBS Restaurant Flur,47.382807,8.4929412
4002047849,"Buckhauserstrasse 49, 8048 Zürich",restaurant,Pizza Züri,47.3842422,8.4978272
4002047849,"Buckhauserstrasse 49, 8048 Zürich",restaurant,Turbinenhalle,47.3841009,8.4964028
4002047849,"Buckhauserstrasse 49, 8048 Zürich",atm,UBS Bancomat,47.3828726,8.4929615
4002047849,"Buckhauserstrasse 49, 8048 Zürich",atm,UBS Bancomat,47.3852455,8.4961361
4002047849,"Buckhauserstrasse 49, 8048 Zürich",fast_food,Ruenthai 2 Take Away,47.3853736,8.4947825
4002047849,"Buckhauserstrasse 49, 8048 Zürich",restaurant,UBS Restaurant Snackeria Flurhof,47.3825966,8.4926584
4002047849,"Buckhauserstrasse 49, 8048 Zürich",restaurant,Thai Style,47.3838416,8.4947954
4002047849,"Buckhauserstrasse 49, 8048 Zürich",restaurant,Restaurant Buckhuser,47.3837393,8.4925808
4002047849,"Buckhauserstrasse 49, 8048 Zürich",school,SAE Institute Zürich,47.3845883,8.4919049
4002047849,"Buckhauserstrasse 49, 8048 Zürich",restaurant,Lunchmarket,47.3850743,8.4924041
4002047849,"Buckhauserstrasse 49, 8048 Zürich",bank,Valiant,47.3841976,8.4942783
4002047849,"Buckhauserstrasse 49, 8048 Zürich",restaurant,Kantine F+F,47.3818434,8.4927361
4002047849,"Buckhauserstrasse 49, 8048 Zürich",restaurant,Intermezzo,47.3837329,8.4925606
4002047849,"Buckhauserstrasse 49, 8048 Zürich",school,kinder campus,47.3844657,8.4945248
4002047849,"Buckhauserstrasse 49, 8048 Zürich",parking,Medienpark,47.3844014,8.4950445
4002047849,"Buckhauserstrasse 49, 8048 Zürich",bank,neon,47.383659,8.4982173
4002042468,"Gartenstrasse 6, 8002 Zürich",pub,Almodo Bar,47.3669773,8.5333873
4002042468,"Gartenstrasse 6, 8002 Zürich",parking,Bleicherweg,47.3672324,8.5354219
4002042468,"Gartenstrasse 6, 8002 Zürich",pub,2. Akt,47.3698304,8.5336387
4002042468,"Gartenstrasse 6, 8002 Zürich",restaurant,Antica Roma,47.3702232,8.531828
4002042468,"Gartenstrasse 6, 8002 Zürich",restaurant,Thai Erawan,47.3681056,8.5358071
4002042468,"Gartenstrasse 6, 8002 Zürich",fast_food,spectaturs,47.3671287,8.5341393
4002042468,"Gartenstrasse 6, 8002 Zürich",restaurant,Nagasui,47.3702331,8.5328922
4002042468,"Gartenstrasse 6, 8002 Zürich",pharmacy,Apotheke zur Bleiche,47.3678875,8.5348942
4002042468,"Gartenstrasse 6, 8002 Zürich",fast_food,Silberkugel,47.3664794,8.5341661
4002042468,"Gartenstrasse 6, 8002 Zürich",restaurant,Korner,47.3686567,8.5339963
4002042468,"Gartenstrasse 6, 8002 Zürich",bank,Migros Bank,47.3674788,8.5345119
4002042468,"Gartenstrasse 6, 8002 Zürich",restaurant,Taho Sushi,47.3693102,8.5325414
4002042468,"Gartenstrasse 6, 8002 Zürich",parking,Park Hyatt,47.3659315,8.5361401
4002042468,"Gartenstrasse 6, 8002 Zürich",restaurant,Ristorante 33,47.3668389,8.5339821
4002042468,"Gartenstrasse 6, 8002 Zürich",restaurant,Moudi,47.3697863,8.5343368
4002042468,"Gartenstrasse 6, 8002 Zürich",bar,Balboa Bar & Gym,47.3686781,8.5356419
4002042468,"Gartenstrasse 6, 8002 Zürich",restaurant,Vemezza,47.3687901,8.533995
4002042468,"Gartenstrasse 6, 8002 Zürich",fast_food,Happy Chef,47.3679354,8.5350652
4002042468,"Gartenstrasse 6, 8002 Zürich",bar,Fleming's,47.3696334,8.5334346
4002042468,"Gartenstrasse 6, 8002 Zürich",restaurant,Ona Poké,47.3678271,8.5360057
4002042468,"Gartenstrasse 6, 8002 Zürich",fast_food,dean&david,47.3678584,8.5361094
4002042468,"Gartenstrasse 6, 8002 Zürich",restaurant,Stamped,47.3697712,8.5341158
4002042468,"Gartenstrasse 6, 8002 Zürich",restaurant,parkhuus,47.3666944,8.5361051
4002042468,"Gartenstrasse 6, 8002 Zürich",bank,Vontobel,47.3676857,8.5353314
4002042468,"Gartenstrasse 6, 8002 Zürich",restaurant,roots,47.368752,8.535695
4002042468,"Gartenstrasse 6, 8002 Zürich",cafe,lo spaccio,47.3681744,8.5360515
4002042468,"Gartenstrasse 6, 8002 Zürich",cafe,RPOS Coffehouse,47.3678817,8.534686
4002042468,"Gartenstrasse 6, 8002 Zürich",restaurant,Wild Bowls,47.3678059,8.5343157
4002042468,"Gartenstrasse 6, 8002 Zürich",fast_food,Joe & The Juice,47.3672149,8.5357483
4002042468,"Gartenstrasse 6, 8002 Zürich",bar,La Lup,47.3695695,8.5333627
4002042468,"Gartenstrasse 6, 8002 Zürich",fast_food,Selnauwok,47.3698708,8.5330431
4002042468,"Gartenstrasse 6, 8002 Zürich",cafe,Juliette,47.3665799,8.5328048
4002042468,"Gartenstrasse 6, 8002 Zürich",bank,China Construction Bank,47.3670273,8.5358659
4002042468,"Gartenstrasse 6, 8002 Zürich",cafe,MINI Café Bar,47.3670768,8.5334932
4002042468,"Gartenstrasse 6, 8002 Zürich",bank,Bank von Roll,47.3663318,8.5330614
4002042468,"Gartenstrasse 6, 8002 Zürich",cafe,Atomix,47.3678873,8.536188
4002042222,"Kieshübelweg 2, 4310 Rheinfelden",restaurant,Badi Beizli,47.5508101,7.7742138
4002039938,"Rue Louis-D'Affry 6, 1700 Fribourg",restaurant,Restaurant Pizzeria La Nonna,46.8046986,7.1532854
4002039938,"Rue Louis-D'Affry 6, 1700 Fribourg",bank,Credit Suisse,46.8037705,7.1528432
4002039938,"Rue Louis-D'Affry 6, 1700 Fribourg",bank,Banque Cler,46.8042899,7.1537867
4002039938,"Rue Louis-D'Affry 6, 1700 Fribourg",bar,Le Café XX,46.804327,7.152201
4002039938,"Rue Louis-D'Affry 6, 1700 Fribourg",restaurant,Mensa,46.805885,7.1525814
4002039938,"Rue Louis-D'Affry 6, 1700 Fribourg",parking,Parking de la Gare,46.8041248,7.1512473
4002039938,"Rue Louis-D'Affry 6, 1700 Fribourg",restaurant,Alconi Restaurant - Cantine,46.8040456,7.1510044
4002039938,"Rue Louis-D'Affry 6, 1700 Fribourg",parking,n/a,46.8051025,7.1527338
4002039938,"Rue Louis-D'Affry 6, 1700 Fribourg",parking,n/a,46.807099,7.152076
4002039938,"Rue Louis-D'Affry 6, 1700 Fribourg",atm,Postfinance,46.8047043,7.1530228
4002039938,"Rue Louis-D'Affry 6, 1700 Fribourg",fast_food,Brezelkönig,46.803376,7.150616
4002039938,"Rue Louis-D'Affry 6, 1700 Fribourg",library,"Bibliothèque interculturelle ""LivrEchange"" de Fribourg",46.8017738,7.1486777
4002039938,"Rue Louis-D'Affry 6, 1700 Fribourg",library,Bibliothèque interfacultaire d'histoire et de théologie,46.8062633,7.152665
4002039938,"Rue Louis-D'Affry 6, 1700 Fribourg",cafe,Brut Café,46.8034883,7.153474
4002039938,"Rue Louis-D'Affry 6, 1700 Fribourg",restaurant,Mykebab,46.8037152,7.1514434
4002039938,"Rue Louis-D'Affry 6, 1700 Fribourg",library,Bibliothèque de langues et littératures (BLL-MIS),46.8067293,7.1517013
4002039938,"Rue Louis-D'Affry 6, 1700 Fribourg",restaurant,Le centre,46.80361,7.1518808
4002039938,"Rue Louis-D'Affry 6, 1700 Fribourg",fast_food,Fryburger,46.8047261,7.1532114
4002039938,"Rue Louis-D'Affry 6, 1700 Fribourg",bar,Piccadilly,46.8046153,7.1533312
4002039938,"Rue Louis-D'Affry 6, 1700 Fribourg",university,Beauregard 01,46.8025294,7.1490731
4002039938,"Rue Louis-D'Affry 6, 1700 Fribourg",restaurant,Host India,46.802075,7.148784
4002039938,"Rue Louis-D'Affry 6, 1700 Fribourg",restaurant,Sushi Kai,46.8035054,7.1512967
4002039938,"Rue Louis-D'Affry 6, 1700 Fribourg",fast_food,L'artisan,46.8035687,7.1513452
4002039938,"Rue Louis-D'Affry 6, 1700 Fribourg",cafe,Mahalo coffee shop,46.804803,7.1533131
4002039720,"Erlenmattstrasse 18, 4058 Basel",fast_food,Maulbeergrill,47.5676143,7.6023449
4002039720,"Erlenmattstrasse 18, 4058 Basel",pub,Musical Bar,47.5690036,7.5973736
4002039720,"Erlenmattstrasse 18, 4058 Basel",bar,Qbarana Lounge Bar,47.5687669,7.6018111
4002039720,"Erlenmattstrasse 18, 4058 Basel",fast_food,Musical Grill,47.5687224,7.597405
4002039720,"Erlenmattstrasse 18, 4058 Basel",bar,Carambolage,47.5683278,7.6004231
4002039720,"Erlenmattstrasse 18, 4058 Basel",pub,Cafe 360,47.5676417,7.6024174
4002039720,"Erlenmattstrasse 18, 4058 Basel",restaurant,CHiCKPEA,47.5673966,7.6009155
4002039720,"Erlenmattstrasse 18, 4058 Basel",restaurant,Le S,47.5690986,7.5993385
4002039720,"Erlenmattstrasse 18, 4058 Basel",library,feministische bibliothek @spit,47.5684445,7.6009464
4002039720,"Erlenmattstrasse 18, 4058 Basel",pharmacy,Coop Vitality,47.5697544,7.6036227
4002039720,"Erlenmattstrasse 18, 4058 Basel",restaurant,Matt & Elly Brewery & Kitchen,47.56969,7.6034296
4002039720,"Erlenmattstrasse 18, 4058 Basel",school,Primarschulhaus Erlenmatt,47.5689989,7.6004078
4002039720,"Erlenmattstrasse 18, 4058 Basel",restaurant,Angolo Italiano,47.5670069,7.6009293
4002039720,"Erlenmattstrasse 18, 4058 Basel",restaurant,Kitchen 41,47.5674377,7.6017047
4002039720,"Erlenmattstrasse 18, 4058 Basel",library,Universitätsbibliothek Rosental,47.5669624,7.601665
4002038670,"Via Quinta 59, 6710 Biasca",restaurant,Nazionale,46.3519741,8.9736943
4002038670,"Via Quinta 59, 6710 Biasca",pharmacy,Farmacia Stazione,46.3531563,8.9733892
4002038670,"Via Quinta 59, 6710 Biasca",restaurant,Stazione Grill,46.3512214,8.9738891
4002038670,"Via Quinta 59, 6710 Biasca",fast_food,Star Kebab,46.3517216,8.9738514
4002038670,"Via Quinta 59, 6710 Biasca",restaurant,Lucomagno,46.3525022,8.9734966
4002038670,"Via Quinta 59, 6710 Biasca",library,Biblioteca della Scuola Media di Biasca,46.350981,8.9693566
4002038670,"Via Quinta 59, 6710 Biasca",parking,n/a,46.3490886,8.9744141
4002038668,"Via Beltramina 8, 6900 Lugano",bank,Banca Stato,46.0217102,8.9585041
4002038668,"Via Beltramina 8, 6900 Lugano",restaurant,Hollywood,46.0145443,8.9564382
4002038668,"Via Beltramina 8, 6900 Lugano",fast_food,Mondo Pizza,46.0192886,8.9572029
4002038668,"Via Beltramina 8, 6900 Lugano",cafe,Al Piccolo Bar,46.0163554,8.9577704
4002038668,"Via Beltramina 8, 6900 Lugano",cafe,Ristorante Andrea,46.0207914,8.9581315
4002038668,"Via Beltramina 8, 6900 Lugano",restaurant,Ristorante Stadio,46.0212857,8.9583644
4002038668,"Via Beltramina 8, 6900 Lugano",cafe,n/a,46.0182606,8.9588315
4002038668,"Via Beltramina 8, 6900 Lugano",cafe,Bar al 74,46.018148,8.9570188
4002038668,"Via Beltramina 8, 6900 Lugano",restaurant,Grotto del Grillo,46.0210477,8.9573762
4002038668,"Via Beltramina 8, 6900 Lugano",pharmacy,Daniela Sartori,46.0157886,8.955199
4002038668,"Via Beltramina 8, 6900 Lugano",pharmacy,Farmacia Contrada dei Patrizi,46.0125702,8.9547338
4002038668,"Via Beltramina 8, 6900 Lugano",pub,livingroom,46.0207106,8.9579431
4002038668,"Via Beltramina 8, 6900 Lugano",cafe,Café Tra,46.0130112,8.9540684
4002038668,"Via Beltramina 8, 6900 Lugano",bar,n/a,46.0169857,8.9557817
4002038668,"Via Beltramina 8, 6900 Lugano",pharmacy,Farmacia Stella,46.0191428,8.9574995
4002038668,"Via Beltramina 8, 6900 Lugano",fast_food,n/a,46.0163455,8.9551676
4002038668,"Via Beltramina 8, 6900 Lugano",fast_food,Speedy pizza,46.0166978,8.9569552
4002038668,"Via Beltramina 8, 6900 Lugano",fast_food,Maistà food,46.0168022,8.9569575
4002038668,"Via Beltramina 8, 6900 Lugano",fast_food,Giulio & Silvana Take Away,46.0143003,8.95641
4002038668,"Via Beltramina 8, 6900 Lugano",fast_food,Kebab Arbil,46.0193531,8.9572419
4002038668,"Via Beltramina 8, 6900 Lugano",library,Biblioteca interculturale della Svizzera italiana - sede di Lugano,46.0156356,8.9549307
4002038668,"Via Beltramina 8, 6900 Lugano",library,Biblioteca della Croce Rossa Svizzera,46.0155782,8.9571888
4002038668,"Via Beltramina 8, 6900 Lugano",library,"Biblioteca interculturale per la prima infanzia ""Ricciogiramondo""",46.0131905,8.9546483
4002038668,"Via Beltramina 8, 6900 Lugano",restaurant,Ristorante La Veranda,46.0194909,8.9573375
4002038668,"Via Beltramina 8, 6900 Lugano",bar,Bar Pinard,46.0120723,8.9547722
4002038668,"Via Beltramina 8, 6900 Lugano",restaurant,Ristorante Pizzeria Dal Gallo,46.0143627,8.9549901
4002038668,"Via Beltramina 8, 6900 Lugano",restaurant,Billy Food,46.01803,8.9576649
4002038663,"Bahnhofstrasse 7, 4415 Lausen",bank,Basellandschaftliche Kantonalbank,47.4736429,7.7593642
4002038663,"Bahnhofstrasse 7, 4415 Lausen",restaurant,Restaurant Bernerhof,47.4713325,7.7598939
4002038663,"Bahnhofstrasse 7, 4415 Lausen",fast_food,Del Fuoco,47.4748075,7.7528522
4002038663,"Bahnhofstrasse 7, 4415 Lausen",fast_food,Lausener,47.4712785,7.761635
4002038663,"Bahnhofstrasse 7, 4415 Lausen",restaurant,Bären,47.4713406,7.7613016
4002038663,"Bahnhofstrasse 7, 4415 Lausen",restaurant,Ben Fatto,47.4705263,7.7602413
4002038663,"Bahnhofstrasse 7, 4415 Lausen",parking,n/a,47.4706474,7.7599998
4002038663,"Bahnhofstrasse 7, 4415 Lausen",restaurant,Sala Thai,47.4701575,7.7646031
4002038663,"Bahnhofstrasse 7, 4415 Lausen",atm,n/a,47.4736017,7.759392
4002037350,"Berntorgasse 16, 3600 Thun",atm,n/a,46.7605565,7.6278634
4002037350,"Berntorgasse 16, 3600 Thun",parking,Burgzentrum,46.7613416,7.6300197
4002037350,"Berntorgasse 16, 3600 Thun",pub,Ratstübli,46.7598072,7.6283837
4002037350,"Berntorgasse 16, 3600 Thun",parking,n/a,46.7605911,7.6282485
4002037350,"Berntorgasse 16, 3600 Thun",bank,Raiffeisen,46.7613438,7.6295612
4002037350,"Berntorgasse 16, 3600 Thun",restaurant,Trattoria Rimini,46.7607851,7.6287416
4002037350,"Berntorgasse 16, 3600 Thun",restaurant,HAN Mongolian Barbecue,46.7598135,7.6263541
4002037350,"Berntorgasse 16, 3600 Thun",bank,UBS,46.7597902,7.6266979
4002037350,"Berntorgasse 16, 3600 Thun",restaurant,Casa Iberica,46.7604709,7.628235
4002037350,"Berntorgasse 16, 3600 Thun",fast_food,Giga Tacos,46.7599688,7.6282024
4002037350,"Berntorgasse 16, 3600 Thun",restaurant,chops. l sushi & more,46.7614172,7.6294882
4002037350,"Berntorgasse 16, 3600 Thun",restaurant,Don Pedro,46.7618486,7.629896
4002037350,"Berntorgasse 16, 3600 Thun",restaurant,Karussell,46.7609362,7.6278866
4002037350,"Berntorgasse 16, 3600 Thun",pub,McArthurs Pub,46.7605645,7.627705
4002037350,"Berntorgasse 16, 3600 Thun",restaurant,La Perla,46.759758,7.6261693
4002037350,"Berntorgasse 16, 3600 Thun",restaurant,Füürgässli,46.758245,7.6302245
4002037350,"Berntorgasse 16, 3600 Thun",restaurant,Schlossberg Thun Restaurant,46.7597949,7.6299721
4002037350,"Berntorgasse 16, 3600 Thun",restaurant,Schmiedstube Bar/Restaurant,46.7583768,7.6305551
4002037350,"Berntorgasse 16, 3600 Thun",restaurant,Eurasia,46.7614558,7.6265167
4002037350,"Berntorgasse 16, 3600 Thun",bar,Schlossbergbar,46.7600078,7.6287218
4002037350,"Berntorgasse 16, 3600 Thun",restaurant,Zunfthaus Zu Metzgern,46.7598675,7.6287234
4002037350,"Berntorgasse 16, 3600 Thun",bar,Coronitbar,46.7598688,7.6283546
4002037350,"Berntorgasse 16, 3600 Thun",restaurant,Red Ox,46.7602019,7.6285237
4002037350,"Berntorgasse 16, 3600 Thun",restaurant,La Bodega,46.7602478,7.6285192
4002037350,"Berntorgasse 16, 3600 Thun",cafe,Cortina Lounge,46.7603369,7.6287248
4002037350,"Berntorgasse 16, 3600 Thun",restaurant,Rama Thai Restaurant und Take Away,46.7611367,7.6288034
4002037350,"Berntorgasse 16, 3600 Thun",restaurant,Tran,46.7606896,7.6285063
4002037350,"Berntorgasse 16, 3600 Thun",restaurant,Suan Thai Shop,46.7610682,7.6298493
4002037350,"Berntorgasse 16, 3600 Thun",restaurant,Waaghaus,46.7599794,7.6274584
4002037350,"Berntorgasse 16, 3600 Thun",bar,Thurm,46.7607858,7.6269711
4002037350,"Berntorgasse 16, 3600 Thun",parking,n/a,46.7605814,7.6259112
4002037350,"Berntorgasse 16, 3600 Thun",bar,Anthra,46.7615664,7.6285741
4002037350,"Berntorgasse 16, 3600 Thun",fast_food,Coop Take away,46.7602765,7.6271777
4002037350,"Berntorgasse 16, 3600 Thun",bar,Mundwerk,46.7585542,7.6303397
4002037350,"Berntorgasse 16, 3600 Thun",parking,n/a,46.7602158,7.6285772
4002037350,"Berntorgasse 16, 3600 Thun",parking,n/a,46.7609387,7.6277653
4002037350,"Berntorgasse 16, 3600 Thun",fast_food,Keb`n`Roll Pizza Haus,46.7606468,7.6298561
4002037350,"Berntorgasse 16, 3600 Thun",cafe,Simplyfine,46.7600016,7.6285309
4002037350,"Berntorgasse 16, 3600 Thun",restaurant,Global Pizza & Kebab Haus,46.7618701,7.6294317
4002037350,"Berntorgasse 16, 3600 Thun",restaurant,dieci Pizza Kurier Thun,46.7635324,7.6278064
4002037350,"Berntorgasse 16, 3600 Thun",restaurant,Ponte di legno,46.7581928,7.630369
4002037350,"Berntorgasse 16, 3600 Thun",restaurant,Rathaus,46.7595855,7.6279006
4002037350,"Berntorgasse 16, 3600 Thun",restaurant,Aare Terrasse,46.7590198,7.6283683
4002037350,"Berntorgasse 16, 3600 Thun",bar,Atelier,46.7595391,7.6289065
4002037350,"Berntorgasse 16, 3600 Thun",cafe,Simply Fine,46.760123,7.6285323
4002037350,"Berntorgasse 16, 3600 Thun",restaurant,Stubä8,46.7630717,7.6272758
4002037350,"Berntorgasse 16, 3600 Thun",restaurant,Krone,46.7593056,7.6285645
4002037350,"Berntorgasse 16, 3600 Thun",restaurant,Izakaya Kinomi,46.7590461,7.6295799
4002037350,"Berntorgasse 16, 3600 Thun",restaurant,Burgstrasse 9,46.7595067,7.6318262
4002037350,"Berntorgasse 16, 3600 Thun",bar,Mike‘s,46.7589793,7.6296992
4002037350,"Berntorgasse 16, 3600 Thun",pharmacy,Schlossapotheke,46.7588747,7.6298843
4002037350,"Berntorgasse 16, 3600 Thun",fast_food,Munzur,46.760807,7.6285679
4002037350,"Berntorgasse 16, 3600 Thun",restaurant,Pronto,46.7607254,7.6287421
4002037350,"Berntorgasse 16, 3600 Thun",fast_food,Cira,46.7609095,7.6285634
4002036031,"Zwischenbächen 8, 8048 Zürich",cafe,Kafi Öfeli,47.3845988,8.4772959
4002036031,"Zwischenbächen 8, 8048 Zürich",cafe,Residenz Café Spirgarten,47.3876448,8.4845519
4002034028,"Steigstr. 36, 8200 Schaffhausen",atm,Schaffhauser Kantonalbank,47.6999951,8.626022
4002034028,"Steigstr. 36, 8200 Schaffhausen",restaurant,Schützenhaus,47.6997923,8.6265911
4002034028,"Steigstr. 36, 8200 Schaffhausen",restaurant,Wirtschaft zur Beckenburg,47.6937845,8.6321829
4002034028,"Steigstr. 36, 8200 Schaffhausen",bar,Haberhaus,47.6953429,8.6320801
4002034028,"Steigstr. 36, 8200 Schaffhausen",restaurant,Theaterrestaurant,47.695745,8.6334402
4002034028,"Steigstr. 36, 8200 Schaffhausen",bank,Valiant,47.6963874,8.6330332
4002034028,"Steigstr. 36, 8200 Schaffhausen",cafe,Raponi,47.6976459,8.6322131
4002034028,"Steigstr. 36, 8200 Schaffhausen",fast_food,Carl's Jr.,47.6981979,8.6327394
4002034028,"Steigstr. 36, 8200 Schaffhausen",pharmacy,Bahnhof-Apotheke,47.6977047,8.6323387
4002034028,"Steigstr. 36, 8200 Schaffhausen",atm,Raiffeisen-Bancomat,47.6987277,8.6331491
4002034028,"Steigstr. 36, 8200 Schaffhausen",restaurant,Brasserie Zikade,47.6994947,8.6325886
4002034028,"Steigstr. 36, 8200 Schaffhausen",restaurant,Fung Ze Yuan,47.6959798,8.6321366
4002034028,"Steigstr. 36, 8200 Schaffhausen",bar,Neustadt,47.6961921,8.6323027
4002034028,"Steigstr. 36, 8200 Schaffhausen",restaurant,Tanne Schaffhausen,47.6960248,8.632962
4002034028,"Steigstr. 36, 8200 Schaffhausen",cafe,Cafeteria Altersheim Steig,47.6979106,8.6258738
4002034028,"Steigstr. 36, 8200 Schaffhausen",restaurant,Bull & Bonito,47.6992222,8.6317983
4002034028,"Steigstr. 36, 8200 Schaffhausen",bank,Credit Suisse,47.6975559,8.6327988
4002034028,"Steigstr. 36, 8200 Schaffhausen",bank,Western Union,47.69853,8.6330473
4002034028,"Steigstr. 36, 8200 Schaffhausen",restaurant,Selda's,47.6985827,8.6318162
4002034028,"Steigstr. 36, 8200 Schaffhausen",fast_food,SandiBox,47.6972192,8.6325922
4002034028,"Steigstr. 36, 8200 Schaffhausen",bank,Migros Bank,47.6972068,8.6322701
4002034028,"Steigstr. 36, 8200 Schaffhausen",restaurant,Meetingpoint,47.6955267,8.6325438
4002034028,"Steigstr. 36, 8200 Schaffhausen",restaurant,Spielvi,47.6999925,8.6256757
4002034028,"Steigstr. 36, 8200 Schaffhausen",restaurant,Suren's,47.6968918,8.6327445
4002034028,"Steigstr. 36, 8200 Schaffhausen",pharmacy,Tauben Apotheke Drogerie,47.6966494,8.6329609
4002034028,"Steigstr. 36, 8200 Schaffhausen",bank,Clientis BS Bank Schaffhausen,47.6982627,8.6316463
4002034028,"Steigstr. 36, 8200 Schaffhausen",pharmacy,Volksapotheke - Zum Rüden,47.6973096,8.6324253
4002034028,"Steigstr. 36, 8200 Schaffhausen",restaurant,Asia-Imbiss Wok,47.6959543,8.6323849
4002034028,"Steigstr. 36, 8200 Schaffhausen",restaurant,Hopfenstube,47.6957502,8.6326519
4002034028,"Steigstr. 36, 8200 Schaffhausen",restaurant,Mudan,47.6956881,8.6326447
4002034028,"Steigstr. 36, 8200 Schaffhausen",parking,Parkhaus Diana,47.6995789,8.6325696
4002029971,"Bois de la Chapelle 63, 1213 Onex",cafe,Café du Gros Chêne,46.1917775,6.1034237
4002029971,"Bois de la Chapelle 63, 1213 Onex",pharmacy,Munier,46.1918266,6.103583
4002029971,"Bois de la Chapelle 63, 1213 Onex",parking,Centre commercial,46.1878258,6.1058559
4002029971,"Bois de la Chapelle 63, 1213 Onex",bank,Banque Cantonale de Genève,46.187597,6.105232
4002029971,"Bois de la Chapelle 63, 1213 Onex",atm,BCGE,46.187647,6.105181
4002029971,"Bois de la Chapelle 63, 1213 Onex",restaurant,La Felicita,46.1869379,6.1048416
4002029971,"Bois de la Chapelle 63, 1213 Onex",fast_food,Kebab du Marché,46.1917547,6.1033385
4002029971,"Bois de la Chapelle 63, 1213 Onex",restaurant,Asmara,46.1903604,6.1037018
4002029971,"Bois de la Chapelle 63, 1213 Onex",pharmacy,Pharmacie Populaire Grandes-Communes,46.1914568,6.1019487
4002029971,"Bois de la Chapelle 63, 1213 Onex",restaurant,Le Douro,46.1872151,6.1051043
4002023503,"Margrethenstrasse 3, 4103 Bottmingen",restaurant,Bottminger Mühle,47.5320841,7.5732069
4002018499,"Gellertpark 4, 4052 Basel",cafe,Bäckerei Jetzer,47.5543635,7.610095
4002018499,"Gellertpark 4, 4052 Basel",bank,CA next bank,47.5524658,7.6037907
4002017369,"Avenue du Temple 1-3, 1020 Renens VD",restaurant,Le triangle,46.5334233,6.5914205
4002017369,"Avenue du Temple 1-3, 1020 Renens VD",restaurant,La Rose Rouge,46.5360463,6.5875965
4002017369,"Avenue du Temple 1-3, 1020 Renens VD",restaurant,Pam-Pam,46.5387592,6.5876566
4002017369,"Avenue du Temple 1-3, 1020 Renens VD",pharmacy,Pharmacie Rose Rouge,46.5361536,6.5877377
4002017369,"Avenue du Temple 1-3, 1020 Renens VD",restaurant,Kashmir,46.5356344,6.5919542
4002017369,"Avenue du Temple 1-3, 1020 Renens VD",cafe,Café des Tilleuls,46.533709,6.5898214
4002017369,"Avenue du Temple 1-3, 1020 Renens VD",restaurant,La croisée des chemins,46.5339882,6.5906209
4002017369,"Avenue du Temple 1-3, 1020 Renens VD",parking,n/a,46.5363099,6.5916034
4002017369,"Avenue du Temple 1-3, 1020 Renens VD",parking,n/a,46.5359245,6.5911683
4002017369,"Avenue du Temple 1-3, 1020 Renens VD",parking,n/a,46.5358429,6.5909836
4002017369,"Avenue du Temple 1-3, 1020 Renens VD",parking,n/a,46.535838,6.5911213
4002017369,"Avenue du Temple 1-3, 1020 Renens VD",school,Collège de la croisée,46.535012,6.5897538
4002017369,"Avenue du Temple 1-3, 1020 Renens VD",cafe,"Ceriutti ""il Caffè""",46.5363088,6.5918412
4002017366,"Lochäckerstrasse 12, 8302 Kloten",bar,Sportbar / Restaurant Hardy's,47.4474907,8.5837368
4002017366,"Lochäckerstrasse 12, 8302 Kloten",school,Schulhaus Spitz Primarschule,47.4453088,8.5856951
4002009966,"Oberer Rheinweg 35, 4058 Basel",restaurant,Brauerei Fischerstube,47.5592957,7.5932323
4002009966,"Oberer Rheinweg 35, 4058 Basel",restaurant,Restaurant zur Linde,47.5593624,7.5931568
4002009966,"Oberer Rheinweg 35, 4058 Basel",bar,KABAR,47.5636143,7.5908456
4002009966,"Oberer Rheinweg 35, 4058 Basel",pub,8Bar,47.5603488,7.5916665
4002009966,"Oberer Rheinweg 35, 4058 Basel",restaurant,Brauerzunft,47.5604591,7.5917922
4002009966,"Oberer Rheinweg 35, 4058 Basel",bar,Consum,47.5602389,7.5920448
4002009966,"Oberer Rheinweg 35, 4058 Basel",cafe,Pulpo,47.5585241,7.5941531
4002009966,"Oberer Rheinweg 35, 4058 Basel",restaurant,zem alte Schluuch,47.5608684,7.5915059
4002009966,"Oberer Rheinweg 35, 4058 Basel",restaurant,Zum Schmale Wurf,47.5602748,7.5916791
4002009966,"Oberer Rheinweg 35, 4058 Basel",restaurant,zum Rebhaus,47.5591171,7.5954203
4002009966,"Oberer Rheinweg 35, 4058 Basel",restaurant,Restaurant Torstübli,47.5596861,7.5961874
4002009966,"Oberer Rheinweg 35, 4058 Basel",restaurant,RhyWyera,47.561092,7.5905972
4002009966,"Oberer Rheinweg 35, 4058 Basel",pharmacy,Löwenapotheke,47.5609333,7.5917459
4002009966,"Oberer Rheinweg 35, 4058 Basel",restaurant,Ufer7,47.5610452,7.5906378
4002009966,"Oberer Rheinweg 35, 4058 Basel",bar,Irrsinn Bar,47.5596357,7.5959886
4002009966,"Oberer Rheinweg 35, 4058 Basel",pharmacy,Saner Apotheke,47.5610331,7.5920108
4002009966,"Oberer Rheinweg 35, 4058 Basel",restaurant,Manora,47.5610983,7.592742
4002009966,"Oberer Rheinweg 35, 4058 Basel",pharmacy,Amavita Rheinbrücke,47.561403,7.5922099
4002009966,"Oberer Rheinweg 35, 4058 Basel",fast_food,The Kitchen Focacceria,47.5595459,7.5956616
4002009966,"Oberer Rheinweg 35, 4058 Basel",fast_food,Dunkin',47.5613474,7.5921901
4002009966,"Oberer Rheinweg 35, 4058 Basel",bar,Joys,47.5593083,7.5956589
4002009966,"Oberer Rheinweg 35, 4058 Basel",restaurant,Du Pont,47.560565,7.5910314
4002009966,"Oberer Rheinweg 35, 4058 Basel",bar,Blaupause,47.5602047,7.5929324
4002009966,"Oberer Rheinweg 35, 4058 Basel",restaurant,Gabri's Pasta,47.5592231,7.5932539
4002009966,"Oberer Rheinweg 35, 4058 Basel",bar,Schall und Rauch Bar,47.5599894,7.5922865
4002009966,"Oberer Rheinweg 35, 4058 Basel",restaurant,Sonne,47.5600427,7.5922305
4002009966,"Oberer Rheinweg 35, 4058 Basel",restaurant,Riehentorhalle,47.5593233,7.5959884
4002009966,"Oberer Rheinweg 35, 4058 Basel",restaurant,walther bistrobar,47.5629813,7.5890317
4002009966,"Oberer Rheinweg 35, 4058 Basel",bar,Bar Amber,47.5623417,7.5895046
4001998768,"Girhaldenstrasse 20, 8048 Zürich",cafe,Glättli,47.3895914,8.4750455
4001980238,"Im Römerquartier 4A, 4800 Zofingen",bank,Credit Suisse,47.2891131,7.9431347
4001980238,"Im Römerquartier 4A, 4800 Zofingen",cafe,Centro amici Della Bici,47.2848712,7.9440143
4001980238,"Im Römerquartier 4A, 4800 Zofingen",restaurant,Bistro am Bahnhof,47.2883347,7.9430336
4001980238,"Im Römerquartier 4A, 4800 Zofingen",cafe,Caffé Piccolo Bar,47.2881109,7.9432348
4001980238,"Im Römerquartier 4A, 4800 Zofingen",cafe,Zur Linde,47.28823,7.944613
4001980238,"Im Römerquartier 4A, 4800 Zofingen",cafe,Cafe Bel Ami,47.287881,7.945476
4001980238,"Im Römerquartier 4A, 4800 Zofingen",bar,Havanna,47.2872256,7.9470513
4001980238,"Im Römerquartier 4A, 4800 Zofingen",library,Stadtbibliothek Zofingen,47.2892328,7.9459231
4001980238,"Im Römerquartier 4A, 4800 Zofingen",bank,UBS,47.2888942,7.9461884
4001980238,"Im Römerquartier 4A, 4800 Zofingen",bank,Post-Bankomat,47.2875341,7.9437405
4001980238,"Im Römerquartier 4A, 4800 Zofingen",bank,Aargauische Kantonalbank,47.2900358,7.9452598
4001980238,"Im Römerquartier 4A, 4800 Zofingen",cafe,Chérie Cupcakes,47.2905368,7.9448345
4001980238,"Im Römerquartier 4A, 4800 Zofingen",restaurant,Stadtkeller,47.2873911,7.947331
4001980238,"Im Römerquartier 4A, 4800 Zofingen",restaurant,Pizzeria & Bar Letzi,47.2870287,7.9464995
4001980238,"Im Römerquartier 4A, 4800 Zofingen",restaurant,Schmiedstube,47.2875281,7.94647
4001980238,"Im Römerquartier 4A, 4800 Zofingen",restaurant,Restaurant Rebstock,47.2879743,7.9463781
4001980238,"Im Römerquartier 4A, 4800 Zofingen",pub,Jägerstübli,47.2880607,7.9460643
4001980238,"Im Römerquartier 4A, 4800 Zofingen",restaurant,Restaurant Federal,47.2879666,7.9454004
4001980238,"Im Römerquartier 4A, 4800 Zofingen",pharmacy,Löwen Apotheke,47.2878024,7.9453253
4001980238,"Im Römerquartier 4A, 4800 Zofingen",pharmacy,Pfauen Apotheke,47.2880344,7.9451523
4001980238,"Im Römerquartier 4A, 4800 Zofingen",restaurant,La Rocca,47.2879134,7.9448962
4001980238,"Im Römerquartier 4A, 4800 Zofingen",restaurant,Wirtshaus zur Markthalle,47.288239,7.9456432
4001980238,"Im Römerquartier 4A, 4800 Zofingen",restaurant,Asia Garden,47.2886872,7.9443309
4001980238,"Im Römerquartier 4A, 4800 Zofingen",pub,Plätzli,47.2898351,7.9452285
4001980238,"Im Römerquartier 4A, 4800 Zofingen",restaurant,Dolce Vita,47.2903966,7.9448153
4001980238,"Im Römerquartier 4A, 4800 Zofingen",restaurant,Bögli,47.2885229,7.9455994
4001980238,"Im Römerquartier 4A, 4800 Zofingen",restaurant,Le Cheval Blanc,47.2872195,7.946152
4001980238,"Im Römerquartier 4A, 4800 Zofingen",bank,Raiffeisenbank Zofingen,47.288412,7.9451669
4001980238,"Im Römerquartier 4A, 4800 Zofingen",pub,Schlüssel,47.2875618,7.9457835
4001980238,"Im Römerquartier 4A, 4800 Zofingen",fast_food,City Pizza,47.2870881,7.9464368
4001980238,"Im Römerquartier 4A, 4800 Zofingen",pub,Key 69,47.2874914,7.9458137
4001980238,"Im Römerquartier 4A, 4800 Zofingen",pub,Pub You,47.2874459,7.9452572
4001980238,"Im Römerquartier 4A, 4800 Zofingen",bank,Migros Bank,47.2886004,7.9443359
4001980238,"Im Römerquartier 4A, 4800 Zofingen",restaurant,Sushi Do,47.2879515,7.9462509
4001980238,"Im Römerquartier 4A, 4800 Zofingen",cafe,Fifty - Fifty «Barista & Wein»,47.2875689,7.9456012
4001980238,"Im Römerquartier 4A, 4800 Zofingen",restaurant,zum Rathaus,47.2884277,7.9464038
4001980238,"Im Römerquartier 4A, 4800 Zofingen",parking,n/a,47.2891063,7.9482162
4001980238,"Im Römerquartier 4A, 4800 Zofingen",restaurant,Café Damascus,47.2869612,7.9463905
4001980238,"Im Römerquartier 4A, 4800 Zofingen",restaurant,Chuchi Station,47.2846873,7.9459932
4001980238,"Im Römerquartier 4A, 4800 Zofingen",restaurant,Frohsinn,47.2848545,7.9458774
4001980238,"Im Römerquartier 4A, 4800 Zofingen",fast_food,MyWay,47.2914931,7.9443853
4001980238,"Im Römerquartier 4A, 4800 Zofingen",fast_food,Subway,47.2877459,7.9434644
4001976792,"Centralweg 16, 3013 Bern",restaurant,Du Nord,46.9548055,7.4456326
4001976792,"Centralweg 16, 3013 Bern",fast_food,gio,46.9556624,7.4453265
4001976792,"Centralweg 16, 3013 Bern",restaurant,Brasserie Lorraine,46.9579807,7.445612
4001976792,"Centralweg 16, 3013 Bern",restaurant,La Carbonara,46.9580433,7.4465318
4001976792,"Centralweg 16, 3013 Bern",restaurant,Hof-Bistro,46.957451,7.4467117
4001976792,"Centralweg 16, 3013 Bern",restaurant,Okra,46.9561265,7.4448525
4001976792,"Centralweg 16, 3013 Bern",atm,n/a,46.9554404,7.4471675
4001976792,"Centralweg 16, 3013 Bern",school,denk:mal,46.9567601,7.4454367
4001976792,"Centralweg 16, 3013 Bern",restaurant,Kairo,46.9587028,7.446406
4001976792,"Centralweg 16, 3013 Bern",fast_food,Kings,46.9566121,7.4474637
4001976792,"Centralweg 16, 3013 Bern",pharmacy,TopPharm,46.957984,7.447145
4001976792,"Centralweg 16, 3013 Bern",restaurant,Suban Thai Eatery,46.9583817,7.4471237
4001976792,"Centralweg 16, 3013 Bern",restaurant,mensa Five,46.9558918,7.4447901
4001976792,"Centralweg 16, 3013 Bern",cafe,Lorraine 22,46.9564727,7.4451463
4001976792,"Centralweg 16, 3013 Bern",parking,n/a,46.9568974,7.4451816
4001976792,"Centralweg 16, 3013 Bern",restaurant,Namsan,46.9569927,7.4449947
4001976792,"Centralweg 16, 3013 Bern",restaurant,Glückskeks,46.9569712,7.4450707
4001976792,"Centralweg 16, 3013 Bern",bar,Wartsaal,46.9566332,7.4447528
4001976792,"Centralweg 16, 3013 Bern",bar,Zoo Bar,46.9599644,7.4455226
4001976792,"Centralweg 16, 3013 Bern",parking,n/a,46.956415,7.4432227
4001976792,"Centralweg 16, 3013 Bern",restaurant,mensauno,46.9548532,7.4446136
4001976792,"Centralweg 16, 3013 Bern",parking,n/a,46.9555206,7.4443467
4001976792,"Centralweg 16, 3013 Bern",cafe,Bistro zytlos,46.9571784,7.4467912
4001976792,"Centralweg 16, 3013 Bern",restaurant,WerkStadt Lorraine,46.9563625,7.4451577
4001976792,"Centralweg 16, 3013 Bern",restaurant,Celina,46.955392,7.4470493
4001976792,"Centralweg 16, 3013 Bern",restaurant,Indian Kitchen,46.9576217,7.4445968
4001964147,"Hegenheimerstrasse 47, 4055 Basel",restaurant,Marmaris,47.5562558,7.5752419
4001964147,"Hegenheimerstrasse 47, 4055 Basel",restaurant,Strassburgerhof,47.5616632,7.5687611
4001964147,"Hegenheimerstrasse 47, 4055 Basel",bank,Basler Kantonalbank,47.5618557,7.5744174
4001964147,"Hegenheimerstrasse 47, 4055 Basel",pharmacy,Cityring Apotheke,47.5619188,7.5736716
4001964147,"Hegenheimerstrasse 47, 4055 Basel",restaurant,Al Giardino,47.5623768,7.5735269
4001964147,"Hegenheimerstrasse 47, 4055 Basel",restaurant,Lima 31,47.5568738,7.5748136
4001964147,"Hegenheimerstrasse 47, 4055 Basel",restaurant,Pho Asia Vietnamese Food,47.5614009,7.5743702
4001964147,"Hegenheimerstrasse 47, 4055 Basel",restaurant,Domino's Pizza,47.5615711,7.574275
4001964147,"Hegenheimerstrasse 47, 4055 Basel",restaurant,Milchhüsli,47.561151,7.574944
4001964147,"Hegenheimerstrasse 47, 4055 Basel",parking,Parkhaus Ahornhof,47.5575405,7.5743358
4001964147,"Hegenheimerstrasse 47, 4055 Basel",university,"Faculty of Psychology, University of Basel",47.5612651,7.5752961
4001964147,"Hegenheimerstrasse 47, 4055 Basel",atm,n/a,47.5574131,7.5744937
4001964147,"Hegenheimerstrasse 47, 4055 Basel",cafe,LaDiva,47.5573488,7.5734529
4001964147,"Hegenheimerstrasse 47, 4055 Basel",cafe,Kaffeekanne,47.5603846,7.5715119
4001964147,"Hegenheimerstrasse 47, 4055 Basel",bar,Huefysebar,47.5574522,7.5742934
4001964147,"Hegenheimerstrasse 47, 4055 Basel",cafe,Café Simpel,47.559948,7.5771821
4001964147,"Hegenheimerstrasse 47, 4055 Basel",pharmacy,Sonnen-Apotheke,47.5605396,7.5721886
4001964147,"Hegenheimerstrasse 47, 4055 Basel",restaurant,Best Pizza,47.5614046,7.5750079
4001964147,"Hegenheimerstrasse 47, 4055 Basel",cafe,Kaphi,47.5593174,7.5735831
4001964147,"Hegenheimerstrasse 47, 4055 Basel",restaurant,Bistro Wohnwerk,47.5605496,7.5760513
4001963761,"Radarstrasse 7, 3013 Bern",restaurant,Roseto,46.9537549,7.4578977
4001963761,"Radarstrasse 7, 3013 Bern",restaurant,Büner,46.9571668,7.456573
4001963761,"Radarstrasse 7, 3013 Bern",parking,n/a,46.9566401,7.456965
4001963761,"Radarstrasse 7, 3013 Bern",library,Musikbibliothek,46.955216,7.4602817
4001963761,"Radarstrasse 7, 3013 Bern",restaurant,Treffpunkt,46.9557116,7.4599859
4001963761,"Radarstrasse 7, 3013 Bern",restaurant,Time out,46.9568043,7.4582192
4001963761,"Radarstrasse 7, 3013 Bern",restaurant,Darling Restaurant,46.9570012,7.4569605
4001962645,"Lörracherstrasse 146, 4125 Riehen",parking,n/a,47.5929037,7.655188
4001962645,"Lörracherstrasse 146, 4125 Riehen",restaurant,Ngon,47.5971683,7.6558661
4001962645,"Lörracherstrasse 146, 4125 Riehen",atm,Volksbank,47.5959617,7.6556303
4001962645,"Lörracherstrasse 146, 4125 Riehen",parking,Parkplatz am Friedhof,47.5904592,7.6547922
4001962645,"Lörracherstrasse 146, 4125 Riehen",restaurant,Pizza Express,47.5960689,7.6569899
4001962409,"Büchelring 7, 8134 Adliswil",parking,n/a,47.3010781,8.5245869
4001961365,"Torggelstrasse 12, 8265 Mammern",parking,n/a,47.6440754,8.9168736
4001961205,"Bachlettenstrasse 47, 4054 Basel",restaurant,Sukhothai,47.5496409,7.5802149
4001961205,"Bachlettenstrasse 47, 4054 Basel",pub,Templum,47.5504714,7.5808569
4001961205,"Bachlettenstrasse 47, 4054 Basel",pharmacy,Holbein-Apotheke,47.5506784,7.5793282
4001961205,"Bachlettenstrasse 47, 4054 Basel",restaurant,Acqua,47.5498101,7.5845322
4001961205,"Bachlettenstrasse 47, 4054 Basel",library,Pädagogisches Zentrum PZ.BS Bibliothek,47.5503467,7.5853755
4001961205,"Bachlettenstrasse 47, 4054 Basel",restaurant,Rialto,47.5498846,7.5834578
4001961205,"Bachlettenstrasse 47, 4054 Basel",bank,WIR Bank,47.5516032,7.5857158
4001961205,"Bachlettenstrasse 47, 4054 Basel",restaurant,Ristorante La Vela,47.5505454,7.5807065
4001961205,"Bachlettenstrasse 47, 4054 Basel",restaurant,roots,47.550335,7.5811371
4001961205,"Bachlettenstrasse 47, 4054 Basel",cafe,Backstage Basel,47.5500225,7.5848042
4001955020,"Lessingstrasse 9, 8002 Zürich",restaurant,Ristorante Pizzeria 99,47.3615099,8.5260442
4001955020,"Lessingstrasse 9, 8002 Zürich",bar,Bederbar,47.3624835,8.5267513
4001955020,"Lessingstrasse 9, 8002 Zürich",restaurant,Bederhof,47.3624137,8.5266555
4001955020,"Lessingstrasse 9, 8002 Zürich",restaurant,Don Leone,47.3611874,8.5266838
4001955020,"Lessingstrasse 9, 8002 Zürich",restaurant,Weisses Rössli,47.361886,8.5261633
4001955020,"Lessingstrasse 9, 8002 Zürich",cafe,Poushe Strudelhaus,47.3615244,8.526657
4001955020,"Lessingstrasse 9, 8002 Zürich",restaurant,Kai Sushi,47.3598916,8.5239764
4001955020,"Lessingstrasse 9, 8002 Zürich",fast_food,Fish & Chips,47.3616977,8.5258884
4001955020,"Lessingstrasse 9, 8002 Zürich",cafe,ma maison,47.3619738,8.526247
4001955020,"Lessingstrasse 9, 8002 Zürich",school,Brunau Stiftung,47.3599763,8.5207988
4001955020,"Lessingstrasse 9, 8002 Zürich",bar,Sissi Bar & Lounge,47.3590459,8.5230998
4001955020,"Lessingstrasse 9, 8002 Zürich",restaurant,Der Wilde Kaiser,47.3592867,8.5231352
4001955020,"Lessingstrasse 9, 8002 Zürich",restaurant,Leafs Restaurant,47.3595759,8.5247174
4001955020,"Lessingstrasse 9, 8002 Zürich",fast_food,Babi's Bagel Shop,47.3616389,8.5258025
4001955020,"Lessingstrasse 9, 8002 Zürich",school,Zürcher Lehrbetriebsverband ICT,47.3602165,8.5207133
4001955020,"Lessingstrasse 9, 8002 Zürich",fast_food,Mama‘s Momos,47.3595325,8.5227472
4001955020,"Lessingstrasse 9, 8002 Zürich",cafe,Klopstock Cafe Bar,47.3619787,8.5258021
4001908721,"Rosengartenhalde 9B, 6006 Luzern",parking,Migros Würzenbach,47.0544702,8.3404541
4001908721,"Rosengartenhalde 9B, 6006 Luzern",pharmacy,Amavita,47.0543098,8.3399159
4001879398,"Bahnhofstrasse 29, 6162 Entlebuch",school,Primarschule Pfrundmatt,46.9917328,8.0638217
4001879398,"Bahnhofstrasse 29, 6162 Entlebuch",restaurant,Hotel Port,46.9911869,8.0636915
4001879398,"Bahnhofstrasse 29, 6162 Entlebuch",bank,Clientis EB Entlebucher Bank,46.9915175,8.0641135
4001879398,"Bahnhofstrasse 29, 6162 Entlebuch",parking,Hotel Drei Königen,46.9935998,8.0649697
4001879398,"Bahnhofstrasse 29, 6162 Entlebuch",restaurant,Meienrisli,46.9929681,8.0649105
4001879398,"Bahnhofstrasse 29, 6162 Entlebuch",library,Schul- und Gemeindebibliothek Entlebuch,46.9923621,8.0662357
4001879398,"Bahnhofstrasse 29, 6162 Entlebuch",restaurant,Bahnhöfli,46.9929875,8.0625944
4001879398,"Bahnhofstrasse 29, 6162 Entlebuch",pharmacy,Entlebucher Drogerie,46.9928962,8.0651532
4001879398,"Bahnhofstrasse 29, 6162 Entlebuch",atm,Luzerner Kantonalbank,46.9955768,8.0667726
4001858474,"Dorfstrasse 68, 8630 Rüti ZH",restaurant,Sternen,47.2554562,8.8578529
4001858474,"Dorfstrasse 68, 8630 Rüti ZH",bus_station,"Rüti, Bahnhof",47.2601519,8.8548585
4001858474,"Dorfstrasse 68, 8630 Rüti ZH",bank,Zürcher Kantonalbank,47.2593135,8.855339
4001858474,"Dorfstrasse 68, 8630 Rüti ZH",atm,Bank Linth,47.2577756,8.8491894
4001858474,"Dorfstrasse 68, 8630 Rüti ZH",parking,Coop,47.2568249,8.8504138
4001858474,"Dorfstrasse 68, 8630 Rüti ZH",restaurant,Al Seda,47.2602363,8.8499769
4001858474,"Dorfstrasse 68, 8630 Rüti ZH",restaurant,Freihof,47.2606077,8.8512817
4001858474,"Dorfstrasse 68, 8630 Rüti ZH",restaurant,Sandhof,47.263635,8.8517542
4001858474,"Dorfstrasse 68, 8630 Rüti ZH",restaurant,Wilder Mann,47.2639855,8.8519939
4001858474,"Dorfstrasse 68, 8630 Rüti ZH",fast_food,Big Daddy,47.2602337,8.8540598
4001858474,"Dorfstrasse 68, 8630 Rüti ZH",fast_food,3Men's Kebab,47.2603892,8.8536298
4001858474,"Dorfstrasse 68, 8630 Rüti ZH",cafe,Café Voland,47.2589937,8.8503832
4001858474,"Dorfstrasse 68, 8630 Rüti ZH",restaurant,Foodoo - Asian Kitchen,47.2599583,8.8518278
4001858474,"Dorfstrasse 68, 8630 Rüti ZH",restaurant,Migros Restaurant,47.2582628,8.8487877
4001858474,"Dorfstrasse 68, 8630 Rüti ZH",restaurant,Grado,47.2553871,8.8586467
4001858474,"Dorfstrasse 68, 8630 Rüti ZH",restaurant,A Casa di Gianluca (Löwen),47.2595753,8.8512636
4001858474,"Dorfstrasse 68, 8630 Rüti ZH",atm,n/a,47.2593411,8.8552679
4001858474,"Dorfstrasse 68, 8630 Rüti ZH",parking,n/a,47.259354,8.8547552
4001858474,"Dorfstrasse 68, 8630 Rüti ZH",restaurant,Klosterhof,47.2595514,8.8493536
4001858474,"Dorfstrasse 68, 8630 Rüti ZH",fast_food,Maroni,47.2602517,8.8546358
4001858474,"Dorfstrasse 68, 8630 Rüti ZH",restaurant,Sonne,47.2567983,8.8539976
4001858474,"Dorfstrasse 68, 8630 Rüti ZH",pharmacy,APODRO Apotheke,47.2585757,8.848725
4001858474,"Dorfstrasse 68, 8630 Rüti ZH",atm,ZKB,47.258933,8.8496866
4001858474,"Dorfstrasse 68, 8630 Rüti ZH",parking,n/a,47.2584965,8.8498157
4001858474,"Dorfstrasse 68, 8630 Rüti ZH",parking,n/a,47.25899,8.8507008
4001858474,"Dorfstrasse 68, 8630 Rüti ZH",restaurant,Shizuka,47.2580604,8.8527523
4001858474,"Dorfstrasse 68, 8630 Rüti ZH",bank,Bank Linth,47.258291,8.8495632
4001858474,"Dorfstrasse 68, 8630 Rüti ZH",parking,n/a,47.2603371,8.8557751
4001858474,"Dorfstrasse 68, 8630 Rüti ZH",restaurant,Grill Bistro Bar,47.2603215,8.8538043
4001858474,"Dorfstrasse 68, 8630 Rüti ZH",parking,n/a,47.2591832,8.8575401
4001858474,"Dorfstrasse 68, 8630 Rüti ZH",parking,n/a,47.2600613,8.8542439
4001858474,"Dorfstrasse 68, 8630 Rüti ZH",bar,Marrakech Shisha bar,47.2533514,8.8530641
4001858474,"Dorfstrasse 68, 8630 Rüti ZH",parking,n/a,47.2543332,8.8563531
4001858474,"Dorfstrasse 68, 8630 Rüti ZH",parking,n/a,47.2568343,8.8564156
4001858474,"Dorfstrasse 68, 8630 Rüti ZH",parking,n/a,47.2575072,8.8566656
4001858474,"Dorfstrasse 68, 8630 Rüti ZH",restaurant,Buon Appetito Pizzakurier,47.2581749,8.8514037
4001858474,"Dorfstrasse 68, 8630 Rüti ZH",restaurant,Amici miei,47.2584114,8.8509346
4001858474,"Dorfstrasse 68, 8630 Rüti ZH",restaurant,Seoul Kitchen & BBQ,47.258703,8.84887
4001858474,"Dorfstrasse 68, 8630 Rüti ZH",fast_food,Akgül,47.2585366,8.8498811
4001858474,"Dorfstrasse 68, 8630 Rüti ZH",parking,n/a,47.2574578,8.8508299
4001858474,"Dorfstrasse 68, 8630 Rüti ZH",parking,n/a,47.2567133,8.8522799
4001858474,"Dorfstrasse 68, 8630 Rüti ZH",restaurant,Schönegg,47.2595546,8.8453245
4001858474,"Dorfstrasse 68, 8630 Rüti ZH",cafe,XOKÓ,47.2588463,8.8498571
4001858474,"Dorfstrasse 68, 8630 Rüti ZH",fast_food,Sandwich Factory GmbH,47.2615424,8.8513829
4001858474,"Dorfstrasse 68, 8630 Rüti ZH",atm,Postfinance,47.2604541,8.854048
4001858474,"Dorfstrasse 68, 8630 Rüti ZH",bank,Bank Avera,47.258797,8.851074
4001858474,"Dorfstrasse 68, 8630 Rüti ZH",restaurant,Leschär,47.2576719,8.847003
4001858474,"Dorfstrasse 68, 8630 Rüti ZH",restaurant,Ochsen,47.2574681,8.8529959
4001858474,"Dorfstrasse 68, 8630 Rüti ZH",fast_food,Foodoo,47.2601885,8.8517689
4001858474,"Dorfstrasse 68, 8630 Rüti ZH",cafe,Vivazzo,47.2601184,8.8534674
4001858474,"Dorfstrasse 68, 8630 Rüti ZH",clinic,Praxis am Bahnhof,47.2601863,8.8531577
4001858474,"Dorfstrasse 68, 8630 Rüti ZH",clinic,ZRR - Zentrum für Radiotherapie Rüti,47.259456,8.8422905
4001858474,"Dorfstrasse 68, 8630 Rüti ZH",school,Privatschule 9plus,47.2603859,8.8497878
4001858474,"Dorfstrasse 68, 8630 Rüti ZH",restaurant,Märtegge,47.2586305,8.8491639
4001858474,"Dorfstrasse 68, 8630 Rüti ZH",fast_food,BBQ Sushi Momo,47.2587631,8.8477967
4001858474,"Dorfstrasse 68, 8630 Rüti ZH",fast_food,Blue,47.2587814,8.8478678
4001858474,"Dorfstrasse 68, 8630 Rüti ZH",fast_food,Al Massimo,47.2588493,8.8480518
4001858474,"Dorfstrasse 68, 8630 Rüti ZH",atm,UBS,47.2606287,8.8532141
4001858474,"Dorfstrasse 68, 8630 Rüti ZH",cafe,Café Rüti,47.2600844,8.8521308
4001858474,"Dorfstrasse 68, 8630 Rüti ZH",fast_food,Schnitzel Plaza Ketis,47.2555205,8.8584351
4001858368,"Neuhardstrasse 11, 4600 Olten",fast_food,n/a,47.348583,7.9088048
4001858368,"Neuhardstrasse 11, 4600 Olten",cafe,Arcafé,47.3486013,7.908461
4001858368,"Neuhardstrasse 11, 4600 Olten",restaurant,C.R.E. Las Palmeras,47.3484945,7.9096633
4001858368,"Neuhardstrasse 11, 4600 Olten",school,Berufsbildungszentrum Olten,47.3479823,7.9099393
4001858368,"Neuhardstrasse 11, 4600 Olten",restaurant,La Vita,47.3491718,7.9103379
4001858368,"Neuhardstrasse 11, 4600 Olten",restaurant,Shanghai,47.3495044,7.9100101
4001858368,"Neuhardstrasse 11, 4600 Olten",fast_food,Oltner Pizza-Haus/Kurier,47.3497286,7.9096934
4001858368,"Neuhardstrasse 11, 4600 Olten",bar,Galicia,47.349502,7.9088633
4001858368,"Neuhardstrasse 11, 4600 Olten",fast_food,Tütüs Pizza Express,47.3484888,7.9098487
4001858368,"Neuhardstrasse 11, 4600 Olten",library,Hochschulbibliothek FHNW Olten,47.3477905,7.9080478
4001858368,"Neuhardstrasse 11, 4600 Olten",fast_food,Subway,47.3486933,7.9106203
4001858368,"Neuhardstrasse 11, 4600 Olten",parking,PP Arte,47.3471444,7.9092309
4001858368,"Neuhardstrasse 11, 4600 Olten",cafe,Le Figaro,47.3490541,7.9106885
4001858314,"Dorfstrasse 66, 8630 Rüti ZH",bus_station,"Rüti, Bahnhof",47.2601519,8.8548585
4001858314,"Dorfstrasse 66, 8630 Rüti ZH",bank,Zürcher Kantonalbank,47.2593135,8.855339
4001858314,"Dorfstrasse 66, 8630 Rüti ZH",restaurant,Al Seda,47.2602363,8.8499769
4001858314,"Dorfstrasse 66, 8630 Rüti ZH",restaurant,Freihof,47.2606077,8.8512817
4001858314,"Dorfstrasse 66, 8630 Rüti ZH",fast_food,Big Daddy,47.2602337,8.8540598
4001858314,"Dorfstrasse 66, 8630 Rüti ZH",fast_food,3Men's Kebab,47.2603892,8.8536298
4001858314,"Dorfstrasse 66, 8630 Rüti ZH",cafe,Café Voland,47.2589937,8.8503832
4001858314,"Dorfstrasse 66, 8630 Rüti ZH",restaurant,Foodoo - Asian Kitchen,47.2599583,8.8518278
4001858314,"Dorfstrasse 66, 8630 Rüti ZH",restaurant,A Casa di Gianluca (Löwen),47.2595753,8.8512636
4001858314,"Dorfstrasse 66, 8630 Rüti ZH",atm,n/a,47.2593411,8.8552679
4001858314,"Dorfstrasse 66, 8630 Rüti ZH",parking,n/a,47.259354,8.8547552
4001858314,"Dorfstrasse 66, 8630 Rüti ZH",fast_food,Maroni,47.2602517,8.8546358
4001858314,"Dorfstrasse 66, 8630 Rüti ZH",parking,n/a,47.25899,8.8507008
4001858314,"Dorfstrasse 66, 8630 Rüti ZH",parking,n/a,47.2603371,8.8557751
4001858314,"Dorfstrasse 66, 8630 Rüti ZH",parking,n/a,47.2611099,8.8565592
4001858314,"Dorfstrasse 66, 8630 Rüti ZH",parking,n/a,47.2609812,8.85893
4001858314,"Dorfstrasse 66, 8630 Rüti ZH",parking,n/a,47.2606221,8.8580306
4001858314,"Dorfstrasse 66, 8630 Rüti ZH",restaurant,Grill Bistro Bar,47.2603215,8.8538043
4001858314,"Dorfstrasse 66, 8630 Rüti ZH",parking,n/a,47.2600784,8.8600672
4001858314,"Dorfstrasse 66, 8630 Rüti ZH",parking,n/a,47.2591832,8.8575401
4001858314,"Dorfstrasse 66, 8630 Rüti ZH",bar,Pub Pfiff,47.2613437,8.8551169
4001858314,"Dorfstrasse 66, 8630 Rüti ZH",parking,n/a,47.2599306,8.863066
4001858314,"Dorfstrasse 66, 8630 Rüti ZH",parking,n/a,47.2600613,8.8542439
4001858314,"Dorfstrasse 66, 8630 Rüti ZH",parking,n/a,47.2568343,8.8564156
4001858314,"Dorfstrasse 66, 8630 Rüti ZH",parking,n/a,47.2575072,8.8566656
4001858314,"Dorfstrasse 66, 8630 Rüti ZH",parking,n/a,47.2642285,8.8670949
4001858314,"Dorfstrasse 66, 8630 Rüti ZH",parking,n/a,47.2647279,8.8671487
4001858314,"Dorfstrasse 66, 8630 Rüti ZH",parking,n/a,47.2638474,8.8668838
4001858314,"Dorfstrasse 66, 8630 Rüti ZH",parking,n/a,47.2606154,8.8659285
4001858314,"Dorfstrasse 66, 8630 Rüti ZH",fast_food,Sandwich Factory GmbH,47.2615424,8.8513829
4001858314,"Dorfstrasse 66, 8630 Rüti ZH",atm,Postfinance,47.2604541,8.854048
4001858314,"Dorfstrasse 66, 8630 Rüti ZH",bank,Bank Avera,47.258797,8.851074
4001858314,"Dorfstrasse 66, 8630 Rüti ZH",fast_food,Foodoo,47.2601885,8.8517689
4001858314,"Dorfstrasse 66, 8630 Rüti ZH",cafe,Vivazzo,47.2601184,8.8534674
4001858314,"Dorfstrasse 66, 8630 Rüti ZH",clinic,Praxis am Bahnhof,47.2601863,8.8531577
4001858314,"Dorfstrasse 66, 8630 Rüti ZH",restaurant,Taverne Laufenbach,47.2620298,8.865904
4001858314,"Dorfstrasse 66, 8630 Rüti ZH",atm,UBS,47.2606287,8.8532141
4001858314,"Dorfstrasse 66, 8630 Rüti ZH",cafe,Café Rüti,47.2600844,8.8521308
4001856669,"Dorfstrasse 68, 8630 Rüti ZH",bus_station,"Rüti, Bahnhof",47.2601519,8.8548585
4001856669,"Dorfstrasse 68, 8630 Rüti ZH",bank,Zürcher Kantonalbank,47.2593135,8.855339
4001856669,"Dorfstrasse 68, 8630 Rüti ZH",restaurant,Al Seda,47.2602363,8.8499769
4001856669,"Dorfstrasse 68, 8630 Rüti ZH",restaurant,Freihof,47.2606077,8.8512817
4001856669,"Dorfstrasse 68, 8630 Rüti ZH",fast_food,Big Daddy,47.2602337,8.8540598
4001856669,"Dorfstrasse 68, 8630 Rüti ZH",fast_food,3Men's Kebab,47.2603892,8.8536298
4001856669,"Dorfstrasse 68, 8630 Rüti ZH",cafe,Café Voland,47.2589937,8.8503832
4001856669,"Dorfstrasse 68, 8630 Rüti ZH",restaurant,Foodoo - Asian Kitchen,47.2599583,8.8518278
4001856669,"Dorfstrasse 68, 8630 Rüti ZH",restaurant,A Casa di Gianluca (Löwen),47.2595753,8.8512636
4001856669,"Dorfstrasse 68, 8630 Rüti ZH",atm,n/a,47.2593411,8.8552679
4001856669,"Dorfstrasse 68, 8630 Rüti ZH",parking,n/a,47.259354,8.8547552
4001856669,"Dorfstrasse 68, 8630 Rüti ZH",fast_food,Maroni,47.2602517,8.8546358
4001856669,"Dorfstrasse 68, 8630 Rüti ZH",parking,n/a,47.25899,8.8507008
4001856669,"Dorfstrasse 68, 8630 Rüti ZH",parking,n/a,47.2603371,8.8557751
4001856669,"Dorfstrasse 68, 8630 Rüti ZH",parking,n/a,47.2611099,8.8565592
4001856669,"Dorfstrasse 68, 8630 Rüti ZH",parking,n/a,47.2609812,8.85893
4001856669,"Dorfstrasse 68, 8630 Rüti ZH",parking,n/a,47.2606221,8.8580306
4001856669,"Dorfstrasse 68, 8630 Rüti ZH",restaurant,Grill Bistro Bar,47.2603215,8.8538043
4001856669,"Dorfstrasse 68, 8630 Rüti ZH",parking,n/a,47.2600784,8.8600672
4001856669,"Dorfstrasse 68, 8630 Rüti ZH",parking,n/a,47.2591832,8.8575401
4001856669,"Dorfstrasse 68, 8630 Rüti ZH",bar,Pub Pfiff,47.2613437,8.8551169
4001856669,"Dorfstrasse 68, 8630 Rüti ZH",parking,n/a,47.2599306,8.863066
4001856669,"Dorfstrasse 68, 8630 Rüti ZH",parking,n/a,47.2600613,8.8542439
4001856669,"Dorfstrasse 68, 8630 Rüti ZH",parking,n/a,47.2568343,8.8564156
4001856669,"Dorfstrasse 68, 8630 Rüti ZH",parking,n/a,47.2575072,8.8566656
4001856669,"Dorfstrasse 68, 8630 Rüti ZH",parking,n/a,47.2642285,8.8670949
4001856669,"Dorfstrasse 68, 8630 Rüti ZH",parking,n/a,47.2647279,8.8671487
4001856669,"Dorfstrasse 68, 8630 Rüti ZH",parking,n/a,47.2638474,8.8668838
4001856669,"Dorfstrasse 68, 8630 Rüti ZH",parking,n/a,47.2606154,8.8659285
4001856669,"Dorfstrasse 68, 8630 Rüti ZH",fast_food,Sandwich Factory GmbH,47.2615424,8.8513829
4001856669,"Dorfstrasse 68, 8630 Rüti ZH",atm,Postfinance,47.2604541,8.854048
4001856669,"Dorfstrasse 68, 8630 Rüti ZH",bank,Bank Avera,47.258797,8.851074
4001856669,"Dorfstrasse 68, 8630 Rüti ZH",fast_food,Foodoo,47.2601885,8.8517689
4001856669,"Dorfstrasse 68, 8630 Rüti ZH",cafe,Vivazzo,47.2601184,8.8534674
4001856669,"Dorfstrasse 68, 8630 Rüti ZH",clinic,Praxis am Bahnhof,47.2601863,8.8531577
4001856669,"Dorfstrasse 68, 8630 Rüti ZH",restaurant,Taverne Laufenbach,47.2620298,8.865904
4001856669,"Dorfstrasse 68, 8630 Rüti ZH",atm,UBS,47.2606287,8.8532141
4001856669,"Dorfstrasse 68, 8630 Rüti ZH",cafe,Café Rüti,47.2600844,8.8521308
4001852654,"Klingentalgraben 37, 4057 Basel",restaurant,Eintracht,47.5675379,7.5903738
4001852654,"Klingentalgraben 37, 4057 Basel",restaurant,Gatto Nero,47.5677788,7.5906834
4001852654,"Klingentalgraben 37, 4057 Basel",restaurant,Zum Goldenen Fass,47.5656669,7.5956372
4001852654,"Klingentalgraben 37, 4057 Basel",restaurant,Delfin,47.5665578,7.5917694
4001852654,"Klingentalgraben 37, 4057 Basel",restaurant,Parterre One,47.5637639,7.591176
4001852654,"Klingentalgraben 37, 4057 Basel",cafe,Da Graziella,47.5664559,7.5928691
4001852654,"Klingentalgraben 37, 4057 Basel",cafe,Acero,47.5659948,7.5941398
4001852654,"Klingentalgraben 37, 4057 Basel",pharmacy,Klybeck Apotheke,47.5656841,7.591063
4001852654,"Klingentalgraben 37, 4057 Basel",cafe,Didi Bar,47.5656436,7.5934442
4001852654,"Klingentalgraben 37, 4057 Basel",cafe,Saint Tropez,47.5651584,7.5940531
4001852654,"Klingentalgraben 37, 4057 Basel",cafe,Clara,47.5644905,7.592551
4001852654,"Klingentalgraben 37, 4057 Basel",restaurant,Klybeck Casino,47.5644661,7.5916896
4001852654,"Klingentalgraben 37, 4057 Basel",restaurant,Bon Gout,47.566215,7.5913795
4001852654,"Klingentalgraben 37, 4057 Basel",restaurant,Taste of Mykonos,47.5660236,7.5909437
4001852654,"Klingentalgraben 37, 4057 Basel",pharmacy,Bläsi Apotheke,47.5674348,7.5903846
4001852654,"Klingentalgraben 37, 4057 Basel",parking,n/a,47.5665619,7.5899064
4001852654,"Klingentalgraben 37, 4057 Basel",parking,n/a,47.5670829,7.5903386
4001852654,"Klingentalgraben 37, 4057 Basel",parking,n/a,47.5673091,7.5902186
4001852654,"Klingentalgraben 37, 4057 Basel",bar,Alpenblick,47.5659372,7.5909695
4001852654,"Klingentalgraben 37, 4057 Basel",bar,EG Lounge,47.5636906,7.5910618
4001852654,"Klingentalgraben 37, 4057 Basel",cafe,Café frühling,47.5677589,7.5903535
4001852654,"Klingentalgraben 37, 4057 Basel",atm,n/a,47.5623556,7.5941072
4001852654,"Klingentalgraben 37, 4057 Basel",atm,n/a,47.5623902,7.5941275
4001852654,"Klingentalgraben 37, 4057 Basel",bar,KABAR,47.5636143,7.5908456
4001852654,"Klingentalgraben 37, 4057 Basel",pub,8Bar,47.5603488,7.5916665
4001852654,"Klingentalgraben 37, 4057 Basel",restaurant,Urban Greek,47.5658332,7.5956113
4001852654,"Klingentalgraben 37, 4057 Basel",fast_food,Lu,47.5662885,7.5918563
4001852654,"Klingentalgraben 37, 4057 Basel",fast_food,Vegitat,47.5656938,7.5913352
4001852654,"Klingentalgraben 37, 4057 Basel",restaurant,Shiro,47.5680679,7.5905993
4001852654,"Klingentalgraben 37, 4057 Basel",bar,Friends Bar,47.5663064,7.5907055
4001852654,"Klingentalgraben 37, 4057 Basel",restaurant,Valentino's Place,47.5658489,7.590881
4001852654,"Klingentalgraben 37, 4057 Basel",bar,Flore,47.5648065,7.5912772
4001852654,"Klingentalgraben 37, 4057 Basel",cafe,Internetcafé Planet13,47.56559,7.5913444
4001852654,"Klingentalgraben 37, 4057 Basel",fast_food,Flora Buvette,47.5638697,7.5879839
4001852654,"Klingentalgraben 37, 4057 Basel",restaurant,Zum Schmale Wurf,47.5602748,7.5916791
4001852654,"Klingentalgraben 37, 4057 Basel",fast_food,Astro Fries,47.5664318,7.5925697
4001852654,"Klingentalgraben 37, 4057 Basel",atm,Bity Crypto ATM,47.5627511,7.5923442
4001852654,"Klingentalgraben 37, 4057 Basel",atm,n/a,47.5661075,7.5909485
4001852654,"Klingentalgraben 37, 4057 Basel",restaurant,VITO Klybeck,47.5672076,7.5908596
4001852654,"Klingentalgraben 37, 4057 Basel",restaurant,Fujin Sushi bar,47.567279,7.5908338
4001852654,"Klingentalgraben 37, 4057 Basel",restaurant,Globâle,47.562871,7.5937258
4001852654,"Klingentalgraben 37, 4057 Basel",cafe,Whisky Bar,47.5647535,7.592706
4001852654,"Klingentalgraben 37, 4057 Basel",restaurant,Concordia,47.5655363,7.5920557
4001852654,"Klingentalgraben 37, 4057 Basel",bar,Rouine,47.5666217,7.5924914
4001852654,"Klingentalgraben 37, 4057 Basel",fast_food,Star Grill,47.5627955,7.5919442
4001852654,"Klingentalgraben 37, 4057 Basel",restaurant,Boo,47.5670345,7.5909027
4001852654,"Klingentalgraben 37, 4057 Basel",fast_food,The Kebab Factory,47.5680175,7.5903641
4001852654,"Klingentalgraben 37, 4057 Basel",restaurant,Chanthaburi,47.56648,7.5916548
4001852654,"Klingentalgraben 37, 4057 Basel",fast_food,Sultan Saray,47.5664562,7.5914046
4001852654,"Klingentalgraben 37, 4057 Basel",restaurant,Pizzeria La Perla,47.5653483,7.595655
4001852654,"Klingentalgraben 37, 4057 Basel",parking,Clarahuus,47.5622393,7.5921052
4001852654,"Klingentalgraben 37, 4057 Basel",restaurant,PaSiWo,47.5633469,7.5921254
4001852654,"Klingentalgraben 37, 4057 Basel",cafe,Finkmüller,47.5658557,7.5912746
4001852654,"Klingentalgraben 37, 4057 Basel",restaurant,Empanadas,47.5629072,7.5918759
4001852654,"Klingentalgraben 37, 4057 Basel",fast_food,The Siam Delicious,47.5662091,7.5912098
4001852654,"Klingentalgraben 37, 4057 Basel",restaurant,walther bistrobar,47.5629813,7.5890317
4001852654,"Klingentalgraben 37, 4057 Basel",bar,Bar Amber,47.5623417,7.5895046
4001852654,"Klingentalgraben 37, 4057 Basel",fast_food,Lu,47.5663068,7.5918813
4001852654,"Klingentalgraben 37, 4057 Basel",pub,Fass Bar,47.5657565,7.5956208
4001852654,"Klingentalgraben 37, 4057 Basel",restaurant,Chanthabury,47.566474,7.5916367
4001852654,"Klingentalgraben 37, 4057 Basel",atm,Värdex Crypto ATM,47.5661956,7.5900746
4001852654,"Klingentalgraben 37, 4057 Basel",restaurant,Reataurant Lu,47.5663965,7.5923787
4001836989,"Niederdorfstrasse 37, 8001 Zürich",restaurant,Lotti,47.3751744,8.5397124
4001836989,"Niederdorfstrasse 37, 8001 Zürich",atm,Bank Cler,47.3748741,8.5378344
4001836989,"Niederdorfstrasse 37, 8001 Zürich",cafe,Starbucks,47.3765801,8.5441952
4001836989,"Niederdorfstrasse 37, 8001 Zürich",pub,Gräbli-Bar,47.3755965,8.5441089
4001836989,"Niederdorfstrasse 37, 8001 Zürich",fast_food,Dieci Take-Away,47.3745243,8.5439506
4001836989,"Niederdorfstrasse 37, 8001 Zürich",restaurant,Rheinfelder Bierhalle,47.3759081,8.5441559
4001836989,"Niederdorfstrasse 37, 8001 Zürich",restaurant,Johanniter,47.3757513,8.5441431
4001836989,"Niederdorfstrasse 37, 8001 Zürich",restaurant,Bierhalle Wolf,47.3758264,8.543866
4001836989,"Niederdorfstrasse 37, 8001 Zürich",restaurant,Weinstube 1923,47.3764199,8.5441261
4001836989,"Niederdorfstrasse 37, 8001 Zürich",cafe,Schurter,47.3763302,8.5440373
4001836989,"Niederdorfstrasse 37, 8001 Zürich",restaurant,La Pasta,47.3760133,8.5441095
4001836989,"Niederdorfstrasse 37, 8001 Zürich",fast_food,Chopstick express,47.3760644,8.5440933
4001836989,"Niederdorfstrasse 37, 8001 Zürich",fast_food,Central Geylan Kebap Haus,47.3759873,8.5439456
4001836989,"Niederdorfstrasse 37, 8001 Zürich",restaurant,Pizzeria Da Raffaele,47.375826,8.5441268
4001836989,"Niederdorfstrasse 37, 8001 Zürich",restaurant,N-68,47.3756656,8.5441177
4001836989,"Niederdorfstrasse 37, 8001 Zürich",pub,5. Akt,47.3754942,8.544079
4001836989,"Niederdorfstrasse 37, 8001 Zürich",restaurant,Rank,47.3754161,8.5440085
4001836989,"Niederdorfstrasse 37, 8001 Zürich",restaurant,Rank,47.3753537,8.5439974
4001836989,"Niederdorfstrasse 37, 8001 Zürich",fast_food,1001 Take Away,47.3753239,8.5438222
4001836989,"Niederdorfstrasse 37, 8001 Zürich",pub,Big Ben Pub,47.3751577,8.5439328
4001836989,"Niederdorfstrasse 37, 8001 Zürich",restaurant,Tasca Romero,47.3748977,8.5437335
4001836989,"Niederdorfstrasse 37, 8001 Zürich",pub,Cana Bar,47.374669,8.5439064
4001836989,"Niederdorfstrasse 37, 8001 Zürich",restaurant,Osteria Borgo,47.3746589,8.5437374
4001836989,"Niederdorfstrasse 37, 8001 Zürich",parking,n/a,47.374536,8.5409973
4001836989,"Niederdorfstrasse 37, 8001 Zürich",cafe,Marea,47.3745643,8.5432628
4001836989,"Niederdorfstrasse 37, 8001 Zürich",atm,Zürcher Kantonalbank,47.3752342,8.5434539
4001836989,"Niederdorfstrasse 37, 8001 Zürich",cafe,Grande,47.3753724,8.543539
4001836989,"Niederdorfstrasse 37, 8001 Zürich",bar,Grande Cafe & Bar,47.3754177,8.543598
4001836989,"Niederdorfstrasse 37, 8001 Zürich",pub,Cha Cha Cha,47.3746906,8.5434991
4001836989,"Niederdorfstrasse 37, 8001 Zürich",restaurant,toscano,47.374778,8.543543
4001836989,"Niederdorfstrasse 37, 8001 Zürich",cafe,By Ey's,47.3746904,8.5433961
4001836989,"Niederdorfstrasse 37, 8001 Zürich",restaurant,friskfisk.ch,47.3745675,8.543731
4001836989,"Niederdorfstrasse 37, 8001 Zürich",bar,Alexis Bar,47.3746263,8.5439159
4001836989,"Niederdorfstrasse 37, 8001 Zürich",restaurant,Walliser Keller,47.3749804,8.5445108
4001836989,"Niederdorfstrasse 37, 8001 Zürich",bar,Fumoir,47.3755152,8.5441638
4001836989,"Niederdorfstrasse 37, 8001 Zürich",bar,Safari Bar,47.3755066,8.5444788
4001836989,"Niederdorfstrasse 37, 8001 Zürich",fast_food,Holy Cow!,47.3754711,8.5447223
4001836989,"Niederdorfstrasse 37, 8001 Zürich",pharmacy,TopPharm,47.3776379,8.5435927
4001836989,"Niederdorfstrasse 37, 8001 Zürich",atm,UBS,47.3770609,8.5437786
4001836989,"Niederdorfstrasse 37, 8001 Zürich",restaurant,Suan Long,47.3752069,8.5437776
4001836989,"Niederdorfstrasse 37, 8001 Zürich",cafe,Soul,47.3741289,8.5432109
4001836989,"Niederdorfstrasse 37, 8001 Zürich",bar,Ebrietas,47.3758907,8.544458
4001836989,"Niederdorfstrasse 37, 8001 Zürich",restaurant,Black Tap,47.3749062,8.539532
4001836989,"Niederdorfstrasse 37, 8001 Zürich",restaurant,Positano,47.3775576,8.5438988
4001836989,"Niederdorfstrasse 37, 8001 Zürich",restaurant,Commihalle,47.3777853,8.5438498
4001836989,"Niederdorfstrasse 37, 8001 Zürich",cafe,franzos,47.3761481,8.5438868
4001836989,"Niederdorfstrasse 37, 8001 Zürich",restaurant,QQ Sushi,47.377413,8.5439582
4001836989,"Niederdorfstrasse 37, 8001 Zürich",bank,Bank Cler,47.3748878,8.5378515
4001836989,"Niederdorfstrasse 37, 8001 Zürich",bar,Lobby-Bar Hotel Rütli,47.3762011,8.5444271
4001836989,"Niederdorfstrasse 37, 8001 Zürich",bank,Zürcher Kantonalbank,47.3752501,8.5435096
4001836989,"Niederdorfstrasse 37, 8001 Zürich",clinic,Zentrum für Reisemedizin,47.3758735,8.5454394
4001836989,"Niederdorfstrasse 37, 8001 Zürich",fast_food,Zürich Fried Chicken,47.375049,8.543749
4001836989,"Niederdorfstrasse 37, 8001 Zürich",atm,Bankomat,47.3753926,8.5438615
4001836989,"Niederdorfstrasse 37, 8001 Zürich",restaurant,MyVi's,47.3746758,8.5435796
4001836989,"Niederdorfstrasse 37, 8001 Zürich",clinic,Poliklinik Lifeline,47.3756202,8.5451124
4001836989,"Niederdorfstrasse 37, 8001 Zürich",bank,Credit Suisse,47.374689,8.5394436
4001836989,"Niederdorfstrasse 37, 8001 Zürich",restaurant,Chopstick,47.3760514,8.5438763
4001836989,"Niederdorfstrasse 37, 8001 Zürich",fast_food,Swing Kitchen,47.3757559,8.543855
4001836989,"Niederdorfstrasse 37, 8001 Zürich",restaurant,Mohini,47.3781881,8.5441334
4001836989,"Niederdorfstrasse 37, 8001 Zürich",school,FfD Fachschule für Detailhandel,47.3774632,8.5440328
4001836989,"Niederdorfstrasse 37, 8001 Zürich",bar,Robin's coffee,47.3757594,8.5444649
4001836989,"Niederdorfstrasse 37, 8001 Zürich",fast_food,Goodys,47.3743866,8.5434963
4001809267,"Madretschstrasse 72, 2503 Bienne",atm,UBS,47.1323189,7.2511192
4001809267,"Madretschstrasse 72, 2503 Bienne",restaurant,Restaurant Plaza,47.1318319,7.2521178
4001809267,"Madretschstrasse 72, 2503 Bienne",school,Eduparc,47.1317321,7.2496303
4001809267,"Madretschstrasse 72, 2503 Bienne",cafe,Delta Bar,47.1363248,7.2569862
4001809267,"Madretschstrasse 72, 2503 Bienne",fast_food,Bravo Pizza,47.1343076,7.255173
4001809267,"Madretschstrasse 72, 2503 Bienne",restaurant,Migros Restaurant,47.1317879,7.2529569
4001809267,"Madretschstrasse 72, 2503 Bienne",parking,n/a,47.1329241,7.2567841
4001809267,"Madretschstrasse 72, 2503 Bienne",parking,n/a,47.1337612,7.2568258
4001809267,"Madretschstrasse 72, 2503 Bienne",parking,n/a,47.1337863,7.2559719
4001809267,"Madretschstrasse 72, 2503 Bienne",parking,n/a,47.1317562,7.2532646
4001809267,"Madretschstrasse 72, 2503 Bienne",parking,n/a,47.1315269,7.2533636
4001809267,"Madretschstrasse 72, 2503 Bienne",parking,n/a,47.1328202,7.2501836
4001809267,"Madretschstrasse 72, 2503 Bienne",parking,n/a,47.1323179,7.249893
4001809267,"Madretschstrasse 72, 2503 Bienne",parking,n/a,47.133918,7.2541349
4001809267,"Madretschstrasse 72, 2503 Bienne",restaurant,Restaurant Pizzeria Gottardo,47.1320153,7.2507391
4001809267,"Madretschstrasse 72, 2503 Bienne",restaurant,Hirschen,47.1313485,7.252504
4001809267,"Madretschstrasse 72, 2503 Bienne",school,École primaire Madretsch - Primarschule Madretsch,47.1352806,7.2560845
4001809267,"Madretschstrasse 72, 2503 Bienne",cafe,Sultan,47.1339181,7.249858
4001809267,"Madretschstrasse 72, 2503 Bienne",restaurant,Ristorante Pizzeria da Piano,47.1349092,7.2560281
4001809267,"Madretschstrasse 72, 2503 Bienne",restaurant,Sonne,47.1363899,7.2574994
4001809267,"Madretschstrasse 72, 2503 Bienne",school,n/a,47.1359236,7.2538884
4001809267,"Madretschstrasse 72, 2503 Bienne",parking,n/a,47.1359628,7.2582681
4001809267,"Madretschstrasse 72, 2503 Bienne",fast_food,La Stella Del Sud,47.1318201,7.2499159
4001809267,"Madretschstrasse 72, 2503 Bienne",parking,n/a,47.1357189,7.2595067
4001809267,"Madretschstrasse 72, 2503 Bienne",restaurant,Cheminée,47.1365979,7.2558212
4001809267,"Madretschstrasse 72, 2503 Bienne",restaurant,Bistro Mama Fefe,47.1326218,7.2525312
4001809267,"Madretschstrasse 72, 2503 Bienne",pub,n/a,47.1334656,7.2499875
4001799566,"Beckenmoosstrasse 10, 8586 Riedt b. Erlen",bank,Raiffeisen,47.5507676,9.2252876
4001786521,"Missionsstrasse 21D, 4055 Basel",library,Archiv der Basler Mission/mission 21,47.5590725,7.5780005
4001786521,"Missionsstrasse 21D, 4055 Basel",cafe,Café Simpel,47.559948,7.5771821
4001786521,"Missionsstrasse 21D, 4055 Basel",restaurant,Ayledo,47.5591356,7.5780844
4001786521,"Missionsstrasse 21D, 4055 Basel",restaurant,Ayledo,47.5586462,7.5774232
4001762406,"Viale Serfontana, 6834 Morbio Inferiore",restaurant,Ristorante al Ghitello,45.8491901,9.011625
4001762406,"Viale Serfontana, 6834 Morbio Inferiore",atm,ATM Cash,45.8452665,9.0163072
4001762406,"Viale Serfontana, 6834 Morbio Inferiore",atm,n/a,45.8451866,9.0152723
4001762406,"Viale Serfontana, 6834 Morbio Inferiore",bar,Caffe Chicco D'oro,45.845103,9.0153086
4001762406,"Viale Serfontana, 6834 Morbio Inferiore",bar,Bar Moka Efti,45.8450292,9.0153193
4001761552,"Amerbachstrasse 66, 4057 Basel",restaurant,Restaurant Zum Wilde Maa,47.5679494,7.595093
4001761552,"Amerbachstrasse 66, 4057 Basel",restaurant,Firenze,47.5692427,7.5944428
4001761552,"Amerbachstrasse 66, 4057 Basel",pub,Kiki Bar,47.5692456,7.5941997
4001761552,"Amerbachstrasse 66, 4057 Basel",cafe,Senat Maki's,47.5692456,7.5938822
4001761552,"Amerbachstrasse 66, 4057 Basel",pub,DejaVu,47.5694062,7.5901309
4001761552,"Amerbachstrasse 66, 4057 Basel",restaurant,Pizzeria Breisacherhof,47.5698877,7.5916214
4001761552,"Amerbachstrasse 66, 4057 Basel",restaurant,Brombi,47.5705197,7.5962519
4001761552,"Amerbachstrasse 66, 4057 Basel",pub,Sport Pub Milan,47.5689609,7.5948146
4001761552,"Amerbachstrasse 66, 4057 Basel",cafe,Antik Café Bar,47.5690588,7.5902334
4001761552,"Amerbachstrasse 66, 4057 Basel",cafe,Café Siesta,47.5690053,7.5965148
4001761552,"Amerbachstrasse 66, 4057 Basel",restaurant,Rössli,47.5700863,7.596641
4001761552,"Amerbachstrasse 66, 4057 Basel",restaurant,Thai Café,47.5698504,7.5973694
4001761552,"Amerbachstrasse 66, 4057 Basel",bar,Nordbar,47.5704484,7.5955243
4001761552,"Amerbachstrasse 66, 4057 Basel",restaurant,Che que lomo,47.5705566,7.594893
4001761552,"Amerbachstrasse 66, 4057 Basel",library,GGG Stadtbibliothek Bläsi,47.5687038,7.591119
4001761552,"Amerbachstrasse 66, 4057 Basel",restaurant,Habesha,47.5701487,7.596197
4001761552,"Amerbachstrasse 66, 4057 Basel",cafe,Gemeinsam Café,47.5698858,7.5910258
4001761552,"Amerbachstrasse 66, 4057 Basel",pharmacy,Matthäus Apotheke,47.5688536,7.5965248
4001761552,"Amerbachstrasse 66, 4057 Basel",restaurant,Casa Piccola Italia,47.570009,7.5974416
4001761552,"Amerbachstrasse 66, 4057 Basel",restaurant,Pizzeria Da Pia,47.5709099,7.5920312
4001761552,"Amerbachstrasse 66, 4057 Basel",bar,OFF,47.5693615,7.5899974
4001761552,"Amerbachstrasse 66, 4057 Basel",restaurant,Lalibela Äthiopisches Restaurant,47.5692168,7.5912968
4001761552,"Amerbachstrasse 66, 4057 Basel",restaurant,Pizza Picassso,47.5694979,7.5901783
4001761552,"Amerbachstrasse 66, 4057 Basel",pharmacy,Dreirosen Apotheke,47.5689793,7.5906307
4001761552,"Amerbachstrasse 66, 4057 Basel",fast_food,Detto Pronto,47.5705037,7.5952502
4001668529,"Via Sasso Corbaro 19, 6593 Cadenazzo",restaurant,Ristorante Al Ponte,46.1522025,8.9493151
4001668529,"Via Sasso Corbaro 19, 6593 Cadenazzo",pharmacy,Pharmacia Centrale,46.1517314,8.9461626
4001668529,"Via Sasso Corbaro 19, 6593 Cadenazzo",bar,Osteria Centrale,46.1506825,8.9485094
4001668529,"Via Sasso Corbaro 19, 6593 Cadenazzo",bank,Raiffeisen,46.1518588,8.9452132
4001668529,"Via Sasso Corbaro 19, 6593 Cadenazzo",restaurant,Pizza chez Boubou,46.1525202,8.9399504
4001668529,"Via Sasso Corbaro 19, 6593 Cadenazzo",pub,Leilo Bar,46.1516511,8.9458343
4001668529,"Via Sasso Corbaro 19, 6593 Cadenazzo",fast_food,Il Cantuccio,46.1524371,8.9399602
4001668529,"Via Sasso Corbaro 19, 6593 Cadenazzo",library,Biblioteca della Scuola Media di Cadenazzo,46.1510167,8.9418564
4001668529,"Via Sasso Corbaro 19, 6593 Cadenazzo",library,Biblioteca comunale per ragazzi,46.1504232,8.9507171
4001668529,"Via Sasso Corbaro 19, 6593 Cadenazzo",restaurant,Pizzeria Bar CLUB,46.1507227,8.9431726
4001495431,"Mattenstrasse 81, 2503 Biel",atm,UBS,47.1323189,7.2511192
4001495431,"Mattenstrasse 81, 2503 Biel",restaurant,Restaurant Zukunft,47.1333533,7.2479231
4001495431,"Mattenstrasse 81, 2503 Biel",bar,Eldorado,47.1333791,7.2483431
4001495431,"Mattenstrasse 81, 2503 Biel",cafe,Delta Bar,47.1363248,7.2569862
4001495431,"Mattenstrasse 81, 2503 Biel",fast_food,Bravo Pizza,47.1343076,7.255173
4001495431,"Mattenstrasse 81, 2503 Biel",restaurant,Migros Restaurant,47.1317879,7.2529569
4001495431,"Mattenstrasse 81, 2503 Biel",parking,Kongresshaus Parking Palais des congrès,47.1354999,7.2498291
4001495431,"Mattenstrasse 81, 2503 Biel",parking,n/a,47.1354274,7.2506507
4001495431,"Mattenstrasse 81, 2503 Biel",parking,n/a,47.1324137,7.2481538
4001495431,"Mattenstrasse 81, 2503 Biel",parking,n/a,47.1329212,7.2492039
4001495431,"Mattenstrasse 81, 2503 Biel",parking,n/a,47.1329241,7.2567841
4001495431,"Mattenstrasse 81, 2503 Biel",parking,n/a,47.1337612,7.2568258
4001495431,"Mattenstrasse 81, 2503 Biel",parking,n/a,47.1337863,7.2559719
4001495431,"Mattenstrasse 81, 2503 Biel",parking,n/a,47.1340127,7.2485066
4001495431,"Mattenstrasse 81, 2503 Biel",parking,n/a,47.1328202,7.2501836
4001495431,"Mattenstrasse 81, 2503 Biel",parking,n/a,47.1323179,7.249893
4001495431,"Mattenstrasse 81, 2503 Biel",parking,n/a,47.133918,7.2541349
4001495431,"Mattenstrasse 81, 2503 Biel",restaurant,Stadtgarten,47.1341869,7.249561
4001495431,"Mattenstrasse 81, 2503 Biel",school,École primaire Madretsch - Primarschule Madretsch,47.1352806,7.2560845
4001495431,"Mattenstrasse 81, 2503 Biel",cafe,Sultan,47.1339181,7.249858
4001495431,"Mattenstrasse 81, 2503 Biel",restaurant,Ristorante Pizzeria da Piano,47.1349092,7.2560281
4001495431,"Mattenstrasse 81, 2503 Biel",restaurant,Sonne,47.1363899,7.2574994
4001495431,"Mattenstrasse 81, 2503 Biel",school,n/a,47.1359236,7.2538884
4001495431,"Mattenstrasse 81, 2503 Biel",parking,n/a,47.1359628,7.2582681
4001495431,"Mattenstrasse 81, 2503 Biel",cafe,Charlotte's,47.1381969,7.2540341
4001495431,"Mattenstrasse 81, 2503 Biel",parking,n/a,47.1357189,7.2595067
4001495431,"Mattenstrasse 81, 2503 Biel",parking,n/a,47.1381164,7.2519158
4001495431,"Mattenstrasse 81, 2503 Biel",parking,n/a,47.1380833,7.2517599
4001495431,"Mattenstrasse 81, 2503 Biel",library,Bibliothèque interculturelle LibriMondo,47.1363395,7.2520459
4001495431,"Mattenstrasse 81, 2503 Biel",restaurant,Cheminée,47.1365979,7.2558212
4001495431,"Mattenstrasse 81, 2503 Biel",restaurant,Restaurant Olympia,47.134404,7.2489494
4001495431,"Mattenstrasse 81, 2503 Biel",cafe,Café Diamant,47.138206,7.25045
4001495431,"Mattenstrasse 81, 2503 Biel",bar,Privilège Snack Bar,47.1383153,7.2503466
4001495431,"Mattenstrasse 81, 2503 Biel",restaurant,Bistro Mama Fefe,47.1326218,7.2525312
4001495431,"Mattenstrasse 81, 2503 Biel",bar,Ici c'est le vin,47.1364218,7.250165
4001495431,"Mattenstrasse 81, 2503 Biel",parking,n/a,47.1388785,7.2525857
4001495431,"Mattenstrasse 81, 2503 Biel",restaurant,Bluma Bar & Restaurant,47.1361862,7.2496424
4001495431,"Mattenstrasse 81, 2503 Biel",pub,n/a,47.1334656,7.2499875
4001495422,"Alleestrasse 7, 2503 Biel",fast_food,Crispy Fried Chicken,47.1328349,7.2467007
4001495422,"Alleestrasse 7, 2503 Biel",atm,UBS,47.1323189,7.2511192
4001495422,"Alleestrasse 7, 2503 Biel",restaurant,Restaurant Zukunft,47.1333533,7.2479231
4001495422,"Alleestrasse 7, 2503 Biel",bar,Eldorado,47.1333791,7.2483431
4001495422,"Alleestrasse 7, 2503 Biel",cafe,Delta Bar,47.1363248,7.2569862
4001495422,"Alleestrasse 7, 2503 Biel",fast_food,Bravo Pizza,47.1343076,7.255173
4001495422,"Alleestrasse 7, 2503 Biel",parking,Kongresshaus Parking Palais des congrès,47.1354999,7.2498291
4001495422,"Alleestrasse 7, 2503 Biel",parking,n/a,47.1354274,7.2506507
4001495422,"Alleestrasse 7, 2503 Biel",parking,n/a,47.1324137,7.2481538
4001495422,"Alleestrasse 7, 2503 Biel",parking,n/a,47.1329212,7.2492039
4001495422,"Alleestrasse 7, 2503 Biel",parking,n/a,47.1337863,7.2559719
4001495422,"Alleestrasse 7, 2503 Biel",parking,n/a,47.1340127,7.2485066
4001495422,"Alleestrasse 7, 2503 Biel",parking,n/a,47.1328202,7.2501836
4001495422,"Alleestrasse 7, 2503 Biel",parking,n/a,47.1323179,7.249893
4001495422,"Alleestrasse 7, 2503 Biel",parking,n/a,47.133918,7.2541349
4001495422,"Alleestrasse 7, 2503 Biel",restaurant,Stadtgarten,47.1341869,7.249561
4001495422,"Alleestrasse 7, 2503 Biel",restaurant,Restaurant Pizzeria Gottardo,47.1320153,7.2507391
4001495422,"Alleestrasse 7, 2503 Biel",school,École primaire Madretsch - Primarschule Madretsch,47.1352806,7.2560845
4001495422,"Alleestrasse 7, 2503 Biel",cafe,Sultan,47.1339181,7.249858
4001495422,"Alleestrasse 7, 2503 Biel",restaurant,Ristorante Pizzeria da Piano,47.1349092,7.2560281
4001495422,"Alleestrasse 7, 2503 Biel",restaurant,Sonne,47.1363899,7.2574994
4001495422,"Alleestrasse 7, 2503 Biel",school,n/a,47.1359236,7.2538884
4001495422,"Alleestrasse 7, 2503 Biel",parking,n/a,47.1359628,7.2582681
4001495422,"Alleestrasse 7, 2503 Biel",cafe,Charlotte's,47.1381969,7.2540341
4001495422,"Alleestrasse 7, 2503 Biel",parking,n/a,47.1357189,7.2595067
4001495422,"Alleestrasse 7, 2503 Biel",parking,n/a,47.1380833,7.2517599
4001495422,"Alleestrasse 7, 2503 Biel",library,Bibliothèque interculturelle LibriMondo,47.1363395,7.2520459
4001495422,"Alleestrasse 7, 2503 Biel",restaurant,Cheminée,47.1365979,7.2558212
4001495422,"Alleestrasse 7, 2503 Biel",restaurant,Restaurant Olympia,47.134404,7.2489494
4001495422,"Alleestrasse 7, 2503 Biel",cafe,Café Diamant,47.138206,7.25045
4001495422,"Alleestrasse 7, 2503 Biel",bar,Privilège Snack Bar,47.1383153,7.2503466
4001495422,"Alleestrasse 7, 2503 Biel",bar,Ici c'est le vin,47.1364218,7.250165
4001495422,"Alleestrasse 7, 2503 Biel",parking,n/a,47.1388785,7.2525857
4001495422,"Alleestrasse 7, 2503 Biel",pub,n/a,47.1334656,7.2499875
4001464139,"Rue de la Fiaz 38, 2300 La Chaux-de-Fonds",restaurant,Atlantic'o,47.0874752,6.8041545
4001464139,"Rue de la Fiaz 38, 2300 La Chaux-de-Fonds",atm,n/a,47.0885494,6.8024821
4001464139,"Rue de la Fiaz 38, 2300 La Chaux-de-Fonds",parking,n/a,47.0874374,6.8099263
4001413820,"Alte Gockhauserstrasse 4, 8044 Gockhausen",school,Sprachheilschule Zürich,47.3855785,8.5995688
4001044152,"Hauptstrasse 10, 4147 Aesch BL",restaurant,Tipo,47.4691898,7.5971688
4001044152,"Hauptstrasse 10, 4147 Aesch BL",parking,n/a,47.4635568,7.6039398
4001044152,"Hauptstrasse 10, 4147 Aesch BL",restaurant,Restaurant Jura,47.4674892,7.6002346
4001044152,"Hauptstrasse 10, 4147 Aesch BL",parking,n/a,47.4690842,7.5963256
4001044152,"Hauptstrasse 10, 4147 Aesch BL",restaurant,Pizzeria Fresco,47.46908,7.5971901
4001044152,"Hauptstrasse 10, 4147 Aesch BL",restaurant,Bella Vita,47.4689868,7.5971717
4001044152,"Hauptstrasse 10, 4147 Aesch BL",restaurant,Spicy Pizza,47.4685144,7.5972981
4001044152,"Hauptstrasse 10, 4147 Aesch BL",cafe,n/a,47.4692945,7.5965966
4002081715,"Zürcherstrasse 15, 8852 Altendorf",restaurant,Landgasthof Mühlebach,47.1932466,8.8213774
4002081715,"Zürcherstrasse 15, 8852 Altendorf",restaurant,Landgasthof Rose,47.1925307,8.8303375
4002081715,"Zürcherstrasse 15, 8852 Altendorf",cafe,Bäckerei Knobel,47.1924103,8.8309053
4002081715,"Zürcherstrasse 15, 8852 Altendorf",cafe,Café Seepark,47.1929842,8.827564
4002081715,"Zürcherstrasse 15, 8852 Altendorf",restaurant,Gasthof Schwanen,47.1921715,8.8301893
4002081715,"Zürcherstrasse 15, 8852 Altendorf",restaurant,Kreuz Bar,47.1926361,8.8298969
4002081715,"Zürcherstrasse 15, 8852 Altendorf",library,Bibliothek Altendorf,47.1914911,8.8300972
4002081715,"Zürcherstrasse 15, 8852 Altendorf",bank,Bank Linth,47.1926716,8.8297208
4002081715,"Zürcherstrasse 15, 8852 Altendorf",bank,Schwyzer Kantonalbank,47.193194,8.820028
4002081715,"Zürcherstrasse 15, 8852 Altendorf",restaurant,D.O.C. Ristorante Pizzeria,47.1939675,8.8223333
4002081715,"Zürcherstrasse 15, 8852 Altendorf",parking,n/a,47.1904925,8.833564
4002081715,"Zürcherstrasse 15, 8852 Altendorf",parking,n/a,47.1902303,8.8360308
4002081715,"Zürcherstrasse 15, 8852 Altendorf",parking,n/a,47.1904498,8.8354157
4002081715,"Zürcherstrasse 15, 8852 Altendorf",parking,n/a,47.1898773,8.8379444
4002081715,"Zürcherstrasse 15, 8852 Altendorf",parking,n/a,47.1914676,8.8353751
4002081715,"Zürcherstrasse 15, 8852 Altendorf",parking,n/a,47.1905313,8.8373078
4002081715,"Zürcherstrasse 15, 8852 Altendorf",parking,n/a,47.191836,8.8348529
4002081715,"Zürcherstrasse 15, 8852 Altendorf",parking,n/a,47.1913883,8.8345682
4002081202,"Bückenweg 33, 4126 Bettingen",restaurant,Baslerhof,47.5714563,7.6648368
4002081023,"Herrgass 2, 8413 Neftenbach",atm,n/a,47.5215643,8.6574053
4002079590,"Hiltystrasse 25, 3006 Bern",restaurant,Egghölzli,46.9375968,7.4757817
4002079590,"Hiltystrasse 25, 3006 Bern",pharmacy,Egghölzli Apotheke,46.936465,7.4752822
4002079584,"Rebacker 13, 8905 Arni",cafe,Sakura Sushi & More,47.3198544,8.4240637
4002079584,"Rebacker 13, 8905 Arni",school,Primarschule Arni,47.3193073,8.4189424
4002079584,"Rebacker 13, 8905 Arni",atm,n/a,47.3182848,8.4195982
4002079584,"Rebacker 13, 8905 Arni",library,Bibliothek Arni,47.3191609,8.4184838
4002078048,"Turnerstrasse 18, 8006 Zürich",restaurant,Pizzeria Corallo,47.3865398,8.5414596
4002078048,"Turnerstrasse 18, 8006 Zürich",restaurant,Kreis 6,47.3861132,8.5452851
4002078048,"Turnerstrasse 18, 8006 Zürich",cafe,Sorell Rex,47.3847859,8.5431484
4002078048,"Turnerstrasse 18, 8006 Zürich",restaurant,Zam Dapor,47.3857107,8.5420014
4002078048,"Turnerstrasse 18, 8006 Zürich",cafe,Klara‘s Kitchen,47.3827596,8.5437443
4002078048,"Turnerstrasse 18, 8006 Zürich",school,Stiftung m.a.c. – Sonderpädagogische Schule,47.3854719,8.5419658
4002078048,"Turnerstrasse 18, 8006 Zürich",school,Schule Talenta Zürich,47.3858578,8.5418353
4002078048,"Turnerstrasse 18, 8006 Zürich",school,Sekundarschule am Rigiplatz,47.3858674,8.5463793
4002078048,"Turnerstrasse 18, 8006 Zürich",restaurant,Mesa Madrid,47.3833749,8.5431961
4002077719,"Engerainhalde 10, 3613 Steffisburg",fast_food,McDonald's,46.7809817,7.607344
4002077719,"Engerainhalde 10, 3613 Steffisburg",restaurant,Schützen,46.7765311,7.6158789
4002077719,"Engerainhalde 10, 3613 Steffisburg",cafe,Café-Bar Lädeli,46.7818833,7.6083971
4002077719,"Engerainhalde 10, 3613 Steffisburg",restaurant,Pizzeria da Mamma,46.779065,7.6118807
4002077719,"Engerainhalde 10, 3613 Steffisburg",parking,n/a,46.7821109,7.6095577
4002077719,"Engerainhalde 10, 3613 Steffisburg",cafe,Tacho Cafe-Bar,46.7754113,7.6152132
4002076412,"Langägertenstrasse 22, 8125 Zollikerberg",cafe,Café am Puls,47.3447927,8.5996103
4002074918,"Promenada 35b, 7018 Flims",fast_food,Anatolia Kebab,46.8279058,9.2882545
4002074918,"Promenada 35b, 7018 Flims",restaurant,cappuccino,46.826994,9.2887343
4002074918,"Promenada 35b, 7018 Flims",parking,n/a,46.828933,9.2872599
4002074918,"Promenada 35b, 7018 Flims",cafe,Bistro Kaufmannfrauen,46.8284206,9.2885681
4002074918,"Promenada 35b, 7018 Flims",cafe,DeliCious,46.8255573,9.2890267
4002074918,"Promenada 35b, 7018 Flims",restaurant,Pomodoro,46.8281277,9.287759
4002074918,"Promenada 35b, 7018 Flims",bar,Tankstelle,46.8258862,9.2883176
4002074918,"Promenada 35b, 7018 Flims",pharmacy,Coop Vitality,46.8332433,9.2825662
4002074918,"Promenada 35b, 7018 Flims",bank,Graubündner Kantonalbank,46.8335523,9.2823483
4002074918,"Promenada 35b, 7018 Flims",bar,The Hideaway,46.8329528,9.282704
4002074918,"Promenada 35b, 7018 Flims",restaurant,il forno,46.826256,9.2884755
4002074918,"Promenada 35b, 7018 Flims",restaurant,Suay Thai,46.825835,9.2884128
4002074918,"Promenada 35b, 7018 Flims",restaurant,Kindercafé Bambini,46.8333603,9.2824691
4002074918,"Promenada 35b, 7018 Flims",atm,Geldautomat,46.8335995,9.2823003
4002074918,"Promenada 35b, 7018 Flims",cafe,Café Stenna,46.8338283,9.2821292
4002074918,"Promenada 35b, 7018 Flims",restaurant,Vivaldi,46.8260564,9.2883522
4002074918,"Promenada 35b, 7018 Flims",bar,Segens,46.8282694,9.2877646
4002074913,"Laubisrütistrasse 53, 8712 Stäfa",parking,n/a,47.2384282,8.7455883
4002074913,"Laubisrütistrasse 53, 8712 Stäfa",parking,n/a,47.237305,8.749702
4002074913,"Laubisrütistrasse 53, 8712 Stäfa",parking,n/a,47.2374783,8.7497917
4002074913,"Laubisrütistrasse 53, 8712 Stäfa",parking,n/a,47.2376159,8.7500567
4002074913,"Laubisrütistrasse 53, 8712 Stäfa",cafe,Maison Truffe,47.2380375,8.74799
4002074480,"Oberwilerstrasse 27, 4106 Therwil",restaurant,Sternen,47.498903,7.5514166
4002074480,"Oberwilerstrasse 27, 4106 Therwil",pharmacy,Leimen-Apotheke,47.4992093,7.556722
4002074480,"Oberwilerstrasse 27, 4106 Therwil",restaurant,Bahnhöfli,47.4994769,7.5568583
4002074480,"Oberwilerstrasse 27, 4106 Therwil",restaurant,Trattoria Antichi Sapori,47.4995355,7.5545861
4002074480,"Oberwilerstrasse 27, 4106 Therwil",restaurant,Cantina Toscana,47.4991063,7.5558821
4002074480,"Oberwilerstrasse 27, 4106 Therwil",atm,n/a,47.4989614,7.5566975
4002074480,"Oberwilerstrasse 27, 4106 Therwil",parking,n/a,47.4989468,7.5545262
4002074480,"Oberwilerstrasse 27, 4106 Therwil",pharmacy,Dorf Drogerie,47.4994697,7.5551167
4002074480,"Oberwilerstrasse 27, 4106 Therwil",atm,n/a,47.4994485,7.555641
4002074480,"Oberwilerstrasse 27, 4106 Therwil",bank,Basellandschaftliche Kantonalbank,47.499493,7.5557509
4002074480,"Oberwilerstrasse 27, 4106 Therwil",pub,Wunder Bar,47.4993501,7.5530192
4002074480,"Oberwilerstrasse 27, 4106 Therwil",cafe,KAFFI-BAR Träumli,47.4994975,7.5547914
4002073985,"Herbstweg 77, 8050 Zürich",parking,n/a,47.4064312,8.5603832
4002073985,"Herbstweg 77, 8050 Zürich",parking,n/a,47.4068525,8.5606713
4002073985,"Herbstweg 77, 8050 Zürich",parking,n/a,47.4067773,8.5587202
4002073985,"Herbstweg 77, 8050 Zürich",restaurant,3 Spitz,47.4080788,8.5656791
4002073696,"Kirchweg 3, 5622 Waltenschwil",parking,n/a,47.3333095,8.3069092
4002073696,"Kirchweg 3, 5622 Waltenschwil",parking,n/a,47.3332731,8.3012122
4002073696,"Kirchweg 3, 5622 Waltenschwil",bank,Raiffeisen,47.3341726,8.300905
4002073696,"Kirchweg 3, 5622 Waltenschwil",restaurant,Volare,47.3350844,8.3034041
4002073696,"Kirchweg 3, 5622 Waltenschwil",atm,Raiffeisen,47.3342326,8.3008324
4002073696,"Kirchweg 3, 5622 Waltenschwil",parking,n/a,47.3377566,8.2971635
4002073696,"Kirchweg 3, 5622 Waltenschwil",cafe,Bünzstube,47.3338601,8.3057001
4002073617,"Dorfstrasse 51, 8192 Glattfelden",parking,Parkplatz für Löwen,47.5602004,8.4963114
4002073617,"Dorfstrasse 51, 8192 Glattfelden",restaurant,Löwen,47.5603998,8.4964002
4002073617,"Dorfstrasse 51, 8192 Glattfelden",restaurant,Kafi Judith,47.5589277,8.4993908
4002073617,"Dorfstrasse 51, 8192 Glattfelden",atm,n/a,47.5590777,8.501287
4002073617,"Dorfstrasse 51, 8192 Glattfelden",parking,Rest. Traube,47.5574057,8.5000845
4002073617,"Dorfstrasse 51, 8192 Glattfelden",restaurant,Traube,47.5575865,8.4997519
4002073617,"Dorfstrasse 51, 8192 Glattfelden",parking,n/a,47.5630375,8.495906
4002073617,"Dorfstrasse 51, 8192 Glattfelden",parking,n/a,47.5583378,8.5140491
4002073572,"Ausserdorf 15, 5705 Hallwil",school,Primarschule Hallwil,47.3289828,8.1767975
4002073572,"Ausserdorf 15, 5705 Hallwil",restaurant,Schützenstübli,47.3293739,8.1746258
4002073464,"Grampenweg 29, 8180 Bülach",restaurant,Storchen Bistro,47.5167006,8.5412402
4002073464,"Grampenweg 29, 8180 Bülach",parking,n/a,47.5157943,8.5361769
4002073464,"Grampenweg 29, 8180 Bülach",library,Stadtbibliothek Bülach,47.5169331,8.5413789
4002073464,"Grampenweg 29, 8180 Bülach",bar,Buffalo's Bar,47.5185242,8.5386319
4002073464,"Grampenweg 29, 8180 Bülach",restaurant,Paparazzi,47.5188305,8.539441
4002073464,"Grampenweg 29, 8180 Bülach",restaurant,Rössli,47.5177305,8.5408698
4002073464,"Grampenweg 29, 8180 Bülach",parking,n/a,47.519057,8.5392736
4002073464,"Grampenweg 29, 8180 Bülach",restaurant,Indian Gate,47.5130024,8.5259028
4002073464,"Grampenweg 29, 8180 Bülach",fast_food,Monarca,47.513337,8.5260263
4002073464,"Grampenweg 29, 8180 Bülach",restaurant,Zum Sternen,47.5144344,8.5343146
4002073464,"Grampenweg 29, 8180 Bülach",restaurant,Stiftung Alterszentrum Region Bülach,47.5157539,8.5392057
4002073464,"Grampenweg 29, 8180 Bülach",atm,n/a,47.5187237,8.5398128
4002073464,"Grampenweg 29, 8180 Bülach",bar,LOKAL Bar,47.5179808,8.5408533
4002073464,"Grampenweg 29, 8180 Bülach",bank,Valiant,47.5185619,8.5394778
4002073384,"Plattenstrasse 15, 8706 Meilen",restaurant,Parkrestaurant,47.2697258,8.638781
4002073384,"Plattenstrasse 15, 8706 Meilen",parking,n/a,47.2699838,8.6385858
4002073384,"Plattenstrasse 15, 8706 Meilen",fast_food,Luminati,47.2698275,8.6422158
4002073384,"Plattenstrasse 15, 8706 Meilen",pharmacy,Rothaus,47.269951,8.6419389
4002073384,"Plattenstrasse 15, 8706 Meilen",bank,PostFinance,47.2700558,8.6422907
4002073307,4202 Duggingen,restaurant,zum Sternen,47.4529368,7.6050954
4002072656,"Chastli 40, 8718 Schänis",parking,n/a,47.1635172,9.0543551
4002072569,"Kruft 6, 9425 Thal",parking,n/a,47.4657739,9.5734581
4002072569,"Kruft 6, 9425 Thal",restaurant,Buhof,47.4701199,9.5754279
4002072569,"Kruft 6, 9425 Thal",restaurant,Löwen,47.4663406,9.5730317
4002072569,"Kruft 6, 9425 Thal",cafe,Bach Chill-Out-Café,47.4680089,9.5727798
4002072569,"Kruft 6, 9425 Thal",restaurant,Landgasthaus Hirschen,47.4657151,9.5679174
4002072569,"Kruft 6, 9425 Thal",parking,n/a,47.466059,9.5678405
4002072569,"Kruft 6, 9425 Thal",school,Schulhaus Bild,47.4649688,9.5704508
4002072569,"Kruft 6, 9425 Thal",pub,Wurzel Pub,47.4643289,9.5694443
4002072569,"Kruft 6, 9425 Thal",restaurant,Schäfli,47.4647096,9.5685351
4002072569,"Kruft 6, 9425 Thal",school,Schulhaus Feld,47.4655173,9.56621
4002072569,"Kruft 6, 9425 Thal",parking,n/a,47.4652013,9.5721586
4002072547,"Dorfstrasse 1, 8934 Knonau",school,Knonau,47.2201541,8.4632203
4002072547,"Dorfstrasse 1, 8934 Knonau",library,Bibliothek Knonau,47.2241879,8.4622272
4002072378,"Neubadstrasse 149, 4054 Basel",restaurant,Gasthof Neubad,47.5451433,7.5636794
4002072378,"Neubadstrasse 149, 4054 Basel",bank,UBS,47.5466512,7.5645224
4002072378,"Neubadstrasse 149, 4054 Basel",bank,Basler Kantonalbank,47.5471251,7.5651173
4002072378,"Neubadstrasse 149, 4054 Basel",restaurant,Weiherhof,47.5458033,7.557097
4002072378,"Neubadstrasse 149, 4054 Basel",cafe,Café Bar Mélange,47.5467954,7.565239
4002072378,"Neubadstrasse 149, 4054 Basel",pharmacy,Neubad-Apotheke,47.5471864,7.5647596
4002072378,"Neubadstrasse 149, 4054 Basel",cafe,Sutter Begg,47.547317,7.56516
4002072378,"Neubadstrasse 149, 4054 Basel",cafe,Bees and Birds Café,47.5460894,7.5574644
4002072378,"Neubadstrasse 149, 4054 Basel",restaurant,Restaurant Pizzeria Dorenbach,47.5448366,7.5716504
4002072378,"Neubadstrasse 149, 4054 Basel",atm,n/a,47.5461951,7.564392
4002072378,"Neubadstrasse 149, 4054 Basel",cafe,Smilla,47.546341,7.5626751
4002072378,"Neubadstrasse 149, 4054 Basel",library,GGG Stadtbibliothek Neubad,47.5460604,7.559858
4002072378,"Neubadstrasse 149, 4054 Basel",restaurant,Hundert13 Suppenbar,47.5459171,7.5565523
4002072378,"Neubadstrasse 149, 4054 Basel",restaurant,pico,47.546335,7.5644729
4002071726,"Lombardeiweg 12, 3904 Naters",bank,Raiffeisen,46.3251982,7.9900339
4002071726,"Lombardeiweg 12, 3904 Naters",pharmacy,Dorf Apotheke,46.3254118,7.989906
4002071726,"Lombardeiweg 12, 3904 Naters",restaurant,Belalp,46.3256101,7.9895552
4002071726,"Lombardeiweg 12, 3904 Naters",restaurant,Bellevue,46.3243846,7.9856826
4002071726,"Lombardeiweg 12, 3904 Naters",restaurant,Cafe Aletsch,46.3260195,7.9922012
4002071726,"Lombardeiweg 12, 3904 Naters",restaurant,Cafe Naters,46.3253473,7.9891382
4002071726,"Lombardeiweg 12, 3904 Naters",restaurant,Cafe zur Post,46.3253362,7.9889842
4002071726,"Lombardeiweg 12, 3904 Naters",restaurant,Cafe-Bar Roma,46.3247614,7.986725
4002071726,"Lombardeiweg 12, 3904 Naters",library,Bibliothek Naters,46.325023,7.9879363
4002071726,"Lombardeiweg 12, 3904 Naters",restaurant,Kelchbach,46.3253005,7.9899236
4002071726,"Lombardeiweg 12, 3904 Naters",bar,Luxor,46.3253253,7.9899034
4002071726,"Lombardeiweg 12, 3904 Naters",restaurant,Ornavasso,46.3252126,7.9882098
4002071726,"Lombardeiweg 12, 3904 Naters",restaurant,Simplon,46.3235736,7.9855541
4002071726,"Lombardeiweg 12, 3904 Naters",restaurant,Trächa,46.32561,7.9907829
4002071726,"Lombardeiweg 12, 3904 Naters",restaurant,Walliser Kanne,46.3235567,7.9910422
4002071726,"Lombardeiweg 12, 3904 Naters",school,Primarschule Naters,46.3266274,7.9869167
4002071726,"Lombardeiweg 12, 3904 Naters",school,Primarschule Naters,46.3272009,7.986223
4002071702,"Dorfstrasse 45, 5436 Würenlos",cafe,Café am Bach,47.4421063,8.362534
4002071702,"Dorfstrasse 45, 5436 Würenlos",school,n/a,47.442674,8.3666918
4002071702,"Dorfstrasse 45, 5436 Würenlos",parking,n/a,47.4427819,8.3629939
4002071702,"Dorfstrasse 45, 5436 Würenlos",parking,n/a,47.4430468,8.3625969
4002071702,"Dorfstrasse 45, 5436 Würenlos",pharmacy,Ländli Apotheke,47.4414649,8.3649841
4002071702,"Dorfstrasse 45, 5436 Würenlos",bank,Raiffeisenbank Würenlos,47.4415298,8.3648033
4002071702,"Dorfstrasse 45, 5436 Würenlos",atm,n/a,47.4426962,8.3626817
4002071702,"Dorfstrasse 45, 5436 Würenlos",restaurant,Pizzeria Blume,47.4437746,8.3643562
4002071702,"Dorfstrasse 45, 5436 Würenlos",restaurant,Gasthof Rössli,47.442498,8.3631515
4002071702,"Dorfstrasse 45, 5436 Würenlos",restaurant,Alpenrösli,47.4429303,8.3656875
4002071702,"Dorfstrasse 45, 5436 Würenlos",cafe,n/a,47.4420816,8.3646725
4002071697,"Oberdorfstrasse 43, 8874 Mühlehorn",restaurant,Mühle,47.1169388,9.17242
4002071526,"Bättwilerstrasse 37, 4108 Witterswil",bank,Raiffeisenbank Leimental,47.4854708,7.5224182
4002071526,"Bättwilerstrasse 37, 4108 Witterswil",atm,n/a,47.4854292,7.5224952
4002071526,"Bättwilerstrasse 37, 4108 Witterswil",restaurant,Landhuus,47.4873165,7.5234039
4002071320,"Roswiesenstrasse 122, 8051 Zürich",library,PBZ Bibliothek Schwamendingen,47.4044862,8.5732978
4002071320,"Roswiesenstrasse 122, 8051 Zürich",fast_food,Rodi Take Away,47.4044558,8.573453
4002071320,"Roswiesenstrasse 122, 8051 Zürich",restaurant,Bei Fouad,47.4039752,8.5739634
4002071320,"Roswiesenstrasse 122, 8051 Zürich",restaurant,Restaurant Blume,47.4041654,8.5733193
4002071320,"Roswiesenstrasse 122, 8051 Zürich",school,RgZ Heilpädagogische Schule Zürich,47.4049412,8.5761297
4002071320,"Roswiesenstrasse 122, 8051 Zürich",restaurant,La Rosa Bianca,47.40311,8.5760801
4002071305,"Lindhaldenstrasse 120, 3076 Worb",restaurant,Löwen,46.9304662,7.563478
4002071305,"Lindhaldenstrasse 120, 3076 Worb",cafe,wäbui Bistro,46.928127,7.5773253
4002071305,"Lindhaldenstrasse 120, 3076 Worb",fast_food,Pizza Castello,46.9306458,7.5649482
4002070235,8008 Zürich,restaurant,Brasserie Seefeld,47.3526098,8.5591926
4002070235,8008 Zürich,parking,n/a,47.3511274,8.5617765
4002070235,8008 Zürich,cafe,Kornsilo,47.3517143,8.560923
4002070235,8008 Zürich,restaurant,Hammam Salon,47.3569676,8.5586356
4002070235,8008 Zürich,clinic,Onkozentrum Zürich Seefeld,47.3529907,8.5586867
4002070235,8008 Zürich,bar,Blaue Ente,47.3517875,8.5611622
4002070235,8008 Zürich,restaurant,Blaue Ente,47.3519503,8.5611316
4002070235,8008 Zürich,cafe,n/a,47.3524365,8.5593081
4002069898,"Tobelhofstrasse 344, 8044 Gockhausen",school,Sprachheilschule Zürich,47.3855785,8.5995688
4002069772,"Kurvenstrasse 13, 8006 Zürich",restaurant,Pizzeria Corallo,47.3865398,8.5414596
4002069772,"Kurvenstrasse 13, 8006 Zürich",fast_food,The Lemon Grass,47.3857427,8.539683
4002069772,"Kurvenstrasse 13, 8006 Zürich",restaurant,Drei Stuben,47.3832538,8.5416447
4002069772,"Kurvenstrasse 13, 8006 Zürich",restaurant,Pizzeria Veneziana,47.383118,8.5413332
4002069772,"Kurvenstrasse 13, 8006 Zürich",fast_food,Fux und Haas,47.3857229,8.5395166
4002069772,"Kurvenstrasse 13, 8006 Zürich",fast_food,Janni Pizza Kurier,47.3866392,8.539917
4002069772,"Kurvenstrasse 13, 8006 Zürich",restaurant,Zam Dapor,47.3857107,8.5420014
4002069772,"Kurvenstrasse 13, 8006 Zürich",fast_food,Curry Corner,47.3833287,8.541864
4002069772,"Kurvenstrasse 13, 8006 Zürich",library,Bibliothek des Schweizerischen Instituts für Kinder- und Jugendmedien SIKJM,47.3845291,8.5397558
4002069772,"Kurvenstrasse 13, 8006 Zürich",school,Stiftung m.a.c. – Sonderpädagogische Schule,47.3854719,8.5419658
4002069772,"Kurvenstrasse 13, 8006 Zürich",school,Dayschool Beckenhof,47.3834916,8.5413134
4002069772,"Kurvenstrasse 13, 8006 Zürich",school,Schule Talenta Zürich,47.3858578,8.5418353
4002068897,"Stückelbergstrasse 4, 9000 St. Gallen",restaurant,Waffenplatz,47.4176514,9.3592457
4002068897,"Stückelbergstrasse 4, 9000 St. Gallen",parking,n/a,47.4160182,9.3553586
4002068897,"Stückelbergstrasse 4, 9000 St. Gallen",pharmacy,West Apotheke,47.4193664,9.354612
4002068897,"Stückelbergstrasse 4, 9000 St. Gallen",fast_food,Sushi Plus,47.4193242,9.3539837
4002068897,"Stückelbergstrasse 4, 9000 St. Gallen",restaurant,Habibi,47.4189819,9.3532119
4002068897,"Stückelbergstrasse 4, 9000 St. Gallen",bar,Boa,47.4194702,9.3549309
4002068897,"Stückelbergstrasse 4, 9000 St. Gallen",restaurant,Ritter,47.4154323,9.3605102
4002068897,"Stückelbergstrasse 4, 9000 St. Gallen",cafe,Lachen,47.4190569,9.3534579
4002068897,"Stückelbergstrasse 4, 9000 St. Gallen",fast_food,Ethno Cafe,47.4185543,9.3523992
4002068897,"Stückelbergstrasse 4, 9000 St. Gallen",restaurant,Piccola,47.4186131,9.3524952
4002068567,"Pfäffikonerstrasse 16, 8834 Schindellegi",restaurant,Restaurant zum Hirschen,47.1745996,8.7117871
4002068567,"Pfäffikonerstrasse 16, 8834 Schindellegi",bank,Schwyzer Kantonalbank,47.1759745,8.7103706
4002068567,"Pfäffikonerstrasse 16, 8834 Schindellegi",atm,n/a,47.1763635,8.7101272
4002068567,"Pfäffikonerstrasse 16, 8834 Schindellegi",restaurant,Etzel Kebab Pi̇zzeri̇a,47.1746058,8.712526
4002067781,"Grünrain 7, 6026 Rain",atm,Valiant,47.1267752,8.2522449
4002067473,"Steinacherrain 5, 6232 Geuensee",parking,n/a,47.1987138,8.1096806
4002067473,"Steinacherrain 5, 6232 Geuensee",restaurant,Pizzeria Stromboli,47.1979326,8.1091572
4002067473,"Steinacherrain 5, 6232 Geuensee",bar,Eddy's Cafe Bar,47.198185,8.109015
4002067473,"Steinacherrain 5, 6232 Geuensee",parking,n/a,47.1992993,8.1062378
4002067473,"Steinacherrain 5, 6232 Geuensee",bank,Raiffeisen,47.1982797,8.1088065
4002067473,"Steinacherrain 5, 6232 Geuensee",atm,n/a,47.1983134,8.1088275
4002066827,"Püntenstrasse 18, 8184 Bachenbülach",parking,n/a,47.5031039,8.5452084
4002066827,"Püntenstrasse 18, 8184 Bachenbülach",restaurant,San Marco,47.5037865,8.5464341
4002066827,"Püntenstrasse 18, 8184 Bachenbülach",restaurant,Zum Freihof,47.5030653,8.5455342
4002066827,"Püntenstrasse 18, 8184 Bachenbülach",parking,n/a,47.5035979,8.5468663
4002066827,"Püntenstrasse 18, 8184 Bachenbülach",parking,n/a,47.5032722,8.5448438
4002066394,"Fischerhäuserstrasse 7, 8200 Schaffhausen",parking,Parkhaus Stricki (P3),47.6950937,8.6383564
4002066394,"Fischerhäuserstrasse 7, 8200 Schaffhausen",restaurant,Güterhof,47.6955227,8.6412581
4002066394,"Fischerhäuserstrasse 7, 8200 Schaffhausen",parking,n/a,47.692488,8.6434378
4002066394,"Fischerhäuserstrasse 7, 8200 Schaffhausen",restaurant,Sommerlust,47.6946173,8.6473018
4002066394,"Fischerhäuserstrasse 7, 8200 Schaffhausen",restaurant,Little Italy,47.6958151,8.6405621
4002066394,"Fischerhäuserstrasse 7, 8200 Schaffhausen",bar,Joy's XS Bistro-Bar,47.6955811,8.638551
4002066394,"Fischerhäuserstrasse 7, 8200 Schaffhausen",restaurant,Lemongrass,47.6959464,8.6389063
4002066394,"Fischerhäuserstrasse 7, 8200 Schaffhausen",restaurant,Casanova,47.6956995,8.6397655
4002066394,"Fischerhäuserstrasse 7, 8200 Schaffhausen",restaurant,Romana,47.6958656,8.6395698
4002066394,"Fischerhäuserstrasse 7, 8200 Schaffhausen",restaurant,Schäfli,47.6957247,8.6392532
4002066394,"Fischerhäuserstrasse 7, 8200 Schaffhausen",bar,Antikquelle,47.6957651,8.6386871
4002066394,"Fischerhäuserstrasse 7, 8200 Schaffhausen",pharmacy,Unterstadt-Apotheke & Post,47.6957809,8.6403009
4002066394,"Fischerhäuserstrasse 7, 8200 Schaffhausen",cafe,Gelateria El Bertin,47.695748,8.6396928
4002066394,"Fischerhäuserstrasse 7, 8200 Schaffhausen",bus_station,Rhyfallexpress zum Rheinfall,47.6955651,8.6408977
4002066394,"Fischerhäuserstrasse 7, 8200 Schaffhausen",cafe,n/a,47.6953794,8.6445429
4002066394,"Fischerhäuserstrasse 7, 8200 Schaffhausen",parking,n/a,47.6945138,8.6467512
4002066394,"Fischerhäuserstrasse 7, 8200 Schaffhausen",atm,Postfinance,47.6955032,8.6403454
4002066394,"Fischerhäuserstrasse 7, 8200 Schaffhausen",restaurant,Engel,47.6933601,8.6409738
4002066394,"Fischerhäuserstrasse 7, 8200 Schaffhausen",bar,Meier's Pool,47.6954432,8.6398764
4002066394,"Fischerhäuserstrasse 7, 8200 Schaffhausen",fast_food,Sababa Food,47.6955864,8.6398566
4002066394,"Fischerhäuserstrasse 7, 8200 Schaffhausen",restaurant,Munotblick,47.6941369,8.641508
4002066394,"Fischerhäuserstrasse 7, 8200 Schaffhausen",cafe,The_Ke,47.6959477,8.6387788
4002066394,"Fischerhäuserstrasse 7, 8200 Schaffhausen",pharmacy,Volksapotheke zum Zitronenbaum,47.695815,8.6388949
4002066394,"Fischerhäuserstrasse 7, 8200 Schaffhausen",restaurant,AL ANDALUS,47.6957833,8.6392091
4002066394,"Fischerhäuserstrasse 7, 8200 Schaffhausen",cafe,station16,47.6958349,8.6396749
4002066394,"Fischerhäuserstrasse 7, 8200 Schaffhausen",cafe,Café am Rheinquai,47.6953761,8.6423408
4002066349,"Bergstrasse 10, 8735 St. Gallenkappel",restaurant,Restaurant Waldegg,47.2432362,8.9596027
4002066349,"Bergstrasse 10, 8735 St. Gallenkappel",parking,n/a,47.2438373,8.9600836
4002064906,"Bahnhofplatz 1, 8802 Kilchberg",bank,Bank Thalwil,47.3233567,8.5487892
4002064906,"Bahnhofplatz 1, 8802 Kilchberg",restaurant,Restaurant Ochsen Michael,47.3226601,8.5491711
4002064906,"Bahnhofplatz 1, 8802 Kilchberg",atm,Zürcher Kantonalbank,47.3242612,8.5480919
4002064906,"Bahnhofplatz 1, 8802 Kilchberg",pharmacy,Bahnhof-Apotheke,47.3241085,8.5484968
4002064906,"Bahnhofplatz 1, 8802 Kilchberg",cafe,Kafi Känzig,47.3235876,8.5486712
4002064906,"Bahnhofplatz 1, 8802 Kilchberg",clinic,Dr. med. Annemarie Koch-Holch & Dr. med. James Koch,47.3244424,8.5480809
4002064689,"Frohsinnweg 3, 6314 Unterägeri",restaurant,La Corona,47.1374908,8.5846995
4002064689,"Frohsinnweg 3, 6314 Unterägeri",bank,Raiffeisen,47.1377977,8.5810076
4002064689,"Frohsinnweg 3, 6314 Unterägeri",restaurant,Lindenhof,47.1359193,8.5849028
4002064689,"Frohsinnweg 3, 6314 Unterägeri",library,Bibliothek Ägerital,47.1375098,8.5833274
4002064689,"Frohsinnweg 3, 6314 Unterägeri",cafe,Zumbach,47.1374223,8.5853139
4002064689,"Frohsinnweg 3, 6314 Unterägeri",restaurant,Ägerihof,47.1371525,8.5844143
4002064689,"Frohsinnweg 3, 6314 Unterägeri",school,Acher,47.1390848,8.5827302
4002064689,"Frohsinnweg 3, 6314 Unterägeri",parking,Aegeritalcenter,47.1384444,8.5786459
4002064689,"Frohsinnweg 3, 6314 Unterägeri",parking,Aegerihalle,47.1382199,8.581237
4002064689,"Frohsinnweg 3, 6314 Unterägeri",cafe,Dorf Café,47.1371463,8.5842447
4002064689,"Frohsinnweg 3, 6314 Unterägeri",fast_food,Ägeri Kebap Haus,47.1370128,8.5838258
4002064689,"Frohsinnweg 3, 6314 Unterägeri",bar,Downtown Lorze Bar,47.1369384,8.5830603
4002064689,"Frohsinnweg 3, 6314 Unterägeri",bar,Passebartout,47.1379968,8.5786389
4002064689,"Frohsinnweg 3, 6314 Unterägeri",bank,Zuger Kantonalbank,47.13783,8.5805106
4002064689,"Frohsinnweg 3, 6314 Unterägeri",cafe,Cafe Brändle,47.1374536,8.5817191
4002064689,"Frohsinnweg 3, 6314 Unterägeri",pub,JugendPub,47.1369688,8.5846982
4002064689,"Frohsinnweg 3, 6314 Unterägeri",pharmacy,Amavita,47.1382235,8.5795196
4002064689,"Frohsinnweg 3, 6314 Unterägeri",cafe,Zumbach,47.1380387,8.5795173
4002064689,"Frohsinnweg 3, 6314 Unterägeri",restaurant,Peking Ente,47.1371025,8.5840763
4002064689,"Frohsinnweg 3, 6314 Unterägeri",restaurant,Chilli House,47.1373527,8.5832241
4002064689,"Frohsinnweg 3, 6314 Unterägeri",restaurant,Pizzeria Ägeri Post,47.1374053,8.5826942
4002064689,"Frohsinnweg 3, 6314 Unterägeri",pharmacy,Drogerie Hermann,47.1379227,8.5810692
4002064689,"Frohsinnweg 3, 6314 Unterägeri",cafe,Clubhaus SC Frosch Aegeri Wasserball,47.1363329,8.5881361
4002064689,"Frohsinnweg 3, 6314 Unterägeri",parking,n/a,47.1371888,8.5846487
4002064689,"Frohsinnweg 3, 6314 Unterägeri",cafe,Ägeri Eis,47.1372203,8.5839862
4002064402,"Baarerstrasse 125, 6300 Zug",restaurant,Magnum,47.1773196,8.5177708
4002064402,"Baarerstrasse 125, 6300 Zug",restaurant,Han,47.1756915,8.5171271
4002064402,"Baarerstrasse 125, 6300 Zug",parking,n/a,47.1828748,8.5215587
4002064402,"Baarerstrasse 125, 6300 Zug",pub,Chicago,47.1762157,8.5168823
4002064402,"Baarerstrasse 125, 6300 Zug",restaurant,Oh! Curry,47.1804715,8.5125827
4002064402,"Baarerstrasse 125, 6300 Zug",bar,eleven Bar,47.1772062,8.5182138
4002064402,"Baarerstrasse 125, 6300 Zug",restaurant,Lieblings Salat,47.1776904,8.5179287
4002064402,"Baarerstrasse 125, 6300 Zug",cafe,niente,47.1804722,8.5187853
4002064402,"Baarerstrasse 125, 6300 Zug",cafe,Hotz Rust,47.1778884,8.5183324
4002064402,"Baarerstrasse 125, 6300 Zug",restaurant,The Station,47.1770731,8.5177129
4002064402,"Baarerstrasse 125, 6300 Zug",restaurant,Lokal97,47.178342,8.5180983
4002064402,"Baarerstrasse 125, 6300 Zug",restaurant,Aki,47.1813528,8.5189609
4002064402,"Baarerstrasse 125, 6300 Zug",restaurant,Olivo,47.1762829,8.5174286
4002064402,"Baarerstrasse 125, 6300 Zug",bar,Cé La Vi,47.1755687,8.5176109
4002064402,"Baarerstrasse 125, 6300 Zug",fast_food,Dailypizza,47.1781386,8.5180189
4002064402,"Baarerstrasse 125, 6300 Zug",restaurant,Golden Dragon,47.1842507,8.5203938
4002061838,"Schulhausstrasse 17, 5106 Veltheim AG",restaurant,Bären Veltheim,47.4367814,8.1475347
4002059733,"Engelwiese 5, 8913 Ottenbach",restaurant,Restaurant Othli,47.2805087,8.4041036
4002059733,"Engelwiese 5, 8913 Ottenbach",restaurant,Catia's Restaurant Funk,47.2807029,8.4031391
4002059733,"Engelwiese 5, 8913 Ottenbach",library,Bibliothek Ottenbach,47.2806068,8.4046804
4002059469,"Via alle Vigne 8, 6963 Lugano",pub,Formula 1,46.0175693,8.9643096
4002059469,"Via alle Vigne 8, 6963 Lugano",pharmacy,Farmacia Bozzoreda,46.0221584,8.9665371
4002059469,"Via alle Vigne 8, 6963 Lugano",restaurant,La Civetta,46.0203932,8.9651438
4002059469,"Via alle Vigne 8, 6963 Lugano",pharmacy,Farmacia Pregassona,46.0194498,8.9650003
4002059469,"Via alle Vigne 8, 6963 Lugano",restaurant,La locanda di Emilio,46.0199938,8.9686227
4002059469,"Via alle Vigne 8, 6963 Lugano",restaurant,Ristorante-Pizzeria del Sole,46.0197405,8.9736515
4002059469,"Via alle Vigne 8, 6963 Lugano",clinic,Clinica Viarnetto,46.0199735,8.9652586
4002059469,"Via alle Vigne 8, 6963 Lugano",fast_food,Kebab da zio,46.0208922,8.9655194
4002059469,"Via alle Vigne 8, 6963 Lugano",pharmacy,Farmacia Contrada dei Patrizi,46.0212865,8.9663781
4002059462,"Naphtastrasse 10, 8005 Zürich",bank,Zürcher Kantonalbank,47.3859984,8.5174066
4002059462,"Naphtastrasse 10, 8005 Zürich",bar,Clouds,47.3860207,8.5171884
4002059462,"Naphtastrasse 10, 8005 Zürich",bar,Hotel Rivington & Sons,47.3862839,8.5174558
4002059462,"Naphtastrasse 10, 8005 Zürich",bar,Divid,47.3882798,8.514258
4002059462,"Naphtastrasse 10, 8005 Zürich",restaurant,Equinox,47.3880703,8.5141661
4002059462,"Naphtastrasse 10, 8005 Zürich",bar,Lucid,47.3880868,8.5144267
4002059462,"Naphtastrasse 10, 8005 Zürich",cafe,Steiner,47.3875211,8.5147311
4002059462,"Naphtastrasse 10, 8005 Zürich",bar,novotelcafe,47.3891581,8.5166796
4002059462,"Naphtastrasse 10, 8005 Zürich",restaurant,The Flave,47.3890946,8.5168772
4002059462,"Naphtastrasse 10, 8005 Zürich",restaurant,Lilly Jo,47.3882232,8.5176146
4002059462,"Naphtastrasse 10, 8005 Zürich",atm,Zürcher Kantonalbank,47.3860553,8.5174367
4002059462,"Naphtastrasse 10, 8005 Zürich",school,Schule Pfingstweid,47.3875218,8.5157604
4002059462,"Naphtastrasse 10, 8005 Zürich",restaurant,EY Restaurant Platform,47.3859677,8.5161972
4002059462,"Naphtastrasse 10, 8005 Zürich",atm,Postfinance,47.3882664,8.514877
4002059462,"Naphtastrasse 10, 8005 Zürich",cafe,Starbucks,47.3876483,8.5174879
4002059462,"Naphtastrasse 10, 8005 Zürich",restaurant,Clouds,47.3860799,8.5171898
4002059462,"Naphtastrasse 10, 8005 Zürich",bar,Mäx Club,47.3867082,8.5171685
4002059462,"Naphtastrasse 10, 8005 Zürich",restaurant,roots,47.3873149,8.5171254
4002059462,"Naphtastrasse 10, 8005 Zürich",school,FPZ Freie Primarschule Zürich,47.3895094,8.5156582
4002059462,"Naphtastrasse 10, 8005 Zürich",bar,k2,47.3865085,8.5164968
4002059462,"Naphtastrasse 10, 8005 Zürich",restaurant,Ooki Temporary,47.3863109,8.5169496
4002059045,"Dorfstrasse 22, 8906 Bonstetten",restaurant,Bäckerei-Café Betschart,47.3153841,8.4682427
4002059045,"Dorfstrasse 22, 8906 Bonstetten",restaurant,Restaurant Linde,47.3147558,8.4690237
4002059045,"Dorfstrasse 22, 8906 Bonstetten",fast_food,Pizza Kurier Falcone,47.3138189,8.4666311
4002058754,"Via Consiglio Mezzano 40, 6644 Orselina",cafe,Cecchettin,46.1764473,8.7945632
4002058754,"Via Consiglio Mezzano 40, 6644 Orselina",parking,n/a,46.1770255,8.7959014
4002058754,"Via Consiglio Mezzano 40, 6644 Orselina",library,Biblioteca del Santuario della Madonna del Sasso,46.1754229,8.7935609
4002058754,"Via Consiglio Mezzano 40, 6644 Orselina",clinic,Clinica Fondazione Varini,46.1775397,8.799939
4002057921,"Fälimattstrasse 4, 5735 Pfeffikon LU",bar,Bränte Bar,47.2490423,8.1789332
4002055053,"Im Schachenhof 21A, 8906 Bonstetten",parking,Zentrum Heumoos (Garage),47.3244244,8.4693004
4002055053,"Im Schachenhof 21A, 8906 Bonstetten",pharmacy,TopPharm,47.3241321,8.4692539
4002055053,"Im Schachenhof 21A, 8906 Bonstetten",parking,n/a,47.3237258,8.4686583
4002055053,"Im Schachenhof 21A, 8906 Bonstetten",parking,n/a,47.3248466,8.4690492
4002055053,"Im Schachenhof 21A, 8906 Bonstetten",atm,Zürcher Kantonalbank,47.3257507,8.4725945
4002055053,"Im Schachenhof 21A, 8906 Bonstetten",fast_food,Bangkok Take Away,47.3277316,8.4702596
4002054477,"Ala Brüga 15, 6593 Cadenazzo",restaurant,Ristorante Al Ponte,46.1522025,8.9493151
4002054431,"Route de Sion 81, 3960 Sierre",pharmacy,Amavita,46.2904884,7.525137
4002054431,"Route de Sion 81, 3960 Sierre",restaurant,Restaurant des Liddes,46.2895537,7.5241516
4002054431,"Route de Sion 81, 3960 Sierre",restaurant,Le Pigalle,46.2890448,7.5226325
4002054431,"Route de Sion 81, 3960 Sierre",bar,Le Domino,46.2902178,7.5253358
4002054431,"Route de Sion 81, 3960 Sierre",library,Bibliothèque de l'Ecole cantonale d'art du Valais,46.2912471,7.5209819
4002054431,"Route de Sion 81, 3960 Sierre",parking,n/a,46.2814269,7.5139629
4002054431,"Route de Sion 81, 3960 Sierre",parking,n/a,46.2810886,7.5127476
4002054431,"Route de Sion 81, 3960 Sierre",parking,n/a,46.2842403,7.5161854
4002054431,"Route de Sion 81, 3960 Sierre",restaurant,Le Sporting,46.287308,7.5252864
4002054431,"Route de Sion 81, 3960 Sierre",cafe,Café des Noyers,46.2913283,7.5230644
4002054431,"Route de Sion 81, 3960 Sierre",restaurant,Manora,46.2825775,7.511205
4002054431,"Route de Sion 81, 3960 Sierre",parking,n/a,46.2909545,7.522607
4002054431,"Route de Sion 81, 3960 Sierre",parking,n/a,46.2893531,7.5179131
4002054431,"Route de Sion 81, 3960 Sierre",parking,n/a,46.2889658,7.5178085
4002054431,"Route de Sion 81, 3960 Sierre",parking,n/a,46.2875377,7.5182323
4002054431,"Route de Sion 81, 3960 Sierre",restaurant,A Table,46.2877311,7.5208975
4002054431,"Route de Sion 81, 3960 Sierre",parking,n/a,46.2876817,7.5204554
4002054431,"Route de Sion 81, 3960 Sierre",parking,n/a,46.2902222,7.5197513
4002054431,"Route de Sion 81, 3960 Sierre",pharmacy,Sun Store,46.2815599,7.5134416
4002054431,"Route de Sion 81, 3960 Sierre",restaurant,Centro Espanol,46.2855164,7.5216341
4002054431,"Route de Sion 81, 3960 Sierre",parking,n/a,46.2899251,7.5253901
4002054431,"Route de Sion 81, 3960 Sierre",parking,n/a,46.2809942,7.5103437
4002054431,"Route de Sion 81, 3960 Sierre",parking,n/a,46.2804695,7.5099152
4002054431,"Route de Sion 81, 3960 Sierre",restaurant,Sushi Zen,46.2823738,7.5112035
4002054431,"Route de Sion 81, 3960 Sierre",pharmacy,Sun Store,46.2825577,7.5117749
4002054431,"Route de Sion 81, 3960 Sierre",atm,n/a,46.2823884,7.5111225
4002054430,"Isenbachweg 8, 8906 Bonstetten",restaurant,Bäckerei-Café Betschart,47.3153841,8.4682427
4002054430,"Isenbachweg 8, 8906 Bonstetten",restaurant,Restaurant Linde,47.3147558,8.4690237
4002053071,"Hungerbachweg 40, 4125 Riehen",parking,n/a,47.5870821,7.6576659
4002052099,"Via Ponte Vecchio 6, 6807 Taverne",parking,n/a,46.0646194,8.9333466
4002052099,"Via Ponte Vecchio 6, 6807 Taverne",pharmacy,Farmacia Taverne,46.0618267,8.9296449
4002052099,"Via Ponte Vecchio 6, 6807 Taverne",parking,posteggio,46.0613944,8.9293569
4002052099,"Via Ponte Vecchio 6, 6807 Taverne",restaurant,Staglio - La pizza al taglio,46.0600429,8.9303108
4002052099,"Via Ponte Vecchio 6, 6807 Taverne",restaurant,Motto del Gallo,46.0641059,8.9293976
4002051978,"Hürststrasse 60, 8046 Zürich",restaurant,Nœrd Kantine,47.4136106,8.5336274
4002051978,"Hürststrasse 60, 8046 Zürich",parking,n/a,47.4129099,8.5261707
4002051765,"Gartenstrasse 2a, 8910 Affoltern am Albis",bank,Zürcher Kantonalbank,47.2763147,8.4479209
4002051765,"Gartenstrasse 2a, 8910 Affoltern am Albis",restaurant,Papaya,47.2775894,8.4544117
4002051765,"Gartenstrasse 2a, 8910 Affoltern am Albis",pub,CQ Bar,47.2753274,8.4465467
4002051765,"Gartenstrasse 2a, 8910 Affoltern am Albis",pharmacy,Medbase Apotheke Affoltern a.A.,47.2783643,8.452964
4002051765,"Gartenstrasse 2a, 8910 Affoltern am Albis",bank,Raiffeisen,47.2750954,8.4460442
4002051765,"Gartenstrasse 2a, 8910 Affoltern am Albis",atm,n/a,47.2760842,8.4475203
4002051765,"Gartenstrasse 2a, 8910 Affoltern am Albis",atm,n/a,47.2763477,8.4479678
4002051765,"Gartenstrasse 2a, 8910 Affoltern am Albis",pub,roots,47.2770365,8.4510941
4002051765,"Gartenstrasse 2a, 8910 Affoltern am Albis",cafe,Café Casino,47.2771225,8.4504906
4002051765,"Gartenstrasse 2a, 8910 Affoltern am Albis",parking,n/a,47.2767568,8.4513424
4002051765,"Gartenstrasse 2a, 8910 Affoltern am Albis",pharmacy,Amavita,47.2771659,8.449761
4002051765,"Gartenstrasse 2a, 8910 Affoltern am Albis",restaurant,Central,47.2787122,8.4543929
4002051765,"Gartenstrasse 2a, 8910 Affoltern am Albis",parking,n/a,47.2779006,8.4534805
4002051765,"Gartenstrasse 2a, 8910 Affoltern am Albis",restaurant,Stella,47.2774921,8.4537046
4002051765,"Gartenstrasse 2a, 8910 Affoltern am Albis",cafe,Bistro Frosch,47.2752567,8.4568795
4002051765,"Gartenstrasse 2a, 8910 Affoltern am Albis",pharmacy,Vitalis,47.2743473,8.4463494
4002051765,"Gartenstrasse 2a, 8910 Affoltern am Albis",bank,Credit Suisse,47.2762189,8.4509401
4002051765,"Gartenstrasse 2a, 8910 Affoltern am Albis",bank,PostFinance,47.2759254,8.4478018
4002051765,"Gartenstrasse 2a, 8910 Affoltern am Albis",parking,n/a,47.277444,8.4529562
4002051765,"Gartenstrasse 2a, 8910 Affoltern am Albis",cafe,Momenti di Dolcezza,47.2765251,8.451965
4002051765,"Gartenstrasse 2a, 8910 Affoltern am Albis",cafe,Babas Cup,47.278539,8.4537117
4002051765,"Gartenstrasse 2a, 8910 Affoltern am Albis",restaurant,Albis Treff,47.276728,8.4516379
4002051568,"Chemin Du Devin 47c, 1012 Lausanne",parking,n/a,46.5312086,6.6517861
4002051568,"Chemin Du Devin 47c, 1012 Lausanne",parking,n/a,46.531182,6.6518164
4002051568,"Chemin Du Devin 47c, 1012 Lausanne",parking,n/a,46.5311032,6.6519281
4002051568,"Chemin Du Devin 47c, 1012 Lausanne",parking,n/a,46.5314019,6.6524828
4002051568,"Chemin Du Devin 47c, 1012 Lausanne",parking,n/a,46.5316027,6.652361
4002051405,"Rue du Petit-St-Jean 5, 1003 Lausanne",bank,Banque Migros,46.5201679,6.6309046
4002051405,"Rue du Petit-St-Jean 5, 1003 Lausanne",pub,Les Brasseurs,46.5205975,6.6325842
4002051405,"Rue du Petit-St-Jean 5, 1003 Lausanne",pub,Le Central,46.5207642,6.6320286
4002051405,"Rue du Petit-St-Jean 5, 1003 Lausanne",cafe,Loxton,46.5210346,6.6333454
4002051405,"Rue du Petit-St-Jean 5, 1003 Lausanne",atm,n/a,46.5209637,6.6326629
4002051405,"Rue du Petit-St-Jean 5, 1003 Lausanne",bar,Les Grandes Roches,46.521448,6.6358996
4002051405,"Rue du Petit-St-Jean 5, 1003 Lausanne",restaurant,Le cinq,46.5209843,6.6329685
4002051405,"Rue du Petit-St-Jean 5, 1003 Lausanne",restaurant,Holy Cow,46.5201863,6.6363424
4002051405,"Rue du Petit-St-Jean 5, 1003 Lausanne",restaurant,Café des Artisans,46.5207479,6.6343606
4002051405,"Rue du Petit-St-Jean 5, 1003 Lausanne",restaurant,Le P'tit Central,46.520896,6.6330015
4002051405,"Rue du Petit-St-Jean 5, 1003 Lausanne",atm,n/a,46.5203363,6.6303649
4002051405,"Rue du Petit-St-Jean 5, 1003 Lausanne",atm,n/a,46.5200715,6.6302927
4002051405,"Rue du Petit-St-Jean 5, 1003 Lausanne",cafe,The Hideaway,46.5209344,6.6364752
4002051405,"Rue du Petit-St-Jean 5, 1003 Lausanne",cafe,R Cha,46.5214858,6.6320717
4002051405,"Rue du Petit-St-Jean 5, 1003 Lausanne",bar,The Rockies,46.5201705,6.6362501
4002051405,"Rue du Petit-St-Jean 5, 1003 Lausanne",pub,Mc Carthy's,46.5213697,6.6323014
4002051405,"Rue du Petit-St-Jean 5, 1003 Lausanne",fast_food,Ma-jong,46.5199743,6.6311589
4002051405,"Rue du Petit-St-Jean 5, 1003 Lausanne",fast_food,Sushi Zen,46.5202703,6.6305491
4002051405,"Rue du Petit-St-Jean 5, 1003 Lausanne",restaurant,Bar Tapas,46.5204497,6.6350251
4002051405,"Rue du Petit-St-Jean 5, 1003 Lausanne",cafe,Kony Bubble Tea Taïwan,46.5200076,6.6307372
4002051405,"Rue du Petit-St-Jean 5, 1003 Lausanne",cafe,Café du Pont,46.5211155,6.6329693
4002051405,"Rue du Petit-St-Jean 5, 1003 Lausanne",restaurant,Le Byblos,46.5208008,6.6361854
4002051405,"Rue du Petit-St-Jean 5, 1003 Lausanne",pharmacy,Metro Flon Pharmacie,46.5202985,6.630288
4002051405,"Rue du Petit-St-Jean 5, 1003 Lausanne",atm,n/a,46.5203299,6.6304119
4002051405,"Rue du Petit-St-Jean 5, 1003 Lausanne",restaurant,My Sandwiches,46.5223726,6.6369932
4002051405,"Rue du Petit-St-Jean 5, 1003 Lausanne",restaurant,Pz pizza,46.5212465,6.6318007
4002051405,"Rue du Petit-St-Jean 5, 1003 Lausanne",restaurant,Atelier des Gourmands,46.5215555,6.6342187
4002051405,"Rue du Petit-St-Jean 5, 1003 Lausanne",bar,On va où?,46.5206413,6.6354897
4002051405,"Rue du Petit-St-Jean 5, 1003 Lausanne",bar,Le Perroquet,46.52072,6.6347906
4002051405,"Rue du Petit-St-Jean 5, 1003 Lausanne",restaurant,Chinatown,46.5212252,6.6321118
4002051405,"Rue du Petit-St-Jean 5, 1003 Lausanne",bar,Ōmi,46.521208,6.6321479
4002051405,"Rue du Petit-St-Jean 5, 1003 Lausanne",atm,n/a,46.5203119,6.6305484
4002051405,"Rue du Petit-St-Jean 5, 1003 Lausanne",restaurant,Il Corso,46.5200623,6.635374
4002051405,"Rue du Petit-St-Jean 5, 1003 Lausanne",restaurant,La Grappe D’or,46.5207425,6.6364527
4002051405,"Rue du Petit-St-Jean 5, 1003 Lausanne",bar,MadHouse,46.520291,6.6301185
4002051405,"Rue du Petit-St-Jean 5, 1003 Lausanne",restaurant,L'arrosoir,46.5210646,6.634921
4002051405,"Rue du Petit-St-Jean 5, 1003 Lausanne",fast_food,Prince d'Egypte,46.5210841,6.6346874
4002051405,"Rue du Petit-St-Jean 5, 1003 Lausanne",cafe,Café Louve,46.5212683,6.6323482
4002051405,"Rue du Petit-St-Jean 5, 1003 Lausanne",cafe,Bluebird Café,46.521051,6.6356043
4002051405,"Rue du Petit-St-Jean 5, 1003 Lausanne",restaurant,Fook Moon,46.5223366,6.6368223
4002051405,"Rue du Petit-St-Jean 5, 1003 Lausanne",pub,Café des philosophes,46.5212754,6.6325327
4002051405,"Rue du Petit-St-Jean 5, 1003 Lausanne",restaurant,Mexicana,46.5207131,6.6321157
4002051405,"Rue du Petit-St-Jean 5, 1003 Lausanne",bank,Raiffeisen,46.5208996,6.6288035
4002051405,"Rue du Petit-St-Jean 5, 1003 Lausanne",fast_food,Brezelkönig,46.5200451,6.6303695
4002051405,"Rue du Petit-St-Jean 5, 1003 Lausanne",bar,Le Cali,46.5199259,6.6315929
4002051405,"Rue du Petit-St-Jean 5, 1003 Lausanne",restaurant,L'Appart,46.5200485,6.6355735
4002051405,"Rue du Petit-St-Jean 5, 1003 Lausanne",restaurant,Perbacco,46.5206317,6.6358099
4002051405,"Rue du Petit-St-Jean 5, 1003 Lausanne",restaurant,L'Echo,46.5204048,6.6345589
4002051405,"Rue du Petit-St-Jean 5, 1003 Lausanne",restaurant,Black Luna,46.520368,6.6299406
4002051405,"Rue du Petit-St-Jean 5, 1003 Lausanne",fast_food,Haiku x Smache,46.5206014,6.635168
4002051405,"Rue du Petit-St-Jean 5, 1003 Lausanne",bar,Loxton,46.5211838,6.63331
4002050199,"Quai du Seujet 14, 1201 Genève",parking,Parking du Seujet,46.2045325,6.1346785
4002050199,"Quai du Seujet 14, 1201 Genève",school,École du Seujet,46.2057173,6.1374756
4002050199,"Quai du Seujet 14, 1201 Genève",restaurant,Yukiguni,46.206316,6.1397579
4002050199,"Quai du Seujet 14, 1201 Genève",restaurant,Yamba,46.2024776,6.1312271
4002050199,"Quai du Seujet 14, 1201 Genève",bank,L’EFG Bank,46.2048991,6.1349585
4002050199,"Quai du Seujet 14, 1201 Genève",cafe,Café Gavroche,46.2061589,6.1397863
4002050199,"Quai du Seujet 14, 1201 Genève",restaurant,Il Punto,46.2064644,6.1402217
4002050199,"Quai du Seujet 14, 1201 Genève",restaurant,Rodeo Grill,46.2053648,6.1354272
4002050199,"Quai du Seujet 14, 1201 Genève",cafe,L'Quai,46.2054465,6.1356915
4002050199,"Quai du Seujet 14, 1201 Genève",restaurant,Le Paradis,46.2054609,6.1419829
4002050199,"Quai du Seujet 14, 1201 Genève",restaurant,Mo Bar,46.2055758,6.1407286
4002050199,"Quai du Seujet 14, 1201 Genève",restaurant,L'Etna,46.2052587,6.1353911
4002050199,"Quai du Seujet 14, 1201 Genève",restaurant,La réplique,46.2062781,6.1405983
4002050199,"Quai du Seujet 14, 1201 Genève",restaurant,n/a,46.2062353,6.1412758
4002050199,"Quai du Seujet 14, 1201 Genève",restaurant,Restô Beirut,46.2063942,6.1413661
4002050199,"Quai du Seujet 14, 1201 Genève",bar,Le Lagoon,46.2063392,6.1415958
4002050199,"Quai du Seujet 14, 1201 Genève",cafe,Corde,46.2064664,6.142129
4002050199,"Quai du Seujet 14, 1201 Genève",pub,Brasserie du commerce,46.2025822,6.1319096
4002050199,"Quai du Seujet 14, 1201 Genève",restaurant,SACHI,46.2056599,6.1414975
4002049785,"Hofwiesenweg 5, 8405 Winterthur",bank,Zürcher Kantonalbank,47.4844208,8.7598959
4002049785,"Hofwiesenweg 5, 8405 Winterthur",parking,n/a,47.4833662,8.7556086
4002049785,"Hofwiesenweg 5, 8405 Winterthur",parking,n/a,47.4838172,8.755557
4002049785,"Hofwiesenweg 5, 8405 Winterthur",parking,n/a,47.4847321,8.7556731
4002049785,"Hofwiesenweg 5, 8405 Winterthur",parking,n/a,47.484998,8.7553469
4002049785,"Hofwiesenweg 5, 8405 Winterthur",parking,n/a,47.4852927,8.7562722
4002049785,"Hofwiesenweg 5, 8405 Winterthur",parking,n/a,47.4859684,8.7555791
4002049785,"Hofwiesenweg 5, 8405 Winterthur",parking,n/a,47.4833928,8.7601269
4002049785,"Hofwiesenweg 5, 8405 Winterthur",restaurant,Restaurant Kafi Burehus,47.4866133,8.7594559
4002049785,"Hofwiesenweg 5, 8405 Winterthur",cafe,Café Restaurant Urban,47.4882213,8.7590845
4002049785,"Hofwiesenweg 5, 8405 Winterthur",fast_food,Take Away Seen,47.4837102,8.7606874
4002049785,"Hofwiesenweg 5, 8405 Winterthur",bar,Jimmy’s Bar,47.483154,8.7609805
4002049785,"Hofwiesenweg 5, 8405 Winterthur",pub,Krone Pub,47.483071,8.7610753
4002049785,"Hofwiesenweg 5, 8405 Winterthur",parking,n/a,47.4828941,8.7621569
4002049785,"Hofwiesenweg 5, 8405 Winterthur",restaurant,Top 1,47.4837338,8.7601794
4002049785,"Hofwiesenweg 5, 8405 Winterthur",restaurant,Ginger Haus,47.4842096,8.7597043
4002049471,"Frankengasse 25, 8001 Zürich",restaurant,Bei Moudi am Kunsthaus,47.3707349,8.5479863
4002049471,"Frankengasse 25, 8001 Zürich",restaurant,Kantorei,47.3724275,8.5455328
4002049471,"Frankengasse 25, 8001 Zürich",restaurant,zum Grünen Glas,47.3715334,8.5457722
4002049471,"Frankengasse 25, 8001 Zürich",parking,n/a,47.3706752,8.5484952
4002049471,"Frankengasse 25, 8001 Zürich",cafe,Cafe Neumärt,47.372784,8.546731
4002049471,"Frankengasse 25, 8001 Zürich",restaurant,Santa Lucia,47.3700945,8.5491025
4002049471,"Frankengasse 25, 8001 Zürich",bank,Lienhardt & Partner Privatbank Zürich,47.3683966,8.5468627
4002049471,"Frankengasse 25, 8001 Zürich",school,Freie Evangelische Schule Zürich,47.3686105,8.5462762
4002049471,"Frankengasse 25, 8001 Zürich",pharmacy,Pfauen-Apotheke,47.3706294,8.5496573
4002049471,"Frankengasse 25, 8001 Zürich",library,Baugeschichtliches Archiv,47.372393,8.5457593
4002049471,"Frankengasse 25, 8001 Zürich",restaurant,Mensa Rämi 59,47.3720996,8.5498961
4002049471,"Frankengasse 25, 8001 Zürich",library,Bibliothek Ostasien,47.3722457,8.5501786
4002049471,"Frankengasse 25, 8001 Zürich",library,Kunsthaus Bibliothek,47.3698909,8.5482874
4002049471,"Frankengasse 25, 8001 Zürich",restaurant,Mori Ramen,47.3703532,8.549533
4002049471,"Frankengasse 25, 8001 Zürich",restaurant,Chiffon,47.3725629,8.5477206
4002049471,"Frankengasse 25, 8001 Zürich",bar,Kunsthaus Bar,47.3707857,8.549135
4002049471,"Frankengasse 25, 8001 Zürich",restaurant,Soi Thai,47.3684091,8.5478024
4002049471,"Frankengasse 25, 8001 Zürich",restaurant,Hirschli,47.3708839,8.5463951
4002049471,"Frankengasse 25, 8001 Zürich",fast_food,Marronistand,47.3703523,8.5487701
4002048472,"Hauptstrasse 20, 8246 Langwiesen",school,Schule Langwiesen,47.6843961,8.661784
4002048472,"Hauptstrasse 20, 8246 Langwiesen",restaurant,Paradies,47.6852624,8.6747052
4002048104,"Im Grossacher 38, 5622 Waltenschwil",restaurant,Café Golf,47.3314143,8.282285
4002047744,"Rue de Lyon 61bis, 1203 Genève",restaurant,Pizzeria les Tilleuls,46.2058099,6.1311533
4002047744,"Rue de Lyon 61bis, 1203 Genève",parking,Planète-Charmilles,46.2080361,6.1245643
4002047744,"Rue de Lyon 61bis, 1203 Genève",restaurant,La Limite,46.2064678,6.1301205
4002047744,"Rue de Lyon 61bis, 1203 Genève",pharmacy,Pharmacie de la Dôle,46.2074676,6.130493
4002047744,"Rue de Lyon 61bis, 1203 Genève",pharmacy,Pharmacie Populaire Voltaire,46.2084003,6.1355691
4002047744,"Rue de Lyon 61bis, 1203 Genève",restaurant,Mr. Pal,46.208272,6.1286696
4002047744,"Rue de Lyon 61bis, 1203 Genève",pharmacy,Pharmacie Populaire Charmilles,46.2081577,6.1274194
4002047744,"Rue de Lyon 61bis, 1203 Genève",restaurant,Morena Bar,46.2086095,6.1266677
4002047744,"Rue de Lyon 61bis, 1203 Genève",restaurant,Brasserie Nouvelle,46.2087213,6.125645
4002047744,"Rue de Lyon 61bis, 1203 Genève",bar,Cave 12,46.2092807,6.1355163
4002047744,"Rue de Lyon 61bis, 1203 Genève",cafe,Le Mérit,46.2089663,6.1325307
4002047744,"Rue de Lyon 61bis, 1203 Genève",restaurant,Bella Vita,46.2086113,6.1317972
4002047744,"Rue de Lyon 61bis, 1203 Genève",restaurant,Fujiyama Restaurant,46.2087403,6.1336793
4002047744,"Rue de Lyon 61bis, 1203 Genève",bar,Poolmania Super Bock,46.2085491,6.133344
4002047744,"Rue de Lyon 61bis, 1203 Genève",cafe,Chez Quartier,46.2081688,6.1364414
4002047744,"Rue de Lyon 61bis, 1203 Genève",restaurant,La Gazelle d'Or (Restaurant Erythréen),46.2086127,6.1330424
4002047744,"Rue de Lyon 61bis, 1203 Genève",restaurant,Le Paradis,46.2061647,6.132514
4002047744,"Rue de Lyon 61bis, 1203 Genève",pharmacy,Pharmacie de l'Île verte,46.2086008,6.1313716
4002047744,"Rue de Lyon 61bis, 1203 Genève",restaurant,Le Chat Rouge,46.2080939,6.1356179
4002047744,"Rue de Lyon 61bis, 1203 Genève",fast_food,Pastradwich,46.2083522,6.1341191
4002047744,"Rue de Lyon 61bis, 1203 Genève",cafe,Entre Nous,46.2073067,6.1299849
4002047744,"Rue de Lyon 61bis, 1203 Genève",school,ortra santé social,46.2068311,6.1301644
4002047744,"Rue de Lyon 61bis, 1203 Genève",library,Bibliothèque du Musée Voltaire,46.2076895,6.1332947
4002047744,"Rue de Lyon 61bis, 1203 Genève",restaurant,Café de Charmilles,46.2076878,6.1276386
4002047744,"Rue de Lyon 61bis, 1203 Genève",cafe,Mel's thai,46.2085849,6.1314479
4002047744,"Rue de Lyon 61bis, 1203 Genève",atm,UBS,46.2081629,6.1243524
4002047744,"Rue de Lyon 61bis, 1203 Genève",restaurant,Spinella,46.209457,6.1345913
4002047744,"Rue de Lyon 61bis, 1203 Genève",restaurant,Dunas Café,46.2092381,6.1346466
4002047744,"Rue de Lyon 61bis, 1203 Genève",restaurant,Le Liotard,46.2094832,6.1338311
4002047744,"Rue de Lyon 61bis, 1203 Genève",restaurant,Calia,46.2081871,6.1262279
4002047744,"Rue de Lyon 61bis, 1203 Genève",fast_food,Deniz,46.2081141,6.1351112
4002047744,"Rue de Lyon 61bis, 1203 Genève",bar,My Cafe Bar,46.2091785,6.1267653
4002047744,"Rue de Lyon 61bis, 1203 Genève",restaurant,Almeida's Cafe - Restaurant,46.2098302,6.1338676
4002047744,"Rue de Lyon 61bis, 1203 Genève",bank,Universervices,46.2095563,6.1345048
4002047744,"Rue de Lyon 61bis, 1203 Genève",bar,Lion's bar,46.2094225,6.1223551
4002047744,"Rue de Lyon 61bis, 1203 Genève",cafe,Subarashii Manga Café,46.2081217,6.1257207
4002047744,"Rue de Lyon 61bis, 1203 Genève",fast_food,Orale,46.2080781,6.1357987
4002047744,"Rue de Lyon 61bis, 1203 Genève",cafe,Le Refuge,46.2085129,6.1361463
4002047744,"Rue de Lyon 61bis, 1203 Genève",fast_food,The Tacos Factory,46.2081384,6.1366224
4002047744,"Rue de Lyon 61bis, 1203 Genève",fast_food,Restaurant Kebap,46.2082341,6.1361618
4002047744,"Rue de Lyon 61bis, 1203 Genève",fast_food,Pizza Cotto,46.2082567,6.1360555
4002047744,"Rue de Lyon 61bis, 1203 Genève",fast_food,Silver Kebab,46.2082421,6.1278904
4002047744,"Rue de Lyon 61bis, 1203 Genève",restaurant,Maison Marani,46.2076953,6.1238542
4002047404,"Steinhaldenweg 4, 8590 Romanshorn",parking,n/a,47.5716939,9.3703143
4002046383,"Hochstrasse 307, 8200 Schaffhausen",restaurant,"Sandlöchli, TTM Gastro",47.716743,8.6481386
4002046383,"Hochstrasse 307, 8200 Schaffhausen",parking,n/a,47.718611,8.6508098
4002044163,"Feldeckstrasse 13, 2502 Biel/Bienne",fast_food,Borgia,47.1464835,7.2550439
4002044163,"Feldeckstrasse 13, 2502 Biel/Bienne",restaurant,Sotto Sopra,47.1466758,7.2547438
4002044163,"Feldeckstrasse 13, 2502 Biel/Bienne",cafe,Café Faro,47.1434431,7.2508311
4002044163,"Feldeckstrasse 13, 2502 Biel/Bienne",restaurant,Pizzeria Merkur,47.1444054,7.2572251
4002044163,"Feldeckstrasse 13, 2502 Biel/Bienne",cafe,Boulangerie & Konditorei Gurzelen,47.1445824,7.25765
4002044163,"Feldeckstrasse 13, 2502 Biel/Bienne",restaurant,Culinary Artists,47.1476732,7.2569878
4002044163,"Feldeckstrasse 13, 2502 Biel/Bienne",fast_food,Euro Pizza,47.144415,7.2604367
4002044163,"Feldeckstrasse 13, 2502 Biel/Bienne",restaurant,SOSUSHI,47.1446845,7.2575071
4002042588,"Werftstrasse 1, 9320 Arbon",bar,Bistro Turm,47.5166106,9.4332844
4002042588,"Werftstrasse 1, 9320 Arbon",parking,n/a,47.5136676,9.4326027
4002042588,"Werftstrasse 1, 9320 Arbon",parking,Rosengarten,47.5136562,9.4325358
4002042588,"Werftstrasse 1, 9320 Arbon",bar,Obertor,47.5160579,9.4341919
4002042588,"Werftstrasse 1, 9320 Arbon",atm,n/a,47.5159708,9.4336579
4002042588,"Werftstrasse 1, 9320 Arbon",restaurant,I Cugini,47.5155657,9.4342897
4002042588,"Werftstrasse 1, 9320 Arbon",parking,n/a,47.5195442,9.4196928
4002042588,"Werftstrasse 1, 9320 Arbon",parking,n/a,47.515338,9.4314776
4002042588,"Werftstrasse 1, 9320 Arbon",parking,n/a,47.5159788,9.4312448
4002042588,"Werftstrasse 1, 9320 Arbon",parking,n/a,47.5200631,9.4209664
4002042588,"Werftstrasse 1, 9320 Arbon",parking,n/a,47.5195284,9.4191285
4002040397,"Rue du Lac 138, 1815 Clarens",restaurant,L'Ermitage,46.4394459,6.8929804
4002040397,"Rue du Lac 138, 1815 Clarens",bank,Banque Cantonale Vaudoise,46.4412477,6.8934455
4002040397,"Rue du Lac 138, 1815 Clarens",pharmacy,Pharmacie de Clarens,46.4412879,6.8932309
4002040397,"Rue du Lac 138, 1815 Clarens",restaurant,L'Harmonie,46.4410051,6.8927508
4002040397,"Rue du Lac 138, 1815 Clarens",pharmacy,Sun Store,46.4411599,6.8929332
4002040397,"Rue du Lac 138, 1815 Clarens",restaurant,Chez Thoa,46.4404494,6.8936779
4002040397,"Rue du Lac 138, 1815 Clarens",cafe,Le Duc,46.4414952,6.8916764
4002039929,"Zur Stahlgiesserei 5, 8200 Schaffhausen",restaurant,Brasserie Zikade,47.6994947,8.6325886
4002039929,"Zur Stahlgiesserei 5, 8200 Schaffhausen",restaurant,Bull & Bonito,47.6992222,8.6317983
4002039929,"Zur Stahlgiesserei 5, 8200 Schaffhausen",restaurant,Khawa,47.7037097,8.6304461
4002039929,"Zur Stahlgiesserei 5, 8200 Schaffhausen",parking,Parkhaus Diana,47.6995789,8.6325696
4002039929,"Zur Stahlgiesserei 5, 8200 Schaffhausen",fast_food,Al Beek,47.7012695,8.6300671
4002039929,"Zur Stahlgiesserei 5, 8200 Schaffhausen",bar,Nachbar,47.7037001,8.6300309
4002038841,"Niesenstrasse 9, 3700 Spiez",pharmacy,Niesen-Apotheke,46.6895732,7.6762506
4002038841,"Niesenstrasse 9, 3700 Spiez",bank,n/a,46.6895169,7.6767065
4002038841,"Niesenstrasse 9, 3700 Spiez",pharmacy,Dropa Drogerie-Apotheke,46.6892919,7.6770295
4002038841,"Niesenstrasse 9, 3700 Spiez",restaurant,Spiezer pizza express take away,46.6899976,7.6748776
4002038841,"Niesenstrasse 9, 3700 Spiez",restaurant,Mey's Thai,46.6894426,7.6760302
4002038841,"Niesenstrasse 9, 3700 Spiez",restaurant,Mia Osteria & Pizzeria,46.6899858,7.6746199
4002038841,"Niesenstrasse 9, 3700 Spiez",bar,Rox Music Bar,46.6897211,7.6747937
4002038841,"Niesenstrasse 9, 3700 Spiez",restaurant,Napoli Pizza Spiez,46.6903081,7.6689185
4002038373,"Flühstrasse 15, 4114 Hofstetten SO",bank,Raiffeisenbank Leimental,47.475674,7.5170393
4002038373,"Flühstrasse 15, 4114 Hofstetten SO",school,Primarschule Hofstetten,47.4769957,7.5161601
4002036023,"Haldenweidstrasse 6, 8309 Nürensdorf",parking,n/a,47.458482,8.6341967
4002034708,"Zürichstrasse 10A, 8340 Hinwil",atm,Zürcher Kantonalbank,47.3016519,8.8432967
4002034708,"Zürichstrasse 10A, 8340 Hinwil",atm,Post,47.3003696,8.8413283
4002034708,"Zürichstrasse 10A, 8340 Hinwil",restaurant,Freihof,47.3020449,8.8433849
4002034708,"Zürichstrasse 10A, 8340 Hinwil",cafe,Hiwi Cafe,47.2991534,8.8373986
4002034708,"Zürichstrasse 10A, 8340 Hinwil",pharmacy,Drogerie Flückiger,47.299228,8.8375475
4002034708,"Zürichstrasse 10A, 8340 Hinwil",parking,ZKB,47.3014527,8.8433224
4002034708,"Zürichstrasse 10A, 8340 Hinwil",library,Mediothek,47.3003352,8.8423714
4002034708,"Zürichstrasse 10A, 8340 Hinwil",restaurant,Vecchia Posta,47.3024368,8.843914
4002034708,"Zürichstrasse 10A, 8340 Hinwil",atm,Clientis,47.2998706,8.8404646
4002034708,"Zürichstrasse 10A, 8340 Hinwil",restaurant,Pizzeria Zentrum,47.3008134,8.8427708
4002034708,"Zürichstrasse 10A, 8340 Hinwil",cafe,Laezzacaffe,47.3009853,8.8366374
4002034708,"Zürichstrasse 10A, 8340 Hinwil",pharmacy,TopPharm,47.3032289,8.8408128
4002034708,"Zürichstrasse 10A, 8340 Hinwil",parking,n/a,47.302182,8.8418703
4002034708,"Zürichstrasse 10A, 8340 Hinwil",bank,Zürcher Kantonalbank,47.3015951,8.8432143
4002034708,"Zürichstrasse 10A, 8340 Hinwil",bank,Bank Avera,47.2999321,8.8404018
4002034708,"Zürichstrasse 10A, 8340 Hinwil",fast_food,Mek Döner,47.302854,8.8419795
4002034708,"Zürichstrasse 10A, 8340 Hinwil",pharmacy,APODRO Apotheke,47.3008387,8.8429643
4002034708,"Zürichstrasse 10A, 8340 Hinwil",cafe,Bistro Dolci Bottega,47.3006866,8.844416
4002034708,"Zürichstrasse 10A, 8340 Hinwil",bar,Wattä Chäller,47.3028873,8.8424465
4002034708,"Zürichstrasse 10A, 8340 Hinwil",parking,n/a,47.3021518,8.844524
4002034708,"Zürichstrasse 10A, 8340 Hinwil",bank,Raiffeisen,47.300302,8.8400988
4002034708,"Zürichstrasse 10A, 8340 Hinwil",parking,n/a,47.3029644,8.8399198
4002034708,"Zürichstrasse 10A, 8340 Hinwil",parking,n/a,47.3024909,8.8394699
4002034708,"Zürichstrasse 10A, 8340 Hinwil",parking,n/a,47.3011105,8.8430572
4002034708,"Zürichstrasse 10A, 8340 Hinwil",restaurant,Bro's Foodfactory,47.3036132,8.8328628
4002034708,"Zürichstrasse 10A, 8340 Hinwil",parking,n/a,47.2997336,8.8409238
4002034708,"Zürichstrasse 10A, 8340 Hinwil",parking,n/a,47.2997977,8.8422291
4002034708,"Zürichstrasse 10A, 8340 Hinwil",parking,n/a,47.2992336,8.8435289
4002034708,"Zürichstrasse 10A, 8340 Hinwil",parking,n/a,47.2997065,8.8440034
4002034708,"Zürichstrasse 10A, 8340 Hinwil",parking,n/a,47.3000542,8.8473385
4002034708,"Zürichstrasse 10A, 8340 Hinwil",parking,n/a,47.2984269,8.8411773
4002031456,"Ch. de la Milice 9, 1228 Plan-les-Ouates",parking,n/a,46.168722,6.1214581
4002026606,"Via Bellavista 1, 6949 Comano",parking,Prospò,46.0370919,8.9545595
4002026606,"Via Bellavista 1, 6949 Comano",restaurant,Centro,46.0364615,8.9548878
4002026606,"Via Bellavista 1, 6949 Comano",parking,Privato,46.0382551,8.9561108
4002026606,"Via Bellavista 1, 6949 Comano",restaurant,Osteria della Posta,46.0357121,8.9550152
4002024874,"Im Feldacher 22, 8320 Fehraltorf",pub,Zeppelin Pub,47.3851651,8.7586502
4002024874,"Im Feldacher 22, 8320 Fehraltorf",bank,Zürcher Kantonalbank,47.3864277,8.7554427
4002024874,"Im Feldacher 22, 8320 Fehraltorf",restaurant,ZEPP Restaurant Bar Lounge,47.3851019,8.7587691
4002024874,"Im Feldacher 22, 8320 Fehraltorf",atm,n/a,47.3865121,8.7553334
4002024738,"Viale 1814 11, 6512 Bellinzona",bar,Bar Cima Piazza,46.1706981,9.0111971
4002024738,"Viale 1814 11, 6512 Bellinzona",restaurant,"Ristorante Del ""Moro""",46.1722536,9.0095665
4002024738,"Viale 1814 11, 6512 Bellinzona",restaurant,Millefiori,46.173616,9.0060268
4002024738,"Viale 1814 11, 6512 Bellinzona",parking,Via San Giobbe,46.1728407,9.0085824
4002024738,"Viale 1814 11, 6512 Bellinzona",parking,Del Moro,46.1724901,9.0093427
4002024738,"Viale 1814 11, 6512 Bellinzona",pharmacy,Farmacia Cugini SA,46.1727801,9.0107199
4002024738,"Viale 1814 11, 6512 Bellinzona",cafe,Country Boy,46.1725454,9.0096622
4002024738,"Viale 1814 11, 6512 Bellinzona",bank,BancaStato,46.1726923,9.0105322
4002024738,"Viale 1814 11, 6512 Bellinzona",pharmacy,Farmacia Pedrazzetti SA,46.1725716,9.0098743
4002024738,"Viale 1814 11, 6512 Bellinzona",restaurant,Ristorante & Pizzeria San Giobbe,46.1725308,9.0084598
4002024738,"Viale 1814 11, 6512 Bellinzona",cafe,Snack Bar Ideal,46.1743276,9.008976
4002024738,"Viale 1814 11, 6512 Bellinzona",restaurant,Camoghè,46.1736912,9.0039389
4002024738,"Viale 1814 11, 6512 Bellinzona",restaurant,Ristorante Sole,46.1734384,9.0104047
4002024738,"Viale 1814 11, 6512 Bellinzona",restaurant,Mr. Joe City,46.1737636,9.0040439
4002024738,"Viale 1814 11, 6512 Bellinzona",cafe,Bar del Borgo,46.1728384,9.0110185
4002024738,"Viale 1814 11, 6512 Bellinzona",restaurant,Da Lina,46.1731108,9.0114399
4002024738,"Viale 1814 11, 6512 Bellinzona",bar,Bar Sefi,46.1719751,9.0097437
4002024738,"Viale 1814 11, 6512 Bellinzona",restaurant,Osteria Cima Piazza,46.1706977,9.0112076
4002024738,"Viale 1814 11, 6512 Bellinzona",fast_food,Burgerella E,46.170753,9.0103963
4002024738,"Viale 1814 11, 6512 Bellinzona",bar,tredici,46.1709607,9.0102375
4002024738,"Viale 1814 11, 6512 Bellinzona",fast_food,Pizzarella,46.1709153,9.0102819
4002023569,"Im Chratz 2, 8158 Regensberg",restaurant,Gasthof Kurt,47.4823699,8.4366244
4002023569,"Im Chratz 2, 8158 Regensberg",restaurant,Krone,47.482692,8.4390169
4002023569,"Im Chratz 2, 8158 Regensberg",cafe,Inlinea,47.4823555,8.4371167
4002023036,"Schuetzenweg 24, 9470 Buchs SG",school,La Nave,47.1521701,9.4779111
4002023036,"Schuetzenweg 24, 9470 Buchs SG",restaurant,n/a,47.1538948,9.4748131
4002023036,"Schuetzenweg 24, 9470 Buchs SG",parking,n/a,47.159139,9.4737182
4002023036,"Schuetzenweg 24, 9470 Buchs SG",parking,n/a,47.1613571,9.4753269
4002023036,"Schuetzenweg 24, 9470 Buchs SG",parking,n/a,47.1598567,9.4773903
4002023036,"Schuetzenweg 24, 9470 Buchs SG",parking,n/a,47.1539966,9.4802089
4002023036,"Schuetzenweg 24, 9470 Buchs SG",parking,n/a,47.1554891,9.4790012
4002023036,"Schuetzenweg 24, 9470 Buchs SG",parking,n/a,47.1555168,9.4797085
4002023036,"Schuetzenweg 24, 9470 Buchs SG",parking,n/a,47.1554924,9.4795786
4002023036,"Schuetzenweg 24, 9470 Buchs SG",parking,n/a,47.1555215,9.4798379
4002023036,"Schuetzenweg 24, 9470 Buchs SG",parking,n/a,47.1557292,9.4791016
4002023036,"Schuetzenweg 24, 9470 Buchs SG",parking,n/a,47.1563568,9.4793105
4002023036,"Schuetzenweg 24, 9470 Buchs SG",parking,n/a,47.1563588,9.4782837
4002023036,"Schuetzenweg 24, 9470 Buchs SG",parking,n/a,47.155413,9.4766068
4002023036,"Schuetzenweg 24, 9470 Buchs SG",parking,n/a,47.1592294,9.4776766
4002017920,"Amerikanerstrasse 36, 4102 Binningen",school,Spiegelfeld,47.5325725,7.5673548
4002017920,"Amerikanerstrasse 36, 4102 Binningen",school,Musikschule Binningen-Bottmingen,47.5395199,7.5739703
4002017920,"Amerikanerstrasse 36, 4102 Binningen",parking,n/a,47.5396871,7.5744347
4002017920,"Amerikanerstrasse 36, 4102 Binningen",pharmacy,Kronen-Apotheke,47.5374436,7.5714245
4002017920,"Amerikanerstrasse 36, 4102 Binningen",bar,Highspeed Music Bar,47.5367883,7.5717556
4002017920,"Amerikanerstrasse 36, 4102 Binningen",cafe,cent-treize,47.5384687,7.5719622
4002017920,"Amerikanerstrasse 36, 4102 Binningen",restaurant,Jagerstübli,47.5390237,7.572172
4002017920,"Amerikanerstrasse 36, 4102 Binningen",bank,UBS,47.5374691,7.5713196
4002017920,"Amerikanerstrasse 36, 4102 Binningen",restaurant,Schlüssel,47.5393467,7.5749371
4002017920,"Amerikanerstrasse 36, 4102 Binningen",restaurant,n/a,47.5333551,7.5710137
4002017920,"Amerikanerstrasse 36, 4102 Binningen",restaurant,Sushi Tenzan,47.5374314,7.5755457
4002017920,"Amerikanerstrasse 36, 4102 Binningen",restaurant,Krone,47.5379517,7.5715103
4002017920,"Amerikanerstrasse 36, 4102 Binningen",restaurant,Restaurant Schloss Binningen,47.5367723,7.5745771
4002017920,"Amerikanerstrasse 36, 4102 Binningen",parking,n/a,47.5324901,7.5724205
4002017920,"Amerikanerstrasse 36, 4102 Binningen",pharmacy,Sun Store,47.5325493,7.5726012
4002017613,"Bahnhofstrasse 47, 4900 Langenthal",restaurant,Dogan’s Langenthal,47.2168301,7.7850914
4002017613,"Bahnhofstrasse 47, 4900 Langenthal",pharmacy,Amavita,47.2143563,7.7842392
4002017613,"Bahnhofstrasse 47, 4900 Langenthal",atm,Postomat,47.2165829,7.7851636
4002017613,"Bahnhofstrasse 47, 4900 Langenthal",parking,Parkhaus Brauihof,47.2129603,7.7863707
4002017613,"Bahnhofstrasse 47, 4900 Langenthal",atm,n/a,47.2172263,7.7848966
4002017613,"Bahnhofstrasse 47, 4900 Langenthal",cafe,Caffè Spettacolo,47.2172305,7.7847584
4002017613,"Bahnhofstrasse 47, 4900 Langenthal",restaurant,Migros Restaurant,47.214234,7.784581
4002017613,"Bahnhofstrasse 47, 4900 Langenthal",restaurant,Restaurant zur alten Post,47.2132426,7.7883885
4002017613,"Bahnhofstrasse 47, 4900 Langenthal",parking,Parkhaus Migros Aare,47.2141464,7.78391
4002017613,"Bahnhofstrasse 47, 4900 Langenthal",parking,n/a,47.2164543,7.7847291
4002017613,"Bahnhofstrasse 47, 4900 Langenthal",restaurant,Braui,47.2132996,7.7871932
4002017613,"Bahnhofstrasse 47, 4900 Langenthal",cafe,Phoenix,47.2127319,7.7874512
4002017613,"Bahnhofstrasse 47, 4900 Langenthal",bank,Clientis Bank Oberaargau,47.2144988,7.78704
4002017613,"Bahnhofstrasse 47, 4900 Langenthal",cafe,Kaffee-Fabrik,47.2135387,7.7872459
4002017613,"Bahnhofstrasse 47, 4900 Langenthal",restaurant,NongNang Thai Take Away,47.2135049,7.7883444
4002017613,"Bahnhofstrasse 47, 4900 Langenthal",restaurant,Mi Casita,47.2134075,7.7875732
4002016199,"Goldschlägistrasse 14, 8952 Schlieren",parking,n/a,47.3962369,8.4391407
4002016199,"Goldschlägistrasse 14, 8952 Schlieren",restaurant,Sabor,47.3972017,8.439591
4002016199,"Goldschlägistrasse 14, 8952 Schlieren",restaurant,San Gennaro,47.3959661,8.4388901
4002016199,"Goldschlägistrasse 14, 8952 Schlieren",fast_food,Sini's Kebap Huus,47.3993905,8.4407129
4002016199,"Goldschlägistrasse 14, 8952 Schlieren",fast_food,The Memo's,47.3960227,8.4387935
4002015281,"Nordstrasse 34, 8200 Schaffhausen",atm,Schaffhauser Kantonalbank,47.6999951,8.626022
4002015281,"Nordstrasse 34, 8200 Schaffhausen",restaurant,Schützenhaus,47.6997923,8.6265911
4002015281,"Nordstrasse 34, 8200 Schaffhausen",cafe,Cafeteria Altersheim Steig,47.6979106,8.6258738
4002015281,"Nordstrasse 34, 8200 Schaffhausen",cafe,Randenstübli,47.7047094,8.6199092
4002015281,"Nordstrasse 34, 8200 Schaffhausen",restaurant,Spielvi,47.6999925,8.6256757
4002015001,"Gundeldingerstrasse 462, 4053 Basel",restaurant,Viertel-Kreis,47.5370825,7.6039023
4002014784,"Stöcklen 30, 6344 Meierskappel",restaurant,Restaurant Strauss,47.1248598,8.4443773
4002013547,"Rebweg 11, 8174 Stadel b. Niederglatt",restaurant,Pöstli,47.5278432,8.4671117
4002013547,"Rebweg 11, 8174 Stadel b. Niederglatt",restaurant,Brauerei,47.5268593,8.4686758
4002013547,"Rebweg 11, 8174 Stadel b. Niederglatt",atm,n/a,47.5282629,8.4665837
4002013339,"Brömliackerweg 12, 5303 Würenlingen",cafe,Schneider,47.5203584,8.243065
4002013339,"Brömliackerweg 12, 5303 Würenlingen",parking,n/a,47.5202516,8.2427747
4002013339,"Brömliackerweg 12, 5303 Würenlingen",pharmacy,Coop Vitality,47.5252542,8.2442263
4002013339,"Brömliackerweg 12, 5303 Würenlingen",restaurant,Coop Restaurant,47.5254157,8.2445999
4002013339,"Brömliackerweg 12, 5303 Würenlingen",restaurant,Kuhgässli,47.5256796,8.2451091
4002009665,"Ringstrasse 20, 8600 Dübendorf",restaurant,Schumacher Bistro,47.3983442,8.5993968
4002009665,"Ringstrasse 20, 8600 Dübendorf",restaurant,Fresh Tastes,47.3980508,8.6003745
4002005603,"Rämpferstrasse 8, 8834 Schindellegi",restaurant,Sihlegg,47.1844949,8.7096824
4002003864,"Rathausgässli 7, 5600 Lenzburg",restaurant,Ochsen,47.3855895,8.180665
4002003864,"Rathausgässli 7, 5600 Lenzburg",pub,McArthur's Pub,47.3879427,8.1798932
4002003864,"Rathausgässli 7, 5600 Lenzburg",bar,Art Cigar,47.3875165,8.1798543
4002003864,"Rathausgässli 7, 5600 Lenzburg",pharmacy,TopPharm Löwen Apotheke,47.3871173,8.1810714
4002003864,"Rathausgässli 7, 5600 Lenzburg",restaurant,Hirschen,47.3872723,8.1812016
4002003864,"Rathausgässli 7, 5600 Lenzburg",library,Stadtbibliothek Lenzburg,47.387092,8.1793214
4002003864,"Rathausgässli 7, 5600 Lenzburg",cafe,Vicolo,47.3875636,8.1795214
4002003864,"Rathausgässli 7, 5600 Lenzburg",restaurant,s'Bärli,47.3873353,8.1808778
4002003864,"Rathausgässli 7, 5600 Lenzburg",restaurant,Restaurant Rosmarin,47.3874567,8.1808406
4002003864,"Rathausgässli 7, 5600 Lenzburg",fast_food,Thongschai,47.3874307,8.1796262
4002003864,"Rathausgässli 7, 5600 Lenzburg",cafe,Rathaus-Café,47.3871758,8.1807177
4002003864,"Rathausgässli 7, 5600 Lenzburg",atm,n/a,47.3858425,8.1821262
4002003864,"Rathausgässli 7, 5600 Lenzburg",restaurant,Sunsaravanas,47.3874073,8.1813446
4002003864,"Rathausgässli 7, 5600 Lenzburg",restaurant,Duo,47.3874702,8.1801463
4002002711,"Bettingerstrasse 116, 4125 Riehen",cafe,Dolce Vita,47.5827883,7.6475895
4002002711,"Bettingerstrasse 116, 4125 Riehen",atm,n/a,47.5833093,7.6517571
4002002711,"Bettingerstrasse 116, 4125 Riehen",atm,n/a,47.5834262,7.6518237
4002002711,"Bettingerstrasse 116, 4125 Riehen",library,Bibliothek Dorf,47.5829869,7.6483057
4002001659,"Rindermarkt 12, 8001 Zürich",restaurant,Bei Moudi am Kunsthaus,47.3707349,8.5479863
4002001659,"Rindermarkt 12, 8001 Zürich",bar,Neumarkt,47.3725811,8.5456297
4002001659,"Rindermarkt 12, 8001 Zürich",restaurant,Kantorei,47.3724275,8.5455328
4002001659,"Rindermarkt 12, 8001 Zürich",restaurant,zum Grünen Glas,47.3715334,8.5457722
4002001659,"Rindermarkt 12, 8001 Zürich",parking,n/a,47.3706752,8.5484952
4002001659,"Rindermarkt 12, 8001 Zürich",pub,Oliver Twist Pub,47.3722957,8.544277
4002001659,"Rindermarkt 12, 8001 Zürich",restaurant,Bauern Schänke,47.3724243,8.5452101
4002001659,"Rindermarkt 12, 8001 Zürich",restaurant,Hôtel Bourbon,47.3716921,8.5446644
4002001659,"Rindermarkt 12, 8001 Zürich",restaurant,Öpfelchammer,47.3723465,8.5445758
4002001659,"Rindermarkt 12, 8001 Zürich",bar,hundertwein,47.3726057,8.545722
4002001659,"Rindermarkt 12, 8001 Zürich",library,Baugeschichtliches Archiv,47.372393,8.5457593
4002001659,"Rindermarkt 12, 8001 Zürich",library,Kunsthaus Bibliothek,47.3698909,8.5482874
4002001659,"Rindermarkt 12, 8001 Zürich",restaurant,Chiffon,47.3725629,8.5477206
4002001659,"Rindermarkt 12, 8001 Zürich",restaurant,Hirschli,47.3708839,8.5463951
4002001659,"Rindermarkt 12, 8001 Zürich",bar,Hôtel Bourbon at Turm,47.3717106,8.5447069
4002000737,"Rue Bourg-de-Four 23, 1170 Aubonne",restaurant,Hôtel-Restaurant du Commerce,46.494773,6.3917427
4002000737,"Rue Bourg-de-Four 23, 1170 Aubonne",library,Bibliothèque communale - section adulte,46.496072,6.391029
4002000737,"Rue Bourg-de-Four 23, 1170 Aubonne",library,Bibliothèque communale - section jeunesse,46.4960055,6.3902729
4002000737,"Rue Bourg-de-Four 23, 1170 Aubonne",restaurant,Njôrden Restaurant,46.4951939,6.3913812
4002000737,"Rue Bourg-de-Four 23, 1170 Aubonne",restaurant,n/a,46.4976875,6.3892939
4002000737,"Rue Bourg-de-Four 23, 1170 Aubonne",restaurant,Sulochna,46.4955711,6.3918328
4002000737,"Rue Bourg-de-Four 23, 1170 Aubonne",parking,n/a,46.4952357,6.3900642
4002000737,"Rue Bourg-de-Four 23, 1170 Aubonne",restaurant,Njørden Café,46.4949096,6.3912412
4002000737,"Rue Bourg-de-Four 23, 1170 Aubonne",atm,n/a,46.4950241,6.3909218
4002000737,"Rue Bourg-de-Four 23, 1170 Aubonne",pharmacy,PharmaciePlus du Marché,46.4952476,6.3912291
4001999942,"Hauptstrasse 76, 4148 Pfeffingen",restaurant,Rebstock,47.4602994,7.5900039
4001999942,"Hauptstrasse 76, 4148 Pfeffingen",parking,n/a,47.458161,7.5913503
4001999942,"Hauptstrasse 76, 4148 Pfeffingen",parking,Parkplatz Mehrzweckhalle,47.46092,7.5907921
4001999448,"Hardstrasse 14, 4127 Birsfelden",fast_food,Burger King,47.55339,7.622033
4001999448,"Hardstrasse 14, 4127 Birsfelden",pharmacy,TopPharm,47.5526283,7.6228669
4001999448,"Hardstrasse 14, 4127 Birsfelden",bank,Basellandschaftliche Kantonalbank,47.55297,7.623018
4001999448,"Hardstrasse 14, 4127 Birsfelden",cafe,Cafe Mesana,47.553231,7.622954
4001999448,"Hardstrasse 14, 4127 Birsfelden",parking,Coop,47.5528367,7.6215371
4001999448,"Hardstrasse 14, 4127 Birsfelden",restaurant,BONANZA 2,47.5524699,7.6237986
4001999448,"Hardstrasse 14, 4127 Birsfelden",restaurant,Luxor,47.5525595,7.6240178
4001999448,"Hardstrasse 14, 4127 Birsfelden",restaurant,Restaurant Hard,47.5482225,7.6299077
4001999448,"Hardstrasse 14, 4127 Birsfelden",bar,Roxy Bar,47.5516336,7.6236547
4001999448,"Hardstrasse 14, 4127 Birsfelden",cafe,Café Bar Santana,47.5511296,7.6241732
4001999448,"Hardstrasse 14, 4127 Birsfelden",restaurant,cafe flora mangia e bevi,47.5478024,7.6267679
4001999448,"Hardstrasse 14, 4127 Birsfelden",restaurant,Rebstock,47.5506791,7.6243472
4001999448,"Hardstrasse 14, 4127 Birsfelden",parking,n/a,47.5492549,7.625468
4001999448,"Hardstrasse 14, 4127 Birsfelden",library,Freizeit- und Schulbibliothek Birsfelden,47.5545342,7.6242584
4001999182,"Hegenheimerstrasse 86, 4055 Basel",restaurant,Strassburgerhof,47.5616632,7.5687611
4001999182,"Hegenheimerstrasse 86, 4055 Basel",cafe,Cafe Helvetia,47.5600912,7.5678475
4001999182,"Hegenheimerstrasse 86, 4055 Basel",atm,Postfinance,47.5629557,7.5721525
4001999182,"Hegenheimerstrasse 86, 4055 Basel",library,GGG Stadtbibliothek Basel West,47.557385,7.5682005
4001999182,"Hegenheimerstrasse 86, 4055 Basel",cafe,Kaffeekanne,47.5603846,7.5715119
4001999182,"Hegenheimerstrasse 86, 4055 Basel",pharmacy,Sonnen-Apotheke,47.5605396,7.5721886
4001999182,"Hegenheimerstrasse 86, 4055 Basel",cafe,Café Zum Goldige Velo,47.5615493,7.5663805
4001999182,"Hegenheimerstrasse 86, 4055 Basel",cafe,Kaphi,47.5593174,7.5735831
4001997261,"Gerlisbergstrasse 15, 8302 Kloten",library,Stadtbibliothek Kloten,47.4518212,8.5835226
4001997261,"Gerlisbergstrasse 15, 8302 Kloten",cafe,n/a,47.4524175,8.5835367
4001997261,"Gerlisbergstrasse 15, 8302 Kloten",restaurant,Flavour of India,47.4527496,8.5826918
4001997261,"Gerlisbergstrasse 15, 8302 Kloten",parking,n/a,47.4529915,8.5813308
4001997261,"Gerlisbergstrasse 15, 8302 Kloten",restaurant,Restaurant RIAS,47.4521382,8.5816182
4001997261,"Gerlisbergstrasse 15, 8302 Kloten",bank,Credit Suisse,47.4516497,8.5823554
4001997261,"Gerlisbergstrasse 15, 8302 Kloten",cafe,Jurt Cafe,47.4522512,8.5852377
4001993429,"Orbe 68, 1400 Yverdon-les-Bains",cafe,Kiosque chez Marcello,46.779649,6.6328428
4001993429,"Orbe 68, 1400 Yverdon-les-Bains",cafe,Bar à café Kristal,46.7798274,6.6329392
4001993429,"Orbe 68, 1400 Yverdon-les-Bains",cafe,Tea-Room Sorge,46.7799697,6.6337049
4001993429,"Orbe 68, 1400 Yverdon-les-Bains",cafe,Café Romand,46.7788713,6.6318896
4001993429,"Orbe 68, 1400 Yverdon-les-Bains",restaurant,Restaurant du châtelard,46.778277,6.6170632
4001993005,"Hauptstrasse 59, 6313 Edlibach",restaurant,Rössli,47.1782702,8.5898137
4001993005,"Hauptstrasse 59, 6313 Edlibach",parking,n/a,47.1786622,8.5872082
4001993005,"Hauptstrasse 59, 6313 Edlibach",restaurant,Restaurant Edlibacherhof,47.1826764,8.5702292
4001991999,"Kirchbodenstrasse 77, 8800 Thalwil",parking,n/a,47.2920725,8.5656397
4001991999,"Kirchbodenstrasse 77, 8800 Thalwil",restaurant,Al Franco,47.2929131,8.5662617
4001991999,"Kirchbodenstrasse 77, 8800 Thalwil",restaurant,Höfli,47.2939363,8.5673718
4001991999,"Kirchbodenstrasse 77, 8800 Thalwil",bank,Bank Thalwil,47.2945257,8.5651202
4001991999,"Kirchbodenstrasse 77, 8800 Thalwil",bank,Credit Suisse,47.2952423,8.5639426
4001991999,"Kirchbodenstrasse 77, 8800 Thalwil",bank,Raiffeisenbank Thalwil,47.2954029,8.564132
4001991999,"Kirchbodenstrasse 77, 8800 Thalwil",fast_food,Subway,47.2946705,8.5639783
4001991999,"Kirchbodenstrasse 77, 8800 Thalwil",bar,Krambi,47.289686,8.5690202
4001991999,"Kirchbodenstrasse 77, 8800 Thalwil",parking,Migros,47.294172,8.564963
4001991999,"Kirchbodenstrasse 77, 8800 Thalwil",parking,n/a,47.2916179,8.5650579
4001991999,"Kirchbodenstrasse 77, 8800 Thalwil",pharmacy,Central Apotheke Thalwil,47.2949154,8.5648496
4001991999,"Kirchbodenstrasse 77, 8800 Thalwil",parking,n/a,47.2908643,8.5654168
4001991999,"Kirchbodenstrasse 77, 8800 Thalwil",bank,Migros Bank,47.294517,8.5646303
4001991999,"Kirchbodenstrasse 77, 8800 Thalwil",parking,n/a,47.2904688,8.5677014
4001991999,"Kirchbodenstrasse 77, 8800 Thalwil",parking,n/a,47.2911151,8.5670837
4001991999,"Kirchbodenstrasse 77, 8800 Thalwil",parking,n/a,47.2931277,8.5643328
4001991999,"Kirchbodenstrasse 77, 8800 Thalwil",parking,n/a,47.2919122,8.5693993
4001991999,"Kirchbodenstrasse 77, 8800 Thalwil",pharmacy,Hirsig,47.2943147,8.5639178
4001991999,"Kirchbodenstrasse 77, 8800 Thalwil",atm,Valiant,47.2942306,8.5639104
4001991999,"Kirchbodenstrasse 77, 8800 Thalwil",parking,n/a,47.2866104,8.5711577
4001991999,"Kirchbodenstrasse 77, 8800 Thalwil",parking,n/a,47.2879214,8.5693399
4001991999,"Kirchbodenstrasse 77, 8800 Thalwil",restaurant,SAMA BEIRUT,47.294252,8.5648473
4001991999,"Kirchbodenstrasse 77, 8800 Thalwil",cafe,Thalvie,47.2959825,8.5657078
4001991999,"Kirchbodenstrasse 77, 8800 Thalwil",school,Schule globegarden Thalwil,47.2938434,8.5683967
4001991999,"Kirchbodenstrasse 77, 8800 Thalwil",cafe,n/a,47.2933022,8.5659878
4001991999,"Kirchbodenstrasse 77, 8800 Thalwil",fast_food,My Corner,47.2951203,8.5644776
4001991999,"Kirchbodenstrasse 77, 8800 Thalwil",restaurant,Ming Asian Kitchen,47.2936836,8.5665354
4001990553,"Alte Bahnhofstrasse 6, 5610 Wohlen AG",parking,Apotheke,47.3496109,8.2755864
4001990553,"Alte Bahnhofstrasse 6, 5610 Wohlen AG",bank,Aargauische Kantonalbank,47.3498838,8.2724629
4001990553,"Alte Bahnhofstrasse 6, 5610 Wohlen AG",atm,Aargauische Kantonalbank,47.3497661,8.2724446
4001990553,"Alte Bahnhofstrasse 6, 5610 Wohlen AG",bank,Neue Aargauer Bank,47.3499525,8.2737165
4001990553,"Alte Bahnhofstrasse 6, 5610 Wohlen AG",atm,n/a,47.3498903,8.2736961
4001990553,"Alte Bahnhofstrasse 6, 5610 Wohlen AG",cafe,Rüebliland Café,47.3514793,8.2762039
4001990553,"Alte Bahnhofstrasse 6, 5610 Wohlen AG",restaurant,Marco Polo,47.3512888,8.277006
4001990553,"Alte Bahnhofstrasse 6, 5610 Wohlen AG",fast_food,Subway,47.3504291,8.2713915
4001990553,"Alte Bahnhofstrasse 6, 5610 Wohlen AG",school,Schulzentrum Bünzmatt,47.3530936,8.2701967
4001990553,"Alte Bahnhofstrasse 6, 5610 Wohlen AG",bar,Zansibar,47.34996,8.2749188
4001990553,"Alte Bahnhofstrasse 6, 5610 Wohlen AG",pharmacy,Benu,47.3502754,8.2717362
4001990553,"Alte Bahnhofstrasse 6, 5610 Wohlen AG",restaurant,Migros Restaurant,47.3492532,8.2727599
4001990553,"Alte Bahnhofstrasse 6, 5610 Wohlen AG",cafe,Bank,47.3497847,8.2725666
4001990553,"Alte Bahnhofstrasse 6, 5610 Wohlen AG",restaurant,Testarossa,47.3500564,8.2689405
4001990553,"Alte Bahnhofstrasse 6, 5610 Wohlen AG",restaurant,Freiämterhof,47.3488318,8.2636922
4001990553,"Alte Bahnhofstrasse 6, 5610 Wohlen AG",pub,Piccadilly,47.3515461,8.2764835
4001990553,"Alte Bahnhofstrasse 6, 5610 Wohlen AG",restaurant,Trattoria Pizzeria Central,47.3500112,8.2746652
4001990553,"Alte Bahnhofstrasse 6, 5610 Wohlen AG",bank,Migros Bank,47.3491265,8.2715936
4001990553,"Alte Bahnhofstrasse 6, 5610 Wohlen AG",pharmacy,Dropa Hirsch Apotheke,47.3495889,8.272819
4001990553,"Alte Bahnhofstrasse 6, 5610 Wohlen AG",bank,Hypothekarbank Lenzburg,47.3492105,8.271862
4001990553,"Alte Bahnhofstrasse 6, 5610 Wohlen AG",atm,n/a,47.3492434,8.2719235
4001990553,"Alte Bahnhofstrasse 6, 5610 Wohlen AG",parking,n/a,47.3498584,8.2726839
4001990553,"Alte Bahnhofstrasse 6, 5610 Wohlen AG",atm,n/a,47.3499823,8.2729388
4001990553,"Alte Bahnhofstrasse 6, 5610 Wohlen AG",parking,n/a,47.3504486,8.2709459
4001990553,"Alte Bahnhofstrasse 6, 5610 Wohlen AG",bank,UBS,47.3500174,8.2729371
4001990553,"Alte Bahnhofstrasse 6, 5610 Wohlen AG",restaurant,Güpf,47.3511414,8.2714926
4001990553,"Alte Bahnhofstrasse 6, 5610 Wohlen AG",atm,n/a,47.3486439,8.2698134
4001990553,"Alte Bahnhofstrasse 6, 5610 Wohlen AG",pharmacy,Coop Vitality,47.3502049,8.2703125
4001990553,"Alte Bahnhofstrasse 6, 5610 Wohlen AG",restaurant,Venti Pizzeria,47.3488175,8.2701345
4001990553,"Alte Bahnhofstrasse 6, 5610 Wohlen AG",atm,n/a,47.3500093,8.2681481
4001990553,"Alte Bahnhofstrasse 6, 5610 Wohlen AG",bar,Sommerbar,47.3506209,8.2761442
4001990269,"Dorfplatz 2, 4142 Münchenstein",restaurant,Griechische Taverne,47.5121099,7.6210929
4001990269,"Dorfplatz 2, 4142 Münchenstein",restaurant,Restaurant Wintergarten,47.5104317,7.6210298
4001990269,"Dorfplatz 2, 4142 Münchenstein",restaurant,Restaurant Birseck,47.5123714,7.6175989
4001990269,"Dorfplatz 2, 4142 Münchenstein",restaurant,Dolce & Piccante,47.5118206,7.6190805
4001990269,"Dorfplatz 2, 4142 Münchenstein",restaurant,Hofmatt,47.5197475,7.6181012
4001990269,"Dorfplatz 2, 4142 Münchenstein",parking,n/a,47.5115809,7.6175571
4001987254,"Blockweg 8, 3007 Bern",bar,ZAR,46.9413943,7.4255092
4001985374,"Winkelbüel 2, 6043 Adligenswil",parking,n/a,47.071382,8.3770546
4001985374,"Winkelbüel 2, 6043 Adligenswil",parking,n/a,47.0718773,8.3784842
4001985374,"Winkelbüel 2, 6043 Adligenswil",parking,n/a,47.0727192,8.3796393
4001985374,"Winkelbüel 2, 6043 Adligenswil",parking,n/a,47.0727183,8.3794267
4001985374,"Winkelbüel 2, 6043 Adligenswil",parking,n/a,47.0724611,8.3788764
4001985374,"Winkelbüel 2, 6043 Adligenswil",parking,n/a,47.0724092,8.3785877
4001985374,"Winkelbüel 2, 6043 Adligenswil",parking,n/a,47.0722792,8.3786373
4001985374,"Winkelbüel 2, 6043 Adligenswil",parking,n/a,47.0720997,8.3783471
4001985374,"Winkelbüel 2, 6043 Adligenswil",parking,n/a,47.071922,8.3780989
4001985374,"Winkelbüel 2, 6043 Adligenswil",parking,n/a,47.072054,8.3780744
4001983891,"Landoltstrasse 64, 3007 Bern",fast_food,Schönau,46.9373695,7.4394939
4001983891,"Landoltstrasse 64, 3007 Bern",restaurant,Taishi,46.9342461,7.4398684
4001983891,"Landoltstrasse 64, 3007 Bern",restaurant,Le Pavillon,46.9342345,7.4400644
4001983891,"Landoltstrasse 64, 3007 Bern",parking,n/a,46.9369799,7.4392433
4001983485,"Via Maistra 11, 7505 Celerina/Schlarigna",restaurant,La Perla,46.5102739,9.8569141
4001983485,"Via Maistra 11, 7505 Celerina/Schlarigna",parking,n/a,46.5105218,9.855942
4001983485,"Via Maistra 11, 7505 Celerina/Schlarigna",bank,Banca Chantunela Grischuna,46.5113992,9.8574792
4001983485,"Via Maistra 11, 7505 Celerina/Schlarigna",restaurant,Cresta Run,46.5075314,9.8499559
4001983485,"Via Maistra 11, 7505 Celerina/Schlarigna",restaurant,Bo's Co,46.5122352,9.859228
4001980266,"Oetlingerstr. 8, 4057 Basel",bar,Oetlinger-Buvette,47.5670666,7.58652
4001980266,"Oetlingerstr. 8, 4057 Basel",fast_food,Pizza Maestro,47.5656888,7.5878454
4001980266,"Oetlingerstr. 8, 4057 Basel",restaurant,Choi Asian Garden,47.5658897,7.5886535
4001980266,"Oetlingerstr. 8, 4057 Basel",restaurant,Singh Indische Spezialitäten,47.5659985,7.588767
4001980266,"Oetlingerstr. 8, 4057 Basel",fast_food,Multi Kitchen Markthalle Feldberg,47.5656705,7.5877496
4001980266,"Oetlingerstr. 8, 4057 Basel",fast_food,Messo Burger,47.5656439,7.5876608
4001980266,"Oetlingerstr. 8, 4057 Basel",cafe,daniska,47.5654942,7.5880503
4001980264,"Eigerstr. 60, 3007 Bern",restaurant,Tängi-Curry,46.9395675,7.4402537
4001980264,"Eigerstr. 60, 3007 Bern",pharmacy,Eiger Apotheke,46.9404017,7.431976
4001980264,"Eigerstr. 60, 3007 Bern",restaurant,Alsafir,46.9408533,7.4316053
4001980264,"Eigerstr. 60, 3007 Bern",cafe,Café Alino,46.9405911,7.4360298
4001980264,"Eigerstr. 60, 3007 Bern",pharmacy,Apotheke Rösli,46.939927,7.4365711
4001980264,"Eigerstr. 60, 3007 Bern",atm,n/a,46.9408995,7.4315143
4001980264,"Eigerstr. 60, 3007 Bern",school,BFF - Berufs- Fach- und Fortbildungsschule,46.9413632,7.4325651
4001980264,"Eigerstr. 60, 3007 Bern",fast_food,CONTACT take a way,46.9406238,7.4355286
4001980264,"Eigerstr. 60, 3007 Bern",fast_food,Coop Take-Away,46.9408746,7.4315642
4001979045,"Birsigstrasse 3, 4103 Bottmingen",pharmacy,n/a,47.5233319,7.5716159
4001979045,"Birsigstrasse 3, 4103 Bottmingen",fast_food,Pizzeria La Rotonda,47.5232374,7.5720061
4001979045,"Birsigstrasse 3, 4103 Bottmingen",restaurant,Traube,47.5220397,7.5702955
4001979045,"Birsigstrasse 3, 4103 Bottmingen",library,Bibliothek Bottmingen,47.5243081,7.5708837
4001979045,"Birsigstrasse 3, 4103 Bottmingen",fast_food,n/a,47.5225957,7.5679903
4001979045,"Birsigstrasse 3, 4103 Bottmingen",restaurant,Schloss Bottmingen,47.5236802,7.5701697
4001979045,"Birsigstrasse 3, 4103 Bottmingen",atm,n/a,47.5243283,7.5711854
4001976823,"Avenue de la Chablière 35bis, 1004 Lausanne",parking,n/a,46.530861,6.6144787
4001976823,"Avenue de la Chablière 35bis, 1004 Lausanne",parking,n/a,46.5329915,6.6142397
4001976823,"Avenue de la Chablière 35bis, 1004 Lausanne",parking,n/a,46.5278303,6.6210101
4001976823,"Avenue de la Chablière 35bis, 1004 Lausanne",restaurant,Le Petit Ajaccio,46.528867,6.614853
4001976823,"Avenue de la Chablière 35bis, 1004 Lausanne",pharmacy,Populaire,46.5276669,6.6165108
4001976823,"Avenue de la Chablière 35bis, 1004 Lausanne",restaurant,St.Paul,46.5281253,6.6163489
4001976823,"Avenue de la Chablière 35bis, 1004 Lausanne",pub,Brasserie des Bergières,46.5304045,6.6195384
4001976823,"Avenue de la Chablière 35bis, 1004 Lausanne",pharmacy,Pharmacie des Bergieres,46.5306541,6.6192461
4001976823,"Avenue de la Chablière 35bis, 1004 Lausanne",pharmacy,Benu,46.5278923,6.6159938
4001976823,"Avenue de la Chablière 35bis, 1004 Lausanne",restaurant,Kazoku,46.5273651,6.6179109
4001976823,"Avenue de la Chablière 35bis, 1004 Lausanne",fast_food,Takeaway,46.5282786,6.6211064
4001976823,"Avenue de la Chablière 35bis, 1004 Lausanne",restaurant,Bosquets,46.527116,6.6181752
4001976816,"Via del Sole 5, 6987 Caslano",pharmacy,Farmacia di Caslano,45.976041,8.877599
4001976816,"Via del Sole 5, 6987 Caslano",cafe,Frankie's Cafè,45.9759559,8.8776411
4001976816,"Via del Sole 5, 6987 Caslano",atm,n/a,45.9775976,8.8768513
4001976815,"Av. de Beaulieu 28, 1004 Lausanne",school,École catholique du Valentin,46.5242821,6.6313757
4001976815,"Av. de Beaulieu 28, 1004 Lausanne",cafe,Café de Beaulieu,46.5268037,6.6272755
4001976815,"Av. de Beaulieu 28, 1004 Lausanne",parking,n/a,46.5251533,6.6298675
4001976815,"Av. de Beaulieu 28, 1004 Lausanne",parking,n/a,46.5273787,6.6286229
4001976815,"Av. de Beaulieu 28, 1004 Lausanne",restaurant,La Nonna,46.5247077,6.6257858
4001976815,"Av. de Beaulieu 28, 1004 Lausanne",restaurant,Au Canard Pékinois,46.5239404,6.6253316
4001976815,"Av. de Beaulieu 28, 1004 Lausanne",pharmacy,Salveo,46.5251218,6.6256468
4001976815,"Av. de Beaulieu 28, 1004 Lausanne",restaurant,Hoa Sen,46.5239331,6.6300943
4001976815,"Av. de Beaulieu 28, 1004 Lausanne",restaurant,L’Auberge de Beaulieu,46.527522,6.6244673
4001976815,"Av. de Beaulieu 28, 1004 Lausanne",fast_food,Slice Pizza,46.5244889,6.6312213
4001976815,"Av. de Beaulieu 28, 1004 Lausanne",fast_food,Pizza&Kebab du Maupas,46.5252124,6.6250871
4001976808,"Bucheggweg 12, 4500 Solothurn",atm,UBS,47.2048431,7.5407604
4001976808,"Bucheggweg 12, 4500 Solothurn",fast_food,Efem Imbiss & Café,47.2046306,7.5405994
4001976808,"Bucheggweg 12, 4500 Solothurn",cafe,Vorstadt Bistro,47.2048838,7.5408996
4001976808,"Bucheggweg 12, 4500 Solothurn",restaurant,Akropolis,47.2048882,7.5389356
4001976808,"Bucheggweg 12, 4500 Solothurn",restaurant,Trattoria Napoli,47.2045375,7.5362046
4001976808,"Bucheggweg 12, 4500 Solothurn",restaurant,Notausgang,47.2044483,7.5363896
4001976808,"Bucheggweg 12, 4500 Solothurn",restaurant,Adler,47.2047763,7.5361643
4001976808,"Bucheggweg 12, 4500 Solothurn",pub,Steinbock,47.2046387,7.5379426
4001976808,"Bucheggweg 12, 4500 Solothurn",restaurant,Fragale,47.2046861,7.5375537
4001976808,"Bucheggweg 12, 4500 Solothurn",restaurant,Fu-Lin,47.2037603,7.5390531
4001976808,"Bucheggweg 12, 4500 Solothurn",fast_food,McDonald's,47.2040461,7.5415408
4001976808,"Bucheggweg 12, 4500 Solothurn",cafe,Steiner,47.2049949,7.5407086
4001976808,"Bucheggweg 12, 4500 Solothurn",parking,n/a,47.2037855,7.5398567
4001976808,"Bucheggweg 12, 4500 Solothurn",school,Kaufmännische Berufsschule,47.2049253,7.5382655
4001976808,"Bucheggweg 12, 4500 Solothurn",fast_food,Amun Take-Away,47.2049508,7.540494
4001976808,"Bucheggweg 12, 4500 Solothurn",restaurant,Il Ponte del Sole,47.2049206,7.5360605
4001976808,"Bucheggweg 12, 4500 Solothurn",fast_food,Subway,47.2041251,7.5416014
4001976808,"Bucheggweg 12, 4500 Solothurn",cafe,McCafé,47.2040292,7.5416204
4001976808,"Bucheggweg 12, 4500 Solothurn",restaurant,Thung Thong,47.2047057,7.537415
4001976808,"Bucheggweg 12, 4500 Solothurn",restaurant,Restaurant Thai Shop,47.2046512,7.5355642
4001976808,"Bucheggweg 12, 4500 Solothurn",restaurant,Zum Chregu,47.2048129,7.5358067
4001976808,"Bucheggweg 12, 4500 Solothurn",restaurant,Nonna Rosetta,47.2044825,7.535911
4001976808,"Bucheggweg 12, 4500 Solothurn",atm,n/a,47.2042566,7.5387939
4001976808,"Bucheggweg 12, 4500 Solothurn",fast_food,n/a,47.2045897,7.541447
4001976808,"Bucheggweg 12, 4500 Solothurn",parking,n/a,47.1998299,7.5320215
4001976808,"Bucheggweg 12, 4500 Solothurn",fast_food,Memo,47.2032608,7.543415
4001976808,"Bucheggweg 12, 4500 Solothurn",restaurant,Solo Fresh & fast Crispy Chicken,47.2041652,7.5388339
4001976808,"Bucheggweg 12, 4500 Solothurn",restaurant,Mezami,47.2046585,7.5376996
4001975437,"Waldheimweg 2, 3052 Zollikofen",fast_food,Onur,46.9991277,7.4604023
4001975437,"Waldheimweg 2, 3052 Zollikofen",parking,n/a,47.0031441,7.4450191
4001974951,"Pestalozzistrasse 38, 8032 Zürich",restaurant,Oberhof,47.3734628,8.553472
4001974951,"Pestalozzistrasse 38, 8032 Zürich",fast_food,Bella Imbiss,47.3748997,8.5518595
4001974951,"Pestalozzistrasse 38, 8032 Zürich",school,Rudolf Steiner Schule Zürich,47.3729648,8.5545976
4001974951,"Pestalozzistrasse 38, 8032 Zürich",library,"Bibliothek für Betriebswirtschaft, BfB",47.3741461,8.5527496
4001974951,"Pestalozzistrasse 38, 8032 Zürich",cafe,Careum Bistro,47.3756669,8.5536234
4001974951,"Pestalozzistrasse 38, 8032 Zürich",cafe,Apo THEKE,47.3734924,8.5528078
4001974951,"Pestalozzistrasse 38, 8032 Zürich",school,Atelierschule Zürich,47.3729757,8.5543678
4001974951,"Pestalozzistrasse 38, 8032 Zürich",restaurant,Sento,47.3735869,8.5530663
4001974951,"Pestalozzistrasse 38, 8032 Zürich",cafe,Cafeteria UZH Plattenstrasse,47.3740968,8.5526502
4001974951,"Pestalozzistrasse 38, 8032 Zürich",cafe,Cafeteria UZH Zentrum für Zahnmedizin (ZZM),47.3744739,8.5530008
4001974951,"Pestalozzistrasse 38, 8032 Zürich",library,"Rechtswissenschaftliche Bibliothek, RWI Bibliothek",47.3734262,8.5507702
4001974951,"Pestalozzistrasse 38, 8032 Zürich",library,Bibliothek Ostasien,47.3722457,8.5501786
4001974933,"Mühlegasse 27, 8001 Zürich",restaurant,Café Zähringer,47.3735998,8.5447955
4001974933,"Mühlegasse 27, 8001 Zürich",bar,KWEER,47.3735537,8.5446241
4001974933,"Mühlegasse 27, 8001 Zürich",cafe,Starbucks,47.3765801,8.5441952
4001974933,"Mühlegasse 27, 8001 Zürich",pub,Gräbli-Bar,47.3755965,8.5441089
4001974933,"Mühlegasse 27, 8001 Zürich",fast_food,Dieci Take-Away,47.3745243,8.5439506
4001974933,"Mühlegasse 27, 8001 Zürich",restaurant,Rheinfelder Bierhalle,47.3759081,8.5441559
4001974933,"Mühlegasse 27, 8001 Zürich",restaurant,Johanniter,47.3757513,8.5441431
4001974933,"Mühlegasse 27, 8001 Zürich",restaurant,Bierhalle Wolf,47.3758264,8.543866
4001974933,"Mühlegasse 27, 8001 Zürich",bar,Wystube Isebähnli,47.3731637,8.5448384
4001974933,"Mühlegasse 27, 8001 Zürich",restaurant,Weinstube 1923,47.3764199,8.5441261
4001974933,"Mühlegasse 27, 8001 Zürich",cafe,Schurter,47.3763302,8.5440373
4001974933,"Mühlegasse 27, 8001 Zürich",restaurant,La Pasta,47.3760133,8.5441095
4001974933,"Mühlegasse 27, 8001 Zürich",fast_food,Chopstick express,47.3760644,8.5440933
4001974933,"Mühlegasse 27, 8001 Zürich",fast_food,Central Geylan Kebap Haus,47.3759873,8.5439456
4001974933,"Mühlegasse 27, 8001 Zürich",restaurant,Pizzeria Da Raffaele,47.375826,8.5441268
4001974933,"Mühlegasse 27, 8001 Zürich",restaurant,N-68,47.3756656,8.5441177
4001974933,"Mühlegasse 27, 8001 Zürich",pub,5. Akt,47.3754942,8.544079
4001974933,"Mühlegasse 27, 8001 Zürich",restaurant,Rank,47.3754161,8.5440085
4001974933,"Mühlegasse 27, 8001 Zürich",restaurant,Rank,47.3753537,8.5439974
4001974933,"Mühlegasse 27, 8001 Zürich",fast_food,1001 Take Away,47.3753239,8.5438222
4001974933,"Mühlegasse 27, 8001 Zürich",pub,Big Ben Pub,47.3751577,8.5439328
4001974933,"Mühlegasse 27, 8001 Zürich",restaurant,Tasca Romero,47.3748977,8.5437335
4001974933,"Mühlegasse 27, 8001 Zürich",pub,Cana Bar,47.374669,8.5439064
4001974933,"Mühlegasse 27, 8001 Zürich",restaurant,Osteria Borgo,47.3746589,8.5437374
4001974933,"Mühlegasse 27, 8001 Zürich",restaurant,Corazón,47.3734574,8.5449046
4001974933,"Mühlegasse 27, 8001 Zürich",parking,n/a,47.374536,8.5409973
4001974933,"Mühlegasse 27, 8001 Zürich",cafe,Marea,47.3745643,8.5432628
4001974933,"Mühlegasse 27, 8001 Zürich",atm,Zürcher Kantonalbank,47.3752342,8.5434539
4001974933,"Mühlegasse 27, 8001 Zürich",cafe,Grande,47.3753724,8.543539
4001974933,"Mühlegasse 27, 8001 Zürich",bar,Grande Cafe & Bar,47.3754177,8.543598
4001974933,"Mühlegasse 27, 8001 Zürich",pub,Cha Cha Cha,47.3746906,8.5434991
4001974933,"Mühlegasse 27, 8001 Zürich",restaurant,Zhong Hua,47.3752173,8.5447395
4001974933,"Mühlegasse 27, 8001 Zürich",restaurant,Wien Zeile,47.3740356,8.544474
4001974933,"Mühlegasse 27, 8001 Zürich",bar,Predigerhof,47.3742828,8.5444638
4001974933,"Mühlegasse 27, 8001 Zürich",restaurant,Madrid,47.3731853,8.5446831
4001974933,"Mühlegasse 27, 8001 Zürich",restaurant,toscano,47.374778,8.543543
4001974933,"Mühlegasse 27, 8001 Zürich",cafe,By Ey's,47.3746904,8.5433961
4001974933,"Mühlegasse 27, 8001 Zürich",restaurant,friskfisk.ch,47.3745675,8.543731
4001974933,"Mühlegasse 27, 8001 Zürich",bar,Alexis Bar,47.3746263,8.5439159
4001974933,"Mühlegasse 27, 8001 Zürich",restaurant,Walliser Keller,47.3749804,8.5445108
4001974933,"Mühlegasse 27, 8001 Zürich",bar,Fumoir,47.3755152,8.5441638
4001974933,"Mühlegasse 27, 8001 Zürich",bar,Safari Bar,47.3755066,8.5444788
4001974933,"Mühlegasse 27, 8001 Zürich",bar,Kame-Haus,47.3744425,8.544563
4001974933,"Mühlegasse 27, 8001 Zürich",restaurant,Dumpling Delights,47.3745297,8.5447817
4001974933,"Mühlegasse 27, 8001 Zürich",restaurant,Raclette Stube,47.3747617,8.5447832
4001974933,"Mühlegasse 27, 8001 Zürich",fast_food,Holy Cow!,47.3754711,8.5447223
4001974933,"Mühlegasse 27, 8001 Zürich",atm,UBS,47.3770609,8.5437786
4001974933,"Mühlegasse 27, 8001 Zürich",cafe,Cafe Neumärt,47.372784,8.546731
4001974933,"Mühlegasse 27, 8001 Zürich",restaurant,Suan Long,47.3752069,8.5437776
4001974933,"Mühlegasse 27, 8001 Zürich",restaurant,Hirschberg,47.373525,8.5466575
4001974933,"Mühlegasse 27, 8001 Zürich",bar,Petra's Tip Top Bar,47.3735982,8.546581
4001974933,"Mühlegasse 27, 8001 Zürich",restaurant,Rechberg,47.3739693,8.546249
4001974933,"Mühlegasse 27, 8001 Zürich",restaurant,Timeout,47.3753582,8.5457947
4001974933,"Mühlegasse 27, 8001 Zürich",bar,Ebrietas,47.3758907,8.544458
4001974933,"Mühlegasse 27, 8001 Zürich",restaurant,New Bombay,47.3736181,8.5456942
4001974933,"Mühlegasse 27, 8001 Zürich",restaurant,Positano,47.3775576,8.5438988
4001974933,"Mühlegasse 27, 8001 Zürich",cafe,franzos,47.3761481,8.5438868
4001974933,"Mühlegasse 27, 8001 Zürich",restaurant,QQ Sushi,47.377413,8.5439582
4001974933,"Mühlegasse 27, 8001 Zürich",library,Pestalozzi-Bibliothek Altstadt,47.3747055,8.544504
4001974933,"Mühlegasse 27, 8001 Zürich",cafe,Bistro der Zentralbibliothek Zürich,47.3742804,8.5457372
4001974933,"Mühlegasse 27, 8001 Zürich",bar,Lobby-Bar Hotel Rütli,47.3762011,8.5444271
4001974933,"Mühlegasse 27, 8001 Zürich",restaurant,d'Bar,47.3737064,8.5459212
4001974933,"Mühlegasse 27, 8001 Zürich",bank,Zürcher Kantonalbank,47.3752501,8.5435096
4001974933,"Mühlegasse 27, 8001 Zürich",restaurant,Rising Sun,47.3741048,8.5441158
4001974933,"Mühlegasse 27, 8001 Zürich",clinic,Zentrum für Reisemedizin,47.3758735,8.5454394
4001974933,"Mühlegasse 27, 8001 Zürich",fast_food,Zürich Fried Chicken,47.375049,8.543749
4001974933,"Mühlegasse 27, 8001 Zürich",library,Zentralbibliothek Zürich,47.3746199,8.5453866
4001974933,"Mühlegasse 27, 8001 Zürich",atm,Bankomat,47.3753926,8.5438615
4001974933,"Mühlegasse 27, 8001 Zürich",restaurant,MyVi's,47.3746758,8.5435796
4001974933,"Mühlegasse 27, 8001 Zürich",clinic,Poliklinik Lifeline,47.3756202,8.5451124
4001974933,"Mühlegasse 27, 8001 Zürich",restaurant,Chiffon,47.3725629,8.5477206
4001974933,"Mühlegasse 27, 8001 Zürich",restaurant,Chopstick,47.3760514,8.5438763
4001974933,"Mühlegasse 27, 8001 Zürich",cafe,Café Yucca,47.374934,8.5451911
4001974933,"Mühlegasse 27, 8001 Zürich",fast_food,Swing Kitchen,47.3757559,8.543855
4001974933,"Mühlegasse 27, 8001 Zürich",school,FfD Fachschule für Detailhandel,47.3774632,8.5440328
4001974933,"Mühlegasse 27, 8001 Zürich",library,Jesuitenbibliothek,47.3759632,8.5458882
4001974933,"Mühlegasse 27, 8001 Zürich",cafe,Al Paso,47.3735122,8.5445074
4001974933,"Mühlegasse 27, 8001 Zürich",bar,Robin's coffee,47.3757594,8.5444649
4001974933,"Mühlegasse 27, 8001 Zürich",fast_food,Goodys,47.3743866,8.5434963
4001974933,"Mühlegasse 27, 8001 Zürich",restaurant,The South Indian,47.3741439,8.5441292
4001974313,"Via Mezzaro 2, 6648 Minusio",parking,n/a,46.1770018,8.8231216
4001974313,"Via Mezzaro 2, 6648 Minusio",restaurant,Ristorante del Ponte,46.1778233,8.8154905
4001974313,"Via Mezzaro 2, 6648 Minusio",atm,n/a,46.1773697,8.8147502
4001974313,"Via Mezzaro 2, 6648 Minusio",atm,n/a,46.1770118,8.8151336
4001974313,"Via Mezzaro 2, 6648 Minusio",restaurant,Vesuvio,46.1758087,8.8193224
4001974313,"Via Mezzaro 2, 6648 Minusio",pharmacy,n/a,46.1754074,8.8181455
4001974313,"Via Mezzaro 2, 6648 Minusio",parking,n/a,46.1770498,8.8162382
4001974313,"Via Mezzaro 2, 6648 Minusio",parking,n/a,46.1750371,8.8152436
4001974313,"Via Mezzaro 2, 6648 Minusio",parking,n/a,46.1738283,8.8123409
4001974313,"Via Mezzaro 2, 6648 Minusio",parking,n/a,46.1746649,8.8127135
4001974313,"Via Mezzaro 2, 6648 Minusio",parking,n/a,46.1749735,8.8137782
4001974313,"Via Mezzaro 2, 6648 Minusio",parking,n/a,46.1749714,8.8136026
4001974313,"Via Mezzaro 2, 6648 Minusio",pharmacy,Farmacia Verbano,46.1772543,8.814511
4001974073,"Chasa Plavna, 7552 Vulpera",restaurant,Hotel Villa Post,46.7868907,10.2880209
4001971444,"Nordstrasse 34, 8200 Schaffhausen",atm,Schaffhauser Kantonalbank,47.6999951,8.626022
4001971444,"Nordstrasse 34, 8200 Schaffhausen",restaurant,Schützenhaus,47.6997923,8.6265911
4001971444,"Nordstrasse 34, 8200 Schaffhausen",cafe,Cafeteria Altersheim Steig,47.6979106,8.6258738
4001971444,"Nordstrasse 34, 8200 Schaffhausen",cafe,Randenstübli,47.7047094,8.6199092
4001971444,"Nordstrasse 34, 8200 Schaffhausen",restaurant,Spielvi,47.6999925,8.6256757
4001970904,"Sempacherstrasse 39A, 8032 Zürich",bank,Zürcher Kantonalbank,47.3643937,8.5667554
4001970904,"Sempacherstrasse 39A, 8032 Zürich",atm,Bancomat ZKB,47.3642921,8.5667592
4001970904,"Sempacherstrasse 39A, 8032 Zürich",pharmacy,Klus-Apotheke,47.3645751,8.5666306
4001967228,"Breitwiesstr. 4, 8135 Langnau am Albis",library,Gemeinde- und Schulbibliothek Langnau,47.2888845,8.5402215
4001967228,"Breitwiesstr. 4, 8135 Langnau am Albis",parking,n/a,47.2908666,8.5376381
4001967228,"Breitwiesstr. 4, 8135 Langnau am Albis",pharmacy,Albis Drogerie,47.2890316,8.5399059
4001967223,"Place des Charmilles 3, 1203 Genève",pharmacy,Pharmacie de la Dôle,46.2074676,6.130493
4001967223,"Place des Charmilles 3, 1203 Genève",restaurant,Mr. Pal,46.208272,6.1286696
4001967223,"Place des Charmilles 3, 1203 Genève",pharmacy,Pharmacie Populaire Charmilles,46.2081577,6.1274194
4001967223,"Place des Charmilles 3, 1203 Genève",restaurant,Morena Bar,46.2086095,6.1266677
4001967223,"Place des Charmilles 3, 1203 Genève",cafe,Le Mérit,46.2089663,6.1325307
4001967223,"Place des Charmilles 3, 1203 Genève",restaurant,Bella Vita,46.2086113,6.1317972
4001967223,"Place des Charmilles 3, 1203 Genève",restaurant,Fujiyama Restaurant,46.2087403,6.1336793
4001967223,"Place des Charmilles 3, 1203 Genève",bar,Poolmania Super Bock,46.2085491,6.133344
4001967223,"Place des Charmilles 3, 1203 Genève",restaurant,La Gazelle d'Or (Restaurant Erythréen),46.2086127,6.1330424
4001967223,"Place des Charmilles 3, 1203 Genève",pharmacy,Pharmacie de l'Île verte,46.2086008,6.1313716
4001967223,"Place des Charmilles 3, 1203 Genève",fast_food,Pastradwich,46.2083522,6.1341191
4001967223,"Place des Charmilles 3, 1203 Genève",restaurant,Café de Charmilles,46.2076878,6.1276386
4001967223,"Place des Charmilles 3, 1203 Genève",cafe,Mel's thai,46.2085849,6.1314479
4001967223,"Place des Charmilles 3, 1203 Genève",restaurant,Restaurant L'Ambiance,46.2114857,6.1261186
4001967223,"Place des Charmilles 3, 1203 Genève",bar,My Cafe Bar,46.2091785,6.1267653
4001967223,"Place des Charmilles 3, 1203 Genève",fast_food,Silver Kebab,46.2082421,6.1278904
4001965315,"Elfenauweg 1, 3006 Bern",restaurant,ElfenauPark,46.9367029,7.4666416
4001963656,"Eichbergstrasse 8, 9463 Oberriet",fast_food,Friends,47.3240103,9.5674296
4001963656,"Eichbergstrasse 8, 9463 Oberriet",restaurant,Sternen,47.3238696,9.5677466
4001963126,"Weieren 31A, 9523 Züberwangen",atm,n/a,47.468803,9.1074751
4001962452,"Rütihofstrasse 7, 6340 Baar",parking,n/a,47.1788615,8.5321477
4001955510,"Jonentalstrasse 18, 8910 Affoltern am Albis",restaurant,Papaya,47.2775894,8.4544117
4001955510,"Jonentalstrasse 18, 8910 Affoltern am Albis",pharmacy,Medbase Apotheke Affoltern a.A.,47.2783643,8.452964
4001955510,"Jonentalstrasse 18, 8910 Affoltern am Albis",parking,n/a,47.2767568,8.4513424
4001955510,"Jonentalstrasse 18, 8910 Affoltern am Albis",restaurant,Central,47.2787122,8.4543929
4001955510,"Jonentalstrasse 18, 8910 Affoltern am Albis",parking,n/a,47.2779006,8.4534805
4001955510,"Jonentalstrasse 18, 8910 Affoltern am Albis",restaurant,Stella,47.2774921,8.4537046
4001955510,"Jonentalstrasse 18, 8910 Affoltern am Albis",cafe,Bistro Frosch,47.2752567,8.4568795
4001955510,"Jonentalstrasse 18, 8910 Affoltern am Albis",bank,Credit Suisse,47.2762189,8.4509401
4001955510,"Jonentalstrasse 18, 8910 Affoltern am Albis",parking,n/a,47.277444,8.4529562
4001955510,"Jonentalstrasse 18, 8910 Affoltern am Albis",cafe,Momenti di Dolcezza,47.2765251,8.451965
4001955510,"Jonentalstrasse 18, 8910 Affoltern am Albis",cafe,Babas Cup,47.278539,8.4537117
4001955510,"Jonentalstrasse 18, 8910 Affoltern am Albis",restaurant,Albis Treff,47.276728,8.4516379
4001948607,"Sihlhaldenstrasse 16, 8803 Rüschlikon",parking,n/a,47.2976764,8.5501468
4001948607,"Sihlhaldenstrasse 16, 8803 Rüschlikon",parking,n/a,47.2969013,8.550571
4001945588,"Via Cantunètt 9, 6714 Serravalle",restaurant,Grotto Canvett,46.4018823,8.9723817
4001935112,"Pionierstrasse 10, 8400 Winterthur",pub,Plan B,47.4983429,8.7206239
4001935112,"Pionierstrasse 10, 8400 Winterthur",restaurant,Fu Ji,47.4989065,8.7212551
4001935112,"Pionierstrasse 10, 8400 Winterthur",pub,Labüsch Bar,47.4950888,8.7178027
4001935112,"Pionierstrasse 10, 8400 Winterthur",fast_food,Manta Bar,47.498311,8.7172632
4001935112,"Pionierstrasse 10, 8400 Winterthur",parking,n/a,47.4968398,8.7184621
4001935112,"Pionierstrasse 10, 8400 Winterthur",pharmacy,Neuwiesen Apotheke,47.4988832,8.7206254
4001935112,"Pionierstrasse 10, 8400 Winterthur",school,Berufsbildungsschule Winterthur,47.4980614,8.7165834
4001935112,"Pionierstrasse 10, 8400 Winterthur",cafe,Cafeteria,47.4964388,8.7189114
4001935112,"Pionierstrasse 10, 8400 Winterthur",restaurant,nooba,47.4983033,8.7212739
4001935112,"Pionierstrasse 10, 8400 Winterthur",cafe,Gottlieber,47.4990151,8.7214453
4001935112,"Pionierstrasse 10, 8400 Winterthur",pub,Boilerroom,47.4982504,8.721026
4001935112,"Pionierstrasse 10, 8400 Winterthur",restaurant,Yooji's,47.4980587,8.7212955
4001935112,"Pionierstrasse 10, 8400 Winterthur",restaurant,Pionier,47.4972039,8.7192311
4001935112,"Pionierstrasse 10, 8400 Winterthur",atm,n/a,47.4968298,8.7197914
4001935112,"Pionierstrasse 10, 8400 Winterthur",restaurant,Migros Restaurant,47.498982,8.7202505
4001935112,"Pionierstrasse 10, 8400 Winterthur",cafe,LoiMy,47.4990964,8.7209641
4001922346,"Haselwiesstrasse 12, 8734 Ermenswil",restaurant,Pizzeria Rössli,47.2462273,8.882309
4001919474,"Bahnhofmatten 4, 5502 Hunzenschwil",bank,Hypothekarbank Lenzburg,47.3864683,8.1255257
4001919474,"Bahnhofmatten 4, 5502 Hunzenschwil",parking,n/a,47.3850322,8.1238803
4001919474,"Bahnhofmatten 4, 5502 Hunzenschwil",parking,n/a,47.3852972,8.1197692
4001919474,"Bahnhofmatten 4, 5502 Hunzenschwil",parking,n/a,47.3863817,8.1245158
4001919474,"Bahnhofmatten 4, 5502 Hunzenschwil",fast_food,Dönner & Pizza,47.385857,8.130634
4001919474,"Bahnhofmatten 4, 5502 Hunzenschwil",parking,n/a,47.3869242,8.1307789
4001919474,"Bahnhofmatten 4, 5502 Hunzenschwil",library,Gemeindebibliothek Hunzenschwil,47.3846293,8.1233823
4001919474,"Bahnhofmatten 4, 5502 Hunzenschwil",pharmacy,TopPharm Apotheke & Drogerie Brentano,47.3864758,8.1260982
4001919474,"Bahnhofmatten 4, 5502 Hunzenschwil",fast_food,Restaurant De Molen,47.387101,8.1184858
4001919474,"Bahnhofmatten 4, 5502 Hunzenschwil",cafe,Jaisli-Beck,47.3867914,8.1270308
4001917322,"Ringstrasse 16, 8306 Brüttisellen",restaurant,The Butcher,47.4141814,8.6222862
4001917322,"Ringstrasse 16, 8306 Brüttisellen",restaurant,Dieci Restaurant,47.4141468,8.6212215
4001917322,"Ringstrasse 16, 8306 Brüttisellen",fast_food,Burger King,47.4190061,8.6244439
4001917322,"Ringstrasse 16, 8306 Brüttisellen",parking,n/a,47.4167843,8.6265718
4001917322,"Ringstrasse 16, 8306 Brüttisellen",parking,n/a,47.418944,8.6262957
4001917322,"Ringstrasse 16, 8306 Brüttisellen",cafe,Caffè Spettacolo,47.4151887,8.6208451
4001917322,"Ringstrasse 16, 8306 Brüttisellen",parking,n/a,47.4186423,8.625566
4001917322,"Ringstrasse 16, 8306 Brüttisellen",parking,n/a,47.4183739,8.6244198
4001917322,"Ringstrasse 16, 8306 Brüttisellen",parking,n/a,47.418168,8.6250388
4001909920,"Ringstrasse 4, 8737 Gommiswald",restaurant,Gasthof zur Krone,47.2313202,9.0234383
4001909920,"Ringstrasse 4, 8737 Gommiswald",bank,Raiffeisenbank Benken,47.2314802,9.0227589
4001909920,"Ringstrasse 4, 8737 Gommiswald",atm,n/a,47.2315013,9.022767
4001909920,"Ringstrasse 4, 8737 Gommiswald",restaurant,Älpli,47.229683,9.0232816
4001898585,"Friedensgasse 35, 4056 Basel",cafe,Café Bar Rosenkranz,47.5634301,7.5762712
4001898585,"Friedensgasse 35, 4056 Basel",cafe,Eccetera,47.5611233,7.57883
4001898585,"Friedensgasse 35, 4056 Basel",library,UB Hauptbibliothek,47.5597233,7.580911
4001898585,"Friedensgasse 35, 4056 Basel",hospital,Adullam Spital und Pflegezentren,47.5601759,7.5796527
4001898585,"Friedensgasse 35, 4056 Basel",restaurant,Sommereck,47.5628454,7.5754054
4001893012,"Breitenacher 49, 8906 Bonstetten",library,Gemeinde- und Schulbibliothek Bonstetten,47.3222508,8.4717123
4001893012,"Breitenacher 49, 8906 Bonstetten",atm,Zürcher Kantonalbank,47.3257507,8.4725945
4001889122,"Feldeggstrasse 80, 8008 Zürich",restaurant,Amalfi,47.3606695,8.5499916
4001889122,"Feldeggstrasse 80, 8008 Zürich",restaurant,Bohemia,47.364789,8.5548938
4001889122,"Feldeggstrasse 80, 8008 Zürich",restaurant,Nooba,47.3651703,8.554528
4001889122,"Feldeggstrasse 80, 8008 Zürich",restaurant,Yooji's,47.3582879,8.5541672
4001889122,"Feldeggstrasse 80, 8008 Zürich",parking,Parkhaus Feldegg,47.3603851,8.5536988
4001889122,"Feldeggstrasse 80, 8008 Zürich",restaurant,Ländli,47.3627304,8.5545618
4001889122,"Feldeggstrasse 80, 8008 Zürich",restaurant,NA081,47.3597536,8.5524861
4001889122,"Feldeggstrasse 80, 8008 Zürich",restaurant,Royal Panda,47.3643316,8.5545739
4001889122,"Feldeggstrasse 80, 8008 Zürich",cafe,Valentino,47.3601706,8.550781
4001889122,"Feldeggstrasse 80, 8008 Zürich",restaurant,Escoffier,47.3605504,8.5524597
4001889122,"Feldeggstrasse 80, 8008 Zürich",restaurant,Stripped Pizza,47.3602524,8.5521363
4001889122,"Feldeggstrasse 80, 8008 Zürich",pharmacy,Apotheke am Kreuzplatz,47.3650881,8.5537692
4001889122,"Feldeggstrasse 80, 8008 Zürich",pharmacy,Pill Apotheke Neumünster,47.3643816,8.5549292
4001889122,"Feldeggstrasse 80, 8008 Zürich",bank,Zürcher Kantonalbank,47.3646351,8.5552253
4001889122,"Feldeggstrasse 80, 8008 Zürich",atm,Postfinance,47.3641846,8.5556849
4001889122,"Feldeggstrasse 80, 8008 Zürich",pub,D-Vino,47.3584615,8.553987
4001889122,"Feldeggstrasse 80, 8008 Zürich",atm,CS Bancomat,47.3601542,8.5524501
4001889122,"Feldeggstrasse 80, 8008 Zürich",atm,Raiffeisen,47.3653958,8.5542918
4001889122,"Feldeggstrasse 80, 8008 Zürich",restaurant,Darbar,47.3642732,8.5548578
4001889122,"Feldeggstrasse 80, 8008 Zürich",restaurant,blindekuh,47.3583286,8.5571633
4001889122,"Feldeggstrasse 80, 8008 Zürich",library,PBZ Bibliothek Riesbach,47.3592693,8.5539566
4001889122,"Feldeggstrasse 80, 8008 Zürich",restaurant,Totò,47.3580896,8.5538491
4001889122,"Feldeggstrasse 80, 8008 Zürich",parking,Zentrum Neumünster,47.364095,8.5546653
4001889122,"Feldeggstrasse 80, 8008 Zürich",cafe,Bistro Horizont,47.3602322,8.5544097
4001889122,"Feldeggstrasse 80, 8008 Zürich",restaurant,Iroquois,47.3582918,8.5537364
4001889122,"Feldeggstrasse 80, 8008 Zürich",restaurant,Pizzeria Capri,47.3604176,8.5501478
4001889122,"Feldeggstrasse 80, 8008 Zürich",restaurant,Giusi's,47.3637686,8.5545452
4001889122,"Feldeggstrasse 80, 8008 Zürich",fast_food,Güggeli-Express,47.3649133,8.5545575
4001889122,"Feldeggstrasse 80, 8008 Zürich",bank,Raiffeisen,47.3654689,8.554297
4001889122,"Feldeggstrasse 80, 8008 Zürich",cafe,GZ Riesbach Cafeteria,47.359245,8.5540563
4001889122,"Feldeggstrasse 80, 8008 Zürich",bar,Razzia Bar,47.3609151,8.5515444
4001889122,"Feldeggstrasse 80, 8008 Zürich",atm,Zürcher Kantonalbank,47.3646253,8.5553475
4001889122,"Feldeggstrasse 80, 8008 Zürich",clinic,PUK - Kinder- und Jugendpsychiatrie,47.362541,8.5568696
4001889122,"Feldeggstrasse 80, 8008 Zürich",school,Freie Evangelische Schule Zürich,47.3649505,8.5532551
4001889122,"Feldeggstrasse 80, 8008 Zürich",school,MODECO - Fachschule für Mode & Gestaltung,47.3647361,8.5529464
4001889122,"Feldeggstrasse 80, 8008 Zürich",school,"Tandem IMS, Zürich",47.3585537,8.5542336
4001889122,"Feldeggstrasse 80, 8008 Zürich",cafe,Monocle Café,47.3596826,8.5507962
4001889122,"Feldeggstrasse 80, 8008 Zürich",fast_food,Kebab Grill Xolldi CCC,47.3642496,8.5552806
4001889122,"Feldeggstrasse 80, 8008 Zürich",restaurant,Razzia Restaurant,47.3608124,8.5516525
4001887339,"Hardstrasse 14, 8604 Volketswil",parking,n/a,47.3818893,8.692503
4001887339,"Hardstrasse 14, 8604 Volketswil",restaurant,Restaurant Wallberg,47.3898375,8.6866069
4001887339,"Hardstrasse 14, 8604 Volketswil",restaurant,La Vita,47.3901588,8.6893374
4001884815,"Hohbächli 10, 5079 Zeihen",restaurant,Frohsinn,47.4765082,8.0842523
4001884815,"Hohbächli 10, 5079 Zeihen",restaurant,Rössli,47.4761394,8.0838521
4001884815,"Hohbächli 10, 5079 Zeihen",library,Gemeindebibliothek Zeihen,47.4754296,8.0846046
4001884815,"Hohbächli 10, 5079 Zeihen",restaurant,Auberge Passepartout,47.4766477,8.0846708
4001880268,"Rütihofstrasse 3, 5462 Siglistorf",atm,n/a,47.5454805,8.3797792
4001878385,"Halden 3, 9043 Trogen",restaurant,Krone,47.4079437,9.4654187
4001878385,"Halden 3, 9043 Trogen",restaurant,Rebstock,47.4061357,9.4599086
4001878385,"Halden 3, 9043 Trogen",bar,Viertel,47.4084732,9.4656436
4001878385,"Halden 3, 9043 Trogen",restaurant,Gasthaus zum Schäfli,47.4083594,9.4646408
4001878385,"Halden 3, 9043 Trogen",atm,n/a,47.4075299,9.4612523
4001878385,"Halden 3, 9043 Trogen",cafe,Ernst - das Einkehrlokal,47.408171,9.4638273
4001878385,"Halden 3, 9043 Trogen",bar,RAB-BAR,47.4082616,9.4647526
4001878385,"Halden 3, 9043 Trogen",parking,n/a,47.4055153,9.4558875
4001878385,"Halden 3, 9043 Trogen",library,Kantonsbibliothek AR,47.4082344,9.4643594
4001876824,"Bäumlihofstrasse 41, 4058 Basel",restaurant,Bäumlihof,47.5650592,7.6177751
4001876824,"Bäumlihofstrasse 41, 4058 Basel",pharmacy,Bäumlihof Apotheke,47.5656243,7.6189179
4001876824,"Bäumlihofstrasse 41, 4058 Basel",cafe,ROSA im Park,47.5659024,7.6144414
4001859888,"Wülflingerstrasse 118, 8408 Winterthur",restaurant,Café Auszeit,47.507203,8.7112534
4001859888,"Wülflingerstrasse 118, 8408 Winterthur",pharmacy,Bachtel Apotheke,47.5075362,8.7115007
4001859888,"Wülflingerstrasse 118, 8408 Winterthur",restaurant,Central,47.5060238,8.7148178
4001859888,"Wülflingerstrasse 118, 8408 Winterthur",restaurant,(Blumenau) Li-Beirut,47.507301,8.7108669
4001859888,"Wülflingerstrasse 118, 8408 Winterthur",parking,n/a,47.5083144,8.7042428
4001859888,"Wülflingerstrasse 118, 8408 Winterthur",parking,n/a,47.5065626,8.7151987
4001859888,"Wülflingerstrasse 118, 8408 Winterthur",parking,n/a,47.5103744,8.7030524
4001859888,"Wülflingerstrasse 118, 8408 Winterthur",fast_food,imo Döner,47.5071594,8.7123153
4001859888,"Wülflingerstrasse 118, 8408 Winterthur",restaurant,Caliente,47.5052219,8.7097444
4001859888,"Wülflingerstrasse 118, 8408 Winterthur",restaurant,Bocciodromo Pizzeria,47.5076476,8.7084093
4001857308,"Kanzleistrasse 3, 8004 Zürich",bar,Plaza Bar,47.3741673,8.524726
4001857308,"Kanzleistrasse 3, 8004 Zürich",fast_food,Oh My Greek,47.3742338,8.5214527
4001857308,"Kanzleistrasse 3, 8004 Zürich",pharmacy,Berg-Apotheke by Medbase,47.3731732,8.5293204
4001857308,"Kanzleistrasse 3, 8004 Zürich",cafe,St. Jakob Beck,47.3738054,8.5278402
4001857308,"Kanzleistrasse 3, 8004 Zürich",restaurant,Chichería Cantina,47.3739825,8.5222246
4001857308,"Kanzleistrasse 3, 8004 Zürich",restaurant,Fribourger Stübli,47.375039,8.5281814
4001857308,"Kanzleistrasse 3, 8004 Zürich",restaurant,Suan Long,47.3748589,8.5244037
4001857308,"Kanzleistrasse 3, 8004 Zürich",restaurant,Yuma,47.374422,8.5239732
4001857308,"Kanzleistrasse 3, 8004 Zürich",restaurant,Le Cèdre,47.3738833,8.5264947
4001857308,"Kanzleistrasse 3, 8004 Zürich",restaurant,Masala,47.3730187,8.5289781
4001857308,"Kanzleistrasse 3, 8004 Zürich",bar,Brick,47.3754357,8.5244774
4001857308,"Kanzleistrasse 3, 8004 Zürich",fast_food,Addis Ababa,47.3728883,8.5280453
4001857308,"Kanzleistrasse 3, 8004 Zürich",restaurant,Ristorante Bar Certo,47.372245,8.5289743
4001857308,"Kanzleistrasse 3, 8004 Zürich",restaurant,Köchlistube,47.3732235,8.5237696
4001857308,"Kanzleistrasse 3, 8004 Zürich",restaurant,Paneolio,47.3731595,8.5261099
4001857308,"Kanzleistrasse 3, 8004 Zürich",parking,n/a,47.3740752,8.5266543
4001857308,"Kanzleistrasse 3, 8004 Zürich",parking,n/a,47.3740024,8.5273911
4001857308,"Kanzleistrasse 3, 8004 Zürich",pub,Xenix Bar,47.375227,8.5260558
4001857308,"Kanzleistrasse 3, 8004 Zürich",bar,Central,47.3749683,8.5258392
4001857308,"Kanzleistrasse 3, 8004 Zürich",pub,SI O NO,47.3725479,8.5239768
4001857308,"Kanzleistrasse 3, 8004 Zürich",restaurant,Volkshaus,47.3755766,8.5271252
4001857308,"Kanzleistrasse 3, 8004 Zürich",restaurant,Baba Baos,47.3747605,8.5246725
4001857308,"Kanzleistrasse 3, 8004 Zürich",pharmacy,Stauffacher Apotheke,47.372996,8.5278947
4001857308,"Kanzleistrasse 3, 8004 Zürich",bar,Engracia,47.3735871,8.5273055
4001857308,"Kanzleistrasse 3, 8004 Zürich",restaurant,Peking Garden,47.3750304,8.524534
4001857308,"Kanzleistrasse 3, 8004 Zürich",restaurant,Burgermeister,47.3745663,8.5245378
4001857308,"Kanzleistrasse 3, 8004 Zürich",restaurant,SO Pizza,47.3752425,8.5250339
4001857308,"Kanzleistrasse 3, 8004 Zürich",restaurant,Queen Idia African Restaurant,47.3742019,8.5234872
4001857308,"Kanzleistrasse 3, 8004 Zürich",pharmacy,Amavita,47.3750349,8.5237485
4001857308,"Kanzleistrasse 3, 8004 Zürich",fast_food,Ayaz,47.3738096,8.526028
4001857308,"Kanzleistrasse 3, 8004 Zürich",restaurant,Molino,47.3734849,8.5287165
4001857308,"Kanzleistrasse 3, 8004 Zürich",restaurant,Ichizen,47.3737975,8.5274539
4001857308,"Kanzleistrasse 3, 8004 Zürich",restaurant,Don Leone,47.3746589,8.5290969
4001857308,"Kanzleistrasse 3, 8004 Zürich",restaurant,Ikoo,47.3748928,8.5287964
4001857308,"Kanzleistrasse 3, 8004 Zürich",restaurant,D'Aurora,47.3751694,8.528416
4001857308,"Kanzleistrasse 3, 8004 Zürich",restaurant,La Taqueria,47.374456,8.5228253
4001857308,"Kanzleistrasse 3, 8004 Zürich",fast_food,Negishi,47.3740632,8.5252296
4001857308,"Kanzleistrasse 3, 8004 Zürich",fast_food,Marronistand,47.3735633,8.5292099
4001857308,"Kanzleistrasse 3, 8004 Zürich",fast_food,La Penisola,47.3739605,8.5249794
4001857308,"Kanzleistrasse 3, 8004 Zürich",restaurant,Centro,47.3760181,8.5277705
4001857308,"Kanzleistrasse 3, 8004 Zürich",fast_food,Tiny Fish,47.3743132,8.521665
4001857308,"Kanzleistrasse 3, 8004 Zürich",parking,n/a,47.3748849,8.5227258
4001857308,"Kanzleistrasse 3, 8004 Zürich",restaurant,Thai Hunters,47.3734083,8.525345
4001857308,"Kanzleistrasse 3, 8004 Zürich",restaurant,PHO Vietnam,47.3749537,8.5244837
4001857308,"Kanzleistrasse 3, 8004 Zürich",fast_food,Simply Soup,47.3718091,8.5290154
4001857308,"Kanzleistrasse 3, 8004 Zürich",restaurant,Nooch,47.3741055,8.5251017
4001857308,"Kanzleistrasse 3, 8004 Zürich",restaurant,Bund 39,47.3749607,8.5287161
4001857308,"Kanzleistrasse 3, 8004 Zürich",restaurant,Topden Bowls,47.3740432,8.5219682
4001857308,"Kanzleistrasse 3, 8004 Zürich",restaurant,V.P. Catering,47.3730087,8.5242929
4001857308,"Kanzleistrasse 3, 8004 Zürich",restaurant,Miss Miu,47.3739923,8.5254278
4001857308,"Kanzleistrasse 3, 8004 Zürich",cafe,Foifi,47.3728851,8.5247554
4001857308,"Kanzleistrasse 3, 8004 Zürich",atm,ZKB Automatenbank,47.3753634,8.5247694
4001857308,"Kanzleistrasse 3, 8004 Zürich",cafe,Il Salotto,47.3736876,8.5263504
4001857308,"Kanzleistrasse 3, 8004 Zürich",cafe,Coffee,47.3726893,8.5262165
4001857308,"Kanzleistrasse 3, 8004 Zürich",cafe,Bros Beans & Beats,47.3727983,8.5252812
4001857308,"Kanzleistrasse 3, 8004 Zürich",restaurant,Mythos,47.3737799,8.5285146
4001857308,"Kanzleistrasse 3, 8004 Zürich",restaurant,The Yard,47.3759287,8.5276269
4001857308,"Kanzleistrasse 3, 8004 Zürich",pub,BIERlab,47.3726024,8.5259826
4001857308,"Kanzleistrasse 3, 8004 Zürich",fast_food,Roots of Himalaya,47.3742749,8.5219557
4001857308,"Kanzleistrasse 3, 8004 Zürich",fast_food,Zürich Fried Chicken,47.3751013,8.5285248
4001857308,"Kanzleistrasse 3, 8004 Zürich",library,Fermento,47.3727026,8.5247435
4001857308,"Kanzleistrasse 3, 8004 Zürich",restaurant,Emilio,47.3729175,8.5272115
4001857308,"Kanzleistrasse 3, 8004 Zürich",clinic,Psychiatrische Polyklinik,47.374378,8.5248578
4001857308,"Kanzleistrasse 3, 8004 Zürich",restaurant,Spoon,47.3716297,8.5288036
4001857308,"Kanzleistrasse 3, 8004 Zürich",bar,Bar Lupo,47.3742891,8.5218301
4001857308,"Kanzleistrasse 3, 8004 Zürich",fast_food,House of Momos,47.3749982,8.5258144
4001857308,"Kanzleistrasse 3, 8004 Zürich",parking,n/a,47.37294,8.5286305
4001857308,"Kanzleistrasse 3, 8004 Zürich",cafe,Besteas Bar,47.3727911,8.5281812
4001857308,"Kanzleistrasse 3, 8004 Zürich",restaurant,Brenso,47.375571,8.5249235
4001857308,"Kanzleistrasse 3, 8004 Zürich",cafe,Stadtiere,47.374129,8.5220997
4001857308,"Kanzleistrasse 3, 8004 Zürich",restaurant,LÈ Cuisine,47.3738604,8.5279624
4001850950,"Blauenstrasse 1, 4153 Reinach BL",atm,Kantonalbank,47.493121,7.5927274
4001850950,"Blauenstrasse 1, 4153 Reinach BL",restaurant,Zur Waage,47.4909027,7.5891607
4001850950,"Blauenstrasse 1, 4153 Reinach BL",cafe,Café Grellinger,47.4933407,7.5889212
4001850950,"Blauenstrasse 1, 4153 Reinach BL",cafe,Café Storch,47.4927869,7.5888236
4001850950,"Blauenstrasse 1, 4153 Reinach BL",restaurant,Arcade Restaurant,47.4917834,7.5888125
4001850950,"Blauenstrasse 1, 4153 Reinach BL",restaurant,Grill Corner Imbiss,47.491386,7.58918
4001850950,"Blauenstrasse 1, 4153 Reinach BL",parking,n/a,47.4915645,7.5896845
4001850950,"Blauenstrasse 1, 4153 Reinach BL",restaurant,Café Schopf,47.4918994,7.5896171
4001850950,"Blauenstrasse 1, 4153 Reinach BL",fast_food,Pizza Capo,47.4935178,7.5914866
4001850950,"Blauenstrasse 1, 4153 Reinach BL",bank,Credit Suisse,47.4928234,7.5888923
4001850950,"Blauenstrasse 1, 4153 Reinach BL",bank,Valiant,47.4934634,7.5915349
4001850950,"Blauenstrasse 1, 4153 Reinach BL",bank,Kantonalbank Baselland,47.493121,7.5926778
4001850950,"Blauenstrasse 1, 4153 Reinach BL",restaurant,n/a,47.4934114,7.5919069
4001817493,"Hegenheimerstrasse 86, 4055 Basel",restaurant,Strassburgerhof,47.5616632,7.5687611
4001817493,"Hegenheimerstrasse 86, 4055 Basel",cafe,Cafe Helvetia,47.5600912,7.5678475
4001817493,"Hegenheimerstrasse 86, 4055 Basel",atm,Postfinance,47.5629557,7.5721525
4001817493,"Hegenheimerstrasse 86, 4055 Basel",library,GGG Stadtbibliothek Basel West,47.557385,7.5682005
4001817493,"Hegenheimerstrasse 86, 4055 Basel",cafe,Kaffeekanne,47.5603846,7.5715119
4001817493,"Hegenheimerstrasse 86, 4055 Basel",pharmacy,Sonnen-Apotheke,47.5605396,7.5721886
4001817493,"Hegenheimerstrasse 86, 4055 Basel",cafe,Café Zum Goldige Velo,47.5615493,7.5663805
4001817493,"Hegenheimerstrasse 86, 4055 Basel",cafe,Kaphi,47.5593174,7.5735831
4001814823,"Pfingstweidstrasse 98, 8005 Zürich",bar,Divid,47.3882798,8.514258
4001814823,"Pfingstweidstrasse 98, 8005 Zürich",restaurant,Equinox,47.3880703,8.5141661
4001814823,"Pfingstweidstrasse 98, 8005 Zürich",bar,Lucid,47.3880868,8.5144267
4001814823,"Pfingstweidstrasse 98, 8005 Zürich",cafe,Pause im foifi,47.3918258,8.5138982
4001814823,"Pfingstweidstrasse 98, 8005 Zürich",cafe,Bistro Chez Toni,47.3901929,8.511288
4001814823,"Pfingstweidstrasse 98, 8005 Zürich",restaurant,naanu,47.3908314,8.5090999
4001814823,"Pfingstweidstrasse 98, 8005 Zürich",bar,novotelcafe,47.3891581,8.5166796
4001814823,"Pfingstweidstrasse 98, 8005 Zürich",restaurant,The Flave,47.3890946,8.5168772
4001814823,"Pfingstweidstrasse 98, 8005 Zürich",restaurant,Migros Restaurant,47.3900253,8.5089683
4001814823,"Pfingstweidstrasse 98, 8005 Zürich",atm,Bancomat ZKB,47.3905164,8.5111847
4001814823,"Pfingstweidstrasse 98, 8005 Zürich",cafe,Nuovo,47.3904612,8.5102561
4001814823,"Pfingstweidstrasse 98, 8005 Zürich",restaurant,Route Twenty-Six,47.3906264,8.5100441
4001814823,"Pfingstweidstrasse 98, 8005 Zürich",atm,Migros Bank Bancomat,47.3899743,8.5088352
4001814823,"Pfingstweidstrasse 98, 8005 Zürich",cafe,Café West,47.3915993,8.5065075
4001814823,"Pfingstweidstrasse 98, 8005 Zürich",restaurant,Ribelli,47.3912171,8.5097545
4001814823,"Pfingstweidstrasse 98, 8005 Zürich",atm,Postfinance,47.3882664,8.514877
4001814823,"Pfingstweidstrasse 98, 8005 Zürich",school,FPZ Freie Primarschule Zürich,47.3895094,8.5156582
4001814823,"Pfingstweidstrasse 98, 8005 Zürich",restaurant,Wirtschaft zum Transit,47.3923769,8.4984989
4001814823,"Pfingstweidstrasse 98, 8005 Zürich",fast_food,Con Gusto,47.3907695,8.5093071
4001814823,"Pfingstweidstrasse 98, 8005 Zürich",fast_food,Spoon,47.390961,8.508666
4001805845,"Spitzenrainweg 54, 4147 Aesch BL",atm,Raiffeisenbank,47.4702921,7.5967495
4001805845,"Spitzenrainweg 54, 4147 Aesch BL",school,Schützenmattschule,47.4740067,7.6007852
4001805845,"Spitzenrainweg 54, 4147 Aesch BL",parking,n/a,47.4702884,7.5968148
4001805845,"Spitzenrainweg 54, 4147 Aesch BL",fast_food,Werni's Grillimbiss,47.4783727,7.5949291
4001805845,"Spitzenrainweg 54, 4147 Aesch BL",bank,Raiffeisen,47.4704371,7.5966374
4001761938,"Rue Crespin 20, 1206 Genève",restaurant,Indigo,46.1938574,6.1614799
4001761938,"Rue Crespin 20, 1206 Genève",restaurant,Trois Bonheurs,46.1949705,6.1588142
4001761938,"Rue Crespin 20, 1206 Genève",pharmacy,Parmacie de Florissant,46.195767,6.1561049
4001761938,"Rue Crespin 20, 1206 Genève",cafe,Beau Coffee,46.1957459,6.1569165
4001732294,"Neuweilerstrasse 4a, 4123 Allschwil",restaurant,Rössli,47.5507567,7.5361806
4001732294,"Neuweilerstrasse 4a, 4123 Allschwil",cafe,Café Bäckerei am Dorfplatz,47.5512889,7.5364914
4001732294,"Neuweilerstrasse 4a, 4123 Allschwil",atm,n/a,47.5509805,7.5359607
4001732294,"Neuweilerstrasse 4a, 4123 Allschwil",pharmacy,Dorfplatz-Apotheke,47.5516438,7.5377819
4001732294,"Neuweilerstrasse 4a, 4123 Allschwil",fast_food,Pico Pizzeria,47.5503858,7.5369971
4001732294,"Neuweilerstrasse 4a, 4123 Allschwil",restaurant,Restaurant Eintracht,47.5504341,7.5369421
4001732294,"Neuweilerstrasse 4a, 4123 Allschwil",restaurant,Elsässerhof (Chnoche),47.5521086,7.5371646
4001732294,"Neuweilerstrasse 4a, 4123 Allschwil",restaurant,Jägerstube,47.5515399,7.5371579
4001732294,"Neuweilerstrasse 4a, 4123 Allschwil",restaurant,Naruto,47.5517296,7.5398876
4001732294,"Neuweilerstrasse 4a, 4123 Allschwil",bank,Raiffeisenbank Allschwil-Schönenbuch,47.5524557,7.5408446
4001732294,"Neuweilerstrasse 4a, 4123 Allschwil",atm,Raiffeisen,47.5523935,7.5408962
4001732294,"Neuweilerstrasse 4a, 4123 Allschwil",cafe,RE,47.5503737,7.5360512
4001719525,"Pfaffenmattweg 31, 4132 Muttenz",restaurant,Restaurant zum Wartenberg,47.5218749,7.6454774
4001719525,"Pfaffenmattweg 31, 4132 Muttenz",restaurant,Café Hallenbad,47.5259425,7.6367542
4001719525,"Pfaffenmattweg 31, 4132 Muttenz",restaurant,dr Egge - das restaurant,47.5227137,7.6448957
4001687224,"Laufenstrasse 4, 4053 Basel",cafe,Bohemia,47.5406293,7.597733
4001687224,"Laufenstrasse 4, 4053 Basel",restaurant,River Square,47.5407402,7.6022858
4001687224,"Laufenstrasse 4, 4053 Basel",cafe,Da Graziella,47.5401968,7.5993514
4001677606,"Curt Goetz-Strasse 27, 4102 Binningen",library,Gemeindebibliothek Binningen,47.5415262,7.5743284
4001677606,"Curt Goetz-Strasse 27, 4102 Binningen",bank,Kantonalbank BL,47.5396184,7.5764766
4001677606,"Curt Goetz-Strasse 27, 4102 Binningen",school,Musikschule Binningen-Bottmingen,47.5395199,7.5739703
4001677606,"Curt Goetz-Strasse 27, 4102 Binningen",parking,n/a,47.5396871,7.5744347
4001677606,"Curt Goetz-Strasse 27, 4102 Binningen",pharmacy,Kronen-Apotheke,47.5374436,7.5714245
4001677606,"Curt Goetz-Strasse 27, 4102 Binningen",cafe,cent-treize,47.5384687,7.5719622
4001677606,"Curt Goetz-Strasse 27, 4102 Binningen",restaurant,Jagerstübli,47.5390237,7.572172
4001677606,"Curt Goetz-Strasse 27, 4102 Binningen",pharmacy,St. Margarethen,47.5412006,7.5737705
4001677606,"Curt Goetz-Strasse 27, 4102 Binningen",bank,UBS,47.5374691,7.5713196
4001677606,"Curt Goetz-Strasse 27, 4102 Binningen",restaurant,Schlüssel,47.5393467,7.5749371
4001677606,"Curt Goetz-Strasse 27, 4102 Binningen",restaurant,Sushi Tenzan,47.5374314,7.5755457
4001677606,"Curt Goetz-Strasse 27, 4102 Binningen",restaurant,Krone,47.5379517,7.5715103
4001677606,"Curt Goetz-Strasse 27, 4102 Binningen",restaurant,Restaurant Habibi,47.5419395,7.5774674
4001677606,"Curt Goetz-Strasse 27, 4102 Binningen",cafe,Sutter Begg,47.5416725,7.5743503
4001677606,"Curt Goetz-Strasse 27, 4102 Binningen",restaurant,Restaurant Schloss Binningen,47.5367723,7.5745771
4001677606,"Curt Goetz-Strasse 27, 4102 Binningen",clinic,Vista Clinic,47.5422375,7.574842
4001677606,"Curt Goetz-Strasse 27, 4102 Binningen",pharmacy,TopPharm Apotheke Dorenbach,47.5433997,7.5749154
4001677606,"Curt Goetz-Strasse 27, 4102 Binningen",bank,Raiffeisenbank Leimental,47.5411204,7.5736704
4001677606,"Curt Goetz-Strasse 27, 4102 Binningen",atm,n/a,47.5416507,7.5739732
4001677606,"Curt Goetz-Strasse 27, 4102 Binningen",bank,Raiffeisen,47.5418732,7.5739751
4001677606,"Curt Goetz-Strasse 27, 4102 Binningen",restaurant,Schiff,47.540103,7.5762887
4001677606,"Curt Goetz-Strasse 27, 4102 Binningen",restaurant,Binni Kebap Pizza,47.5421543,7.5743253
4001609453,"Hälderstrasse 4, 8451 Kleinandelfingen",atm,n/a,47.602044,8.6888438
4001609453,"Hälderstrasse 4, 8451 Kleinandelfingen",restaurant,Zum Bären,47.5999141,8.6834821
4001609453,"Hälderstrasse 4, 8451 Kleinandelfingen",restaurant,Casa Volpi,47.5994415,8.6827683
4001609453,"Hälderstrasse 4, 8451 Kleinandelfingen",bank,Ersparniskasse Schaffhausen,47.5996252,8.6834723
4001580868,"47 Hauptstrasse, 4148 Pfeffingen",restaurant,Rebstock,47.4602994,7.5900039
4001580868,"47 Hauptstrasse, 4148 Pfeffingen",parking,n/a,47.458161,7.5913503
4001580868,"47 Hauptstrasse, 4148 Pfeffingen",parking,Parkplatz Mehrzweckhalle,47.46092,7.5907921
4001314241,"Centralstrasse 93, 2540 Grenchen",parking,n/a,47.1919546,7.3979096
4001314241,"Centralstrasse 93, 2540 Grenchen",pub,Baracoa,47.1928349,7.3960856
4001314241,"Centralstrasse 93, 2540 Grenchen",fast_food,McDonald's,47.192981,7.4012687
4001314241,"Centralstrasse 93, 2540 Grenchen",pharmacy,n/a,47.1927234,7.3969981
4001314241,"Centralstrasse 93, 2540 Grenchen",restaurant,Metzgerhalle,47.1942997,7.3950991
4001314241,"Centralstrasse 93, 2540 Grenchen",bank,Raiffeisenbank Weissenstein,47.1926257,7.3988046
4001314241,"Centralstrasse 93, 2540 Grenchen",atm,n/a,47.1926381,7.3987593
4001314241,"Centralstrasse 93, 2540 Grenchen",clinic,Clinique DELC,47.1935543,7.4016235
4001314241,"Centralstrasse 93, 2540 Grenchen",restaurant,Roy,47.1934259,7.3951969
4001314241,"Centralstrasse 93, 2540 Grenchen",restaurant,Moccaflor,47.1961879,7.3943219
4001314241,"Centralstrasse 93, 2540 Grenchen",restaurant,Restaurant Feldschlösschen,47.2000684,7.3888662
4001314241,"Centralstrasse 93, 2540 Grenchen",restaurant,Restaurant am Girardplatz,47.1913001,7.3995455
4001314241,"Centralstrasse 93, 2540 Grenchen",restaurant,Bambi,47.1936253,7.3977055
4001314241,"Centralstrasse 93, 2540 Grenchen",restaurant,Man Fu,47.1932421,7.3985235
4001314241,"Centralstrasse 93, 2540 Grenchen",restaurant,Chok Dee,47.1925643,7.3954977
4001314241,"Centralstrasse 93, 2540 Grenchen",restaurant,Restaurant Centro Lounge,47.1925659,7.3968083
4001314241,"Centralstrasse 93, 2540 Grenchen",restaurant,Restaurant Antonio Gonzales,47.1935146,7.3963731
4001314241,"Centralstrasse 93, 2540 Grenchen",cafe,Café Märet,47.1931314,7.3964998
4001314241,"Centralstrasse 93, 2540 Grenchen",pub,Britannia Pub,47.1939502,7.3955483
4001253427,"Hubstrasse 42, 9500 Wil SG",atm,n/a,47.461859,9.0402821
4001253427,"Hubstrasse 42, 9500 Wil SG",atm,n/a,47.4615015,9.0417552
4001253427,"Hubstrasse 42, 9500 Wil SG",restaurant,China Wok,47.4604256,9.0422363
4001253427,"Hubstrasse 42, 9500 Wil SG",restaurant,Signal,47.460378,9.0436554
4001253427,"Hubstrasse 42, 9500 Wil SG",fast_food,Säntis Kebap Pizza,47.4618958,9.0399905
4001253427,"Hubstrasse 42, 9500 Wil SG",bar,Sein Lounge,47.4617744,9.0413935
4001253427,"Hubstrasse 42, 9500 Wil SG",bar,Vibes Lounge Bar Hookah,47.4618134,9.0406999
4001253427,"Hubstrasse 42, 9500 Wil SG",fast_food,Vedo Bistro,47.461376,9.0407412
4001253427,"Hubstrasse 42, 9500 Wil SG",school,Wilingua Sprach und Handelsschule,47.4603415,9.044685
4001253427,"Hubstrasse 42, 9500 Wil SG",school,Rudolf Steiner Schule,47.4619265,9.0376909
4001253427,"Hubstrasse 42, 9500 Wil SG",restaurant,Restaurant Typisch Thai,47.4587243,9.0387216
4001253427,"Hubstrasse 42, 9500 Wil SG",restaurant,Restaurant Fass,47.4611199,9.0401861
4001253427,"Hubstrasse 42, 9500 Wil SG",restaurant,Gemsli,47.458727,9.0383718
4001253427,"Hubstrasse 42, 9500 Wil SG",pharmacy,TopPharm St. Peter Apotheke,47.4624529,9.0445245
4001253427,"Hubstrasse 42, 9500 Wil SG",fast_food,Dieci Pizzakurier,47.4615155,9.0349947
4001253427,"Hubstrasse 42, 9500 Wil SG",restaurant,SV Mensa Kantonsschule Wil,47.4601448,9.0330171
4001253427,"Hubstrasse 42, 9500 Wil SG",cafe,n/a,47.4599439,9.0351406
4001253427,"Hubstrasse 42, 9500 Wil SG",restaurant,Schiff,47.46235,9.0454074
4001253427,"Hubstrasse 42, 9500 Wil SG",restaurant,Ilge,47.4621954,9.044492
4001253427,"Hubstrasse 42, 9500 Wil SG",restaurant,Bollywood,47.4625484,9.0447977
4001253427,"Hubstrasse 42, 9500 Wil SG",restaurant,Railside Kebab,47.4614121,9.041295
4001253427,"Hubstrasse 42, 9500 Wil SG",restaurant,Ginger House,47.4589471,9.0389534
4001232560,"Via Boscioro 18, 6962 Viganello",cafe,Dama's Cafe,46.0146642,8.9638199
4001232560,"Via Boscioro 18, 6962 Viganello",restaurant,Ristorante La Gasparina,46.0150502,8.9651781
4001232560,"Via Boscioro 18, 6962 Viganello",restaurant,Food KF,46.015136,8.96516
4001232560,"Via Boscioro 18, 6962 Viganello",atm,n/a,46.0120215,8.9639574
4001232560,"Via Boscioro 18, 6962 Viganello",restaurant,Cafe Vergnano 1882,46.0118061,8.9636868
4001232560,"Via Boscioro 18, 6962 Viganello",school,Scuola Media di Viganello,46.0146245,8.9618134
4001232560,"Via Boscioro 18, 6962 Viganello",fast_food,La Lupa,46.0144762,8.9626969
4001232560,"Via Boscioro 18, 6962 Viganello",bar,Bar Murales,46.0147159,8.9622189
4001232560,"Via Boscioro 18, 6962 Viganello",school,Scuola d'arti e mestieri della sartoria Lugano,46.0128803,8.9609127
4001232560,"Via Boscioro 18, 6962 Viganello",bar,Snack Bar L'Angolo,46.0127886,8.9660116
4001232560,"Via Boscioro 18, 6962 Viganello",library,Biblioteca della Scuola Media di Viganello,46.0138052,8.9614052
4001232560,"Via Boscioro 18, 6962 Viganello",parking,n/a,46.0127415,8.9625765
4001200920,"Bahnhofstrasse 8, 8902 Urdorf",restaurant,Bahnhöfli,47.3903913,8.4340076
4001200920,"Bahnhofstrasse 8, 8902 Urdorf",restaurant,Il Gabbino,47.3898727,8.4316443
4001200920,"Bahnhofstrasse 8, 8902 Urdorf",restaurant,Pizza Bella,47.3908632,8.4347015
4001011109,"Johann Brüderlin-Strasse 18, 4132 Muttenz",bar,Bajazzo,47.5244599,7.6464438
4001011109,"Johann Brüderlin-Strasse 18, 4132 Muttenz",fast_food,Cafe & More,47.5267647,7.6471139
4001011109,"Johann Brüderlin-Strasse 18, 4132 Muttenz",restaurant,Coop Restaurant,47.5276346,7.6476003
4001011109,"Johann Brüderlin-Strasse 18, 4132 Muttenz",atm,n/a,47.5267901,7.6477194
4001011109,"Johann Brüderlin-Strasse 18, 4132 Muttenz",bank,Raiffeisenbank Arlesheim,47.5266295,7.6470612
4001011109,"Johann Brüderlin-Strasse 18, 4132 Muttenz",pharmacy,Rössli Apotheke,47.5255047,7.6470676
4001011109,"Johann Brüderlin-Strasse 18, 4132 Muttenz",restaurant,Wirtschaft zur Waage,47.5239672,7.6461572
4001011109,"Johann Brüderlin-Strasse 18, 4132 Muttenz",restaurant,Trattoria Il Nuraghe,47.5238541,7.6455429
4001011109,"Johann Brüderlin-Strasse 18, 4132 Muttenz",fast_food,Dönerstop,47.5268261,7.6472043
4001011109,"Johann Brüderlin-Strasse 18, 4132 Muttenz",restaurant,Vicino,47.5254538,7.6472169
4001011109,"Johann Brüderlin-Strasse 18, 4132 Muttenz",bank,UBS,47.5262386,7.6474316
4001011109,"Johann Brüderlin-Strasse 18, 4132 Muttenz",parking,n/a,47.5275499,7.6510429
4001011109,"Johann Brüderlin-Strasse 18, 4132 Muttenz",pharmacy,TopPharm Apotheke Arbogast,47.52795,7.6470153
4002077790,"Clausiusstrasse 67, 8006 Zürich",restaurant,Ristorante Culmann,47.3794422,8.5470198
4002077790,"Clausiusstrasse 67, 8006 Zürich",restaurant,La Fontana,47.3797201,8.5469255
4002077790,"Clausiusstrasse 67, 8006 Zürich",restaurant,Restaurant Haldenbach,47.3799672,8.5469246
4002077790,"Clausiusstrasse 67, 8006 Zürich",fast_food,Domino's,47.3784731,8.547949
4002077790,"Clausiusstrasse 67, 8006 Zürich",cafe,Café Oberstrass,47.3782514,8.5479609
4002077790,"Clausiusstrasse 67, 8006 Zürich",restaurant,Hot Pasta,47.3786854,8.547952
4002077790,"Clausiusstrasse 67, 8006 Zürich",cafe,Sorell Rex,47.3847859,8.5431484
4002077790,"Clausiusstrasse 67, 8006 Zürich",bank,Habib Bank,47.3817572,8.5435756
4002077790,"Clausiusstrasse 67, 8006 Zürich",restaurant,Bamboo Inn,47.3804786,8.5472423
4002077790,"Clausiusstrasse 67, 8006 Zürich",restaurant,Stapferstube da Rizzo,47.3821725,8.5474623
4002077790,"Clausiusstrasse 67, 8006 Zürich",fast_food,Klara's Kitchen,47.3787999,8.5479501
4002077790,"Clausiusstrasse 67, 8006 Zürich",restaurant,Mensa Institut Minerva,47.3819656,8.5455532
4002077790,"Clausiusstrasse 67, 8006 Zürich",cafe,Klara‘s Kitchen,47.3827596,8.5437443
4002077790,"Clausiusstrasse 67, 8006 Zürich",school,Schule Minerva Zürich,47.3818918,8.5455529
4002077790,"Clausiusstrasse 67, 8006 Zürich",fast_food,Tiny Fish,47.3784125,8.5478096
4002077790,"Clausiusstrasse 67, 8006 Zürich",restaurant,Mesa Madrid,47.3833749,8.5431961
4002077790,"Clausiusstrasse 67, 8006 Zürich",school,Lernstudio,47.3819111,8.5456909
4002077100,"Poststrasse 13, 8312 Winterberg ZH",restaurant,Restaurant GolfplatzWinterberg,47.4576482,8.6850384
4002075822,"Chemin de la Bruyère, 1009 Pully",restaurant,Café du Village,46.5230949,6.6560083
4002075822,"Chemin de la Bruyère, 1009 Pully",restaurant,Thai square,46.5227691,6.6561789
4002075469,"Rorschacher Strasse 124, 9000 St. Gallen",parking,n/a,47.4311036,9.3955128
4002075469,"Rorschacher Strasse 124, 9000 St. Gallen",parking,P5,47.4294834,9.3945826
4002075469,"Rorschacher Strasse 124, 9000 St. Gallen",restaurant,Hockstübli,47.4327889,9.3949227
4002075469,"Rorschacher Strasse 124, 9000 St. Gallen",restaurant,Terronia Gusto & Musica,47.4309179,9.3946892
4002075469,"Rorschacher Strasse 124, 9000 St. Gallen",bar,Guacci's,47.4296439,9.3895403
4002075469,"Rorschacher Strasse 124, 9000 St. Gallen",restaurant,Restaurant Rennbahn,47.4332051,9.4015914
4002075469,"Rorschacher Strasse 124, 9000 St. Gallen",restaurant,Venezia,47.4309701,9.3932254
4002075469,"Rorschacher Strasse 124, 9000 St. Gallen",parking,P4,47.4301944,9.3951796
4002075469,"Rorschacher Strasse 124, 9000 St. Gallen",parking,n/a,47.4294275,9.394355
4002075469,"Rorschacher Strasse 124, 9000 St. Gallen",parking,n/a,47.431356,9.3968322
4002075469,"Rorschacher Strasse 124, 9000 St. Gallen",restaurant,la bocca,47.4311103,9.3960185
4002075469,"Rorschacher Strasse 124, 9000 St. Gallen",atm,n/a,47.4311459,9.3955624
4002075469,"Rorschacher Strasse 124, 9000 St. Gallen",parking,n/a,47.4323065,9.3910863
4002075452,"Etzelstrasse 9, 8832 Wollerau",bank,Schwyzer Kantonalbank,47.1954996,8.7193593
4002075452,"Etzelstrasse 9, 8832 Wollerau",restaurant,Gasthaus zur Metzg,47.1959747,8.7196882
4002075452,"Etzelstrasse 9, 8832 Wollerau",restaurant,China Garden,47.1934783,8.719105
4002075452,"Etzelstrasse 9, 8832 Wollerau",restaurant,Verenahof,47.1941964,8.7209987
4002075452,"Etzelstrasse 9, 8832 Wollerau",pub,Hinterhof Wollerau,47.1959766,8.7200758
4002075452,"Etzelstrasse 9, 8832 Wollerau",atm,n/a,47.1953189,8.7202581
4002075452,"Etzelstrasse 9, 8832 Wollerau",atm,n/a,47.195539,8.7194715
4002075452,"Etzelstrasse 9, 8832 Wollerau",bar,Fass Bar,47.193486,8.7190287
4002075452,"Etzelstrasse 9, 8832 Wollerau",restaurant,Santa Verena,47.1953186,8.7196572
4002075244,"Schulhausstrasse 12, 8704 Herrliberg",library,Gemeinde- und Schulbibliothek Herrliberg,47.2881414,8.6131443
4002075244,"Schulhausstrasse 12, 8704 Herrliberg",restaurant,Rössli zur Vogtei,47.2889928,8.6115013
4002075228,"Luegislandstrasse 68, 8051 Zürich",parking,n/a,47.4088025,8.5706503
4002075228,"Luegislandstrasse 68, 8051 Zürich",school,Sonderschule Puls+ Abteilung Tulpenstrasse,47.4049562,8.5654368
4002075228,"Luegislandstrasse 68, 8051 Zürich",cafe,Badi-Bistro,47.4086344,8.5714286
4002075228,"Luegislandstrasse 68, 8051 Zürich",restaurant,3 Spitz,47.4080788,8.5656791
4002074947,"Wiesliacher 44, 8053 Zürich",parking,n/a,47.3536911,8.6006023
4002074947,"Wiesliacher 44, 8053 Zürich",parking,n/a,47.3541201,8.6006015
4002074947,"Wiesliacher 44, 8053 Zürich",parking,n/a,47.3541868,8.5997182
4002074947,"Wiesliacher 44, 8053 Zürich",parking,n/a,47.3539314,8.6018684
4002074947,"Wiesliacher 44, 8053 Zürich",restaurant,Wiesli 30,47.354368,8.598452
4002074782,"Schulstrasse 60, 8952 Schlieren",atm,n/a,47.3982313,8.4601566
4002074782,"Schulstrasse 60, 8952 Schlieren",fast_food,Burger King,47.3982476,8.4598508
4002074782,"Schulstrasse 60, 8952 Schlieren",parking,n/a,47.3978865,8.455682
4002074782,"Schulstrasse 60, 8952 Schlieren",parking,n/a,47.3984759,8.4589797
4002074782,"Schulstrasse 60, 8952 Schlieren",parking,n/a,47.3979099,8.4560784
4002074782,"Schulstrasse 60, 8952 Schlieren",restaurant,Karun,47.3981483,8.4591813
4002074782,"Schulstrasse 60, 8952 Schlieren",clinic,USZ Wagi 14,47.3984275,8.4583832
4002074613,"Ferdinand Hodlerstrasse 32, 8049 Zürich",atm,Postfinance,47.4023982,8.4995755
4002074613,"Ferdinand Hodlerstrasse 32, 8049 Zürich",parking,n/a,47.4050063,8.5039582
4002073824,"Asylstrasse 9, 8810 Horgen",restaurant,il pappagallo,47.269858,8.5860939
4002073824,"Asylstrasse 9, 8810 Horgen",parking,n/a,47.2652725,8.5880155
4002073824,"Asylstrasse 9, 8810 Horgen",clinic,Policlinic,47.2627587,8.5887583
4002073824,"Asylstrasse 9, 8810 Horgen",pharmacy,n/a,47.263121,8.5892499
4002073824,"Asylstrasse 9, 8810 Horgen",clinic,Nephro am See,47.2628143,8.5915769
4002073824,"Asylstrasse 9, 8810 Horgen",atm,n/a,47.2620713,8.5927428
4002073824,"Asylstrasse 9, 8810 Horgen",bank,Bank Zimmerberg,47.2625773,8.5920914
4002073808,"Kantonsstrasse 69, 8807 Freienbach",school,Schulanlage Schwerzi,47.2038017,8.7601272
4002073808,"Kantonsstrasse 69, 8807 Freienbach",atm,n/a,47.2058563,8.7573978
4002073808,"Kantonsstrasse 69, 8807 Freienbach",restaurant,Restaurant Ried,47.2037301,8.7654165
4002073808,"Kantonsstrasse 69, 8807 Freienbach",school,Schulanlage Leutschen,47.2035611,8.7543872
4002073808,"Kantonsstrasse 69, 8807 Freienbach",restaurant,Bahnhöfli,47.20429,8.7590353
4002073808,"Kantonsstrasse 69, 8807 Freienbach",school,Sprachheilschule Steinen/Freienbach,47.2036006,8.7551235
4002073808,"Kantonsstrasse 69, 8807 Freienbach",school,Lehrschwimbecken Leutschen,47.2035451,8.7547059
4002073808,"Kantonsstrasse 69, 8807 Freienbach",school,Heilpädagogische Tagesschule Ausserschwyz,47.2041765,8.7620592
4002073808,"Kantonsstrasse 69, 8807 Freienbach",school,Schulanlage Leutschen,47.2035552,8.7549096
4002073808,"Kantonsstrasse 69, 8807 Freienbach",restaurant,Restaurant Seeli,47.2046299,8.7394871
4002073808,"Kantonsstrasse 69, 8807 Freienbach",cafe,Bäckerei Konditorei Café Schefer,47.206606,8.7569063
4002073808,"Kantonsstrasse 69, 8807 Freienbach",clinic,Ärzte Centrum Bäch,47.2039252,8.7364857
4002073792,"Starrkircherstrasse, 4600 Olten",fast_food,Qebabtore Grill,47.3495123,7.9173012
4002073792,"Starrkircherstrasse, 4600 Olten",restaurant,Landhaus,47.3461877,7.9247246
4002072918,"Runal 3, 7453 Tinizong",restaurant,la Scuntrada,46.5831034,9.617121
4002072688,"Brandschenkestrasse 54, 8002 Zurigo",fast_food,Burgermeister,47.3648083,8.5313604
4002072688,"Brandschenkestrasse 54, 8002 Zurigo",atm,Postfinance,47.3646199,8.5310141
4002072688,"Brandschenkestrasse 54, 8002 Zurigo",restaurant,Old Inn,47.365841,8.5325611
4002072688,"Brandschenkestrasse 54, 8002 Zurigo",restaurant,Fujiya of Japan,47.3643354,8.5321297
4002072688,"Brandschenkestrasse 54, 8002 Zurigo",cafe,Starbucks,47.3647025,8.5317713
4002072688,"Brandschenkestrasse 54, 8002 Zurigo",bar,Garibaldi,47.3648388,8.5323564
4002072688,"Brandschenkestrasse 54, 8002 Zurigo",restaurant,Le Rendez-Vous,47.3654301,8.5321082
4002072688,"Brandschenkestrasse 54, 8002 Zurigo",fast_food,Tessinerhaus,47.3647359,8.5319879
4002072688,"Brandschenkestrasse 54, 8002 Zurigo",fast_food,Brezelkönig,47.3646948,8.531126
4002072688,"Brandschenkestrasse 54, 8002 Zurigo",pharmacy,Medbase Apotheke Enge,47.364617,8.5312481
4002072688,"Brandschenkestrasse 54, 8002 Zurigo",bank,PostFinance,47.3650381,8.5307672
4002072688,"Brandschenkestrasse 54, 8002 Zurigo",restaurant,Vee's Bistro,47.3650602,8.5328569
4002072688,"Brandschenkestrasse 54, 8002 Zurigo",school,Aurum Schule Zürich,47.3648329,8.5312448
4002072688,"Brandschenkestrasse 54, 8002 Zurigo",school,Dr. Raebers Höhere Handelsschule,47.3651429,8.5310787
4002072688,"Brandschenkestrasse 54, 8002 Zurigo",cafe,Juliette,47.3665799,8.5328048
4002072688,"Brandschenkestrasse 54, 8002 Zurigo",bank,Bank von Roll,47.3663318,8.5330614
4002072494,"Himmeriweg 6, 8052 Seebach",restaurant,Fantasia,47.4201108,8.535963
4002072494,"Himmeriweg 6, 8052 Seebach",cafe,Dolce Vita,47.4201213,8.5383051
4002072377,"Leimenstrasse 7, 4051 Basel",restaurant,Zum Tell,47.557879,7.581831
4002072377,"Leimenstrasse 7, 4051 Basel",atm,n/a,47.556964,7.582109
4002072377,"Leimenstrasse 7, 4051 Basel",restaurant,Thai Food Kitchen 41,47.5564247,7.5832142
4002072377,"Leimenstrasse 7, 4051 Basel",restaurant,Mandir,47.5573507,7.5826147
4002072377,"Leimenstrasse 7, 4051 Basel",library,Vera Oeri-Bibliothek,47.5555578,7.5857048
4002072377,"Leimenstrasse 7, 4051 Basel",restaurant,Casanova,47.5570844,7.5833412
4002072377,"Leimenstrasse 7, 4051 Basel",restaurant,Restauration zur Harmonie,47.5571999,7.5843925
4002072377,"Leimenstrasse 7, 4051 Basel",restaurant,Antalya,47.5565553,7.5838656
4002072377,"Leimenstrasse 7, 4051 Basel",bar,Valhalla,47.5530672,7.5859669
4002072377,"Leimenstrasse 7, 4051 Basel",restaurant,Nón Lá,47.5571975,7.5830023
4002072377,"Leimenstrasse 7, 4051 Basel",bar,ONO Deli Café Bar,47.5569555,7.5838349
4002072377,"Leimenstrasse 7, 4051 Basel",pharmacy,TopPharm Apotheke Hersberger,47.5567796,7.5854177
4002072377,"Leimenstrasse 7, 4051 Basel",library,Bibliothek Altertumswissenschaften,47.557628,7.5846159
4002072377,"Leimenstrasse 7, 4051 Basel",restaurant,Åpuliå,47.5576254,7.5813857
4002072377,"Leimenstrasse 7, 4051 Basel",fast_food,Sapori del Sud,47.5577924,7.5819811
4002072377,"Leimenstrasse 7, 4051 Basel",restaurant,Aroma,47.5563689,7.5841585
4002072377,"Leimenstrasse 7, 4051 Basel",restaurant,Bel Etage,47.5559036,7.5864429
4002072377,"Leimenstrasse 7, 4051 Basel",restaurant,Restaurant Atelier,47.5560421,7.5865331
4002072377,"Leimenstrasse 7, 4051 Basel",cafe,Café Luna,47.5569602,7.5846765
4002072377,"Leimenstrasse 7, 4051 Basel",clinic,Poliklinik für Kinder und Jugendliche,47.5561249,7.5832808
4002072377,"Leimenstrasse 7, 4051 Basel",bar,Spale Bar,47.556691,7.5849188
4002071326,"Rue des Epinettes, 1227 Genève",cafe,Dieci pizzeria,46.1913101,6.1351224
4002071326,"Rue des Epinettes, 1227 Genève",restaurant,Chez Ana,46.1913727,6.1362054
4002071326,"Rue des Epinettes, 1227 Genève",restaurant,Il Salento,46.1909282,6.1372105
4002071326,"Rue des Epinettes, 1227 Genève",restaurant,Le Bistrot Laz Nillo,46.1905606,6.1345372
4002071326,"Rue des Epinettes, 1227 Genève",restaurant,Le Lotus d'Or,46.1902815,6.1339813
4002071326,"Rue des Epinettes, 1227 Genève",restaurant,Calabria,46.192492,6.1389456
4002071326,"Rue des Epinettes, 1227 Genève",restaurant,Ponte Vecchio,46.1934497,6.1400863
4002071326,"Rue des Epinettes, 1227 Genève",restaurant,Le Trinquet,46.1893625,6.1311909
4002071326,"Rue des Epinettes, 1227 Genève",restaurant,Bang Yai,46.18982,6.1366939
4002071326,"Rue des Epinettes, 1227 Genève",restaurant,Le Bistroquet,46.1913571,6.1384587
4002071326,"Rue des Epinettes, 1227 Genève",restaurant,Au Bureau,46.1899554,6.1315253
4002071326,"Rue des Epinettes, 1227 Genève",restaurant,Le Balthazar,46.1895938,6.1308641
4002071326,"Rue des Epinettes, 1227 Genève",restaurant,L'Atelier Geneva,46.1927018,6.1298174
4002071326,"Rue des Epinettes, 1227 Genève",restaurant,Le Marziano,46.1910838,6.1332864
4002071326,"Rue des Epinettes, 1227 Genève",clinic,CAAP Arve - Service addictologie - Hôpitaux Universitaires de Genève,46.1928483,6.1380469
4002071326,"Rue des Epinettes, 1227 Genève",restaurant,La Cantina Chez Marco,46.1910687,6.1327895
4002071326,"Rue des Epinettes, 1227 Genève",cafe,Lusitana,46.1904113,6.1341759
4002071326,"Rue des Epinettes, 1227 Genève",restaurant,Olympico,46.1909789,6.1383922
4002071326,"Rue des Epinettes, 1227 Genève",restaurant,Le Cyrano,46.1910117,6.1378171
4002071326,"Rue des Epinettes, 1227 Genève",restaurant,La Ruota,46.1895303,6.1345911
4002071326,"Rue des Epinettes, 1227 Genève",restaurant,L'Appart,46.1899479,6.1370361
4002071326,"Rue des Epinettes, 1227 Genève",cafe,L'Echoppe d'Awen,46.1900197,6.135687
4002071326,"Rue des Epinettes, 1227 Genève",parking,n/a,46.1898869,6.1343876
4002071326,"Rue des Epinettes, 1227 Genève",restaurant,Dal Pazzo,46.1904727,6.1343091
4002071049,"Chemin de la Résidence, 1009 Pully",parking,n/a,46.5049257,6.6701389
4002071049,"Chemin de la Résidence, 1009 Pully",restaurant,Da Roberto,46.5069205,6.667067
4002069703,"La Voie-du-Coin, 1218 Le Grand-Saconnex",restaurant,Delice Ange'Vin,46.2359347,6.1274322
4002069703,"La Voie-du-Coin, 1218 Le Grand-Saconnex",restaurant,I Sapori,46.2364546,6.1266914
4002069703,"La Voie-du-Coin, 1218 Le Grand-Saconnex",parking,Mairie,46.2361414,6.1255609
4002069703,"La Voie-du-Coin, 1218 Le Grand-Saconnex",bank,Banque MIGROS,46.2348181,6.1241383
4002069703,"La Voie-du-Coin, 1218 Le Grand-Saconnex",pub,Agneau à trois patttes,46.2371648,6.1277016
4002069703,"La Voie-du-Coin, 1218 Le Grand-Saconnex",restaurant,Pizzeria Cocco,46.2352584,6.1254579
4002069525,"Sonnenrain 2, 4800 Zofingen",cafe,Cafe Bel Ami,47.287881,7.945476
4002069525,"Sonnenrain 2, 4800 Zofingen",bar,Havanna,47.2872256,7.9470513
4002069525,"Sonnenrain 2, 4800 Zofingen",restaurant,Stadtkeller,47.2873911,7.947331
4002069525,"Sonnenrain 2, 4800 Zofingen",restaurant,Pizzeria & Bar Letzi,47.2870287,7.9464995
4002069525,"Sonnenrain 2, 4800 Zofingen",restaurant,Schmiedstube,47.2875281,7.94647
4002069525,"Sonnenrain 2, 4800 Zofingen",restaurant,Restaurant Rebstock,47.2879743,7.9463781
4002069525,"Sonnenrain 2, 4800 Zofingen",pub,Jägerstübli,47.2880607,7.9460643
4002069525,"Sonnenrain 2, 4800 Zofingen",pharmacy,Löwen Apotheke,47.2878024,7.9453253
4002069525,"Sonnenrain 2, 4800 Zofingen",restaurant,Le Cheval Blanc,47.2872195,7.946152
4002069525,"Sonnenrain 2, 4800 Zofingen",pub,Schlüssel,47.2875618,7.9457835
4002069525,"Sonnenrain 2, 4800 Zofingen",fast_food,City Pizza,47.2870881,7.9464368
4002069525,"Sonnenrain 2, 4800 Zofingen",pub,Key 69,47.2874914,7.9458137
4002069525,"Sonnenrain 2, 4800 Zofingen",pub,Pub You,47.2874459,7.9452572
4002069525,"Sonnenrain 2, 4800 Zofingen",restaurant,Sushi Do,47.2879515,7.9462509
4002069525,"Sonnenrain 2, 4800 Zofingen",cafe,Fifty - Fifty «Barista & Wein»,47.2875689,7.9456012
4002069525,"Sonnenrain 2, 4800 Zofingen",parking,n/a,47.2891063,7.9482162
4002069525,"Sonnenrain 2, 4800 Zofingen",restaurant,Café Damascus,47.2869612,7.9463905
4002069525,"Sonnenrain 2, 4800 Zofingen",restaurant,Chuchi Station,47.2846873,7.9459932
4002069525,"Sonnenrain 2, 4800 Zofingen",restaurant,Frohsinn,47.2848545,7.9458774
4002069522,"Oberburgstrasse 11a, 3400 Burgdorf",restaurant,Landhaus,47.0540337,7.6292976
4002069522,"Oberburgstrasse 11a, 3400 Burgdorf",parking,Parkhaus Oberstadt,47.0548239,7.6247628
4002069522,"Oberburgstrasse 11a, 3400 Burgdorf",restaurant,Da Gino,47.0553644,7.6274817
4002069522,"Oberburgstrasse 11a, 3400 Burgdorf",restaurant,Adulis Steinhof,47.052643,7.6190496
4002069522,"Oberburgstrasse 11a, 3400 Burgdorf",restaurant,Aki Restaurant,47.055578,7.6270628
4002069522,"Oberburgstrasse 11a, 3400 Burgdorf",restaurant,Spanische Weinhalle,47.0556742,7.6266566
4002069522,"Oberburgstrasse 11a, 3400 Burgdorf",school,Brückenangebote BZE,47.0561992,7.6263437
4002069522,"Oberburgstrasse 11a, 3400 Burgdorf",library,Stadtbibliothek Burgdorf,47.0549595,7.624077
4002069522,"Oberburgstrasse 11a, 3400 Burgdorf",bar,Zur Alten Post,47.0559532,7.6268566
4002069522,"Oberburgstrasse 11a, 3400 Burgdorf",pub,Zur Metzgern,47.0559201,7.6267174
4002069522,"Oberburgstrasse 11a, 3400 Burgdorf",atm,Bancomat Raiffeisen,47.0557967,7.6270962
4002069522,"Oberburgstrasse 11a, 3400 Burgdorf",fast_food,Tigris Kebab + Pizza,47.0556396,7.626497
4002069522,"Oberburgstrasse 11a, 3400 Burgdorf",pub,Bar Don Antonio,47.0558306,7.6264982
4002069522,"Oberburgstrasse 11a, 3400 Burgdorf",pub,La Bomba,47.055869,7.6265691
4002069522,"Oberburgstrasse 11a, 3400 Burgdorf",restaurant,Hofgut,47.0529904,7.6200096
4002069522,"Oberburgstrasse 11a, 3400 Burgdorf",restaurant,Chin-Chin,47.0553101,7.6274757
4002069522,"Oberburgstrasse 11a, 3400 Burgdorf",parking,n/a,47.0530209,7.6206494
4002069522,"Oberburgstrasse 11a, 3400 Burgdorf",parking,n/a,47.0525498,7.6205416
4002069522,"Oberburgstrasse 11a, 3400 Burgdorf",parking,n/a,47.0523132,7.626722
4002069522,"Oberburgstrasse 11a, 3400 Burgdorf",parking,n/a,47.0520629,7.6240336
4002069522,"Oberburgstrasse 11a, 3400 Burgdorf",parking,n/a,47.0525625,7.6242762
4002069522,"Oberburgstrasse 11a, 3400 Burgdorf",fast_food,Trinacria,47.0534627,7.6209401
4002069522,"Oberburgstrasse 11a, 3400 Burgdorf",restaurant,Specht,47.0555211,7.627082
4002069522,"Oberburgstrasse 11a, 3400 Burgdorf",restaurant,Orchidee,47.0556246,7.6257306
4002068939,"Erachfeldstrasse 6, 8180 Bülach",bank,Migros Bank,47.5174001,8.5413684
4002068939,"Erachfeldstrasse 6, 8180 Bülach",bank,Raiffeisen,47.5187529,8.540868
4002068939,"Erachfeldstrasse 6, 8180 Bülach",restaurant,Storchen Bistro,47.5167006,8.5412402
4002068939,"Erachfeldstrasse 6, 8180 Bülach",parking,n/a,47.5157943,8.5361769
4002068939,"Erachfeldstrasse 6, 8180 Bülach",library,Stadtbibliothek Bülach,47.5169331,8.5413789
4002068939,"Erachfeldstrasse 6, 8180 Bülach",restaurant,Arlecchino,47.518582,8.5425088
4002068939,"Erachfeldstrasse 6, 8180 Bülach",bar,Buffalo's Bar,47.5185242,8.5386319
4002068939,"Erachfeldstrasse 6, 8180 Bülach",restaurant,Paparazzi,47.5188305,8.539441
4002068939,"Erachfeldstrasse 6, 8180 Bülach",restaurant,Daily Pizza,47.5185638,8.5420652
4002068939,"Erachfeldstrasse 6, 8180 Bülach",restaurant,Schmiedstube,47.5176836,8.541649
4002068939,"Erachfeldstrasse 6, 8180 Bülach",restaurant,Zum Goldigen Winkel,47.5179459,8.5423123
4002068939,"Erachfeldstrasse 6, 8180 Bülach",restaurant,Rössli,47.5177305,8.5408698
4002068939,"Erachfeldstrasse 6, 8180 Bülach",parking,n/a,47.519057,8.5392736
4002068939,"Erachfeldstrasse 6, 8180 Bülach",restaurant,Stiftung Alterszentrum Region Bülach,47.5157539,8.5392057
4002068939,"Erachfeldstrasse 6, 8180 Bülach",atm,n/a,47.5187237,8.5398128
4002068939,"Erachfeldstrasse 6, 8180 Bülach",bar,LOKAL Bar,47.5179808,8.5408533
4002068939,"Erachfeldstrasse 6, 8180 Bülach",bank,Valiant,47.5185619,8.5394778
4002067505,"Ruberbaum 36, 8560 Märstetten",restaurant,Rössli,47.5935445,9.0695532
4002065689,"Chemin du Dézaley 5, 1026 Echandens",restaurant,Auberge communale,46.534366,6.5413609
4002065689,"Chemin du Dézaley 5, 1026 Echandens",atm,n/a,46.5339608,6.5412619
4002065689,"Chemin du Dézaley 5, 1026 Echandens",atm,n/a,46.5298241,6.5405183
4002065689,"Chemin du Dézaley 5, 1026 Echandens",pharmacy,Pharmacie Plus,46.533988,6.5413143
4002065303,"Seestrasse 38B, 8806 Wollerau",atm,n/a,47.2011714,8.7275304
4002065303,"Seestrasse 38B, 8806 Wollerau",bar,Weinstube,47.2044764,8.7339718
4002065303,"Seestrasse 38B, 8806 Wollerau",fast_food,Kebab,47.2040017,8.7111798
4002065303,"Seestrasse 38B, 8806 Wollerau",restaurant,Restaurant Seeli,47.2046299,8.7394871
4002065303,"Seestrasse 38B, 8806 Wollerau",clinic,Ärzte Centrum Bäch,47.2039252,8.7364857
4002064891,"Chemin du Liaudoz 2, 1009 Pully",pharmacy,Amavita Perraudetaz,46.5133765,6.6545155
4002062532,"Grand-Rue, 1204 Genève",restaurant,La Crise,46.2019772,6.1453623
4002062532,"Grand-Rue, 1204 Genève",restaurant,Le Rozzel,46.2018293,6.1455911
4002062532,"Grand-Rue, 1204 Genève",restaurant,Café Papon,46.2008035,6.1464792
4002062532,"Grand-Rue, 1204 Genève",fast_food,Bio Fred,46.2016827,6.1457378
4002062532,"Grand-Rue, 1204 Genève",pub,Spring Brothers Irish Pub,46.2018205,6.1452748
4002062532,"Grand-Rue, 1204 Genève",bar,Le Roi Ubu,46.2015773,6.1462164
4002062532,"Grand-Rue, 1204 Genève",restaurant,La Bottega,46.2018679,6.1438779
4002062532,"Grand-Rue, 1204 Genève",bar,22 Grand Rue,46.2018155,6.1458144
4002062532,"Grand-Rue, 1204 Genève",restaurant,Restaurant des Antiquaires,46.2014392,6.1466721
4002062532,"Grand-Rue, 1204 Genève",cafe,Pages & Sips,46.20137,6.1467598
4002062532,"Grand-Rue, 1204 Genève",cafe,Maison Rousseau Littérature,46.2013526,6.1465972
4002059883,"Friesstrasse 25, 8050 Zürich",fast_food,New Point,47.4140306,8.5452509
4002059883,"Friesstrasse 25, 8050 Zürich",restaurant,Golden India,47.414823,8.5457621
4002059883,"Friesstrasse 25, 8050 Zürich",cafe,Hasan's Sandwich,47.4163931,8.5449222
4002059883,"Friesstrasse 25, 8050 Zürich",restaurant,Goranac,47.4151692,8.5468187
4002059883,"Friesstrasse 25, 8050 Zürich",bar,Shisha Club Handedan,47.4148534,8.546411
4002059883,"Friesstrasse 25, 8050 Zürich",restaurant,Lamky,47.4128096,8.545181
4002059883,"Friesstrasse 25, 8050 Zürich",restaurant,Binzgarten,47.4124987,8.5445738
4002059883,"Friesstrasse 25, 8050 Zürich",bar,Las Vegas City,47.41458,8.5464719
4002059883,"Friesstrasse 25, 8050 Zürich",school,AKAD Business Zürich,47.4154229,8.543807
4002059883,"Friesstrasse 25, 8050 Zürich",restaurant,Jungholz,47.4154095,8.5433938
4002059883,"Friesstrasse 25, 8050 Zürich",school,"Fachschule Viventa, Schulhaus Jungholz",47.4154943,8.543807
4002059883,"Friesstrasse 25, 8050 Zürich",school,Kalaidos Bildungsgruppe,47.4155643,8.543807
4002059883,"Friesstrasse 25, 8050 Zürich",fast_food,Franco's Pizza Service,47.4131275,8.5452264
4002059883,"Friesstrasse 25, 8050 Zürich",cafe,La Jolie - Das Beauty Café,47.4161137,8.5448637
4002059883,"Friesstrasse 25, 8050 Zürich",restaurant,Masal Dosa,47.4150211,8.5453199
4002059883,"Friesstrasse 25, 8050 Zürich",bar,New Point Shisha,47.4142024,8.5453131
4002059465,"Schaffhauserplatz 10, 8006 Zürich",atm,Postfinance,47.392108,8.5382165
4002059465,"Schaffhauserplatz 10, 8006 Zürich",restaurant,Gonzalez,47.3962653,8.5402882
4002059465,"Schaffhauserplatz 10, 8006 Zürich",restaurant,La Casa,47.3901801,8.5400652
4002059465,"Schaffhauserplatz 10, 8006 Zürich",fast_food,Richie's Chicken,47.3905675,8.5394452
4002059465,"Schaffhauserplatz 10, 8006 Zürich",cafe,Bakery Bakery,47.3920571,8.5391006
4002059465,"Schaffhauserplatz 10, 8006 Zürich",cafe,Café Unterstrass,47.3921165,8.5386272
4002059465,"Schaffhauserplatz 10, 8006 Zürich",pharmacy,Apotheke Schaffhauserplatz,47.3916892,8.5383642
4002059465,"Schaffhauserplatz 10, 8006 Zürich",fast_food,Libanes Take Away,47.3928661,8.5392848
4002059465,"Schaffhauserplatz 10, 8006 Zürich",cafe,Kafi Freud,47.3959666,8.5406154
4002059465,"Schaffhauserplatz 10, 8006 Zürich",restaurant,Cucina,47.3957946,8.5399353
4002059465,"Schaffhauserplatz 10, 8006 Zürich",cafe,Paydos,47.395935,8.5400865
4002059465,"Schaffhauserplatz 10, 8006 Zürich",fast_food,Con Gusto,47.3919608,8.5390827
4002059465,"Schaffhauserplatz 10, 8006 Zürich",fast_food,Blooming Juice,47.3914598,8.539107
4002059352,"Schaffhauserplatz 10, 8006 Zürich",atm,Postfinance,47.392108,8.5382165
4002059352,"Schaffhauserplatz 10, 8006 Zürich",restaurant,Gonzalez,47.3962653,8.5402882
4002059352,"Schaffhauserplatz 10, 8006 Zürich",restaurant,La Casa,47.3901801,8.5400652
4002059352,"Schaffhauserplatz 10, 8006 Zürich",fast_food,Richie's Chicken,47.3905675,8.5394452
4002059352,"Schaffhauserplatz 10, 8006 Zürich",cafe,Bakery Bakery,47.3920571,8.5391006
4002059352,"Schaffhauserplatz 10, 8006 Zürich",cafe,Café Unterstrass,47.3921165,8.5386272
4002059352,"Schaffhauserplatz 10, 8006 Zürich",pharmacy,Apotheke Schaffhauserplatz,47.3916892,8.5383642
4002059352,"Schaffhauserplatz 10, 8006 Zürich",fast_food,Libanes Take Away,47.3928661,8.5392848
4002059352,"Schaffhauserplatz 10, 8006 Zürich",cafe,Kafi Freud,47.3959666,8.5406154
4002059352,"Schaffhauserplatz 10, 8006 Zürich",restaurant,Cucina,47.3957946,8.5399353
4002059352,"Schaffhauserplatz 10, 8006 Zürich",cafe,Paydos,47.395935,8.5400865
4002059352,"Schaffhauserplatz 10, 8006 Zürich",fast_food,Con Gusto,47.3919608,8.5390827
4002059352,"Schaffhauserplatz 10, 8006 Zürich",fast_food,Blooming Juice,47.3914598,8.539107
4002059201,"Widenhubstrasse 8, 8552 Felben-Wellhausen",atm,n/a,47.5787701,8.9413902
4002059201,"Widenhubstrasse 8, 8552 Felben-Wellhausen",restaurant,Frohsinn,47.5781166,8.939776
4002059066,"Steinwichslenstrasse 11, 9052 Niederteufen",restaurant,Alter Zoll,47.3920415,9.3673173
4002059066,"Steinwichslenstrasse 11, 9052 Niederteufen",school,Blaues Schulhaus,47.3941514,9.3630579
4002057244,"Ernst-Schüler-Strasse 30, 2502 Biel",fast_food,QiLi,47.1405373,7.2479025
4002057244,"Ernst-Schüler-Strasse 30, 2502 Biel",library,Stadtbibliothek - Bibliothèque de la Ville Biel/Bienne,47.1401046,7.2486672
4002057244,"Ernst-Schüler-Strasse 30, 2502 Biel",atm,Postfinance,47.1399601,7.2487567
4002057244,"Ernst-Schüler-Strasse 30, 2502 Biel",parking,Altstadt Parking - Parking de la Vieille Ville,47.1419808,7.248556
4002057244,"Ernst-Schüler-Strasse 30, 2502 Biel",restaurant,Baan Thai,47.1413858,7.2485194
4002057244,"Ernst-Schüler-Strasse 30, 2502 Biel",cafe,Le Panetier,47.1403256,7.2480657
4002057244,"Ernst-Schüler-Strasse 30, 2502 Biel",restaurant,Mai Thai,47.1404681,7.2479805
4002057244,"Ernst-Schüler-Strasse 30, 2502 Biel",fast_food,10' dieci,47.1424448,7.2484224
4002057244,"Ernst-Schüler-Strasse 30, 2502 Biel",cafe,Charlotte's,47.1381969,7.2540341
4002057244,"Ernst-Schüler-Strasse 30, 2502 Biel",cafe,Café Diamant,47.138206,7.25045
4002057244,"Ernst-Schüler-Strasse 30, 2502 Biel",bar,Privilège Snack Bar,47.1383153,7.2503466
4002057244,"Ernst-Schüler-Strasse 30, 2502 Biel",bar,Astoria,47.1389305,7.2494301
4002057244,"Ernst-Schüler-Strasse 30, 2502 Biel",bar,Star,47.139392,7.2493812
4002057244,"Ernst-Schüler-Strasse 30, 2502 Biel",fast_food,Pizza King,47.1394724,7.2493
4002057244,"Ernst-Schüler-Strasse 30, 2502 Biel",restaurant,Pizza Italia,47.1413402,7.2491843
4002057244,"Ernst-Schüler-Strasse 30, 2502 Biel",bar,Sporting Bar,47.1402854,7.248134
4002057244,"Ernst-Schüler-Strasse 30, 2502 Biel",cafe,Sporting,47.1402552,7.2481365
4002057244,"Ernst-Schüler-Strasse 30, 2502 Biel",parking,n/a,47.1388785,7.2525857
4002057244,"Ernst-Schüler-Strasse 30, 2502 Biel",restaurant,Pro Ticino,47.1416568,7.2493922
4002056554,"Rohrhagstrasse 4, 4104 Oberwil BL",restaurant,Traube,47.5220397,7.5702955
4002055428,"Müllheimerstrasse 53, 4057 Basel",restaurant,Zum Goldenen Fass,47.5656669,7.5956372
4002055428,"Müllheimerstrasse 53, 4057 Basel",restaurant,Delfin,47.5665578,7.5917694
4002055428,"Müllheimerstrasse 53, 4057 Basel",restaurant,Parterre One,47.5637639,7.591176
4002055428,"Müllheimerstrasse 53, 4057 Basel",cafe,Da Graziella,47.5664559,7.5928691
4002055428,"Müllheimerstrasse 53, 4057 Basel",cafe,Acero,47.5659948,7.5941398
4002055428,"Müllheimerstrasse 53, 4057 Basel",pharmacy,Klybeck Apotheke,47.5656841,7.591063
4002055428,"Müllheimerstrasse 53, 4057 Basel",cafe,Didi Bar,47.5656436,7.5934442
4002055428,"Müllheimerstrasse 53, 4057 Basel",cafe,Saint Tropez,47.5651584,7.5940531
4002055428,"Müllheimerstrasse 53, 4057 Basel",cafe,Clara,47.5644905,7.592551
4002055428,"Müllheimerstrasse 53, 4057 Basel",restaurant,Klybeck Casino,47.5644661,7.5916896
4002055428,"Müllheimerstrasse 53, 4057 Basel",restaurant,Bon Gout,47.566215,7.5913795
4002055428,"Müllheimerstrasse 53, 4057 Basel",restaurant,Taste of Mykonos,47.5660236,7.5909437
4002055428,"Müllheimerstrasse 53, 4057 Basel",bar,Alpenblick,47.5659372,7.5909695
4002055428,"Müllheimerstrasse 53, 4057 Basel",fast_food,Royal Grill,47.5668682,7.5953324
4002055428,"Müllheimerstrasse 53, 4057 Basel",restaurant,Urban Greek,47.5658332,7.5956113
4002055428,"Müllheimerstrasse 53, 4057 Basel",fast_food,Lu,47.5662885,7.5918563
4002055428,"Müllheimerstrasse 53, 4057 Basel",restaurant,Nua,47.5660088,7.5975782
4002055428,"Müllheimerstrasse 53, 4057 Basel",fast_food,Vegitat,47.5656938,7.5913352
4002055428,"Müllheimerstrasse 53, 4057 Basel",bar,Friends Bar,47.5663064,7.5907055
4002055428,"Müllheimerstrasse 53, 4057 Basel",restaurant,Valentino's Place,47.5658489,7.590881
4002055428,"Müllheimerstrasse 53, 4057 Basel",bar,Flore,47.5648065,7.5912772
4002055428,"Müllheimerstrasse 53, 4057 Basel",cafe,Internetcafé Planet13,47.56559,7.5913444
4002055428,"Müllheimerstrasse 53, 4057 Basel",fast_food,Astro Fries,47.5664318,7.5925697
4002055428,"Müllheimerstrasse 53, 4057 Basel",atm,n/a,47.5661075,7.5909485
4002055428,"Müllheimerstrasse 53, 4057 Basel",cafe,Whisky Bar,47.5647535,7.592706
4002055428,"Müllheimerstrasse 53, 4057 Basel",restaurant,Concordia,47.5655363,7.5920557
4002055428,"Müllheimerstrasse 53, 4057 Basel",bar,Rouine,47.5666217,7.5924914
4002055428,"Müllheimerstrasse 53, 4057 Basel",restaurant,Boo,47.5670345,7.5909027
4002055428,"Müllheimerstrasse 53, 4057 Basel",restaurant,Chanthaburi,47.56648,7.5916548
4002055428,"Müllheimerstrasse 53, 4057 Basel",fast_food,Sultan Saray,47.5664562,7.5914046
4002055428,"Müllheimerstrasse 53, 4057 Basel",cafe,Finkmüller,47.5658557,7.5912746
4002055428,"Müllheimerstrasse 53, 4057 Basel",fast_food,The Siam Delicious,47.5662091,7.5912098
4002055428,"Müllheimerstrasse 53, 4057 Basel",fast_food,Lu,47.5663068,7.5918813
4002055428,"Müllheimerstrasse 53, 4057 Basel",pub,Fass Bar,47.5657565,7.5956208
4002055428,"Müllheimerstrasse 53, 4057 Basel",restaurant,Chanthabury,47.566474,7.5916367
4002055428,"Müllheimerstrasse 53, 4057 Basel",restaurant,Reataurant Lu,47.5663965,7.5923787
4002055297,"Kurhausstrasse 80, 8032 Zürich",restaurant,Dolder Golfclub - Restaurant,47.3722886,8.5741221
4002055297,"Kurhausstrasse 80, 8032 Zürich",fast_food,Dolder Sportrestaurant,47.3754832,8.5764555
4002055297,"Kurhausstrasse 80, 8032 Zürich",restaurant,Mikuriya,47.3728228,8.5733976
4002055297,"Kurhausstrasse 80, 8032 Zürich",bar,Canvas Bar & Lounge,47.3727222,8.573421
4002054855,"Rue des Longs-Champs 49, 2854 Bassecourt",school,n/a,47.3373279,7.2453312
4002054855,"Rue des Longs-Champs 49, 2854 Bassecourt",pharmacy,Voirol,47.3378421,7.2430576
4002054855,"Rue des Longs-Champs 49, 2854 Bassecourt",restaurant,Restaurant du Jura,47.3357313,7.2445425
4002054855,"Rue des Longs-Champs 49, 2854 Bassecourt",cafe,n/a,47.3368442,7.2449718
4002054855,"Rue des Longs-Champs 49, 2854 Bassecourt",bar,Bar 4.6,47.338169,7.2428718
4002054855,"Rue des Longs-Champs 49, 2854 Bassecourt",bank,Banque Cantonale du Jura,47.3391387,7.2426501
4002054855,"Rue des Longs-Champs 49, 2854 Bassecourt",atm,n/a,47.3391029,7.2426624
4002054785,"Meierhöflistrasse 12, 6020 Emmenbrücke",parking,n/a,47.0742707,8.2859514
4002054785,"Meierhöflistrasse 12, 6020 Emmenbrücke",restaurant,Seetal,47.0708284,8.2833741
4002054785,"Meierhöflistrasse 12, 6020 Emmenbrücke",fast_food,McDonald's,47.0742817,8.2863535
4002054785,"Meierhöflistrasse 12, 6020 Emmenbrücke",atm,Luzerner Kantonalbank,47.0729967,8.2863344
4002054785,"Meierhöflistrasse 12, 6020 Emmenbrücke",restaurant,COOP,47.0734132,8.2905145
4002054785,"Meierhöflistrasse 12, 6020 Emmenbrücke",restaurant,MyGrill,47.0701645,8.2847399
4002054446,"Dottikerstrasse 45, 5611 Anglikon",restaurant,Vergismeinnicht La Pepiera,47.3650355,8.2619584
4002054446,"Dottikerstrasse 45, 5611 Anglikon",parking,n/a,47.3633187,8.2650912
4002054446,"Dottikerstrasse 45, 5611 Anglikon",parking,n/a,47.3635203,8.2641685
4002054446,"Dottikerstrasse 45, 5611 Anglikon",school,Schulhaus Anglikon,47.3630853,8.2657777
4002054083,"Aeussere Lange Heid 14, 4142 Münchenstein",fast_food,McDonald's,47.5259654,7.6042811
4002054083,"Aeussere Lange Heid 14, 4142 Münchenstein",restaurant,Gartenstadt,47.5202033,7.6066638
4002054083,"Aeussere Lange Heid 14, 4142 Münchenstein",restaurant,n/a,47.5247632,7.6045842
4002052713,"Wächlenstrasse 25, 8832 Wollerau",bank,Schwyzer Kantonalbank,47.1954996,8.7193593
4002052713,"Wächlenstrasse 25, 8832 Wollerau",bank,Raiffeisen,47.1963364,8.7220248
4002052713,"Wächlenstrasse 25, 8832 Wollerau",restaurant,Gasthaus zur Metzg,47.1959747,8.7196882
4002052713,"Wächlenstrasse 25, 8832 Wollerau",restaurant,Nemo,47.195244,8.7252691
4002052713,"Wächlenstrasse 25, 8832 Wollerau",pub,Hinterhof Wollerau,47.1959766,8.7200758
4002052713,"Wächlenstrasse 25, 8832 Wollerau",pharmacy,Höfner Apotheke,47.1966302,8.7229069
4002052713,"Wächlenstrasse 25, 8832 Wollerau",atm,n/a,47.1953189,8.7202581
4002052713,"Wächlenstrasse 25, 8832 Wollerau",restaurant,Restaurant Bahnhöfli,47.1952863,8.7242872
4002052713,"Wächlenstrasse 25, 8832 Wollerau",atm,n/a,47.195539,8.7194715
4002052713,"Wächlenstrasse 25, 8832 Wollerau",atm,n/a,47.19628,8.7220919
4002052713,"Wächlenstrasse 25, 8832 Wollerau",parking,n/a,47.1961498,8.7225836
4002052713,"Wächlenstrasse 25, 8832 Wollerau",restaurant,Restaurant Orion,47.1958629,8.7209726
4002052713,"Wächlenstrasse 25, 8832 Wollerau",restaurant,Santa Verena,47.1953186,8.7196572
4002052713,"Wächlenstrasse 25, 8832 Wollerau",cafe,Café Holzofen,47.1968032,8.7208179
4002051744,"Untere Leimenstrasse 1, 8718 Schänis",restaurant,Bären,47.160203,9.046214
4002051744,"Untere Leimenstrasse 1, 8718 Schänis",bank,Raiffeisenbank Schänis-Amden,47.1586727,9.0456476
4002051744,"Untere Leimenstrasse 1, 8718 Schänis",library,Gemeindebibliothek,47.1597769,9.0457572
4002049133,"Grenzstrasse 36, 5525 Fischbach-Göslikon",restaurant,Restaurant Reusstal,47.3735434,8.3046786
4002049133,"Grenzstrasse 36, 5525 Fischbach-Göslikon",restaurant,Suvlaki,47.3771229,8.2961863
4002049133,"Grenzstrasse 36, 5525 Fischbach-Göslikon",restaurant,Lohren,47.3701663,8.3086793
4002048659,"J.C. Fischer-Strasse 7, 8200 Schaffhausen",restaurant,Vrenelisgärtli,47.7063729,8.6348065
4002047956,"Nordstrasse 5, 8006 Zürich",fast_food,The Lemon Grass,47.3857427,8.539683
4002047956,"Nordstrasse 5, 8006 Zürich",restaurant,Drei Stuben,47.3832538,8.5416447
4002047956,"Nordstrasse 5, 8006 Zürich",restaurant,Pizzeria Veneziana,47.383118,8.5413332
4002047956,"Nordstrasse 5, 8006 Zürich",cafe,Café des Amis,47.3886467,8.5361093
4002047956,"Nordstrasse 5, 8006 Zürich",fast_food,Fux und Haas,47.3857229,8.5395166
4002047956,"Nordstrasse 5, 8006 Zürich",fast_food,Janni Pizza Kurier,47.3866392,8.539917
4002047956,"Nordstrasse 5, 8006 Zürich",restaurant,SimSim,47.3878521,8.5392302
4002047956,"Nordstrasse 5, 8006 Zürich",cafe,Konditorei Cafe,47.3882455,8.5359339
4002047956,"Nordstrasse 5, 8006 Zürich",parking,Parkhaus Stampfenbach,47.3864863,8.5390689
4002047956,"Nordstrasse 5, 8006 Zürich",library,Bibliothek des Schweizerischen Instituts für Kinder- und Jugendmedien SIKJM,47.3845291,8.5397558
4002047956,"Nordstrasse 5, 8006 Zürich",cafe,Schigu Kafi,47.3868032,8.5363403
4002047956,"Nordstrasse 5, 8006 Zürich",school,Dayschool Beckenhof,47.3834916,8.5413134
4002047956,"Nordstrasse 5, 8006 Zürich",restaurant,Bistro Pinto Take Away,47.3872577,8.540021
4002046813,"Dottikerstrasse 45, 5611 Anglikon",restaurant,Vergismeinnicht La Pepiera,47.3650355,8.2619584
4002046813,"Dottikerstrasse 45, 5611 Anglikon",parking,n/a,47.3633187,8.2650912
4002046813,"Dottikerstrasse 45, 5611 Anglikon",parking,n/a,47.3635203,8.2641685
4002046813,"Dottikerstrasse 45, 5611 Anglikon",school,Schulhaus Anglikon,47.3630853,8.2657777
4002045379,"Bornstrasse 21, 4612 Wangen bei Olten",restaurant,Gäuerstübli,47.3384083,7.8689433
4002045379,"Bornstrasse 21, 4612 Wangen bei Olten",restaurant,Brune Mutz,47.3430407,7.8715341
4002045379,"Bornstrasse 21, 4612 Wangen bei Olten",bank,Raiffeisenbank Untergäu,47.343116,7.8704981
4002045379,"Bornstrasse 21, 4612 Wangen bei Olten",restaurant,Goccetto,47.3428173,7.8706276
4002045379,"Bornstrasse 21, 4612 Wangen bei Olten",restaurant,Bahnhof,47.3426614,7.8701514
4002045379,"Bornstrasse 21, 4612 Wangen bei Olten",restaurant,Kafi Dünnere,47.3405127,7.8711211
4002044550,"Teufenerstrasse 180, 9012 St. Gallen",clinic,Paracelsus Klinik Lustmühle,47.3992102,9.3576916
4002044550,"Teufenerstrasse 180, 9012 St. Gallen",fast_food,Tew Tew Pizza Kebap,47.4114953,9.3667129
4002044550,"Teufenerstrasse 180, 9012 St. Gallen",atm,n/a,47.4112687,9.36639
4002044550,"Teufenerstrasse 180, 9012 St. Gallen",atm,n/a,47.4089584,9.3676707
4002042218,"Erlenmattstrasse 10, 4058 Basel",fast_food,Maulbeergrill,47.5676143,7.6023449
4002042218,"Erlenmattstrasse 10, 4058 Basel",bar,Qbarana Lounge Bar,47.5687669,7.6018111
4002042218,"Erlenmattstrasse 10, 4058 Basel",bar,Carambolage,47.5683278,7.6004231
4002042218,"Erlenmattstrasse 10, 4058 Basel",pub,Cafe 360,47.5676417,7.6024174
4002042218,"Erlenmattstrasse 10, 4058 Basel",restaurant,CHiCKPEA,47.5673966,7.6009155
4002042218,"Erlenmattstrasse 10, 4058 Basel",restaurant,The Chennai Kings,47.5682478,7.6052881
4002042218,"Erlenmattstrasse 10, 4058 Basel",restaurant,Le S,47.5690986,7.5993385
4002042218,"Erlenmattstrasse 10, 4058 Basel",library,feministische bibliothek @spit,47.5684445,7.6009464
4002042218,"Erlenmattstrasse 10, 4058 Basel",cafe,Magical Cafe,47.5699745,7.5993614
4002042218,"Erlenmattstrasse 10, 4058 Basel",pharmacy,Coop Vitality,47.5697544,7.6036227
4002042218,"Erlenmattstrasse 10, 4058 Basel",restaurant,Matt & Elly Brewery & Kitchen,47.56969,7.6034296
4002042218,"Erlenmattstrasse 10, 4058 Basel",school,Primarschulhaus Erlenmatt,47.5689989,7.6004078
4002042218,"Erlenmattstrasse 10, 4058 Basel",restaurant,Angolo Italiano,47.5670069,7.6009293
4002042218,"Erlenmattstrasse 10, 4058 Basel",restaurant,Kitchen 41,47.5674377,7.6017047
4002042218,"Erlenmattstrasse 10, 4058 Basel",library,Universitätsbibliothek Rosental,47.5669624,7.601665
4002042146,"Zürichstr. 50, 8184 Bachenbülach",fast_food,McDonald's,47.5105092,8.5445554
4002042146,"Zürichstr. 50, 8184 Bachenbülach",parking,n/a,47.5031039,8.5452084
4002042146,"Zürichstr. 50, 8184 Bachenbülach",library,Gemeindebibliothek Bachenbülach,47.5026648,8.5483143
4002042146,"Zürichstr. 50, 8184 Bachenbülach",restaurant,San Marco,47.5037865,8.5464341
4002042146,"Zürichstr. 50, 8184 Bachenbülach",restaurant,Zum Freihof,47.5030653,8.5455342
4002042146,"Zürichstr. 50, 8184 Bachenbülach",parking,n/a,47.5035979,8.5468663
4002042146,"Zürichstr. 50, 8184 Bachenbülach",parking,n/a,47.5015789,8.5437788
4002042146,"Zürichstr. 50, 8184 Bachenbülach",parking,n/a,47.5011677,8.5436858
4002042146,"Zürichstr. 50, 8184 Bachenbülach",parking,n/a,47.5025542,8.544028
4002042146,"Zürichstr. 50, 8184 Bachenbülach",parking,n/a,47.5032722,8.5448438
4002042146,"Zürichstr. 50, 8184 Bachenbülach",fast_food,Burger King,47.5051927,8.5415404
4002042146,"Zürichstr. 50, 8184 Bachenbülach",fast_food,Food Corner,47.5073355,8.5412483
4002042146,"Zürichstr. 50, 8184 Bachenbülach",parking,n/a,47.504516,8.5424054
4002039268,"Höschgasse 83, 8008 Zürich",restaurant,Yooji's,47.3582879,8.5541672
4002039268,"Höschgasse 83, 8008 Zürich",restaurant,Gesundheitszentrum für das Alter Wildbach,47.3575819,8.5575836
4002039268,"Höschgasse 83, 8008 Zürich",restaurant,Neumünster,47.3596206,8.5585046
4002039268,"Höschgasse 83, 8008 Zürich",atm,Postfinance,47.3577163,8.5540421
4002039268,"Höschgasse 83, 8008 Zürich",restaurant,Misoga,47.3614068,8.5608856
4002039268,"Höschgasse 83, 8008 Zürich",pharmacy,Minerva Apotheke,47.3614842,8.5610538
4002039268,"Höschgasse 83, 8008 Zürich",restaurant,blindekuh,47.3583286,8.5571633
4002039268,"Höschgasse 83, 8008 Zürich",pharmacy,TopPharm Apotheke Höschgasse,47.3577116,8.5547536
4002039268,"Höschgasse 83, 8008 Zürich",cafe,Confiserie Freytag,47.357029,8.5549279
4002039268,"Höschgasse 83, 8008 Zürich",cafe,Cafeteria UZH Botanischer Garten,47.3588123,8.5595427
4002039268,"Höschgasse 83, 8008 Zürich",pharmacy,Pill Apotheke Fröhlichstrasse,47.355307,8.557001
4002039268,"Höschgasse 83, 8008 Zürich",bar,Seefeldbar,47.3547507,8.5571903
4002039268,"Höschgasse 83, 8008 Zürich",library,Bibliothek der Institute für Systematische Botanik und für Pflanzenbiologie,47.3588388,8.5595046
4002039268,"Höschgasse 83, 8008 Zürich",restaurant,Totò,47.3580896,8.5538491
4002039268,"Höschgasse 83, 8008 Zürich",restaurant,Metzg,47.355851,8.556448
4002039268,"Höschgasse 83, 8008 Zürich",restaurant,Le Beaujolais,47.3554751,8.5568172
4002039268,"Höschgasse 83, 8008 Zürich",restaurant,Hammam Salon,47.3569676,8.5586356
4002039268,"Höschgasse 83, 8008 Zürich",school,"Tandem IMS, Zürich",47.3585537,8.5542336
4002039268,"Höschgasse 83, 8008 Zürich",cafe,Maison 33,47.3572728,8.5526229
4002039268,"Höschgasse 83, 8008 Zürich",cafe,Spuntino,47.3546706,8.5576663
4002039268,"Höschgasse 83, 8008 Zürich",restaurant,Weera Pura,47.3571792,8.5531184
4002037810,"Badgasse 5, 9320 Arbon",restaurant,Panorama Restaurant zum Seepark,47.5193716,9.4338974
4002037810,"Badgasse 5, 9320 Arbon",bar,Bistro Turm,47.5166106,9.4332844
4002037810,"Badgasse 5, 9320 Arbon",bar,Jacks Bar,47.5179655,9.4360928
4002036004,"Hauptstrasse 40, 5070 Frick",bar,Frick's monti,47.5081689,8.0204184
4002036004,"Hauptstrasse 40, 5070 Frick",restaurant,Rebstock,47.5069407,8.0211811
4002036004,"Hauptstrasse 40, 5070 Frick",pub,Güggeli,47.5065315,8.0222108
4002036004,"Hauptstrasse 40, 5070 Frick",restaurant,Sky Lounge,47.506045,8.0237473
4002036004,"Hauptstrasse 40, 5070 Frick",cafe,Kunz,47.5070441,8.0215883
4002036004,"Hauptstrasse 40, 5070 Frick",restaurant,Meck à Frick,47.5049638,8.0221308
4002036004,"Hauptstrasse 40, 5070 Frick",pharmacy,Löwen Apotheke,47.5083172,8.0194956
4002036004,"Hauptstrasse 40, 5070 Frick",bank,Neue Aargauer Bank,47.5072596,8.0213752
4002036004,"Hauptstrasse 40, 5070 Frick",bank,Migros Bank,47.5070768,8.0210358
4002036004,"Hauptstrasse 40, 5070 Frick",bank,Raiffeisenbank Regio Frick,47.5091295,8.0184312
4002036004,"Hauptstrasse 40, 5070 Frick",atm,Bankomat,47.5071554,8.0214052
4002036004,"Hauptstrasse 40, 5070 Frick",restaurant,Coop Restaurant,47.5086598,8.0189006
4002036004,"Hauptstrasse 40, 5070 Frick",bank,Aargauische Kantonalbank,47.5073974,8.022846
4002036004,"Hauptstrasse 40, 5070 Frick",fast_food,Melo Pizza & Kebab,47.506813,8.0218957
4002036004,"Hauptstrasse 40, 5070 Frick",parking,n/a,47.5070222,8.0235204
4002036004,"Hauptstrasse 40, 5070 Frick",pharmacy,Coop Vitality,47.5088989,8.0188264
4002036004,"Hauptstrasse 40, 5070 Frick",cafe,Piazza,47.5090777,8.0185201
4002036004,"Hauptstrasse 40, 5070 Frick",parking,n/a,47.5046241,8.0212131
4002036004,"Hauptstrasse 40, 5070 Frick",restaurant,Maestro Pizza,47.5054698,8.0250578
4002036004,"Hauptstrasse 40, 5070 Frick",restaurant,Peppino,47.5075219,8.0209473
4002036004,"Hauptstrasse 40, 5070 Frick",bank,Basellandschaftliche Kantonalbank,47.5082383,8.0196782
4002036004,"Hauptstrasse 40, 5070 Frick",atm,n/a,47.5075258,8.0229342
4002032155,"Oberglatterstrasse, 8184 Bachenbülach",restaurant,Hecht (Stützli 50),47.4918177,8.5473687
4002032155,"Oberglatterstrasse, 8184 Bachenbülach",parking,n/a,47.5031039,8.5452084
4002032155,"Oberglatterstrasse, 8184 Bachenbülach",restaurant,San Marco,47.5037865,8.5464341
4002032155,"Oberglatterstrasse, 8184 Bachenbülach",restaurant,Zum Freihof,47.5030653,8.5455342
4002032155,"Oberglatterstrasse, 8184 Bachenbülach",parking,n/a,47.5015789,8.5437788
4002032155,"Oberglatterstrasse, 8184 Bachenbülach",parking,n/a,47.5011677,8.5436858
4002030700,"Bahnhofstrasse 4, 8932 Mettmenstetten",restaurant,zum weissen Rössli,47.2437622,8.4631377
4002030700,"Bahnhofstrasse 4, 8932 Mettmenstetten",parking,n/a,47.2434739,8.4637306
4002030700,"Bahnhofstrasse 4, 8932 Mettmenstetten",restaurant,Spycher,47.2421457,8.464666
4002030700,"Bahnhofstrasse 4, 8932 Mettmenstetten",restaurant,Mättmi,47.2432946,8.4613952
4002030700,"Bahnhofstrasse 4, 8932 Mettmenstetten",restaurant,Steakhouse Bahnhof,47.2442494,8.4579335
4002030700,"Bahnhofstrasse 4, 8932 Mettmenstetten",bank,Clientis Sparcassa 1816,47.2440043,8.464205
4002030700,"Bahnhofstrasse 4, 8932 Mettmenstetten",parking,Friedhof,47.2427955,8.4667995
4002030700,"Bahnhofstrasse 4, 8932 Mettmenstetten",library,Bibliothek Mettmenstetten,47.2458916,8.4659348
4002030700,"Bahnhofstrasse 4, 8932 Mettmenstetten",bank,Raiffeisen,47.2432311,8.4609136
4002030700,"Bahnhofstrasse 4, 8932 Mettmenstetten",parking,n/a,47.2438197,8.4603227
4002029958,"Buhofstrasse 64a, 9424 Rheineck",parking,n/a,47.4657739,9.5734581
4002029958,"Buhofstrasse 64a, 9424 Rheineck",restaurant,Buhof,47.4701199,9.5754279
4002029958,"Buhofstrasse 64a, 9424 Rheineck",restaurant,Löwen,47.4663406,9.5730317
4002029958,"Buhofstrasse 64a, 9424 Rheineck",cafe,Bach Chill-Out-Café,47.4680089,9.5727798
4002025866,"Rittergutstrasse 14, 8200 Schaffhausen",restaurant,Gassenküche SH - VJPS,47.7034398,8.6359479
4002025866,"Rittergutstrasse 14, 8200 Schaffhausen",school,Time-out Klasse Schaffhausen,47.7071007,8.6371355
4002024688,"Chapfstrasse 1, 8625 Gossau",restaurant,Frohsinn,47.3073899,8.7586899
4002024688,"Chapfstrasse 1, 8625 Gossau",restaurant,Rosengarten,47.3063621,8.7582492
4002024688,"Chapfstrasse 1, 8625 Gossau",restaurant,Pizzeria Laufenbach,47.3055261,8.7589912
4002024688,"Chapfstrasse 1, 8625 Gossau",fast_food,Zéro Deux,47.3073975,8.758108
4002024688,"Chapfstrasse 1, 8625 Gossau",bank,Raiffeisenbank Zürcher Oberland,47.3073252,8.7577187
4002024688,"Chapfstrasse 1, 8625 Gossau",pharmacy,Dorf-Apotheke Gossau,47.3072044,8.75753
4002024688,"Chapfstrasse 1, 8625 Gossau",pharmacy,Drogerie Büelgass,47.3058571,8.7571388
4002024688,"Chapfstrasse 1, 8625 Gossau",restaurant,Pizza For You,47.3051137,8.7577138
4002024688,"Chapfstrasse 1, 8625 Gossau",atm,n/a,47.3073201,8.7577536
4002024688,"Chapfstrasse 1, 8625 Gossau",atm,n/a,47.3050095,8.7580214
4002023779,"Brünnenstrasse 108, 3018 Berna",restaurant,Coop Restaurant,46.9411104,7.3915363
4002023779,"Brünnenstrasse 108, 3018 Berna",pharmacy,Bümpliz-Apotheke & Drogerie,46.9417736,7.3932977
4002023779,"Brünnenstrasse 108, 3018 Berna",atm,n/a,46.9414067,7.3934605
4002023779,"Brünnenstrasse 108, 3018 Berna",restaurant,Dicle Pizza,46.9392919,7.3889223
4002023779,"Brünnenstrasse 108, 3018 Berna",atm,n/a,46.9393243,7.3890664
4002023779,"Brünnenstrasse 108, 3018 Berna",restaurant,Osteria da Santo,46.9409166,7.3931688
4002023779,"Brünnenstrasse 108, 3018 Berna",restaurant,Schloss Bümpliz,46.9441405,7.3920761
4002023779,"Brünnenstrasse 108, 3018 Berna",restaurant,Sternen,46.9408357,7.3906067
4002023779,"Brünnenstrasse 108, 3018 Berna",bank,Berner Kantonalbank bekb,46.9420542,7.390505
4002023779,"Brünnenstrasse 108, 3018 Berna",bank,UBS,46.9402007,7.3900369
4002023779,"Brünnenstrasse 108, 3018 Berna",restaurant,daylis,46.9430208,7.3859289
4002023779,"Brünnenstrasse 108, 3018 Berna",bar,Braubar,46.9412291,7.3929653
4002023779,"Brünnenstrasse 108, 3018 Berna",restaurant,Restaurant Höhe,46.9420597,7.3960751
4002023779,"Brünnenstrasse 108, 3018 Berna",restaurant,AVI Restaurant,46.9393138,7.3899988
4002023779,"Brünnenstrasse 108, 3018 Berna",school,Schulhaus Dorf,46.943119,7.3903327
4002023779,"Brünnenstrasse 108, 3018 Berna",restaurant,Restaurant Tramway,46.9415515,7.3904218
4002023779,"Brünnenstrasse 108, 3018 Berna",fast_food,Fontana,46.9418904,7.3912422
4002023779,"Brünnenstrasse 108, 3018 Berna",bar,3018 Bar,46.9419209,7.391112
4002023779,"Brünnenstrasse 108, 3018 Berna",restaurant,SangWang,46.9421342,7.3895179
4002023779,"Brünnenstrasse 108, 3018 Berna",atm,n/a,46.9401822,7.3900983
4002023779,"Brünnenstrasse 108, 3018 Berna",atm,n/a,46.9413954,7.3934496
4002023779,"Brünnenstrasse 108, 3018 Berna",pharmacy,Brünnen-Apotheke,46.9414674,7.3915967
4002023779,"Brünnenstrasse 108, 3018 Berna",clinic,Kinderarztpraxis Bienzgut,46.9410975,7.3928817
4002023779,"Brünnenstrasse 108, 3018 Berna",library,Bibliothek Bümpliz,46.9411829,7.3927953
4002022678,"Route de Valavran, 1294 Genthod",library,Bibliothèque communale de Genthod,46.2651789,6.155309
4002022514,"Stationsstrasse 31, 9014 St. Gallen",bank,St. Galler Kantonalbank,47.4090231,9.3314341
4002022514,"Stationsstrasse 31, 9014 St. Gallen",atm,n/a,47.4093039,9.3312335
4002022514,"Stationsstrasse 31, 9014 St. Gallen",pharmacy,Apotheke Bruggen,47.4090888,9.3316538
4002022514,"Stationsstrasse 31, 9014 St. Gallen",restaurant,Restaurant Ricken,47.4076288,9.3342083
4002022514,"Stationsstrasse 31, 9014 St. Gallen",cafe,broggepark,47.4103239,9.3351225
4002022514,"Stationsstrasse 31, 9014 St. Gallen",atm,n/a,47.4089743,9.3312574
4002020757,"Längistrasse 11, 4133 Pratteln",bank,n/a,47.5340213,7.7130616
4002020273,"Flurmatte 10, 6033 Buchrain",fast_food,McDonald's,47.0943531,8.3625892
4002020273,"Flurmatte 10, 6033 Buchrain",pharmacy,Dropa Ebikon,47.0940235,8.3596035
4002020273,"Flurmatte 10, 6033 Buchrain",parking,n/a,47.0948917,8.3621775
4002020273,"Flurmatte 10, 6033 Buchrain",parking,n/a,47.0952103,8.3620009
4002020273,"Flurmatte 10, 6033 Buchrain",parking,n/a,47.0952341,8.3624906
4002020273,"Flurmatte 10, 6033 Buchrain",parking,n/a,47.093511,8.3626525
4002020273,"Flurmatte 10, 6033 Buchrain",parking,n/a,47.0944039,8.3629824
4002020273,"Flurmatte 10, 6033 Buchrain",parking,n/a,47.094294,8.3630955
4002020273,"Flurmatte 10, 6033 Buchrain",parking,n/a,47.0939225,8.362799
4002020273,"Flurmatte 10, 6033 Buchrain",parking,n/a,47.0941047,8.3625688
4002020273,"Flurmatte 10, 6033 Buchrain",parking,n/a,47.0960461,8.3606682
4002020273,"Flurmatte 10, 6033 Buchrain",parking,n/a,47.0928637,8.3603928
4002020273,"Flurmatte 10, 6033 Buchrain",parking,n/a,47.0931314,8.3601117
4002020273,"Flurmatte 10, 6033 Buchrain",parking,n/a,47.0928387,8.3596484
4002020273,"Flurmatte 10, 6033 Buchrain",restaurant,Go4Tacos,47.0927484,8.3586226
4002020273,"Flurmatte 10, 6033 Buchrain",restaurant,Nok's Thai Kitchen,47.0946628,8.3629359
4002020273,"Flurmatte 10, 6033 Buchrain",parking,n/a,47.1012876,8.3542503
4002020273,"Flurmatte 10, 6033 Buchrain",parking,n/a,47.1010297,8.3538339
4002020273,"Flurmatte 10, 6033 Buchrain",fast_food,Mister Abi,47.0942646,8.3590611
4002020273,"Flurmatte 10, 6033 Buchrain",fast_food,M-Panada,47.0940625,8.3581907
4002017368,"Buckhauserstrasse 45, 8048 Zürich",restaurant,UBS Restaurant Flur,47.382807,8.4929412
4002017368,"Buckhauserstrasse 45, 8048 Zürich",restaurant,Pizza Züri,47.3842422,8.4978272
4002017368,"Buckhauserstrasse 45, 8048 Zürich",restaurant,Turbinenhalle,47.3841009,8.4964028
4002017368,"Buckhauserstrasse 45, 8048 Zürich",atm,UBS Bancomat,47.3828726,8.4929615
4002017368,"Buckhauserstrasse 45, 8048 Zürich",atm,UBS Bancomat,47.3852455,8.4961361
4002017368,"Buckhauserstrasse 45, 8048 Zürich",fast_food,Ruenthai 2 Take Away,47.3853736,8.4947825
4002017368,"Buckhauserstrasse 45, 8048 Zürich",restaurant,UBS Restaurant Snackeria Flurhof,47.3825966,8.4926584
4002017368,"Buckhauserstrasse 45, 8048 Zürich",restaurant,Thai Style,47.3838416,8.4947954
4002017368,"Buckhauserstrasse 45, 8048 Zürich",restaurant,Restaurant Buckhuser,47.3837393,8.4925808
4002017368,"Buckhauserstrasse 45, 8048 Zürich",school,SAE Institute Zürich,47.3845883,8.4919049
4002017368,"Buckhauserstrasse 45, 8048 Zürich",restaurant,Lunchmarket,47.3850743,8.4924041
4002017368,"Buckhauserstrasse 45, 8048 Zürich",bank,Valiant,47.3841976,8.4942783
4002017368,"Buckhauserstrasse 45, 8048 Zürich",restaurant,Kantine F+F,47.3818434,8.4927361
4002017368,"Buckhauserstrasse 45, 8048 Zürich",restaurant,Intermezzo,47.3837329,8.4925606
4002017368,"Buckhauserstrasse 45, 8048 Zürich",school,kinder campus,47.3844657,8.4945248
4002017368,"Buckhauserstrasse 45, 8048 Zürich",parking,Medienpark,47.3844014,8.4950445
4002010471,"Zürcherstrasse 7, 8730 Uznach",bank,Raiffeisenbank Benken,47.2247244,8.9818078
4002010471,"Zürcherstrasse 7, 8730 Uznach",bank,St.Galler Kantonalbank,47.2242781,8.9826133
4002010471,"Zürcherstrasse 7, 8730 Uznach",restaurant,Restaurant Linth,47.224309,8.9820506
4002010471,"Zürcherstrasse 7, 8730 Uznach",school,Schulhaus Letzi,47.2251092,8.9838657
4002010471,"Zürcherstrasse 7, 8730 Uznach",school,Jugendhaus Schlössli,47.2253282,8.9842253
4002010471,"Zürcherstrasse 7, 8730 Uznach",school,Schulhaus Büel,47.2262426,8.9847777
4002010471,"Zürcherstrasse 7, 8730 Uznach",bank,Bank Linth,47.2248261,8.9832277
4002010471,"Zürcherstrasse 7, 8730 Uznach",pharmacy,n/a,47.224771,8.984745
4002010471,"Zürcherstrasse 7, 8730 Uznach",pub,The Canadian,47.2245665,8.9846103
4002010471,"Zürcherstrasse 7, 8730 Uznach",parking,n/a,47.2250287,8.9817634
4002010471,"Zürcherstrasse 7, 8730 Uznach",library,n/a,47.2267297,8.9800594
4002010471,"Zürcherstrasse 7, 8730 Uznach",school,Oberstufenzentrum,47.226033,8.9837211
4002010471,"Zürcherstrasse 7, 8730 Uznach",school,Schulhaus Haslen,47.2262425,8.9842093
4002010471,"Zürcherstrasse 7, 8730 Uznach",school,Schulhaus Letzigraben,47.2253008,8.9836031
4002010471,"Zürcherstrasse 7, 8730 Uznach",atm,n/a,47.2241909,8.982494
4002010471,"Zürcherstrasse 7, 8730 Uznach",atm,n/a,47.2245022,8.9813483
4002010471,"Zürcherstrasse 7, 8730 Uznach",restaurant,Blume,47.2251395,8.9853585
4002010471,"Zürcherstrasse 7, 8730 Uznach",restaurant,Restaurant Schäfli,47.2252985,8.9868152
4002010471,"Zürcherstrasse 7, 8730 Uznach",cafe,Gabriel,47.2243228,8.980543
4002010471,"Zürcherstrasse 7, 8730 Uznach",pharmacy,Amavita Frohsinn,47.2264174,8.9811583
4002010471,"Zürcherstrasse 7, 8730 Uznach",school,Schulhaus Herrenacker,47.2260858,8.9856833
4002010471,"Zürcherstrasse 7, 8730 Uznach",restaurant,House of Grill,47.2252829,8.9826899
4002010471,"Zürcherstrasse 7, 8730 Uznach",restaurant,Smile Elephant Foodtruck,47.2247465,8.9803552
4002010471,"Zürcherstrasse 7, 8730 Uznach",clinic,Psychiatrie-Zentrum Linthgebiet,47.2243785,8.9837341
4002010471,"Zürcherstrasse 7, 8730 Uznach",cafe,Kafibar im Städtli,47.225144,8.9859968
4002010471,"Zürcherstrasse 7, 8730 Uznach",cafe,Ambiente Café,47.2252544,8.9864433
4002010471,"Zürcherstrasse 7, 8730 Uznach",fast_food,n/a,47.2243149,8.9839334
4002010471,"Zürcherstrasse 7, 8730 Uznach",restaurant,Öxli - Bistro und Take-Away,47.2244709,8.9837516
4002009342,"Socinstrasse, 4051 Basel",library,Karger-Bibliothek,47.5545263,7.5828336
4002009342,"Socinstrasse, 4051 Basel",restaurant,Cantina E9,47.5543298,7.5819493
4002009342,"Socinstrasse, 4051 Basel",library,Archiv der Basler Mission/mission 21,47.5590725,7.5780005
4002009342,"Socinstrasse, 4051 Basel",cafe,Café Spalentor,47.5577806,7.5807321
4002009342,"Socinstrasse, 4051 Basel",restaurant,Pizzeria zum Schützen,47.5558167,7.5804921
4002009342,"Socinstrasse, 4051 Basel",cafe,Trend Café,47.5582138,7.5792858
4002009342,"Socinstrasse, 4051 Basel",restaurant,Åpuliå,47.5576254,7.5813857
4002009342,"Socinstrasse, 4051 Basel",restaurant,Restaurant La Gondola,47.5560239,7.575814
4002009342,"Socinstrasse, 4051 Basel",fast_food,Punjabi Shop,47.5557962,7.5759312
4002009342,"Socinstrasse, 4051 Basel",restaurant,Ayledo,47.5591356,7.5780844
4002006184,"Schweizerhaus 2, 8755 Ennenda",restaurant,National Saloon,47.037218,9.07145
4002006184,"Schweizerhaus 2, 8755 Ennenda",restaurant,Stadthof,47.039299,9.069771
4002006184,"Schweizerhaus 2, 8755 Ennenda",restaurant,Bierhalle,47.037592,9.069763
4002006184,"Schweizerhaus 2, 8755 Ennenda",restaurant,Pizzeria Steinbock,47.038059,9.069539
4002006184,"Schweizerhaus 2, 8755 Ennenda",cafe,Cornetto,47.0316397,9.0783799
4002006184,"Schweizerhaus 2, 8755 Ennenda",bar,MFG,47.0388734,9.0701795
4002006184,"Schweizerhaus 2, 8755 Ennenda",restaurant,Horgenberg,47.0223072,9.0795697
4002006184,"Schweizerhaus 2, 8755 Ennenda",bank,UBS,47.0396783,9.0694537
4002006184,"Schweizerhaus 2, 8755 Ennenda",bar,Freulerbar,47.0397573,9.0691547
4002006184,"Schweizerhaus 2, 8755 Ennenda",fast_food,Döner,47.0393357,9.0695653
4002006184,"Schweizerhaus 2, 8755 Ennenda",parking,n/a,47.0384539,9.0716165
4002006184,"Schweizerhaus 2, 8755 Ennenda",restaurant,Burlet,47.0374302,9.0713583
4002006184,"Schweizerhaus 2, 8755 Ennenda",restaurant,Restaurant Kubli,47.0385215,9.0697961
4002006184,"Schweizerhaus 2, 8755 Ennenda",cafe,GastroRollbar,47.0387861,9.0711439
4002003069,"Rue de France 24, 2400 Le Locle",cafe,Lux,47.055618,6.7431871
4002003069,"Rue de France 24, 2400 Le Locle",restaurant,Tio Do Porto,47.0547645,6.7457674
4002003069,"Rue de France 24, 2400 Le Locle",pub,n/a,47.0568706,6.7466341
4002003069,"Rue de France 24, 2400 Le Locle",pharmacy,Pharmacie du Casino,47.0565196,6.7475356
4002003069,"Rue de France 24, 2400 Le Locle",bank,UBS,47.0563955,6.7472349
4002003069,"Rue de France 24, 2400 Le Locle",pub,n/a,47.0564963,6.7469161
4002003069,"Rue de France 24, 2400 Le Locle",parking,n/a,47.0551411,6.7437884
4002003069,"Rue de France 24, 2400 Le Locle",restaurant,Casino,47.0558604,6.7470555
4002003069,"Rue de France 24, 2400 Le Locle",restaurant,Pizzeria du monde,47.0551252,6.742493
4002003069,"Rue de France 24, 2400 Le Locle",restaurant,La Vita e bella,47.0556983,6.744055
4002002339,"Seestrasse 72e, 9320 Arbon",parking,n/a,47.5195442,9.4196928
4002002339,"Seestrasse 72e, 9320 Arbon",parking,n/a,47.5200631,9.4209664
4002002339,"Seestrasse 72e, 9320 Arbon",parking,n/a,47.5195284,9.4191285
4002002339,"Seestrasse 72e, 9320 Arbon",parking,n/a,47.521383,9.4215951
4002002339,"Seestrasse 72e, 9320 Arbon",parking,n/a,47.5217662,9.4178168
4002002339,"Seestrasse 72e, 9320 Arbon",parking,n/a,47.5216364,9.4183845
4002002339,"Seestrasse 72e, 9320 Arbon",parking,n/a,47.5220659,9.41811
4002002339,"Seestrasse 72e, 9320 Arbon",parking,n/a,47.5222023,9.4177391
4001997388,"Via Santuario 8, 6644 Orselina",cafe,Cecchettin,46.1764473,8.7945632
4001997388,"Via Santuario 8, 6644 Orselina",parking,n/a,46.1770255,8.7959014
4001997388,"Via Santuario 8, 6644 Orselina",clinic,Clinica Fondazione Varini,46.1775397,8.799939
4001987270,"Unterdorfstr. 43, 3072 Ostermundigen",parking,n/a,46.9586752,7.4914276
4001987270,"Unterdorfstr. 43, 3072 Ostermundigen",fast_food,Boss Pizza,46.9581271,7.48888
4001987253,"Dornacherstrasse 3, 6003 Luzern",restaurant,Ampersand,47.0472189,8.3078567
4001987253,"Dornacherstrasse 3, 6003 Luzern",atm,n/a,47.0464013,8.3063568
4001987253,"Dornacherstrasse 3, 6003 Luzern",restaurant,Helvetia,47.0459672,8.3068468
4001987253,"Dornacherstrasse 3, 6003 Luzern",cafe,Salü,47.0458283,8.3064919
4001987253,"Dornacherstrasse 3, 6003 Luzern",cafe,Houdini,47.0458747,8.3076142
4001987253,"Dornacherstrasse 3, 6003 Luzern",restaurant,Wolf,47.0458038,8.3063911
4001987253,"Dornacherstrasse 3, 6003 Luzern",bar,Hanky Panky,47.0478726,8.3079876
4001987253,"Dornacherstrasse 3, 6003 Luzern",restaurant,Barbès,47.045985,8.30752
4001987253,"Dornacherstrasse 3, 6003 Luzern",restaurant,Basilico,47.0470664,8.3080462
4001987253,"Dornacherstrasse 3, 6003 Luzern",restaurant,Da Luni,47.0470333,8.3069406
4001987253,"Dornacherstrasse 3, 6003 Luzern",restaurant,Korea Town,47.0475244,8.3075926
4001987253,"Dornacherstrasse 3, 6003 Luzern",fast_food,point24,47.0464889,8.307375
4001987253,"Dornacherstrasse 3, 6003 Luzern",bar,Penthouse,47.0481586,8.3055261
4001987253,"Dornacherstrasse 3, 6003 Luzern",restaurant,Mekong,47.0481843,8.3053784
4001987253,"Dornacherstrasse 3, 6003 Luzern",cafe,Arlecchino,47.0467197,8.3071913
4001987253,"Dornacherstrasse 3, 6003 Luzern",restaurant,Khoua Vientiane,47.0477535,8.3057646
4001987253,"Dornacherstrasse 3, 6003 Luzern",cafe,Coffeeshop,47.0482409,8.3055152
4001987253,"Dornacherstrasse 3, 6003 Luzern",restaurant,Thai Garden,47.0480892,8.3052711
4001987253,"Dornacherstrasse 3, 6003 Luzern",restaurant,La Cucina,47.0479172,8.3058605
4001987253,"Dornacherstrasse 3, 6003 Luzern",cafe,Kaffeekranz,47.0482343,8.3066261
4001987253,"Dornacherstrasse 3, 6003 Luzern",restaurant,Daniele Winebar,47.0466019,8.3063238
4001987253,"Dornacherstrasse 3, 6003 Luzern",restaurant,Kaiten,47.0467537,8.3061958
4001987253,"Dornacherstrasse 3, 6003 Luzern",restaurant,Angkor Take Away,47.0468927,8.3067295
4001987253,"Dornacherstrasse 3, 6003 Luzern",cafe,Stromboli,47.0464101,8.3064801
4001987253,"Dornacherstrasse 3, 6003 Luzern",bar,Matrix,47.0473207,8.3073968
4001987253,"Dornacherstrasse 3, 6003 Luzern",restaurant,Jeff's Burger,47.0470126,8.3080407
4001987253,"Dornacherstrasse 3, 6003 Luzern",atm,n/a,47.0479337,8.3045833
4001987253,"Dornacherstrasse 3, 6003 Luzern",bar,Café Nizza Bar,47.0482129,8.305887
4001987253,"Dornacherstrasse 3, 6003 Luzern",restaurant,by neville's indian dining,47.0464309,8.3064424
4001987253,"Dornacherstrasse 3, 6003 Luzern",bar,Hinicht,47.0468825,8.3050851
4001987253,"Dornacherstrasse 3, 6003 Luzern",bar,kostbar,47.0466715,8.3047733
4001987253,"Dornacherstrasse 3, 6003 Luzern",bank,Valiant,47.047833,8.3046518
4001987253,"Dornacherstrasse 3, 6003 Luzern",parking,Astoria,47.047852,8.3054265
4001987253,"Dornacherstrasse 3, 6003 Luzern",bar,Kaspar,47.0485107,8.3063809
4001987253,"Dornacherstrasse 3, 6003 Luzern",bar,l‘arbre,47.0473095,8.3067358
4001987253,"Dornacherstrasse 3, 6003 Luzern",cafe,Café Tacuba,47.0475037,8.3072101
4001987253,"Dornacherstrasse 3, 6003 Luzern",cafe,Two Hands,47.0460843,8.3077308
4001987253,"Dornacherstrasse 3, 6003 Luzern",cafe,Glou,47.0458862,8.3066548
4001987253,"Dornacherstrasse 3, 6003 Luzern",parking,Parkhaus Hirzenmatt,47.0469387,8.3066768
4001987253,"Dornacherstrasse 3, 6003 Luzern",bar,Maison Bardot,47.0471224,8.3075352
4001987253,"Dornacherstrasse 3, 6003 Luzern",parking,n/a,47.0471592,8.3054565
4001987253,"Dornacherstrasse 3, 6003 Luzern",parking,n/a,47.0472541,8.3056869
4001987253,"Dornacherstrasse 3, 6003 Luzern",parking,n/a,47.0472161,8.3057343
4001987253,"Dornacherstrasse 3, 6003 Luzern",parking,n/a,47.0469948,8.3050399
4001987253,"Dornacherstrasse 3, 6003 Luzern",parking,n/a,47.0466471,8.3051742
4001987253,"Dornacherstrasse 3, 6003 Luzern",parking,n/a,47.0464917,8.3053149
4001987253,"Dornacherstrasse 3, 6003 Luzern",parking,n/a,47.0463908,8.305264
4001987253,"Dornacherstrasse 3, 6003 Luzern",parking,n/a,47.0460496,8.305142
4001987253,"Dornacherstrasse 3, 6003 Luzern",parking,n/a,47.0459749,8.3051544
4001987253,"Dornacherstrasse 3, 6003 Luzern",parking,n/a,47.0460469,8.3053398
4001987253,"Dornacherstrasse 3, 6003 Luzern",parking,n/a,47.0458578,8.3057303
4001987253,"Dornacherstrasse 3, 6003 Luzern",parking,n/a,47.0460072,8.3055963
4001987253,"Dornacherstrasse 3, 6003 Luzern",parking,n/a,47.0460415,8.3056885
4001987253,"Dornacherstrasse 3, 6003 Luzern",parking,n/a,47.0459031,8.3058049
4001987253,"Dornacherstrasse 3, 6003 Luzern",parking,n/a,47.047652,8.3068071
4001987253,"Dornacherstrasse 3, 6003 Luzern",parking,n/a,47.0477576,8.3069284
4001987253,"Dornacherstrasse 3, 6003 Luzern",parking,n/a,47.047603,8.3065345
4001987253,"Dornacherstrasse 3, 6003 Luzern",parking,n/a,47.0474157,8.306077
4001983870,"Scheuermattweg 4, 3007 Bern",restaurant,Nuda,46.9366823,7.4359715
4001983870,"Scheuermattweg 4, 3007 Bern",restaurant,Serini Kantine,46.9358231,7.4377355
4001983870,"Scheuermattweg 4, 3007 Bern",fast_food,Schönau,46.9373695,7.4394939
4001983870,"Scheuermattweg 4, 3007 Bern",restaurant,Tängi-Curry,46.9395675,7.4402537
4001983870,"Scheuermattweg 4, 3007 Bern",restaurant,Maharani Palace,46.9377931,7.436531
4001983870,"Scheuermattweg 4, 3007 Bern",pharmacy,Eiger Apotheke,46.9404017,7.431976
4001983870,"Scheuermattweg 4, 3007 Bern",restaurant,Alsafir,46.9408533,7.4316053
4001983870,"Scheuermattweg 4, 3007 Bern",cafe,Café Alino,46.9405911,7.4360298
4001983870,"Scheuermattweg 4, 3007 Bern",pharmacy,Apotheke Rösli,46.939927,7.4365711
4001983870,"Scheuermattweg 4, 3007 Bern",library,Bibliothek + Archiv Schweizerischer Gewerkschaftsbund,46.9415393,7.4361616
4001983870,"Scheuermattweg 4, 3007 Bern",atm,n/a,46.9408995,7.4315143
4001983870,"Scheuermattweg 4, 3007 Bern",school,BFF - Berufs- Fach- und Fortbildungsschule,46.9413632,7.4325651
4001983870,"Scheuermattweg 4, 3007 Bern",fast_food,CONTACT take a way,46.9406238,7.4355286
4001983870,"Scheuermattweg 4, 3007 Bern",fast_food,Coop Take-Away,46.9408746,7.4315642
4001983870,"Scheuermattweg 4, 3007 Bern",restaurant,Missione Cattolica Italiana,46.9410602,7.4345779
4001983870,"Scheuermattweg 4, 3007 Bern",restaurant,Ragazzi di Berna,46.9399609,7.4402161
4001983870,"Scheuermattweg 4, 3007 Bern",parking,n/a,46.9369799,7.4392433
4001983870,"Scheuermattweg 4, 3007 Bern",fast_food,HurryCurry,46.9409003,7.4360759
4001983870,"Scheuermattweg 4, 3007 Bern",cafe,Aromawerk,46.9405501,7.4381237
4001981304,"Lange Gasse 32, 4052 Basel",bank,Raiffeisen,47.550755,7.595956
4001981304,"Lange Gasse 32, 4052 Basel",restaurant,Restaurant Aeschenplatz,47.5512758,7.5959659
4001981304,"Lange Gasse 32, 4052 Basel",bank,LGT Bank,47.5503723,7.5986843
4001981304,"Lange Gasse 32, 4052 Basel",restaurant,UBS Coffee & Shop Il Giardino,47.5508086,7.597829
4001981304,"Lange Gasse 32, 4052 Basel",restaurant,Beschle Café & Deli,47.5498482,7.5970423
4001981304,"Lange Gasse 32, 4052 Basel",restaurant,n/a,47.5511342,7.6029046
4001981304,"Lange Gasse 32, 4052 Basel",bank,UBS Wealth Management,47.5513535,7.5968523
4001981304,"Lange Gasse 32, 4052 Basel",atm,n/a,47.5506806,7.5959947
4001981304,"Lange Gasse 32, 4052 Basel",parking,n/a,47.5508162,7.5962884
4001981304,"Lange Gasse 32, 4052 Basel",restaurant,Restaurant Murano,47.5521616,7.6007922
4001981304,"Lange Gasse 32, 4052 Basel",bank,CA next bank,47.5524658,7.6037907
4001980204,"Rue Charles Monnard 6, 1003 Lausanne",restaurant,Oh! Liban,46.5167265,6.6358505
4001980204,"Rue Charles Monnard 6, 1003 Lausanne",restaurant,Le Lyrique,46.5175607,6.6376677
4001980204,"Rue Charles Monnard 6, 1003 Lausanne",restaurant,Pasta e Sfizi,46.5164356,6.6335973
4001980204,"Rue Charles Monnard 6, 1003 Lausanne",bar,Les Gosses du Québec,46.51719,6.63305
4001980204,"Rue Charles Monnard 6, 1003 Lausanne",bank,Crédit Agricole,46.5181273,6.6378084
4001980204,"Rue Charles Monnard 6, 1003 Lausanne",bank,Banque de Dépôts et de Gestion,46.5179455,6.6373908
4001980204,"Rue Charles Monnard 6, 1003 Lausanne",restaurant,Le Théâtre,46.5181142,6.6367574
4001980204,"Rue Charles Monnard 6, 1003 Lausanne",restaurant,Restaurant Mirabeau,46.5167543,6.6355174
4001980204,"Rue Charles Monnard 6, 1003 Lausanne",pharmacy,Pharmacie Benu,46.5147109,6.6327552
4001980204,"Rue Charles Monnard 6, 1003 Lausanne",restaurant,Au chat noir,46.5176298,6.6372396
4001980204,"Rue Charles Monnard 6, 1003 Lausanne",restaurant,La Bruschetta,46.5171768,6.6334942
4001980204,"Rue Charles Monnard 6, 1003 Lausanne",restaurant,Le sémaphore,46.5159588,6.6333974
4001980204,"Rue Charles Monnard 6, 1003 Lausanne",restaurant,Bamee Bar,46.5172634,6.6324666
4001980204,"Rue Charles Monnard 6, 1003 Lausanne",restaurant,Jacques Restaurant,46.5178803,6.6357462
4001980204,"Rue Charles Monnard 6, 1003 Lausanne",parking,n/a,46.5151019,6.6318372
4001980204,"Rue Charles Monnard 6, 1003 Lausanne",atm,n/a,46.5160682,6.6347415
4001980204,"Rue Charles Monnard 6, 1003 Lausanne",restaurant,Shanti,46.5170787,6.6356229
4001980204,"Rue Charles Monnard 6, 1003 Lausanne",pharmacy,Amavita,46.5176214,6.6377637
4001980204,"Rue Charles Monnard 6, 1003 Lausanne",cafe,Bongusto Italiano,46.5180457,6.6380283
4001980204,"Rue Charles Monnard 6, 1003 Lausanne",restaurant,Taolé,46.5182422,6.6375334
4001980204,"Rue Charles Monnard 6, 1003 Lausanne",restaurant,Nau,46.5169188,6.6400062
4001980204,"Rue Charles Monnard 6, 1003 Lausanne",restaurant,Tayio,46.5181639,6.6380019
4001980204,"Rue Charles Monnard 6, 1003 Lausanne",restaurant,Dong Fang,46.5171473,6.6337062
4001980204,"Rue Charles Monnard 6, 1003 Lausanne",restaurant,DéCi comptoir gourmand,46.5151041,6.6324531
4001980189,"Av. d'Echallens 8, 1004 Lausanne",cafe,L'A-T-E-L-I-E-R,46.5268293,6.6198081
4001980189,"Av. d'Echallens 8, 1004 Lausanne",restaurant,Bufalà,46.5260973,6.6213801
4001980189,"Av. d'Echallens 8, 1004 Lausanne",restaurant,Bạn,46.526068,6.6214397
4001980189,"Av. d'Echallens 8, 1004 Lausanne",restaurant,Bosquets,46.527116,6.6181752
4001980189,"Av. d'Echallens 8, 1004 Lausanne",bar,Lo-Fi,46.5269977,6.6183431
4001980189,"Av. d'Echallens 8, 1004 Lausanne",restaurant,Jajaffe,46.5268441,6.618615
4001978372,"General-Guisan-Quai, 8002 Zürich",fast_food,Hafen Enge Beiz,47.3612318,8.5356923
4001978372,"General-Guisan-Quai, 8002 Zürich",restaurant,Il Tartufo,47.360198,8.5333948
4001978372,"General-Guisan-Quai, 8002 Zürich",restaurant,L'Altro,47.3600645,8.5340786
4001978372,"General-Guisan-Quai, 8002 Zürich",restaurant,San Marco,47.3635082,8.5323081
4001978372,"General-Guisan-Quai, 8002 Zürich",restaurant,Ruen Tai,47.3637422,8.5325109
4001978372,"General-Guisan-Quai, 8002 Zürich",restaurant,La Mimosa,47.3635147,8.5339001
4001978372,"General-Guisan-Quai, 8002 Zürich",restaurant,Old Inn,47.365841,8.5325611
4001978372,"General-Guisan-Quai, 8002 Zürich",parking,n/a,47.363059,8.5339277
4001978372,"General-Guisan-Quai, 8002 Zürich",fast_food,Silberkugel,47.3664794,8.5341661
4001978372,"General-Guisan-Quai, 8002 Zürich",restaurant,Florentin,47.3629747,8.5324508
4001978372,"General-Guisan-Quai, 8002 Zürich",restaurant,Vee's Bistro,47.3650602,8.5328569
4001978372,"General-Guisan-Quai, 8002 Zürich",restaurant,Lux,47.365622,8.5383138
4001978372,"General-Guisan-Quai, 8002 Zürich",restaurant,Kaisin,47.3604079,8.5339937
4001978372,"General-Guisan-Quai, 8002 Zürich",cafe,Quai Café,47.3617428,8.5347847
4001978372,"General-Guisan-Quai, 8002 Zürich",restaurant,Spoon Thai Kitchen,47.3632634,8.5333524
4001976824,"Unterdorfstr. 11a, 3072 Ostermundigen",parking,n/a,46.9586752,7.4914276
4001976824,"Unterdorfstr. 11a, 3072 Ostermundigen",cafe,Café Charlie,46.9584557,7.4919791
4001976824,"Unterdorfstr. 11a, 3072 Ostermundigen",library,Gemeindebibliothek und Ludothek Ostermundigen,46.9580683,7.4907471
4001976824,"Unterdorfstr. 11a, 3072 Ostermundigen",fast_food,Boss Pizza,46.9581271,7.48888
4001976800,"Gutenbergstr. 39, 3011 Bern",restaurant,Da Carlo,46.9459784,7.4351935
4001976800,"Gutenbergstr. 39, 3011 Bern",restaurant,Nari,46.9418223,7.4312926
4001976800,"Gutenbergstr. 39, 3011 Bern",restaurant,da Nino,46.9420149,7.4314041
4001976800,"Gutenbergstr. 39, 3011 Bern",restaurant,Yaadein,46.9429002,7.4319485
4001976800,"Gutenbergstr. 39, 3011 Bern",restaurant,Piccola Napoli,46.9432488,7.4361178
4001976800,"Gutenbergstr. 39, 3011 Bern",restaurant,India4u,46.9454979,7.4335432
4001976800,"Gutenbergstr. 39, 3011 Bern",restaurant,Mezze de Beirut,46.9419805,7.4318855
4001976800,"Gutenbergstr. 39, 3011 Bern",atm,n/a,46.94227,7.4307584
4001976800,"Gutenbergstr. 39, 3011 Bern",cafe,Café Alino,46.9405911,7.4360298
4001976800,"Gutenbergstr. 39, 3011 Bern",restaurant,musigbistrot,46.9425205,7.4334896
4001976800,"Gutenbergstr. 39, 3011 Bern",restaurant,Frohegg,46.9424116,7.4316794
4001976800,"Gutenbergstr. 39, 3011 Bern",pub,Nelson,46.9428383,7.4361217
4001976800,"Gutenbergstr. 39, 3011 Bern",library,Bibliothek + Archiv Schweizerischer Gewerkschaftsbund,46.9415393,7.4361616
4001976800,"Gutenbergstr. 39, 3011 Bern",restaurant,Namaste India,46.9440749,7.4357829
4001976800,"Gutenbergstr. 39, 3011 Bern",restaurant,Mattehof Gastronomie,46.9434438,7.4323312
4001976800,"Gutenbergstr. 39, 3011 Bern",fast_food,Bhatti Shop,46.9456577,7.4357576
4001976800,"Gutenbergstr. 39, 3011 Bern",cafe,Effinger,46.9459972,7.4358117
4001976800,"Gutenbergstr. 39, 3011 Bern",library,Alliance Sud InfoDoc Bern,46.9438184,7.4362301
4001976800,"Gutenbergstr. 39, 3011 Bern",fast_food,Cèdre du Liban,46.9444823,7.4354816
4001976800,"Gutenbergstr. 39, 3011 Bern",school,BFF - Berufs- Fach- und Fortbildungsschule,46.9413632,7.4325651
4001976800,"Gutenbergstr. 39, 3011 Bern",fast_food,CONTACT take a way,46.9406238,7.4355286
4001976800,"Gutenbergstr. 39, 3011 Bern",clinic,Augen Zentrum Gutenberg,46.9445614,7.4348287
4001976800,"Gutenbergstr. 39, 3011 Bern",clinic,Augen Zentrum Prof. Fankhauser,46.9444648,7.4347504
4001976800,"Gutenbergstr. 39, 3011 Bern",restaurant,Fabrique28,46.9439157,7.4356642
4001976800,"Gutenbergstr. 39, 3011 Bern",fast_food,Bigi Pizza Huus,46.9424958,7.4316804
4001976800,"Gutenbergstr. 39, 3011 Bern",restaurant,City Pizzeria,46.9440145,7.4357364
4001976800,"Gutenbergstr. 39, 3011 Bern",restaurant,Petit Couteau,46.9454348,7.4367604
4001976800,"Gutenbergstr. 39, 3011 Bern",restaurant,Missione Cattolica Italiana,46.9410602,7.4345779
4001976800,"Gutenbergstr. 39, 3011 Bern",cafe,Drip Roasters,46.9417947,7.4312629
4001976800,"Gutenbergstr. 39, 3011 Bern",restaurant,Asia Höck,46.9437576,7.4362244
4001976800,"Gutenbergstr. 39, 3011 Bern",atm,n/a,46.942274,7.4307321
4001976800,"Gutenbergstr. 39, 3011 Bern",cafe,Cafe Racer,46.945968,7.4362877
4001976800,"Gutenbergstr. 39, 3011 Bern",fast_food,HurryCurry,46.9409003,7.4360759
4001976800,"Gutenbergstr. 39, 3011 Bern",cafe,CAFÉ TRAVOIS,46.9425529,7.4360529
4001976798,"Eigerstr. 60, 3007 Bern",restaurant,Tängi-Curry,46.9395675,7.4402537
4001976798,"Eigerstr. 60, 3007 Bern",pharmacy,Eiger Apotheke,46.9404017,7.431976
4001976798,"Eigerstr. 60, 3007 Bern",restaurant,Alsafir,46.9408533,7.4316053
4001976798,"Eigerstr. 60, 3007 Bern",cafe,Café Alino,46.9405911,7.4360298
4001976798,"Eigerstr. 60, 3007 Bern",pharmacy,Apotheke Rösli,46.939927,7.4365711
4001976798,"Eigerstr. 60, 3007 Bern",atm,n/a,46.9408995,7.4315143
4001976798,"Eigerstr. 60, 3007 Bern",school,BFF - Berufs- Fach- und Fortbildungsschule,46.9413632,7.4325651
4001976798,"Eigerstr. 60, 3007 Bern",fast_food,CONTACT take a way,46.9406238,7.4355286
4001976798,"Eigerstr. 60, 3007 Bern",fast_food,Coop Take-Away,46.9408746,7.4315642
4001976786,"Alpwegern 7, 3860 Meiringen",restaurant,Migros Restaurant,46.7284236,8.1852289
4001976786,"Alpwegern 7, 3860 Meiringen",restaurant,Leone,46.7278078,8.1858025
4001976786,"Alpwegern 7, 3860 Meiringen",bank,Raiffeisenbank Haslital-Brienz,46.7279204,8.1844152
4001976786,"Alpwegern 7, 3860 Meiringen",atm,n/a,46.7278462,8.1844073
4001976786,"Alpwegern 7, 3860 Meiringen",fast_food,Reyna Bistro,46.7282184,8.1845314
4001976786,"Alpwegern 7, 3860 Meiringen",pharmacy,DROPA Drogerie Schumacher,46.7277367,8.186928
4001976786,"Alpwegern 7, 3860 Meiringen",restaurant,Rebstock,46.727825,8.1867711
4001976786,"Alpwegern 7, 3860 Meiringen",restaurant,Bahnhöfli,46.7276874,8.1846243
4001976786,"Alpwegern 7, 3860 Meiringen",restaurant,Ilufa,46.7278955,8.1852189
4001976786,"Alpwegern 7, 3860 Meiringen",restaurant,Rössli,46.7277586,8.1862132
4001976786,"Alpwegern 7, 3860 Meiringen",cafe,Tea Room Frutiger,46.7277086,8.1863568
4001976786,"Alpwegern 7, 3860 Meiringen",restaurant,Biro,46.7278645,8.1856017
4001976786,"Alpwegern 7, 3860 Meiringen",atm,n/a,46.7276769,8.1851588
4001976700,"Eugen-Huber-Strasse 22, 8048 Zürich",restaurant,Roter Stein,47.3885734,8.4847702
4001976700,"Eugen-Huber-Strasse 22, 8048 Zürich",restaurant,Restaurant Sonne Libanon,47.3822104,8.4838926
4001976700,"Eugen-Huber-Strasse 22, 8048 Zürich",fast_food,Big Baba's,47.3878129,8.4868415
4001976700,"Eugen-Huber-Strasse 22, 8048 Zürich",restaurant,Brasserie Spirgarten,47.387399,8.4854595
4001976700,"Eugen-Huber-Strasse 22, 8048 Zürich",pharmacy,Apotheke Altstetten AA1,47.3877883,8.4855758
4001976700,"Eugen-Huber-Strasse 22, 8048 Zürich",pharmacy,Apotheke Schafroth,47.3879571,8.4863203
4001976700,"Eugen-Huber-Strasse 22, 8048 Zürich",bank,Migros Bank,47.3877156,8.4869909
4001976700,"Eugen-Huber-Strasse 22, 8048 Zürich",bank,UBS,47.3880936,8.4856429
4001976700,"Eugen-Huber-Strasse 22, 8048 Zürich",cafe,Buena Vista Cafebar,47.3876933,8.4855445
4001976700,"Eugen-Huber-Strasse 22, 8048 Zürich",fast_food,Cafe Bar Memo,47.3879937,8.4861656
4001976700,"Eugen-Huber-Strasse 22, 8048 Zürich",restaurant,Restaurant Krone,47.3883414,8.4837689
4001976700,"Eugen-Huber-Strasse 22, 8048 Zürich",cafe,Residenz Café Spirgarten,47.3876448,8.4845519
4001976700,"Eugen-Huber-Strasse 22, 8048 Zürich",library,PBZ Bibliothek Altstetten,47.3872466,8.4859509
4001976700,"Eugen-Huber-Strasse 22, 8048 Zürich",restaurant,Caffe Cioccolato,47.3872299,8.486059
4001976700,"Eugen-Huber-Strasse 22, 8048 Zürich",parking,n/a,47.387337,8.4870184
4001976700,"Eugen-Huber-Strasse 22, 8048 Zürich",parking,n/a,47.3844671,8.4880014
4001976700,"Eugen-Huber-Strasse 22, 8048 Zürich",restaurant,Piratino,47.3886514,8.4838939
4001976700,"Eugen-Huber-Strasse 22, 8048 Zürich",cafe,Bistro uf em Chilehügel,47.3868818,8.484668
4001976700,"Eugen-Huber-Strasse 22, 8048 Zürich",school,Schule für Sehbehinderte,47.3850777,8.4861808
4001976700,"Eugen-Huber-Strasse 22, 8048 Zürich",atm,TiBc Crypto ATM,47.3882359,8.4839247
4001976700,"Eugen-Huber-Strasse 22, 8048 Zürich",restaurant,Santa Lucia,47.388287,8.4848405
4001976165,"Waagtalstrasse 32, 8842 Unteriberg",restaurant,Minster,47.0577253,8.7990884
4001976165,"Waagtalstrasse 32, 8842 Unteriberg",restaurant,Horat Seppls Pizzeria,47.0580331,8.7984423
4001976165,"Waagtalstrasse 32, 8842 Unteriberg",restaurant,Schäfli,47.0589829,8.8020143
4001976165,"Waagtalstrasse 32, 8842 Unteriberg",restaurant,Felseneck,47.0562848,8.802128
4001976165,"Waagtalstrasse 32, 8842 Unteriberg",restaurant,Restaurant Alpenblick,47.0559512,8.8026369
4001976165,"Waagtalstrasse 32, 8842 Unteriberg",restaurant,Föx Bar Lounge,47.0588169,8.8015375
4001976165,"Waagtalstrasse 32, 8842 Unteriberg",bank,Schwyzer Kantonalbank,47.0572534,8.8015555
4001976165,"Waagtalstrasse 32, 8842 Unteriberg",bank,Raiffeisenbank Einsiedeln - Ybrig,47.0590935,8.8017404
4001974048,"Rue du Centre 8, 1025 Saint-Sulpice",pharmacy,Pharmacie de Saint-Sulpice,46.5105591,6.5575081
4001974048,"Rue du Centre 8, 1025 Saint-Sulpice",school,n/a,46.5127383,6.5612655
4001974048,"Rue du Centre 8, 1025 Saint-Sulpice",cafe,Self-service Hopper,46.5183541,6.5620608
4001974048,"Rue du Centre 8, 1025 Saint-Sulpice",parking,PSE,46.5179761,6.5619634
4001974048,"Rue du Centre 8, 1025 Saint-Sulpice",parking,PSE,46.5179839,6.5625487
4001974048,"Rue du Centre 8, 1025 Saint-Sulpice",parking,n/a,46.5159887,6.5642741
4001974048,"Rue du Centre 8, 1025 Saint-Sulpice",parking,n/a,46.5158916,6.5639044
4001974048,"Rue du Centre 8, 1025 Saint-Sulpice",parking,n/a,46.51773,6.5622593
4001974048,"Rue du Centre 8, 1025 Saint-Sulpice",restaurant,Puur Innovation,46.5163226,6.5621224
4001974048,"Rue du Centre 8, 1025 Saint-Sulpice",restaurant,Le Skipper,46.5102337,6.5587481
4001974048,"Rue du Centre 8, 1025 Saint-Sulpice",atm,BCV,46.5102743,6.5580434
4001973951,"Kilchbergstrasse 122, 8038 Zürich",parking,n/a,47.3336228,8.5408831
4001973447,"Käpfnerweg 11, 8810 Horgen",fast_food,Dieci Pizzakurier,47.2547421,8.6149664
4001973447,"Käpfnerweg 11, 8810 Horgen",restaurant,Red Snapper,47.2550262,8.61738
4001973447,"Käpfnerweg 11, 8810 Horgen",cafe,Concept Store & Café BeJu,47.2536332,8.6183082
4001970767,"Ch. du Devin 57, 1012 Lausanne",parking,n/a,46.5292133,6.6503543
4001970767,"Ch. du Devin 57, 1012 Lausanne",parking,n/a,46.5312086,6.6517861
4001970767,"Ch. du Devin 57, 1012 Lausanne",parking,n/a,46.531182,6.6518164
4001970767,"Ch. du Devin 57, 1012 Lausanne",parking,n/a,46.5311032,6.6519281
4001970767,"Ch. du Devin 57, 1012 Lausanne",parking,n/a,46.5314019,6.6524828
4001970767,"Ch. du Devin 57, 1012 Lausanne",parking,n/a,46.5316027,6.652361
4001970765,"Av. d'Epenex 25, 1024 Ecublens VD",pharmacy,Amavita,46.5365802,6.5784858
4001970765,"Av. d'Epenex 25, 1024 Ecublens VD",fast_food,Le Monde Snack Renens,46.5365806,6.5783687
4001969461,"Sentiero Tazzino, 6605 Locarno",cafe,Cecchettin,46.1764473,8.7945632
4001969461,"Sentiero Tazzino, 6605 Locarno",parking,n/a,46.1770255,8.7959014
4001969461,"Sentiero Tazzino, 6605 Locarno",library,Biblioteca del Santuario della Madonna del Sasso,46.1754229,8.7935609
4001967220,"Langhagstr. 28, 4600 Olten",restaurant,Landhaus,47.3461877,7.9247246
4001967220,"Langhagstr. 28, 4600 Olten",parking,n/a,47.3484596,7.9132303
4001964148,"Hegenheimerstrasse 43, 4055 Basel",restaurant,Strassburgerhof,47.5616632,7.5687611
4001964148,"Hegenheimerstrasse 43, 4055 Basel",bank,Basler Kantonalbank,47.5618557,7.5744174
4001964148,"Hegenheimerstrasse 43, 4055 Basel",pharmacy,Cityring Apotheke,47.5619188,7.5736716
4001964148,"Hegenheimerstrasse 43, 4055 Basel",restaurant,Al Giardino,47.5623768,7.5735269
4001964148,"Hegenheimerstrasse 43, 4055 Basel",cafe,Cafe Helvetia,47.5600912,7.5678475
4001964148,"Hegenheimerstrasse 43, 4055 Basel",restaurant,Lima 31,47.5568738,7.5748136
4001964148,"Hegenheimerstrasse 43, 4055 Basel",restaurant,Pho Asia Vietnamese Food,47.5614009,7.5743702
4001964148,"Hegenheimerstrasse 43, 4055 Basel",restaurant,Domino's Pizza,47.5615711,7.574275
4001964148,"Hegenheimerstrasse 43, 4055 Basel",restaurant,Milchhüsli,47.561151,7.574944
4001964148,"Hegenheimerstrasse 43, 4055 Basel",pharmacy,Ahornapotheke,47.5576221,7.5725986
4001964148,"Hegenheimerstrasse 43, 4055 Basel",parking,Parkhaus Ahornhof,47.5575405,7.5743358
4001964148,"Hegenheimerstrasse 43, 4055 Basel",university,"Faculty of Psychology, University of Basel",47.5612651,7.5752961
4001964148,"Hegenheimerstrasse 43, 4055 Basel",atm,n/a,47.5574131,7.5744937
4001964148,"Hegenheimerstrasse 43, 4055 Basel",cafe,LaDiva,47.5573488,7.5734529
4001964148,"Hegenheimerstrasse 43, 4055 Basel",cafe,Kaffeekanne,47.5603846,7.5715119
4001964148,"Hegenheimerstrasse 43, 4055 Basel",bar,Huefysebar,47.5574522,7.5742934
4001964148,"Hegenheimerstrasse 43, 4055 Basel",cafe,Café Simpel,47.559948,7.5771821
4001964148,"Hegenheimerstrasse 43, 4055 Basel",pharmacy,Sonnen-Apotheke,47.5605396,7.5721886
4001964148,"Hegenheimerstrasse 43, 4055 Basel",restaurant,Best Pizza,47.5614046,7.5750079
4001964148,"Hegenheimerstrasse 43, 4055 Basel",cafe,Kaphi,47.5593174,7.5735831
4001964148,"Hegenheimerstrasse 43, 4055 Basel",restaurant,Cafe Rosa,47.5575609,7.5709598
4001964148,"Hegenheimerstrasse 43, 4055 Basel",restaurant,Bistro Wohnwerk,47.5605496,7.5760513
4001964148,"Hegenheimerstrasse 43, 4055 Basel",fast_food,Pizza d'Èlite,47.5572907,7.5709103
4001964127,"Route de la Veveyse 14, 1700 Fribourg",restaurant,Le Bistrot,46.7967009,7.1415532
4001964127,"Route de la Veveyse 14, 1700 Fribourg",pharmacy,Benu,46.7967123,7.1417728
4001964127,"Route de la Veveyse 14, 1700 Fribourg",cafe,n/a,46.7966456,7.140635
4001964127,"Route de la Veveyse 14, 1700 Fribourg",parking,n/a,46.7964006,7.1421972
4001961202,"Neumattstrasse 29, 4657 Dulliken",restaurant,Schäfer,47.3540373,7.9341072
4001961202,"Neumattstrasse 29, 4657 Dulliken",fast_food,Dolce Vita Pizza KebabbHaus,47.353824,7.9450224
4001961202,"Neumattstrasse 29, 4657 Dulliken",library,Gemeindebibliothek Dulliken,47.351236,7.9429181
4001961202,"Neumattstrasse 29, 4657 Dulliken",fast_food,Zen Pizza Kebap,47.354042,7.9435189
4001956647,"Wiggisstrasse 14, 8752 Glarus Nord",atm,n/a,47.0938932,9.0607237
4001956647,"Wiggisstrasse 14, 8752 Glarus Nord",parking,39 Tschachenstrasse,47.0918797,9.0659514
4001953719,"Dammweg, 3176 Neuenegg",restaurant,Sue's Thai take away,46.8935254,7.3016346
4001951399,"Rue du Lac 19, 1342 Le Pont",cafe,Tiroum La Chenoille,46.6675664,6.3286973
4001951399,"Rue du Lac 19, 1342 Le Pont",restaurant,Restaurant du Lac,46.6666348,6.3302039
4001951399,"Rue du Lac 19, 1342 Le Pont",restaurant,Brasserie des Combières,46.6635611,6.3302135
4001940398,"Weinfelderstrasse 71, 8580 Amriswil",bank,Raiffeisen,47.5474155,9.2986296
4001940398,"Weinfelderstrasse 71, 8580 Amriswil",parking,n/a,47.5471286,9.2981996
4001940398,"Weinfelderstrasse 71, 8580 Amriswil",library,Gemeindebibliothek und Ludothek Amriswil,47.5480922,9.3025616
4001940398,"Weinfelderstrasse 71, 8580 Amriswil",restaurant,Bistro Cartonage,47.5480227,9.3026324
4001940398,"Weinfelderstrasse 71, 8580 Amriswil",atm,n/a,47.5473577,9.3012644
4001940398,"Weinfelderstrasse 71, 8580 Amriswil",cafe,RössliBeck 8580,47.5460578,9.3003329
4001940398,"Weinfelderstrasse 71, 8580 Amriswil",atm,n/a,47.5464033,9.3008267
4001940398,"Weinfelderstrasse 71, 8580 Amriswil",bar,Viva,47.5464446,9.301238
4001940398,"Weinfelderstrasse 71, 8580 Amriswil",restaurant,Grötli,47.5482357,9.3015957
4001940398,"Weinfelderstrasse 71, 8580 Amriswil",restaurant,Olivers,47.545315,9.2984732
4001940398,"Weinfelderstrasse 71, 8580 Amriswil",atm,n/a,47.5461664,9.2985122
4001940398,"Weinfelderstrasse 71, 8580 Amriswil",restaurant,Migros Restaurant,47.546917,9.2984135
4001940398,"Weinfelderstrasse 71, 8580 Amriswil",parking,n/a,47.5443141,9.2946324
4001940398,"Weinfelderstrasse 71, 8580 Amriswil",parking,n/a,47.5437309,9.2957396
4001940398,"Weinfelderstrasse 71, 8580 Amriswil",restaurant,Restaurant Egelmoos,47.5477567,9.2942656
4001940398,"Weinfelderstrasse 71, 8580 Amriswil",bank,Thurgauer Kantonalbank,47.546103,9.2984628
4001940398,"Weinfelderstrasse 71, 8580 Amriswil",bank,UBS,47.5466697,9.3006979
4001940398,"Weinfelderstrasse 71, 8580 Amriswil",restaurant,La Palma,47.5459024,9.2980102
4001940398,"Weinfelderstrasse 71, 8580 Amriswil",restaurant,Jun Garden,47.5450621,9.2913278
4001940398,"Weinfelderstrasse 71, 8580 Amriswil",parking,n/a,47.544338,9.293132
4001940398,"Weinfelderstrasse 71, 8580 Amriswil",parking,n/a,47.5465235,9.3003876
4001940398,"Weinfelderstrasse 71, 8580 Amriswil",parking,n/a,47.5471503,9.2953684
4001940398,"Weinfelderstrasse 71, 8580 Amriswil",bar,Jenny's Bar,47.5452482,9.290559
4001940398,"Weinfelderstrasse 71, 8580 Amriswil",bar,Maria's Latino Bar,47.5450293,9.2905376
4001940398,"Weinfelderstrasse 71, 8580 Amriswil",restaurant,Pizzeria Landhaus,47.5444856,9.2879192
4001940398,"Weinfelderstrasse 71, 8580 Amriswil",bar,Fredy,47.5482808,9.3003352
4001940398,"Weinfelderstrasse 71, 8580 Amriswil",parking,n/a,47.5467036,9.3002938
4001940398,"Weinfelderstrasse 71, 8580 Amriswil",restaurant,Harmonie,47.5448109,9.2915449
4001940398,"Weinfelderstrasse 71, 8580 Amriswil",parking,n/a,47.5452043,9.2876106
4001940398,"Weinfelderstrasse 71, 8580 Amriswil",pharmacy,Central Apotheke,47.5469488,9.3013565
4001940398,"Weinfelderstrasse 71, 8580 Amriswil",pharmacy,n/a,47.5468881,9.2983957
4001939155,"Im Stoffel 31, 8887 Mels",restaurant,Frohe Aussicht,47.0409008,9.4171844
4001939155,"Im Stoffel 31, 8887 Mels",restaurant,Kraftwerk Mels,47.0432795,9.4154074
4001935507,"Hofgasse 4, 4144 Arlesheim",bank,Basellandschaftliche Kantonalbank,47.4936195,7.6200359
4001935507,"Hofgasse 4, 4144 Arlesheim",bank,UBS,47.4939327,7.6203576
4001935507,"Hofgasse 4, 4144 Arlesheim",restaurant,Adler,47.4934453,7.6190237
4001935507,"Hofgasse 4, 4144 Arlesheim",atm,n/a,47.4941935,7.6189383
4001935507,"Hofgasse 4, 4144 Arlesheim",restaurant,Ristorante Pizzeria Rössli,47.4932402,7.6218914
4001935507,"Hofgasse 4, 4144 Arlesheim",restaurant,Gasthaus zum Stärne,47.4949044,7.620001
4001935507,"Hofgasse 4, 4144 Arlesheim",restaurant,Restaurant Classico,47.4952761,7.6198948
4001935507,"Hofgasse 4, 4144 Arlesheim",pharmacy,Amavita,47.4939624,7.619964
4001935507,"Hofgasse 4, 4144 Arlesheim",pharmacy,Medbase Apotheke Arlesheim,47.4946516,7.6205719
4001935507,"Hofgasse 4, 4144 Arlesheim",restaurant,Domstübli,47.4921534,7.6214714
4001935507,"Hofgasse 4, 4144 Arlesheim",restaurant,Restaurant Eremitage,47.4948122,7.6202482
4001914312,"Längmattstrasse, 4632 Trimbach",fast_food,Mega Point Pizza Haus,47.360508,7.9005806
4001914312,"Längmattstrasse, 4632 Trimbach",restaurant,Pizzeria mor,47.3636578,7.9040822
4001914312,"Längmattstrasse, 4632 Trimbach",restaurant,Bellavista zur Fähre,47.3582924,7.9062469
4001914312,"Längmattstrasse, 4632 Trimbach",atm,n/a,47.3607661,7.9004365
4001905695,"Bruchstrasse 4, 6003 Luzern",restaurant,Crazy Cactus Tex-Mex,47.0528222,8.2961902
4001905695,"Bruchstrasse 4, 6003 Luzern",cafe,Café Bar Piccolino,47.0494785,8.3004231
4001905695,"Bruchstrasse 4, 6003 Luzern",restaurant,Drei Könige,47.0494899,8.3007794
4001905695,"Bruchstrasse 4, 6003 Luzern",parking,Kasernenplatz,47.0508766,8.2994715
4001905695,"Bruchstrasse 4, 6003 Luzern",parking,Schützenmatte,47.0510797,8.2989238
4001905695,"Bruchstrasse 4, 6003 Luzern",restaurant,Pikante,47.049775,8.3012857
4001905695,"Bruchstrasse 4, 6003 Luzern",bar,Madeleine,47.0517989,8.2983325
4001905695,"Bruchstrasse 4, 6003 Luzern",pub,Bruch Brothers,47.0515689,8.2994196
4001905695,"Bruchstrasse 4, 6003 Luzern",restaurant,"Reussbad ""las torres""",47.0535676,8.2993821
4001905695,"Bruchstrasse 4, 6003 Luzern",bar,Hubbly Bubbly Lounge,47.0518303,8.2980208
4001905695,"Bruchstrasse 4, 6003 Luzern",bar,Bruchbar,47.0516565,8.2991774
4001905695,"Bruchstrasse 4, 6003 Luzern",restaurant,Asia Mr. Rung,47.0497268,8.299415
4001905695,"Bruchstrasse 4, 6003 Luzern",bar,Bar 58,47.0496143,8.3013741
4001905695,"Bruchstrasse 4, 6003 Luzern",restaurant,cabanas,47.0507787,8.299628
4001905695,"Bruchstrasse 4, 6003 Luzern",fast_food,Disco Pizza,47.0511592,8.3013225
4001905695,"Bruchstrasse 4, 6003 Luzern",cafe,Café Bar Lokal,47.0514772,8.301572
4001905695,"Bruchstrasse 4, 6003 Luzern",bar,Drei Könige,47.049542,8.3008897
4001905695,"Bruchstrasse 4, 6003 Luzern",bar,Bar Berlin,47.0536923,8.2947541
4001905695,"Bruchstrasse 4, 6003 Luzern",bar,Gewerbehalle,47.0534563,8.2947054
4001905695,"Bruchstrasse 4, 6003 Luzern",fast_food,Best Pizza Kurier,47.0535327,8.2942776
4001905695,"Bruchstrasse 4, 6003 Luzern",cafe,Calypso,47.0534932,8.2945244
4001905695,"Bruchstrasse 4, 6003 Luzern",restaurant,Domino,47.0531041,8.2956493
4001905695,"Bruchstrasse 4, 6003 Luzern",restaurant,Sentimatt,47.0529572,8.2958605
4001905695,"Bruchstrasse 4, 6003 Luzern",bar,Club Kiosk,47.0534121,8.2949204
4001905695,"Bruchstrasse 4, 6003 Luzern",restaurant,GourmIndia,47.052581,8.2960532
4001905695,"Bruchstrasse 4, 6003 Luzern",pub,Hafenbar zur Metzgerhalle,47.0514568,8.2998603
4001905695,"Bruchstrasse 4, 6003 Luzern",restaurant,Mee Marathi,47.0505484,8.3011839
4001905695,"Bruchstrasse 4, 6003 Luzern",pub,Klub Kegelbahn,47.052748,8.2962946
4001905695,"Bruchstrasse 4, 6003 Luzern",cafe,Aurum,47.049108,8.3007613
4001905695,"Bruchstrasse 4, 6003 Luzern",fast_food,Falkens's Burger & Pizza,47.0490122,8.3008805
4001905695,"Bruchstrasse 4, 6003 Luzern",pub,Die Kneipe,47.0495838,8.3013291
4001905695,"Bruchstrasse 4, 6003 Luzern",bar,Kaffee Kind,47.0525499,8.2961114
4001905695,"Bruchstrasse 4, 6003 Luzern",cafe,ductus,47.0507554,8.2986771
4001905695,"Bruchstrasse 4, 6003 Luzern",restaurant,Kommod,47.0508255,8.2999768
4001905695,"Bruchstrasse 4, 6003 Luzern",parking,n/a,47.054427,8.2958658
4001905695,"Bruchstrasse 4, 6003 Luzern",atm,n/a,47.0527457,8.2961834
4001892538,"Hofackerstrasse 15, 8032 Zürich",cafe,Alters- & Pflegewohnheim Neumünster,47.3629817,8.5594513
4001892538,"Hofackerstrasse 15, 8032 Zürich",restaurant,Restaurant Zauberberg,47.3632165,8.5599915
4001892538,"Hofackerstrasse 15, 8032 Zürich",restaurant,Lin Lin,47.3623472,8.5587815
4001892538,"Hofackerstrasse 15, 8032 Zürich",restaurant,ButchersTable,47.3615601,8.5603652
4001892538,"Hofackerstrasse 15, 8032 Zürich",restaurant,Antiquaria da marco,47.3608497,8.5665611
4001892538,"Hofackerstrasse 15, 8032 Zürich",cafe,Stiftung Perla Park,47.3608126,8.5659833
4001892538,"Hofackerstrasse 15, 8032 Zürich",restaurant,Marcellino Pane e Vino,47.3602234,8.5655522
4001892538,"Hofackerstrasse 15, 8032 Zürich",fast_food,Spizzati,47.360488,8.5648892
4001892538,"Hofackerstrasse 15, 8032 Zürich",fast_food,Pimp Your Pizza,47.3624078,8.5611769
4001892538,"Hofackerstrasse 15, 8032 Zürich",cafe,Hegifret Kaffeefenster,47.3617836,8.5612343
4001892538,"Hofackerstrasse 15, 8032 Zürich",cafe,Marfa,47.3620459,8.5609414
4001887912,"Strada dra Vall, 6968 Sonvico",bar,n/a,46.0580861,8.9919022
4001875100,"Hinterkirchweg 7, 4106 Therwil",parking,n/a,47.4970296,7.556004
4001875100,"Hinterkirchweg 7, 4106 Therwil",restaurant,Sternen,47.498903,7.5514166
4001875100,"Hinterkirchweg 7, 4106 Therwil",pharmacy,Leimen-Apotheke,47.4992093,7.556722
4001875100,"Hinterkirchweg 7, 4106 Therwil",restaurant,Bahnhöfli,47.4994769,7.5568583
4001875100,"Hinterkirchweg 7, 4106 Therwil",restaurant,Trattoria Antichi Sapori,47.4995355,7.5545861
4001875100,"Hinterkirchweg 7, 4106 Therwil",restaurant,Cantina Toscana,47.4991063,7.5558821
4001875100,"Hinterkirchweg 7, 4106 Therwil",atm,n/a,47.4989614,7.5566975
4001875100,"Hinterkirchweg 7, 4106 Therwil",parking,n/a,47.4989468,7.5545262
4001875100,"Hinterkirchweg 7, 4106 Therwil",pharmacy,Dorf Drogerie,47.4994697,7.5551167
4001875100,"Hinterkirchweg 7, 4106 Therwil",atm,n/a,47.4994485,7.555641
4001875100,"Hinterkirchweg 7, 4106 Therwil",bank,Basellandschaftliche Kantonalbank,47.499493,7.5557509
4001875100,"Hinterkirchweg 7, 4106 Therwil",pub,Wunder Bar,47.4993501,7.5530192
4001875100,"Hinterkirchweg 7, 4106 Therwil",cafe,KAFFI-BAR Träumli,47.4994975,7.5547914
4001864560,"Spinnereistrasse, 8640 Rapperswil-Jona",restaurant,Bottega Club & Lounge,47.227652,8.825688
4001864560,"Spinnereistrasse, 8640 Rapperswil-Jona",restaurant,LO! im Kreuz,47.2297773,8.8363838
4001864560,"Spinnereistrasse, 8640 Rapperswil-Jona",fast_food,A. Akgül,47.2305378,8.8369493
4001864560,"Spinnereistrasse, 8640 Rapperswil-Jona",cafe,Räber,47.2301987,8.8365037
4001864560,"Spinnereistrasse, 8640 Rapperswil-Jona",cafe,Bäckerei Wick,47.2292486,8.8286305
4001864560,"Spinnereistrasse, 8640 Rapperswil-Jona",restaurant,Kreuzli,47.2288081,8.8249393
4001864560,"Spinnereistrasse, 8640 Rapperswil-Jona",restaurant,Zeughaus Grill,47.2279437,8.8253458
4001864560,"Spinnereistrasse, 8640 Rapperswil-Jona",fast_food,MEMO Pizza & Kebab,47.2285388,8.8304919
4001864560,"Spinnereistrasse, 8640 Rapperswil-Jona",fast_food,Lemongrass,47.2289792,8.8248572
4001864560,"Spinnereistrasse, 8640 Rapperswil-Jona",clinic,RODIAG Diagnostic Centers Röntgeninstitut,47.2280885,8.8239603
4001864560,"Spinnereistrasse, 8640 Rapperswil-Jona",bar,Moxy Bar,47.227665,8.8251885
4001864560,"Spinnereistrasse, 8640 Rapperswil-Jona",restaurant,Familientreff,47.2292145,8.8326883
4001864560,"Spinnereistrasse, 8640 Rapperswil-Jona",clinic,arztpraxis rapperswil,47.2282769,8.8269737
4001864560,"Spinnereistrasse, 8640 Rapperswil-Jona",restaurant,Nino Pizza,47.2290351,8.8309424
4001859833,"Via Calchera 2, 6825 Capolago",restaurant,Ristorante Svizzero,45.9043598,8.9793763
4001859833,"Via Calchera 2, 6825 Capolago",restaurant,Grotto del Tiglio,45.9018474,8.9790909
4001840934,"Einschlagweg 10, 4153 Reinach BL",restaurant,Albatros,47.4942066,7.5995263
4001840934,"Einschlagweg 10, 4153 Reinach BL",atm,n/a,47.4897002,7.5985302
4001834378,"Plateau de Frontenex 9D, 1223 Cologny",pharmacy,Richemont Le Fort,46.2053438,6.1715093
4001792610,"Schützenwisstr. 1, 8124 Maur",library,Gemeinde- und Schulbibliothek Maur,47.3401355,8.6693751
4001792610,"Schützenwisstr. 1, 8124 Maur",restaurant,Dörfli,47.3395169,8.6715334
4001792610,"Schützenwisstr. 1, 8124 Maur",restaurant,Restaurant Sonne 8372,47.3404614,8.6691836
4001792610,"Schützenwisstr. 1, 8124 Maur",cafe,Schützenwies,47.3401095,8.6677246
4001792610,"Schützenwisstr. 1, 8124 Maur",parking,n/a,47.3403093,8.6694005
4001792610,"Schützenwisstr. 1, 8124 Maur",restaurant,Noina Thaifood,47.3396661,8.6713181
4001792610,"Schützenwisstr. 1, 8124 Maur",parking,n/a,47.3398071,8.6711645
4001792610,"Schützenwisstr. 1, 8124 Maur",parking,n/a,47.3396475,8.6681753
4001785989,"Schädrütihalde, 6006 Luzern",parking,Sportcenter Würzenbach,47.0539749,8.3406123
4001785989,"Schädrütihalde, 6006 Luzern",parking,Migros Würzenbach,47.0544702,8.3404541
4001785989,"Schädrütihalde, 6006 Luzern",restaurant,Sportcenter Smash,47.0539336,8.3401535
4001785989,"Schädrütihalde, 6006 Luzern",pharmacy,Amavita,47.0543098,8.3399159
4001785989,"Schädrütihalde, 6006 Luzern",parking,n/a,47.0574277,8.3494303
4001785989,"Schädrütihalde, 6006 Luzern",parking,n/a,47.0586887,8.3507549
