property_id,rental_address,amenity_type,amenity_name,lat,lon
4002039809,"Erlenmattstr. 75, 4058 Basel",pharmacy,Coop Vitality,47.5697544,7.6036227
4002039809,"Erlenmattstr. 75, 4058 Basel",restaurant,Matt & Elly Brewery & Kitchen,47.56969,7.6034296
4002080979,"Fahrnstrasse 25, 9402 Mörschwil",parking,n/a,47.4628197,9.4336961
4002058756,"Volkmarstrasse 15, 8006 Zürich",restaurant,Kreis 6,47.3861132,8.5452851
4002053936,"Niklaus Konrad-Strasse 4, 4500 Solothurn",atm,UBS,47.2048431,7.5407604
4002053936,"Niklaus Konrad-Strasse 4, 4500 Solothurn",fast_food,Efem Imbiss & Café,47.2046306,7.5405994
4002053936,"Niklaus Konrad-Strasse 4, 4500 Solothurn",cafe,Vorstadt Bistro,47.2048838,7.5408996
4002053936,"Niklaus Konrad-Strasse 4, 4500 Solothurn",pharmacy,Medbase Apotheke Solothurn,47.2051064,7.5405056
4002053936,"Niklaus Konrad-Strasse 4, 4500 Solothurn",restaurant,Akropolis,47.2048882,7.5389356
4002053936,"Niklaus Konrad-Strasse 4, 4500 Solothurn",fast_food,Solo Imbiss,47.2048779,7.5368448
4002053936,"Niklaus Konrad-Strasse 4, 4500 Solothurn",restaurant,Trattoria Napoli,47.2045375,7.5362046
4002053936,"Niklaus Konrad-Strasse 4, 4500 Solothurn",restaurant,Notausgang,47.2044483,7.5363896
4002053936,"Niklaus Konrad-Strasse 4, 4500 Solothurn",restaurant,Adler,47.2047763,7.5361643
4002053936,"Niklaus Konrad-Strasse 4, 4500 Solothurn",restaurant,Sonne,47.2047854,7.5363896
4002053936,"Niklaus Konrad-Strasse 4, 4500 Solothurn",restaurant,Vini-Al Grappolo,47.2049778,7.5368094
4002053936,"Niklaus Konrad-Strasse 4, 4500 Solothurn",pub,Steinbock,47.2046387,7.5379426
4002053936,"Niklaus Konrad-Strasse 4, 4500 Solothurn",restaurant,Fragale,47.2046861,7.5375537
4002053936,"Niklaus Konrad-Strasse 4, 4500 Solothurn",restaurant,Fu-Lin,47.2037603,7.5390531
4002053936,"Niklaus Konrad-Strasse 4, 4500 Solothurn",restaurant,Thai Sunshine,47.2047013,7.5364428
4002053936,"Niklaus Konrad-Strasse 4, 4500 Solothurn",cafe,Steiner,47.2049949,7.5407086
4002053936,"Niklaus Konrad-Strasse 4, 4500 Solothurn",parking,n/a,47.2037855,7.5398567
4002053936,"Niklaus Konrad-Strasse 4, 4500 Solothurn",school,Kaufmännische Berufsschule,47.2049253,7.5382655
4002053936,"Niklaus Konrad-Strasse 4, 4500 Solothurn",fast_food,Metro Pizza,47.2051584,7.5409779
4002053936,"Niklaus Konrad-Strasse 4, 4500 Solothurn",fast_food,Amun Take-Away,47.2049508,7.540494
4002053936,"Niklaus Konrad-Strasse 4, 4500 Solothurn",restaurant,Thung Thong,47.2047057,7.537415
4002053936,"Niklaus Konrad-Strasse 4, 4500 Solothurn",restaurant,così Ristorante & Pizzeria,47.2047969,7.5370633
4002053936,"Niklaus Konrad-Strasse 4, 4500 Solothurn",atm,n/a,47.2042566,7.5387939
4002053936,"Niklaus Konrad-Strasse 4, 4500 Solothurn",restaurant,Solo Fresh & fast Crispy Chicken,47.2041652,7.5388339
4002053936,"Niklaus Konrad-Strasse 4, 4500 Solothurn",restaurant,Mezami,47.2046585,7.5376996
4001668530,"Via Sasso Corbaro 23, 6593 Cadenazzo",pharmacy,Pharmacia Centrale,46.1517314,8.9461626
4001668530,"Via Sasso Corbaro 23, 6593 Cadenazzo",bank,Raiffeisen,46.1518588,8.9452132
4001668530,"Via Sasso Corbaro 23, 6593 Cadenazzo",pub,Leilo Bar,46.1516511,8.9458343
4001668530,"Via Sasso Corbaro 23, 6593 Cadenazzo",library,Biblioteca della Scuola Media di Cadenazzo,46.1510167,8.9418564
4001668530,"Via Sasso Corbaro 23, 6593 Cadenazzo",restaurant,Pizzeria Bar CLUB,46.1507227,8.9431726
4002053939,"Niklaus Konrad-Strasse 4, 4500 Solothurn",atm,UBS,47.2048431,7.5407604
4002053939,"Niklaus Konrad-Strasse 4, 4500 Solothurn",fast_food,Efem Imbiss & Café,47.2046306,7.5405994
4002053939,"Niklaus Konrad-Strasse 4, 4500 Solothurn",cafe,Vorstadt Bistro,47.2048838,7.5408996
4002053939,"Niklaus Konrad-Strasse 4, 4500 Solothurn",pharmacy,Medbase Apotheke Solothurn,47.2051064,7.5405056
4002053939,"Niklaus Konrad-Strasse 4, 4500 Solothurn",restaurant,Akropolis,47.2048882,7.5389356
4002053939,"Niklaus Konrad-Strasse 4, 4500 Solothurn",fast_food,Solo Imbiss,47.2048779,7.5368448
4002053939,"Niklaus Konrad-Strasse 4, 4500 Solothurn",restaurant,Trattoria Napoli,47.2045375,7.5362046
4002053939,"Niklaus Konrad-Strasse 4, 4500 Solothurn",restaurant,Notausgang,47.2044483,7.5363896
4002053939,"Niklaus Konrad-Strasse 4, 4500 Solothurn",restaurant,Adler,47.2047763,7.5361643
4002053939,"Niklaus Konrad-Strasse 4, 4500 Solothurn",restaurant,Sonne,47.2047854,7.5363896
4002053939,"Niklaus Konrad-Strasse 4, 4500 Solothurn",restaurant,Vini-Al Grappolo,47.2049778,7.5368094
4002053939,"Niklaus Konrad-Strasse 4, 4500 Solothurn",pub,Steinbock,47.2046387,7.5379426
4002053939,"Niklaus Konrad-Strasse 4, 4500 Solothurn",restaurant,Fragale,47.2046861,7.5375537
4002053939,"Niklaus Konrad-Strasse 4, 4500 Solothurn",restaurant,Fu-Lin,47.2037603,7.5390531
4002053939,"Niklaus Konrad-Strasse 4, 4500 Solothurn",restaurant,Thai Sunshine,47.2047013,7.5364428
4002053939,"Niklaus Konrad-Strasse 4, 4500 Solothurn",cafe,Steiner,47.2049949,7.5407086
4002053939,"Niklaus Konrad-Strasse 4, 4500 Solothurn",parking,n/a,47.2037855,7.5398567
4002053939,"Niklaus Konrad-Strasse 4, 4500 Solothurn",school,Kaufmännische Berufsschule,47.2049253,7.5382655
4002053939,"Niklaus Konrad-Strasse 4, 4500 Solothurn",fast_food,Metro Pizza,47.2051584,7.5409779
4002053939,"Niklaus Konrad-Strasse 4, 4500 Solothurn",fast_food,Amun Take-Away,47.2049508,7.540494
4002053939,"Niklaus Konrad-Strasse 4, 4500 Solothurn",restaurant,Thung Thong,47.2047057,7.537415
4002053939,"Niklaus Konrad-Strasse 4, 4500 Solothurn",restaurant,così Ristorante & Pizzeria,47.2047969,7.5370633
4002053939,"Niklaus Konrad-Strasse 4, 4500 Solothurn",atm,n/a,47.2042566,7.5387939
4002053939,"Niklaus Konrad-Strasse 4, 4500 Solothurn",restaurant,Solo Fresh & fast Crispy Chicken,47.2041652,7.5388339
4002053939,"Niklaus Konrad-Strasse 4, 4500 Solothurn",restaurant,Mezami,47.2046585,7.5376996
4002039822,"Seeblickstr. 12, 9010 St. Gallen",parking,n/a,47.4380156,9.3765338
4002039822,"Seeblickstr. 12, 9010 St. Gallen",parking,n/a,47.4395953,9.3809115
4002039822,"Seeblickstr. 12, 9010 St. Gallen",parking,n/a,47.4394536,9.3806368
4002039822,"Seeblickstr. 12, 9010 St. Gallen",parking,n/a,47.439389,9.3805741
4002033013,"Bellerivestrasse 49, 8008 Zürich",parking,Parkhaus Zürichhorn,47.3557489,8.5531163
4002033013,"Bellerivestrasse 49, 8008 Zürich",cafe,Maison 33,47.3572728,8.5526229
4002033013,"Bellerivestrasse 49, 8008 Zürich",restaurant,Weera Pura,47.3571792,8.5531184
4002028634,"Ludwigstr. 5, 9010 St. Gallen",parking,n/a,47.4380156,9.3765338
4001979018,"Via Sasso Corbaro 19, 6593 Cadenazzo",pharmacy,Pharmacia Centrale,46.1517314,8.9461626
4001979018,"Via Sasso Corbaro 19, 6593 Cadenazzo",bank,Raiffeisen,46.1518588,8.9452132
4001979018,"Via Sasso Corbaro 19, 6593 Cadenazzo",pub,Leilo Bar,46.1516511,8.9458343
4001979018,"Via Sasso Corbaro 19, 6593 Cadenazzo",library,Biblioteca della Scuola Media di Cadenazzo,46.1510167,8.9418564
4001979018,"Via Sasso Corbaro 19, 6593 Cadenazzo",restaurant,Pizzeria Bar CLUB,46.1507227,8.9431726
4001923522,"Erlenmattstr. 67, 4058 Basel",pharmacy,Coop Vitality,47.5697544,7.6036227
4001923522,"Erlenmattstr. 67, 4058 Basel",restaurant,Matt & Elly Brewery & Kitchen,47.56969,7.6034296
4002064944,"Zentralstrasse 7, 5627 Besenbüren",restaurant,Frohsinn,47.3131055,8.3416721
4002064922,"Zentralstrasse 7, 5627 Besenbüren",restaurant,Frohsinn,47.3131055,8.3416721
4002064878,"Zentralstrasse 7, 5627 Besenbüren",restaurant,Frohsinn,47.3131055,8.3416721
4002053937,"Niklaus Konrad-Strasse 4, 4500 Solothurn",atm,UBS,47.2048431,7.5407604
4002053937,"Niklaus Konrad-Strasse 4, 4500 Solothurn",fast_food,Efem Imbiss & Café,47.2046306,7.5405994
4002053937,"Niklaus Konrad-Strasse 4, 4500 Solothurn",cafe,Vorstadt Bistro,47.2048838,7.5408996
4002053937,"Niklaus Konrad-Strasse 4, 4500 Solothurn",pharmacy,Medbase Apotheke Solothurn,47.2051064,7.5405056
4002053937,"Niklaus Konrad-Strasse 4, 4500 Solothurn",restaurant,Akropolis,47.2048882,7.5389356
4002053937,"Niklaus Konrad-Strasse 4, 4500 Solothurn",fast_food,Solo Imbiss,47.2048779,7.5368448
4002053937,"Niklaus Konrad-Strasse 4, 4500 Solothurn",restaurant,Trattoria Napoli,47.2045375,7.5362046
4002053937,"Niklaus Konrad-Strasse 4, 4500 Solothurn",restaurant,Notausgang,47.2044483,7.5363896
4002053937,"Niklaus Konrad-Strasse 4, 4500 Solothurn",restaurant,Adler,47.2047763,7.5361643
4002053937,"Niklaus Konrad-Strasse 4, 4500 Solothurn",restaurant,Sonne,47.2047854,7.5363896
4002053937,"Niklaus Konrad-Strasse 4, 4500 Solothurn",restaurant,Vini-Al Grappolo,47.2049778,7.5368094
4002053937,"Niklaus Konrad-Strasse 4, 4500 Solothurn",pub,Steinbock,47.2046387,7.5379426
4002053937,"Niklaus Konrad-Strasse 4, 4500 Solothurn",restaurant,Fragale,47.2046861,7.5375537
4002053937,"Niklaus Konrad-Strasse 4, 4500 Solothurn",restaurant,Fu-Lin,47.2037603,7.5390531
4002053937,"Niklaus Konrad-Strasse 4, 4500 Solothurn",restaurant,Thai Sunshine,47.2047013,7.5364428
4002053937,"Niklaus Konrad-Strasse 4, 4500 Solothurn",cafe,Steiner,47.2049949,7.5407086
4002053937,"Niklaus Konrad-Strasse 4, 4500 Solothurn",parking,n/a,47.2037855,7.5398567
4002053937,"Niklaus Konrad-Strasse 4, 4500 Solothurn",school,Kaufmännische Berufsschule,47.2049253,7.5382655
4002053937,"Niklaus Konrad-Strasse 4, 4500 Solothurn",fast_food,Metro Pizza,47.2051584,7.5409779
4002053937,"Niklaus Konrad-Strasse 4, 4500 Solothurn",fast_food,Amun Take-Away,47.2049508,7.540494
4002053937,"Niklaus Konrad-Strasse 4, 4500 Solothurn",restaurant,Thung Thong,47.2047057,7.537415
4002053937,"Niklaus Konrad-Strasse 4, 4500 Solothurn",restaurant,così Ristorante & Pizzeria,47.2047969,7.5370633
4002053937,"Niklaus Konrad-Strasse 4, 4500 Solothurn",atm,n/a,47.2042566,7.5387939
4002053937,"Niklaus Konrad-Strasse 4, 4500 Solothurn",restaurant,Solo Fresh & fast Crispy Chicken,47.2041652,7.5388339
4002053937,"Niklaus Konrad-Strasse 4, 4500 Solothurn",restaurant,Mezami,47.2046585,7.5376996
4002038494,"Sägestr. 78, 3098 Köniz",restaurant,Migros Restaurant,46.9235585,7.4144033
4002038494,"Sägestr. 78, 3098 Köniz",pharmacy,Amavita,46.923288,7.4140898
4002038494,"Sägestr. 78, 3098 Köniz",cafe,Das Scherzhaus,46.9234687,7.4146314
4002038494,"Sägestr. 78, 3098 Köniz",restaurant,Sternen,46.9226143,7.4142513
4002038494,"Sägestr. 78, 3098 Köniz",library,PTT-Archiv,46.9240144,7.4140105
4002038494,"Sägestr. 78, 3098 Köniz",cafe,Dany’s Bar & Bistro,46.922331,7.4124333
4002038494,"Sägestr. 78, 3098 Köniz",atm,n/a,46.9234902,7.4143417
4002038494,"Sägestr. 78, 3098 Köniz",fast_food,Swiss Güggeli,46.922862,7.4147256
4002038494,"Sägestr. 78, 3098 Köniz",restaurant,Indian Kitchen,46.9215285,7.4122292
4002037903,"Hermann-Lienhardstrasse, 2502 Biel, 2504 Biel",atm,BEKB BCBE,47.1524659,7.266587
4002037903,"Hermann-Lienhardstrasse, 2502 Biel, 2504 Biel",restaurant,n/a,47.1526499,7.2671404
4002037903,"Hermann-Lienhardstrasse, 2502 Biel, 2504 Biel",atm,n/a,47.1525492,7.2669467
4002037903,"Hermann-Lienhardstrasse, 2502 Biel, 2504 Biel",pharmacy,Dr. Hysek,47.1525027,7.2669534
4002037903,"Hermann-Lienhardstrasse, 2502 Biel, 2504 Biel",restaurant,Rebstock,47.1551243,7.2698734
4002037903,"Hermann-Lienhardstrasse, 2502 Biel, 2504 Biel",restaurant,zur Brücke,47.1542232,7.2683482
4002037903,"Hermann-Lienhardstrasse, 2502 Biel, 2504 Biel",restaurant,Restaurant Bierhalle,47.1521732,7.2665735
4002037903,"Hermann-Lienhardstrasse, 2502 Biel, 2504 Biel",cafe,Café Timeout,47.1525745,7.2670361
4001516464,"Schwendetalstrasse 13, 9057 Schwende",bank,Appenzeller Kantonalbank,47.3087582,9.4345514
4001516464,"Schwendetalstrasse 13, 9057 Schwende",atm,n/a,47.3088175,9.4345899
4001516464,"Schwendetalstrasse 13, 9057 Schwende",clinic,Klinik im Hof Nachbehandlungszentrum,47.3094656,9.4331366
4001516464,"Schwendetalstrasse 13, 9057 Schwende",restaurant,Schotte-Sepp-Stube / Flickflauder,47.3093527,9.433226
4002075486,"Hubenstrasse 19, 8057 Zürich",restaurant,Apollo Taverna,47.4040325,8.5571397
4002070837,"11 rue neuve du Molard, 1204 Genève",cafe,Le Comptoir Woodward,46.2034133,6.148715
4002066542,"Kirchgasse 4, 8524 Uesslingen",atm,n/a,47.5796405,8.8336299
4002066542,"Kirchgasse 4, 8524 Uesslingen",restaurant,Frohsinn,47.580425,8.8315183
4002065355,"Sonneggstr. 41, 8006 Zürich",restaurant,Ristorante Culmann,47.3794422,8.5470198
4002065355,"Sonneggstr. 41, 8006 Zürich",restaurant,La Fontana,47.3797201,8.5469255
4002065355,"Sonneggstr. 41, 8006 Zürich",restaurant,Restaurant Haldenbach,47.3799672,8.5469246
4002065355,"Sonneggstr. 41, 8006 Zürich",pub,The Alehouse Palmhof,47.3790827,8.5478805
4002065355,"Sonneggstr. 41, 8006 Zürich",fast_food,Lemon Grass,47.3796283,8.5479597
4002065355,"Sonneggstr. 41, 8006 Zürich",restaurant,Bamboo Inn,47.3804786,8.5472423
4002065355,"Sonneggstr. 41, 8006 Zürich",fast_food,Klara's Kitchen,47.3787999,8.5479501
4002065355,"Sonneggstr. 41, 8006 Zürich",restaurant,Mensa Institut Minerva,47.3819656,8.5455532
4002065355,"Sonneggstr. 41, 8006 Zürich",cafe,Klara‘s Kitchen,47.3827596,8.5437443
4002065355,"Sonneggstr. 41, 8006 Zürich",school,Schule Minerva Zürich,47.3818918,8.5455529
4002065355,"Sonneggstr. 41, 8006 Zürich",fast_food,Tiny Fish,47.3784125,8.5478096
4002065355,"Sonneggstr. 41, 8006 Zürich",restaurant,mi-te,47.3791998,8.5479282
4002065355,"Sonneggstr. 41, 8006 Zürich",school,Lernstudio,47.3819111,8.5456909
4002038690,"Centralstrasse 25, 2540 Grenchen",pub,Baracoa,47.1928349,7.3960856
4002038690,"Centralstrasse 25, 2540 Grenchen",restaurant,Metzgerhalle,47.1942997,7.3950991
4002038690,"Centralstrasse 25, 2540 Grenchen",restaurant,Roy,47.1934259,7.3951969
4002038690,"Centralstrasse 25, 2540 Grenchen",restaurant,Moccaflor,47.1961879,7.3943219
4002038690,"Centralstrasse 25, 2540 Grenchen",restaurant,Bambi,47.1936253,7.3977055
4002038690,"Centralstrasse 25, 2540 Grenchen",restaurant,Restaurant Antonio Gonzales,47.1935146,7.3963731
4002038690,"Centralstrasse 25, 2540 Grenchen",cafe,Café Märet,47.1931314,7.3964998
4002038690,"Centralstrasse 25, 2540 Grenchen",pub,Britannia Pub,47.1939502,7.3955483
4002021063,"Saumackerstrasse 28, 8048 Zürich",restaurant,Molino,47.3887608,8.4870226
4002021063,"Saumackerstrasse 28, 8048 Zürich",restaurant,QIRIN,47.38915,8.4881385
4002021063,"Saumackerstrasse 28, 8048 Zürich",restaurant,Kormasutra Indian Restaurant,47.3891818,8.4865395
4002021063,"Saumackerstrasse 28, 8048 Zürich",parking,Altstetten Neumarkt,47.3891353,8.4874433
4002021063,"Saumackerstrasse 28, 8048 Zürich",pharmacy,Neumarkt Apotheke Drogerie,47.388597,8.4874205
4002021063,"Saumackerstrasse 28, 8048 Zürich",atm,Migros Bank Bancomat,47.3884817,8.4872408
4002021063,"Saumackerstrasse 28, 8048 Zürich",restaurant,Suan Long,47.389644,8.4865708
4002021063,"Saumackerstrasse 28, 8048 Zürich",fast_food,Momomo,47.3888769,8.4887759
4002021063,"Saumackerstrasse 28, 8048 Zürich",cafe,Kesslers Club Social,47.3895438,8.4869308
4002012549,"Seestrasse 51, 8805 Richterswil",atm,post finance,47.2095814,8.7054178
4002012549,"Seestrasse 51, 8805 Richterswil",parking,n/a,47.2096211,8.7055593
4002012549,"Seestrasse 51, 8805 Richterswil",restaurant,Drei Könige,47.20916,8.7057742
4002012549,"Seestrasse 51, 8805 Richterswil",restaurant,Dapura Mia,47.208746,8.7063103
4002012549,"Seestrasse 51, 8805 Richterswil",restaurant,Sylvias Bäsebeiz,47.2157006,8.6981874
4002007176,"Seestrasse 623, 8706 Meilen",restaurant,Thai Orchid,47.2678861,8.6450038
4002007176,"Seestrasse 623, 8706 Meilen",parking,n/a,47.2681716,8.645171
4002007176,"Seestrasse 623, 8706 Meilen",restaurant,Migros Restaurant,47.2681481,8.6453203
4002007176,"Seestrasse 623, 8706 Meilen",bank,Zürcher Kantonalbank,47.268805,8.6437823
4002007176,"Seestrasse 623, 8706 Meilen",school,Tagesschule Fähre,47.268002,8.6436972
4001994154,"Schlösslistrasse 13, 8044 Zürich",parking,n/a,47.3843575,8.5599678
4001983883,"Sonneggstr. 41, 8006 Zürich",restaurant,Ristorante Culmann,47.3794422,8.5470198
4001983883,"Sonneggstr. 41, 8006 Zürich",restaurant,La Fontana,47.3797201,8.5469255
4001983883,"Sonneggstr. 41, 8006 Zürich",restaurant,Restaurant Haldenbach,47.3799672,8.5469246
4001983883,"Sonneggstr. 41, 8006 Zürich",pub,The Alehouse Palmhof,47.3790827,8.5478805
4001983883,"Sonneggstr. 41, 8006 Zürich",fast_food,Lemon Grass,47.3796283,8.5479597
4001983883,"Sonneggstr. 41, 8006 Zürich",restaurant,Bamboo Inn,47.3804786,8.5472423
4001983883,"Sonneggstr. 41, 8006 Zürich",fast_food,Klara's Kitchen,47.3787999,8.5479501
4001983883,"Sonneggstr. 41, 8006 Zürich",restaurant,Mensa Institut Minerva,47.3819656,8.5455532
4001983883,"Sonneggstr. 41, 8006 Zürich",cafe,Klara‘s Kitchen,47.3827596,8.5437443
4001983883,"Sonneggstr. 41, 8006 Zürich",school,Schule Minerva Zürich,47.3818918,8.5455529
4001983883,"Sonneggstr. 41, 8006 Zürich",fast_food,Tiny Fish,47.3784125,8.5478096
4001983883,"Sonneggstr. 41, 8006 Zürich",restaurant,mi-te,47.3791998,8.5479282
4001983883,"Sonneggstr. 41, 8006 Zürich",school,Lernstudio,47.3819111,8.5456909
4001972093,"Hauptstrasse 24, 8114 Dänikon ZH",atm,n/a,47.4457406,8.4058228
4001972093,"Hauptstrasse 24, 8114 Dänikon ZH",restaurant,Frohsinn,47.4456624,8.4048565
4001964230,"Siewerdtstrasse 75, 8050 Zürich",parking,n/a,47.4104922,8.553586
4001964230,"Siewerdtstrasse 75, 8050 Zürich",parking,KEBO,47.4120809,8.5556159
4001964230,"Siewerdtstrasse 75, 8050 Zürich",atm,Bancomat ZKB,47.4110398,8.5531737
4001964230,"Siewerdtstrasse 75, 8050 Zürich",restaurant,Restaurant Stadiönli,47.4120998,8.5550208
4001963201,"Passage Perdonnet 1, 1005 Lausanne",fast_food,Nihao,46.5212049,6.6399286
4001963201,"Passage Perdonnet 1, 1005 Lausanne",bar,Pin-Up Bar,46.5213528,6.6399007
4001963201,"Passage Perdonnet 1, 1005 Lausanne",restaurant,Lucha Libre,46.521409,6.6401097
4001963201,"Passage Perdonnet 1, 1005 Lausanne",restaurant,Thai Duo Sushi,46.5223975,6.6413035
4001963201,"Passage Perdonnet 1, 1005 Lausanne",school,Gymnase cantonal du Bugnon,46.5224231,6.6401763
4001963201,"Passage Perdonnet 1, 1005 Lausanne",restaurant,Aki,46.5213278,6.6396421
4001963201,"Passage Perdonnet 1, 1005 Lausanne",fast_food,Marterey 56 Cuisine Vapeur,46.5211787,6.6396952
4001963201,"Passage Perdonnet 1, 1005 Lausanne",library,Bibliomedia,46.5219004,6.6394799
4001963201,"Passage Perdonnet 1, 1005 Lausanne",cafe,ChuChu Bubblea Tea Taiwan,46.5213012,6.641581
4001963201,"Passage Perdonnet 1, 1005 Lausanne",fast_food,Babouchka,46.5213633,6.6399766
4001963201,"Passage Perdonnet 1, 1005 Lausanne",restaurant,Belga,46.5215345,6.6400779
4001963201,"Passage Perdonnet 1, 1005 Lausanne",restaurant,Maza,46.5213557,6.6398106
4001961027,"Rotwandstrasse 66, 8004 Zürich",restaurant,Fribourger Stübli,47.375039,8.5281814
4001961027,"Rotwandstrasse 66, 8004 Zürich",restaurant,Ristorante Italia,47.3763729,8.5292946
4001961027,"Rotwandstrasse 66, 8004 Zürich",restaurant,Convivio,47.3757244,8.5292515
4001961027,"Rotwandstrasse 66, 8004 Zürich",restaurant,Accademia del Gusto,47.375334,8.5286575
4001961027,"Rotwandstrasse 66, 8004 Zürich",bar,E.X. 4,47.3757372,8.5288666
4001961027,"Rotwandstrasse 66, 8004 Zürich",restaurant,Ikoo,47.3748928,8.5287964
4001961027,"Rotwandstrasse 66, 8004 Zürich",restaurant,D'Aurora,47.3751694,8.528416
4001961027,"Rotwandstrasse 66, 8004 Zürich",bar,Daniel H.,47.3754267,8.5293032
4001961027,"Rotwandstrasse 66, 8004 Zürich",restaurant,Osteria Santo Bevitore,47.3754803,8.5284806
4001961027,"Rotwandstrasse 66, 8004 Zürich",bar,Love Story,47.3764724,8.5284217
4001961027,"Rotwandstrasse 66, 8004 Zürich",restaurant,The Sacred,47.3760618,8.5288696
4001961027,"Rotwandstrasse 66, 8004 Zürich",bar,Don Miguel,47.3761788,8.5286665
4001961027,"Rotwandstrasse 66, 8004 Zürich",bar,The Mixt,47.3755383,8.529159
4001961027,"Rotwandstrasse 66, 8004 Zürich",fast_food,Bilo Bistro,47.3764202,8.5283268
4001961027,"Rotwandstrasse 66, 8004 Zürich",restaurant,Bund 39,47.3749607,8.5287161
4001961027,"Rotwandstrasse 66, 8004 Zürich",restaurant,Pho Mai,47.3755405,8.528631
4001961027,"Rotwandstrasse 66, 8004 Zürich",bar,Glamour Bar,47.3758798,8.5294424
4001961027,"Rotwandstrasse 66, 8004 Zürich",fast_food,Zürich Fried Chicken,47.3751013,8.5285248
4001961027,"Rotwandstrasse 66, 8004 Zürich",restaurant,Ristorante Italia,47.3764793,8.5291319
4001869489,"Hinterbergstrasse 106, 8044 Zürich",parking,n/a,47.3843575,8.5599678
4001731221,"Kreuzstrasse 3a, 3052 Zollikofen",bar,Cheers Bar,46.9974435,7.4593118
4001731221,"Kreuzstrasse 3a, 3052 Zollikofen",parking,n/a,46.997448,7.4601873
4001731221,"Kreuzstrasse 3a, 3052 Zollikofen",fast_food,Hady,46.9970204,7.4593924
4001731221,"Kreuzstrasse 3a, 3052 Zollikofen",bank,Berner Kantonalbank,46.9967242,7.4586281
4001731221,"Kreuzstrasse 3a, 3052 Zollikofen",parking,n/a,46.9970623,7.4634751
4001731221,"Kreuzstrasse 3a, 3052 Zollikofen",restaurant,Coop Restaurant,46.9971443,7.4588701
4001731221,"Kreuzstrasse 3a, 3052 Zollikofen",restaurant,Grill...and more,46.9956312,7.4631561
4001731221,"Kreuzstrasse 3a, 3052 Zollikofen",pharmacy,Kreuz Apotheke,46.9973059,7.4597159
4001731221,"Kreuzstrasse 3a, 3052 Zollikofen",parking,n/a,46.9973807,7.4584755
4001731221,"Kreuzstrasse 3a, 3052 Zollikofen",restaurant,La Rocca,46.9974833,7.4593784
4001731221,"Kreuzstrasse 3a, 3052 Zollikofen",parking,Zentrum Zollikofen,46.9980739,7.4596095
4001731221,"Kreuzstrasse 3a, 3052 Zollikofen",fast_food,Le Bistro,46.994702,7.4641609
4001731198,"Kreuzstrasse 5, 3052 Zollikofen",atm,n/a,46.998503,7.4594388
4001731198,"Kreuzstrasse 5, 3052 Zollikofen",fast_food,Onur,46.9991277,7.4604023
4001731198,"Kreuzstrasse 5, 3052 Zollikofen",bar,Cheers Bar,46.9974435,7.4593118
4001731198,"Kreuzstrasse 5, 3052 Zollikofen",parking,n/a,46.997448,7.4601873
4001731198,"Kreuzstrasse 5, 3052 Zollikofen",fast_food,Hady,46.9970204,7.4593924
4001731198,"Kreuzstrasse 5, 3052 Zollikofen",library,Gemeindebibliothek Zollikofen,46.9984116,7.459504
4001731198,"Kreuzstrasse 5, 3052 Zollikofen",pharmacy,Kreuz Apotheke,46.9973059,7.4597159
4001731198,"Kreuzstrasse 5, 3052 Zollikofen",restaurant,Casa Lana,46.9983987,7.4600934
4001731198,"Kreuzstrasse 5, 3052 Zollikofen",restaurant,La Rocca,46.9974833,7.4593784
4001731198,"Kreuzstrasse 5, 3052 Zollikofen",parking,Zentrum Zollikofen,46.9980739,7.4596095
4001731198,"Kreuzstrasse 5, 3052 Zollikofen",restaurant,Bärner Rose,46.9987297,7.4602658
4001671881,"Grabenweg 15, 8484 Weisslingen",parking,n/a,47.4275384,8.7692151
4001213834,"Asylstrasse 14, 8953 Dietikon",bank,Raiffeisen,47.402892,8.4049258
4001213834,"Asylstrasse 14, 8953 Dietikon",parking,n/a,47.4019776,8.4023713
4002080956,"Nauengasse 14, 8427 Rorbas",parking,n/a,47.5332324,8.5777617
4002080956,"Nauengasse 14, 8427 Rorbas",parking,n/a,47.5333055,8.5760019
4002080956,"Nauengasse 14, 8427 Rorbas",parking,n/a,47.5336074,8.5783674
4002080956,"Nauengasse 14, 8427 Rorbas",parking,n/a,47.5323594,8.5741239
4002080956,"Nauengasse 14, 8427 Rorbas",restaurant,Family House Restaurant,47.534738,8.5780761
4002076708,6353 Weggis,library,Gemeindebibliothek Weggis,47.0324537,8.4349346
4002076708,6353 Weggis,restaurant,Restaurant Oliv,47.0319747,8.4337372
4002076708,6353 Weggis,restaurant,Thai Food Take Away,47.031981,8.4318405
4002076708,6353 Weggis,bar,Liquid Soul,47.0320102,8.432855
4002067496,"Zollstrasse 14, 8219 Trasadingen",restaurant,Boxen-Stop,47.6668243,8.4364103
4002067496,"Zollstrasse 14, 8219 Trasadingen",cafe,Coffee - Bahnhof Erzingen,47.6602805,8.4304638
4002065576,"Käsereistrasse 2 / 4 / 6, 8919 Rottenschwil",school,Schule Rottenschwil,47.3142538,8.3625271
4002059679,"Rue des Epinettes, 1227 Carouge",bar,Bar à Thym,46.1882725,6.13706
4002059679,"Rue des Epinettes, 1227 Carouge",school,École de Montfalcon,46.1867096,6.1378889
4002059679,"Rue des Epinettes, 1227 Carouge",pharmacy,Pharmacie Populaire Epinettes,46.1888413,6.1367879
4002059679,"Rue des Epinettes, 1227 Carouge",restaurant,Bang Yai,46.18982,6.1366939
4002059679,"Rue des Epinettes, 1227 Carouge",cafe,Pirojki,46.1878072,6.1370935
4002059679,"Rue des Epinettes, 1227 Carouge",restaurant,Maison L'Orélic,46.189575,6.1349649
4002059679,"Rue des Epinettes, 1227 Carouge",restaurant,Mama cantina,46.1896485,6.1349093
4002059679,"Rue des Epinettes, 1227 Carouge",cafe,Café-broc montfalcon épicerie dégustation carouge,46.1862653,6.1372157
4002059679,"Rue des Epinettes, 1227 Carouge",restaurant,La maison rouge,46.188979,6.1349597
4002059679,"Rue des Epinettes, 1227 Carouge",restaurant,L'Appart,46.1899479,6.1370361
4002059679,"Rue des Epinettes, 1227 Carouge",cafe,L'Echoppe d'Awen,46.1900197,6.135687
4002049676,"Böndlerstrasse 54, 8802 Kilchberg ZH",parking,n/a,47.3169269,8.5482716
4002045481,"Grossfeldstrasse 7, 6010 Kriens",restaurant,Restaurant Hofmatt,47.0333679,8.2827101
4002045481,"Grossfeldstrasse 7, 6010 Kriens",pharmacy,Medicus Apotheke,47.0336217,8.282681
4002045481,"Grossfeldstrasse 7, 6010 Kriens",bar,Barock Bar,47.0341413,8.2843703
4002045481,"Grossfeldstrasse 7, 6010 Kriens",restaurant,Al Forno,47.0343357,8.2842354
4002045481,"Grossfeldstrasse 7, 6010 Kriens",restaurant,Migros Restaurant,47.033903,8.2829323
4002028503,"Gmeindrütistrasse 11, 8630 Rüti ZH",parking,n/a,47.2606154,8.8659285
4002028503,"Gmeindrütistrasse 11, 8630 Rüti ZH",restaurant,Taverne Laufenbach,47.2620298,8.865904
4001983884,"Sonneggstr. 41, 8006 Zürich",restaurant,Ristorante Culmann,47.3794422,8.5470198
4001983884,"Sonneggstr. 41, 8006 Zürich",restaurant,La Fontana,47.3797201,8.5469255
4001983884,"Sonneggstr. 41, 8006 Zürich",restaurant,Restaurant Haldenbach,47.3799672,8.5469246
4001983884,"Sonneggstr. 41, 8006 Zürich",pub,The Alehouse Palmhof,47.3790827,8.5478805
4001983884,"Sonneggstr. 41, 8006 Zürich",fast_food,Lemon Grass,47.3796283,8.5479597
4001983884,"Sonneggstr. 41, 8006 Zürich",restaurant,Bamboo Inn,47.3804786,8.5472423
4001983884,"Sonneggstr. 41, 8006 Zürich",fast_food,Klara's Kitchen,47.3787999,8.5479501
4001983884,"Sonneggstr. 41, 8006 Zürich",restaurant,Mensa Institut Minerva,47.3819656,8.5455532
4001983884,"Sonneggstr. 41, 8006 Zürich",cafe,Klara‘s Kitchen,47.3827596,8.5437443
4001983884,"Sonneggstr. 41, 8006 Zürich",school,Schule Minerva Zürich,47.3818918,8.5455529
4001983884,"Sonneggstr. 41, 8006 Zürich",fast_food,Tiny Fish,47.3784125,8.5478096
4001983884,"Sonneggstr. 41, 8006 Zürich",restaurant,mi-te,47.3791998,8.5479282
4001983884,"Sonneggstr. 41, 8006 Zürich",school,Lernstudio,47.3819111,8.5456909
4001979979,"Weiherweg 38, 4054 Basel",restaurant,Schützenhaus,47.5537008,7.5774585
4001979979,"Weiherweg 38, 4054 Basel",pharmacy,Schützenmatt Apotheke,47.554322,7.576056
4001979979,"Weiherweg 38, 4054 Basel",restaurant,Royal Palace,47.5541247,7.576166
4001979979,"Weiherweg 38, 4054 Basel",restaurant,Bayleaf Gourmet Indian Restaurant,47.5541429,7.5767109
4001979979,"Weiherweg 38, 4054 Basel",fast_food,Dieci Pizzakurier,47.5540677,7.5767785
4001979979,"Weiherweg 38, 4054 Basel",restaurant,Bistrot Crescenda,47.5525464,7.576938
4001979979,"Weiherweg 38, 4054 Basel",restaurant,L’étang,47.5537552,7.575558
4001979979,"Weiherweg 38, 4054 Basel",restaurant,Yu-Lin Qin,47.554266,7.5736798
4001979979,"Weiherweg 38, 4054 Basel",fast_food,Punjabi Shop,47.5557962,7.5759312
4001950379,"Rotwandstrasse 66, 8004 Zürich",restaurant,Fribourger Stübli,47.375039,8.5281814
4001950379,"Rotwandstrasse 66, 8004 Zürich",restaurant,Ristorante Italia,47.3763729,8.5292946
4001950379,"Rotwandstrasse 66, 8004 Zürich",restaurant,Convivio,47.3757244,8.5292515
4001950379,"Rotwandstrasse 66, 8004 Zürich",restaurant,Accademia del Gusto,47.375334,8.5286575
4001950379,"Rotwandstrasse 66, 8004 Zürich",bar,E.X. 4,47.3757372,8.5288666
4001950379,"Rotwandstrasse 66, 8004 Zürich",restaurant,Ikoo,47.3748928,8.5287964
4001950379,"Rotwandstrasse 66, 8004 Zürich",restaurant,D'Aurora,47.3751694,8.528416
4001950379,"Rotwandstrasse 66, 8004 Zürich",bar,Daniel H.,47.3754267,8.5293032
4001950379,"Rotwandstrasse 66, 8004 Zürich",restaurant,Osteria Santo Bevitore,47.3754803,8.5284806
4001950379,"Rotwandstrasse 66, 8004 Zürich",bar,Love Story,47.3764724,8.5284217
4001950379,"Rotwandstrasse 66, 8004 Zürich",restaurant,The Sacred,47.3760618,8.5288696
4001950379,"Rotwandstrasse 66, 8004 Zürich",bar,Don Miguel,47.3761788,8.5286665
4001950379,"Rotwandstrasse 66, 8004 Zürich",bar,The Mixt,47.3755383,8.529159
4001950379,"Rotwandstrasse 66, 8004 Zürich",fast_food,Bilo Bistro,47.3764202,8.5283268
4001950379,"Rotwandstrasse 66, 8004 Zürich",restaurant,Bund 39,47.3749607,8.5287161
4001950379,"Rotwandstrasse 66, 8004 Zürich",restaurant,Pho Mai,47.3755405,8.528631
4001950379,"Rotwandstrasse 66, 8004 Zürich",bar,Glamour Bar,47.3758798,8.5294424
4001950379,"Rotwandstrasse 66, 8004 Zürich",fast_food,Zürich Fried Chicken,47.3751013,8.5285248
4001950379,"Rotwandstrasse 66, 8004 Zürich",restaurant,Ristorante Italia,47.3764793,8.5291319
4001840960,"Grabenweg 17, 8484 Weisslingen",parking,n/a,47.4275384,8.7692151
4001840960,"Grabenweg 17, 8484 Weisslingen",parking,n/a,47.4294809,8.7677048
4002078840,"Motorenstrasse, 8005 Zürich",restaurant,Molino,47.3840714,8.5291751
4002078840,"Motorenstrasse, 8005 Zürich",restaurant,Manjaal,47.3843311,8.5286143
4002078840,"Motorenstrasse, 8005 Zürich",cafe,Lycka,47.3837629,8.5298256
4002078840,"Motorenstrasse, 8005 Zürich",restaurant,4Leoni Firenze,47.3843323,8.5302362
4002078840,"Motorenstrasse, 8005 Zürich",restaurant,Valentin's,47.3846382,8.5297901
4002078840,"Motorenstrasse, 8005 Zürich",restaurant,La Contrada,47.384832,8.5295929
4002078840,"Motorenstrasse, 8005 Zürich",restaurant,Josef,47.3838905,8.5289598
4002078840,"Motorenstrasse, 8005 Zürich",restaurant,Maneez,47.3841944,8.5284377
4002078840,"Motorenstrasse, 8005 Zürich",restaurant,Santa Lucia,47.3838555,8.5295871
4002078647,"St. Alban-Anlage 58, 4052 Basel",restaurant,Restaurant Murano,47.5521616,7.6007922
4002078647,"St. Alban-Anlage 58, 4052 Basel",bank,CA next bank,47.5524658,7.6037907
4002064667,"Seefeldstrasse 104, 8008 Zürich",restaurant,Yooji's,47.3582879,8.5541672
4002064667,"Seefeldstrasse 104, 8008 Zürich",pub,D-Vino,47.3584615,8.553987
4002064667,"Seefeldstrasse 104, 8008 Zürich",restaurant,Totò,47.3580896,8.5538491
4002064667,"Seefeldstrasse 104, 8008 Zürich",restaurant,Iroquois,47.3582918,8.5537364
4002055225,"Dorfstrasse 31, 5244 Birrhard",restaurant,Zur Halde,47.4327579,8.245599
4002073363,"Willikonerstrasse 46, 8618 Oetwil am See",bus_station,"Oetwil am See, Zentrum",47.2700847,8.7210904
4002073363,"Willikonerstrasse 46, 8618 Oetwil am See",atm,Raiffeisen,47.2702185,8.7213434
4002070890,"Landenbergstrasse 3a, 6005 Lucerne",parking,Parkhaus Eiszentrum,47.0415585,8.3216401
4002067868,"Allée Charles Edouard Guillaume 5, 1723 Marly",parking,n/a,46.7775838,7.1530891
4002057192,"Badenerstrasse 12, 8953 Dietikon",restaurant,Migros Restaurant,47.4052072,8.4013786
4002057192,"Badenerstrasse 12, 8953 Dietikon",fast_food,El Pablo,47.4054721,8.3987591
4002057192,"Badenerstrasse 12, 8953 Dietikon",pharmacy,Amavita Dietikon,47.405637,8.3982172
4002057192,"Badenerstrasse 12, 8953 Dietikon",restaurant,Molino,47.4060643,8.3971433
4002057192,"Badenerstrasse 12, 8953 Dietikon",restaurant,Taverne zur Krone,47.4057501,8.400649
4002057192,"Badenerstrasse 12, 8953 Dietikon",parking,n/a,47.4048831,8.4005551
4002057192,"Badenerstrasse 12, 8953 Dietikon",parking,n/a,47.4053642,8.4013984
4002057192,"Badenerstrasse 12, 8953 Dietikon",fast_food,Spice Flavour,47.4056661,8.3989168
4002057192,"Badenerstrasse 12, 8953 Dietikon",restaurant,Pad-Thai,47.4052611,8.3996154
4002057192,"Badenerstrasse 12, 8953 Dietikon",fast_food,Pizza Pasta,47.4055522,8.3991171
4002057192,"Badenerstrasse 12, 8953 Dietikon",fast_food,Burek King,47.4047982,8.4005664
4002057192,"Badenerstrasse 12, 8953 Dietikon",fast_food,Royal Önder,47.4056015,8.3990154
4002057165,"Rue Mauborget 6, 1003 Lausanne",atm,BCV,46.52266,6.627441
4002057165,"Rue Mauborget 6, 1003 Lausanne",fast_food,Holy Cow,46.5226883,6.6282137
4002057165,"Rue Mauborget 6, 1003 Lausanne",pharmacy,Sun Store,46.5226226,6.6271508
4002057165,"Rue Mauborget 6, 1003 Lausanne",cafe,Xpresso Cafe,46.5224577,6.6273559
4002057165,"Rue Mauborget 6, 1003 Lausanne",atm,Bity Crypto ATM,46.5228567,6.6267654
4002057165,"Rue Mauborget 6, 1003 Lausanne",cafe,Bel-Air Coffee,46.5228103,6.6285098
4002057165,"Rue Mauborget 6, 1003 Lausanne",restaurant,Sushi Express,46.5225878,6.6285252
4002057165,"Rue Mauborget 6, 1003 Lausanne",fast_food,The Pancakes Mafia,46.5226132,6.62847
4002053590,"Rainweg 1A, 4713 Matzendorf",parking,n/a,47.3064863,7.6290301
4002053590,"Rainweg 1A, 4713 Matzendorf",parking,n/a,47.3066341,7.6286032
4002053590,"Rainweg 1A, 4713 Matzendorf",parking,n/a,47.3052479,7.6304695
4002053590,"Rainweg 1A, 4713 Matzendorf",parking,n/a,47.3083974,7.6263997
4002049788,8107 Buchs ZH,restaurant,Restaurant Frohsinn,47.4580728,8.4392823
4002049788,8107 Buchs ZH,atm,n/a,47.4579723,8.4365691
4002049788,8107 Buchs ZH,bank,Bezirks-Sparkasse Dielsdorf,47.4580182,8.4365613
4002039400,"Maurerweg 12, 2503 Biel",cafe,Delta Bar,47.1363248,7.2569862
4002039400,"Maurerweg 12, 2503 Biel",fast_food,Bravo Pizza,47.1343076,7.255173
4002039400,"Maurerweg 12, 2503 Biel",parking,n/a,47.1329241,7.2567841
4002039400,"Maurerweg 12, 2503 Biel",parking,n/a,47.1337612,7.2568258
4002039400,"Maurerweg 12, 2503 Biel",parking,n/a,47.1337863,7.2559719
4002039400,"Maurerweg 12, 2503 Biel",parking,n/a,47.133918,7.2541349
4002039400,"Maurerweg 12, 2503 Biel",school,École primaire Madretsch - Primarschule Madretsch,47.1352806,7.2560845
4002039400,"Maurerweg 12, 2503 Biel",restaurant,Ristorante Pizzeria da Piano,47.1349092,7.2560281
4002024740,8272 Ermatingen,school,n/a,47.6677473,9.0836051
4002024740,8272 Ermatingen,pub,Linde,47.669779,9.0844003
4002024740,8272 Ermatingen,bank,Raiffeisenbank Tägerwilen,47.6688011,9.0839994
4002024740,8272 Ermatingen,library,Gemeinde- und Schulbibliothek,47.6687963,9.0803689
4002024740,8272 Ermatingen,school,Primarschule Ermatingen,47.6682364,9.0816215
4002024740,8272 Ermatingen,school,Sekundarschule Ermatingen,47.668707,9.0807892
4002024740,8272 Ermatingen,parking,n/a,47.6696835,9.0828749
4002024740,8272 Ermatingen,restaurant,Buurebeizli Ermatingen,47.6703969,9.080253
4002017354,"Route du Chasseur 30 bis, 1008 Prilly",fast_food,Food,46.5347974,6.6059542
4002017354,"Route du Chasseur 30 bis, 1008 Prilly",restaurant,iSushi,46.5375912,6.6067067
4001978241,"Dorfstrasse 14, 4206 Seewen SO",restaurant,Sonne,47.435175,7.657876
4001978241,"Dorfstrasse 14, 4206 Seewen SO",restaurant,Rössli,47.4345013,7.6586577
4001978241,"Dorfstrasse 14, 4206 Seewen SO",atm,n/a,47.4346766,7.6584069
4001915132,"Rotwandstrasse 66, 8004 Zürich",restaurant,Fribourger Stübli,47.375039,8.5281814
4001915132,"Rotwandstrasse 66, 8004 Zürich",restaurant,Ristorante Italia,47.3763729,8.5292946
4001915132,"Rotwandstrasse 66, 8004 Zürich",restaurant,Convivio,47.3757244,8.5292515
4001915132,"Rotwandstrasse 66, 8004 Zürich",restaurant,Accademia del Gusto,47.375334,8.5286575
4001915132,"Rotwandstrasse 66, 8004 Zürich",bar,E.X. 4,47.3757372,8.5288666
4001915132,"Rotwandstrasse 66, 8004 Zürich",restaurant,Ikoo,47.3748928,8.5287964
4001915132,"Rotwandstrasse 66, 8004 Zürich",restaurant,D'Aurora,47.3751694,8.528416
4001915132,"Rotwandstrasse 66, 8004 Zürich",bar,Daniel H.,47.3754267,8.5293032
4001915132,"Rotwandstrasse 66, 8004 Zürich",restaurant,Osteria Santo Bevitore,47.3754803,8.5284806
4001915132,"Rotwandstrasse 66, 8004 Zürich",bar,Love Story,47.3764724,8.5284217
4001915132,"Rotwandstrasse 66, 8004 Zürich",restaurant,The Sacred,47.3760618,8.5288696
4001915132,"Rotwandstrasse 66, 8004 Zürich",bar,Don Miguel,47.3761788,8.5286665
4001915132,"Rotwandstrasse 66, 8004 Zürich",bar,The Mixt,47.3755383,8.529159
4001915132,"Rotwandstrasse 66, 8004 Zürich",fast_food,Bilo Bistro,47.3764202,8.5283268
4001915132,"Rotwandstrasse 66, 8004 Zürich",restaurant,Bund 39,47.3749607,8.5287161
4001915132,"Rotwandstrasse 66, 8004 Zürich",restaurant,Pho Mai,47.3755405,8.528631
4001915132,"Rotwandstrasse 66, 8004 Zürich",bar,Glamour Bar,47.3758798,8.5294424
4001915132,"Rotwandstrasse 66, 8004 Zürich",fast_food,Zürich Fried Chicken,47.3751013,8.5285248
4001915132,"Rotwandstrasse 66, 8004 Zürich",restaurant,Ristorante Italia,47.3764793,8.5291319
4001910718,"Seengerstrasse 28, 5706 Boniswil",library,Bibliothek,47.3157785,8.1879319
4001910718,"Seengerstrasse 28, 5706 Boniswil",parking,n/a,47.3165557,8.1872965
4001886542,"Rotbuchstrasse 9, 8006 Zürich",atm,Postfinance,47.392108,8.5382165
4001886542,"Rotbuchstrasse 9, 8006 Zürich",cafe,Kafischnaps,47.3912249,8.5359972
4001886542,"Rotbuchstrasse 9, 8006 Zürich",cafe,Café Unterstrass,47.3921165,8.5386272
4001886542,"Rotbuchstrasse 9, 8006 Zürich",pharmacy,Apotheke Schaffhauserplatz,47.3916892,8.5383642
4001886542,"Rotbuchstrasse 9, 8006 Zürich",fast_food,Blooming Juice,47.3914598,8.539107
4001867060,"Dorfgasse 4, 8708 Männedorf",pharmacy,TopPharm,47.2532533,8.6895271
4001867060,"Dorfgasse 4, 8708 Männedorf",cafe,Krug,47.2560845,8.6891598
4002081565,"Hottingerstrasse 38, 8032 Zürich",pharmacy,Dropa Hottingen,47.3697086,8.5557788
4002081565,"Hottingerstrasse 38, 8032 Zürich",restaurant,Wolfbach,47.3703441,8.552204
4002081565,"Hottingerstrasse 38, 8032 Zürich",restaurant,Afghan Anar,47.3697919,8.5529812
4002081565,"Hottingerstrasse 38, 8032 Zürich",cafe,Café Berner,47.3695588,8.5540543
4002081565,"Hottingerstrasse 38, 8032 Zürich",cafe,Vier Linden Imbiss-Café,47.3696191,8.5554987
4002081565,"Hottingerstrasse 38, 8032 Zürich",parking,Kulturama Besucherparkplatz,47.3687928,8.5553944
4002081565,"Hottingerstrasse 38, 8032 Zürich",restaurant,Mori Ramen,47.3703532,8.549533
4002077167,"Kammermattweg 3, 4107 Ettingen",pharmacy,Blauen Apotheke,47.4847919,7.5479418
4002077167,"Kammermattweg 3, 4107 Ettingen",restaurant,Bahnhof,47.4835242,7.5462806
4002071005,"Chemin du Devin 47B, 1012 Lausanne",parking,n/a,46.5312086,6.6517861
4002071005,"Chemin du Devin 47B, 1012 Lausanne",parking,n/a,46.531182,6.6518164
4002071005,"Chemin du Devin 47B, 1012 Lausanne",parking,n/a,46.5311032,6.6519281
4002071005,"Chemin du Devin 47B, 1012 Lausanne",parking,n/a,46.5314019,6.6524828
4002071005,"Chemin du Devin 47B, 1012 Lausanne",parking,n/a,46.5316027,6.652361
4002069592,"Rütistrasse 4, 8032 Zürich",cafe,Le Pain Quotidien,47.3683702,8.5605979
4002069592,"Rütistrasse 4, 8032 Zürich",restaurant,Restaurant Römerblick,47.3680769,8.5597987
4002069592,"Rütistrasse 4, 8032 Zürich",pharmacy,BENU Apotheke,47.3680176,8.5599727
4002069592,"Rütistrasse 4, 8032 Zürich",restaurant,Bistrot à Paris,47.3673012,8.56085
4002069592,"Rütistrasse 4, 8032 Zürich",bank,UBS,47.3681554,8.5608008
4002069592,"Rütistrasse 4, 8032 Zürich",restaurant,Dal Sardo,47.3679132,8.5602255
4002069592,"Rütistrasse 4, 8032 Zürich",school,LernCenter Zürich,47.3686165,8.5589345
4002059553,"Reimen 2, 8775 Hätzingen",school,n/a,46.9594282,9.0350546
4002047825,8623 Wetzikon ZH,school,Schule der Kinder,47.3330575,8.8170981
4002047825,8623 Wetzikon ZH,parking,n/a,47.3339802,8.8168877
4002047825,8623 Wetzikon ZH,parking,n/a,47.3339127,8.8171946
4002038535,"Aentenschnabel, 8353 Elgg",fast_food,Kebab Bahnhof Elgg,47.4984291,8.8634063
4002038535,"Aentenschnabel, 8353 Elgg",restaurant,Da Mè,47.4981749,8.8642546
4002038105,"Maurerweg 12, 2503 Biel",cafe,Delta Bar,47.1363248,7.2569862
4002038105,"Maurerweg 12, 2503 Biel",fast_food,Bravo Pizza,47.1343076,7.255173
4002038105,"Maurerweg 12, 2503 Biel",parking,n/a,47.1329241,7.2567841
4002038105,"Maurerweg 12, 2503 Biel",parking,n/a,47.1337612,7.2568258
4002038105,"Maurerweg 12, 2503 Biel",parking,n/a,47.1337863,7.2559719
4002038105,"Maurerweg 12, 2503 Biel",parking,n/a,47.133918,7.2541349
4002038105,"Maurerweg 12, 2503 Biel",school,École primaire Madretsch - Primarschule Madretsch,47.1352806,7.2560845
4002038105,"Maurerweg 12, 2503 Biel",restaurant,Ristorante Pizzeria da Piano,47.1349092,7.2560281
4002024967,"Seefeldstrasse 231, 8008 Zürich",restaurant,Brasserie Seefeld,47.3526098,8.5591926
4002024967,"Seefeldstrasse 231, 8008 Zürich",parking,n/a,47.3511274,8.5617765
4002024967,"Seefeldstrasse 231, 8008 Zürich",cafe,Kornsilo,47.3517143,8.560923
4002024967,"Seefeldstrasse 231, 8008 Zürich",bar,Blaue Ente,47.3517875,8.5611622
4002024967,"Seefeldstrasse 231, 8008 Zürich",restaurant,Blaue Ente,47.3519503,8.5611316
4002024967,"Seefeldstrasse 231, 8008 Zürich",cafe,n/a,47.3524365,8.5593081
4002006222,"Mülhauserstrasse, 4056 Basel",pharmacy,Medbase Apotheke Vogesen,47.568252,7.5792322
4001978238,"Dorfstrasse 14, 4206 Seewen SO",restaurant,Sonne,47.435175,7.657876
4001978238,"Dorfstrasse 14, 4206 Seewen SO",restaurant,Rössli,47.4345013,7.6586577
4001978238,"Dorfstrasse 14, 4206 Seewen SO",atm,n/a,47.4346766,7.6584069
4001964391,"Eichelwiesenstrasse 4, 8305 Dietlikon",parking,n/a,47.4201263,8.6221723
4001950380,"Rotwandstrasse 66, 8004 Zürich",restaurant,Fribourger Stübli,47.375039,8.5281814
4001950380,"Rotwandstrasse 66, 8004 Zürich",restaurant,Ristorante Italia,47.3763729,8.5292946
4001950380,"Rotwandstrasse 66, 8004 Zürich",restaurant,Convivio,47.3757244,8.5292515
4001950380,"Rotwandstrasse 66, 8004 Zürich",restaurant,Accademia del Gusto,47.375334,8.5286575
4001950380,"Rotwandstrasse 66, 8004 Zürich",bar,E.X. 4,47.3757372,8.5288666
4001950380,"Rotwandstrasse 66, 8004 Zürich",restaurant,Ikoo,47.3748928,8.5287964
4001950380,"Rotwandstrasse 66, 8004 Zürich",restaurant,D'Aurora,47.3751694,8.528416
4001950380,"Rotwandstrasse 66, 8004 Zürich",bar,Daniel H.,47.3754267,8.5293032
4001950380,"Rotwandstrasse 66, 8004 Zürich",restaurant,Osteria Santo Bevitore,47.3754803,8.5284806
4001950380,"Rotwandstrasse 66, 8004 Zürich",bar,Love Story,47.3764724,8.5284217
4001950380,"Rotwandstrasse 66, 8004 Zürich",restaurant,The Sacred,47.3760618,8.5288696
4001950380,"Rotwandstrasse 66, 8004 Zürich",bar,Don Miguel,47.3761788,8.5286665
4001950380,"Rotwandstrasse 66, 8004 Zürich",bar,The Mixt,47.3755383,8.529159
4001950380,"Rotwandstrasse 66, 8004 Zürich",fast_food,Bilo Bistro,47.3764202,8.5283268
4001950380,"Rotwandstrasse 66, 8004 Zürich",restaurant,Bund 39,47.3749607,8.5287161
4001950380,"Rotwandstrasse 66, 8004 Zürich",restaurant,Pho Mai,47.3755405,8.528631
4001950380,"Rotwandstrasse 66, 8004 Zürich",bar,Glamour Bar,47.3758798,8.5294424
4001950380,"Rotwandstrasse 66, 8004 Zürich",fast_food,Zürich Fried Chicken,47.3751013,8.5285248
4001950380,"Rotwandstrasse 66, 8004 Zürich",restaurant,Ristorante Italia,47.3764793,8.5291319
4001950370,"Rotwandstrasse 66, 8004 Zürich",restaurant,Fribourger Stübli,47.375039,8.5281814
4001950370,"Rotwandstrasse 66, 8004 Zürich",restaurant,Ristorante Italia,47.3763729,8.5292946
4001950370,"Rotwandstrasse 66, 8004 Zürich",restaurant,Convivio,47.3757244,8.5292515
4001950370,"Rotwandstrasse 66, 8004 Zürich",restaurant,Accademia del Gusto,47.375334,8.5286575
4001950370,"Rotwandstrasse 66, 8004 Zürich",bar,E.X. 4,47.3757372,8.5288666
4001950370,"Rotwandstrasse 66, 8004 Zürich",restaurant,Ikoo,47.3748928,8.5287964
4001950370,"Rotwandstrasse 66, 8004 Zürich",restaurant,D'Aurora,47.3751694,8.528416
4001950370,"Rotwandstrasse 66, 8004 Zürich",bar,Daniel H.,47.3754267,8.5293032
4001950370,"Rotwandstrasse 66, 8004 Zürich",restaurant,Osteria Santo Bevitore,47.3754803,8.5284806
4001950370,"Rotwandstrasse 66, 8004 Zürich",bar,Love Story,47.3764724,8.5284217
4001950370,"Rotwandstrasse 66, 8004 Zürich",restaurant,The Sacred,47.3760618,8.5288696
4001950370,"Rotwandstrasse 66, 8004 Zürich",bar,Don Miguel,47.3761788,8.5286665
4001950370,"Rotwandstrasse 66, 8004 Zürich",bar,The Mixt,47.3755383,8.529159
4001950370,"Rotwandstrasse 66, 8004 Zürich",fast_food,Bilo Bistro,47.3764202,8.5283268
4001950370,"Rotwandstrasse 66, 8004 Zürich",restaurant,Bund 39,47.3749607,8.5287161
4001950370,"Rotwandstrasse 66, 8004 Zürich",restaurant,Pho Mai,47.3755405,8.528631
4001950370,"Rotwandstrasse 66, 8004 Zürich",bar,Glamour Bar,47.3758798,8.5294424
4001950370,"Rotwandstrasse 66, 8004 Zürich",fast_food,Zürich Fried Chicken,47.3751013,8.5285248
4001950370,"Rotwandstrasse 66, 8004 Zürich",restaurant,Ristorante Italia,47.3764793,8.5291319
4001933447,"Bildstrasse, 9030 Abtwil SG",parking,n/a,47.4219918,9.3187908
4001933447,"Bildstrasse, 9030 Abtwil SG",parking,n/a,47.4222151,9.3191797
4001933447,"Bildstrasse, 9030 Abtwil SG",bank,Raiffeisenbank Abtwil,47.4220026,9.3180932
4001874968,"Poststrasse 19, 2504 Biel/Bienne",atm,Postfinance,47.1464415,7.2733008
4001874968,"Poststrasse 19, 2504 Biel/Bienne",fast_food,Express Pizza,47.14724,7.27352
4001874968,"Poststrasse 19, 2504 Biel/Bienne",atm,BEKB BCBE,47.1461079,7.2723818
4001874968,"Poststrasse 19, 2504 Biel/Bienne",fast_food,Pizza Piccolo,47.146539,7.270339
4002065974,"Birkenstrasse 2, 4144 Arlesheim",parking,n/a,47.4961291,7.5666891
4002064068,"Klotenerstrasse 78, 8303 Bassersdorf",restaurant,Barone,47.4448658,8.6244188
4002064068,"Klotenerstrasse 78, 8303 Bassersdorf",parking,n/a,47.4451966,8.6176766
4002063200,3280 Murten,restaurant,Morango,46.9236469,7.1145828
4002053448,"Rainweg 1B, 4713 Matzendorf",parking,n/a,47.3064863,7.6290301
4002053448,"Rainweg 1B, 4713 Matzendorf",parking,n/a,47.3066341,7.6286032
4002053448,"Rainweg 1B, 4713 Matzendorf",parking,n/a,47.3052479,7.6304695
4002053448,"Rainweg 1B, 4713 Matzendorf",parking,n/a,47.3083974,7.6263997
4002039406,"Maurerweg 12, 2503 Biel",cafe,Delta Bar,47.1363248,7.2569862
4002039406,"Maurerweg 12, 2503 Biel",fast_food,Bravo Pizza,47.1343076,7.255173
4002039406,"Maurerweg 12, 2503 Biel",parking,n/a,47.1329241,7.2567841
4002039406,"Maurerweg 12, 2503 Biel",parking,n/a,47.1337612,7.2568258
4002039406,"Maurerweg 12, 2503 Biel",parking,n/a,47.1337863,7.2559719
4002039406,"Maurerweg 12, 2503 Biel",parking,n/a,47.133918,7.2541349
4002039406,"Maurerweg 12, 2503 Biel",school,École primaire Madretsch - Primarschule Madretsch,47.1352806,7.2560845
4002039406,"Maurerweg 12, 2503 Biel",restaurant,Ristorante Pizzeria da Piano,47.1349092,7.2560281
4001908556,"Rue du Jura 7, 1196 Gland",pharmacy,Benu,46.4236176,6.2617014
4001908556,"Rue du Jura 7, 1196 Gland",restaurant,Pacha,46.423971,6.2627066
4001908556,"Rue du Jura 7, 1196 Gland",fast_food,My Kebab,46.4238013,6.265044
4001899051,"Baselstrasse 47, 4500 Solothurn",restaurant,Restaurant Sternen,47.2121965,7.5449478
4001899051,"Baselstrasse 47, 4500 Solothurn",restaurant,Class Pizza Burger,47.213411,7.5471937
4001899051,"Baselstrasse 47, 4500 Solothurn",library,Bibliothek der Pädagogischen Hochschule,47.212463,7.5433011
4001891329,"Chemin de Cuard 2, 2022 Bevaix",pharmacy,Pharmacie du Château,46.929826,6.8146909
4001891329,"Chemin de Cuard 2, 2022 Bevaix",bank,Raiffeisen,46.9304524,6.8152246
4001891329,"Chemin de Cuard 2, 2022 Bevaix",restaurant,Auberge de commune,46.930218,6.8155653
4001891329,"Chemin de Cuard 2, 2022 Bevaix",atm,n/a,46.9305074,6.8152863
4001891329,"Chemin de Cuard 2, 2022 Bevaix",restaurant,Hôtel restaurant du Cygne,46.9304305,6.8156055
4001891329,"Chemin de Cuard 2, 2022 Bevaix",pub,Le National,46.9318539,6.8152989
4001886594,"Rue Auguste-Quiquerez 16, 2800 Delémont",restaurant,La Paille,47.370286,7.3566258
4001886594,"Rue Auguste-Quiquerez 16, 2800 Delémont",parking,n/a,47.3690656,7.356578
4001886453,"Militärstrasse 106, 8004 Zürich",pub,Total Bar,47.3787873,8.5288027
4001886453,"Militärstrasse 106, 8004 Zürich",pub,Mars Bar,47.3804729,8.5270494
4001886453,"Militärstrasse 106, 8004 Zürich",pharmacy,Paracelsus-Apotheke,47.3793647,8.5276523
4001886453,"Militärstrasse 106, 8004 Zürich",restaurant,Neela,47.3779493,8.5298119
4001886453,"Militärstrasse 106, 8004 Zürich",restaurant,Lele,47.3784747,8.530352
4001886453,"Militärstrasse 106, 8004 Zürich",pub,Old Gregory Pub,47.3799256,8.5274015
4001886453,"Militärstrasse 106, 8004 Zürich",restaurant,Khujug,47.3798297,8.5270667
4001886453,"Militärstrasse 106, 8004 Zürich",bar,Schickeria,47.3804469,8.527784
4001886453,"Militärstrasse 106, 8004 Zürich",bar,Toro Bar,47.3803358,8.5261534
4001886453,"Militärstrasse 106, 8004 Zürich",bar,Tipsy Tiger,47.3798446,8.5276503
4001886453,"Militärstrasse 106, 8004 Zürich",bar,Golden Gate Bar,47.3799979,8.5267203
4001886453,"Militärstrasse 106, 8004 Zürich",bar,Sudaka,47.3794533,8.5282622
4001886453,"Militärstrasse 106, 8004 Zürich",bar,Strauss,47.379674,8.5278486
4001886453,"Militärstrasse 106, 8004 Zürich",restaurant,Thach,47.3786741,8.5299156
4001886453,"Militärstrasse 106, 8004 Zürich",bar,Ka3an,47.3787218,8.5298173
4001886453,"Militärstrasse 106, 8004 Zürich",restaurant,Pizzeria Milano,47.3791536,8.5283971
4001886453,"Militärstrasse 106, 8004 Zürich",fast_food,Italia Bistro To-Go da Lisa,47.3794249,8.5280229
4001886453,"Militärstrasse 106, 8004 Zürich",restaurant,Morgenstern da Mario,47.3784276,8.5284216
4001886453,"Militärstrasse 106, 8004 Zürich",fast_food,Officina dos Sabores,47.3791641,8.527304
4001886453,"Militärstrasse 106, 8004 Zürich",fast_food,Rosita's,47.3793553,8.5297102
4001886453,"Militärstrasse 106, 8004 Zürich",bar,Exer,47.3783341,8.5286082
4001886453,"Militärstrasse 106, 8004 Zürich",restaurant,Hongxi,47.3777904,8.5296685
4001886453,"Militärstrasse 106, 8004 Zürich",restaurant,Kinkhao,47.3782008,8.5292404
4001886453,"Militärstrasse 106, 8004 Zürich",restaurant,Tabula Rasa,47.377911,8.5294772
4001886453,"Militärstrasse 106, 8004 Zürich",restaurant,Zeughaushof,47.3778272,8.5304532
4001886453,"Militärstrasse 106, 8004 Zürich",restaurant,Viet-Thai,47.3780557,8.5299364
4001886453,"Militärstrasse 106, 8004 Zürich",bar,Klaus,47.3789337,8.5273866
4001886453,"Militärstrasse 106, 8004 Zürich",bar,Bar OTRO,47.3784483,8.5287399
4001886453,"Militärstrasse 106, 8004 Zürich",restaurant,Cima Curry,47.3776729,8.5295685
4001886453,"Militärstrasse 106, 8004 Zürich",bar,Olé Olé Bar,47.3800296,8.5280643
4001886453,"Militärstrasse 106, 8004 Zürich",clinic,Ambulatorium Kanonengasse,47.3776645,8.5299678
4001886453,"Militärstrasse 106, 8004 Zürich",pub,Bar Rossi,47.3794846,8.5272309
4001886453,"Militärstrasse 106, 8004 Zürich",fast_food,Phuket Thai Food,47.3802073,8.5263721
4001886453,"Militärstrasse 106, 8004 Zürich",pub,Under,47.3781604,8.5300866
4001886453,"Militärstrasse 106, 8004 Zürich",restaurant,Tsukada Gaijin Izakaya,47.3778441,8.5295709
4001886453,"Militärstrasse 106, 8004 Zürich",bar,Fat Tony,47.380048,8.5277818
4001886453,"Militärstrasse 106, 8004 Zürich",atm,Bankomat,47.3795123,8.5277145
4001886453,"Militärstrasse 106, 8004 Zürich",fast_food,Zum goldenen Taschenbrot,47.3788366,8.5291393
4001886453,"Militärstrasse 106, 8004 Zürich",bar,Sanny Bar & Lounge,47.3792182,8.5275828
4001886453,"Militärstrasse 106, 8004 Zürich",school,BERIT-EXBIT-Schule,47.378566,8.5301996
4001886453,"Militärstrasse 106, 8004 Zürich",bar,Carol,47.3778553,8.5284761
4001886453,"Militärstrasse 106, 8004 Zürich",bar,Tropical Bar,47.3800581,8.5266162
4001886453,"Militärstrasse 106, 8004 Zürich",restaurant,Simon Says Taste Taiwan,47.3787381,8.5277431
4001886453,"Militärstrasse 106, 8004 Zürich",cafe,Bar Butter,47.3789061,8.527821
4001886453,"Militärstrasse 106, 8004 Zürich",fast_food,Swiss Fried Chicken,47.3788213,8.5276299
4001886453,"Militärstrasse 106, 8004 Zürich",fast_food,Taste of Africa,47.379434,8.5279472
4001886453,"Militärstrasse 106, 8004 Zürich",bar,Zwllings Bar,47.3792121,8.5282699
4001886453,"Militärstrasse 106, 8004 Zürich",fast_food,La Isla Bonita,47.3797897,8.5286284
4001886453,"Militärstrasse 106, 8004 Zürich",atm,Bity Crypto ATM,47.3790902,8.5290966
4001886453,"Militärstrasse 106, 8004 Zürich",fast_food,Tipsy Tiger,47.3799226,8.5277248
4001886453,"Militärstrasse 106, 8004 Zürich",restaurant,Karmi's,47.3780429,8.5296209
4001886453,"Militärstrasse 106, 8004 Zürich",bar,J.B. LABAT,47.37872,8.5287053
4000806194,"Poststrasse 19, 2504 Biel/Bienne",fast_food,Express Pizza,47.14724,7.27352
4002063419,"Place du Bourg-de-Four, 1204 Genève",parking,Parking Saint-Antoine,46.1996589,6.1509495
4002063419,"Place du Bourg-de-Four, 1204 Genève",bar,New Navy Bar,46.1997457,6.1484877
4002063419,"Place du Bourg-de-Four, 1204 Genève",library,Bibliothèque braille romande et livre parlé,46.1997707,6.1482834
4002063419,"Place du Bourg-de-Four, 1204 Genève",restaurant,Le Flore,46.2015715,6.1498006
4002063419,"Place du Bourg-de-Four, 1204 Genève",restaurant,Pâtisserie,46.2010675,6.149344
4002063419,"Place du Bourg-de-Four, 1204 Genève",cafe,La Clémence,46.2002116,6.1487995
4002063419,"Place du Bourg-de-Four, 1204 Genève",pharmacy,Pharmacie du Bourg-de-Four,46.2004672,6.1490445
4002063419,"Place du Bourg-de-Four, 1204 Genève",restaurant,Au Pied de Cochon,46.2008165,6.1492919
4002063419,"Place du Bourg-de-Four, 1204 Genève",cafe,Véranda Café,46.2015628,6.1515856
4002063419,"Place du Bourg-de-Four, 1204 Genève",restaurant,Café du Bourg de Four,46.199858,6.1490417
4002063419,"Place du Bourg-de-Four, 1204 Genève",restaurant,MangoDeck,46.1998642,6.1489395
4002063419,"Place du Bourg-de-Four, 1204 Genève",restaurant,Le Syracuse,46.1997593,6.1485477
4002063419,"Place du Bourg-de-Four, 1204 Genève",restaurant,Spaghetti Factory,46.201446,6.1497645
4002063419,"Place du Bourg-de-Four, 1204 Genève",restaurant,Steak Street Food,46.2013863,6.1503538
4002063419,"Place du Bourg-de-Four, 1204 Genève",restaurant,Crêperie St-Pierre,46.2007795,6.1479269
4002063419,"Place du Bourg-de-Four, 1204 Genève",cafe,Le Studio Café,46.1999147,6.1493302
4002063419,"Place du Bourg-de-Four, 1204 Genève",cafe,Le Bistrot des Arts,46.2003157,6.1488988
4002063419,"Place du Bourg-de-Four, 1204 Genève",restaurant,Le Radar de pOche,46.2001883,6.149596
4002063419,"Place du Bourg-de-Four, 1204 Genève",cafe,Vino Olio Caffè,46.2003002,6.1497446
4002063419,"Place du Bourg-de-Four, 1204 Genève",restaurant,A la Pomme d'Or,46.2002709,6.1488537
4002063419,"Place du Bourg-de-Four, 1204 Genève",cafe,Ferdinand,46.1998354,6.1488467
4002063419,"Place du Bourg-de-Four, 1204 Genève",fast_food,Sushi Shop,46.2015339,6.151033
4002063419,"Place du Bourg-de-Four, 1204 Genève",restaurant,Le 33,46.1997471,6.1484245
4002061790,"Chemin de Bonne-Espérance, 1006 Lausanne",restaurant,Trishul café restaurant indien,46.5139894,6.6475915
4002059774,"Route des Arsenaux, 1700 Fribourg",bar,Ancienne Gare,46.802203,7.1503768
4002059774,"Route des Arsenaux, 1700 Fribourg",restaurant,Le Pérolles,46.8020268,7.1512463
4002059774,"Route des Arsenaux, 1700 Fribourg",fast_food,Au Bospore,46.8023919,7.1508991
4002059774,"Route des Arsenaux, 1700 Fribourg",bank,Banque CIC Suisse,46.8024442,7.1509096
4002059774,"Route des Arsenaux, 1700 Fribourg",fast_food,Café Istanbul,46.8014361,7.1507751
4002059774,"Route des Arsenaux, 1700 Fribourg",parking,n/a,46.8015877,7.1510559
4002059774,"Route des Arsenaux, 1700 Fribourg",parking,n/a,46.800824,7.1508499
4002038113,"Maurerweg 12, 2503 Biel",cafe,Delta Bar,47.1363248,7.2569862
4002038113,"Maurerweg 12, 2503 Biel",fast_food,Bravo Pizza,47.1343076,7.255173
4002038113,"Maurerweg 12, 2503 Biel",parking,n/a,47.1329241,7.2567841
4002038113,"Maurerweg 12, 2503 Biel",parking,n/a,47.1337612,7.2568258
4002038113,"Maurerweg 12, 2503 Biel",parking,n/a,47.1337863,7.2559719
4002038113,"Maurerweg 12, 2503 Biel",parking,n/a,47.133918,7.2541349
4002038113,"Maurerweg 12, 2503 Biel",school,École primaire Madretsch - Primarschule Madretsch,47.1352806,7.2560845
4002038113,"Maurerweg 12, 2503 Biel",restaurant,Ristorante Pizzeria da Piano,47.1349092,7.2560281
4002023693,"Wankdorffeldstrasse 103, 3014 Bern",restaurant,Migros Restaurant,46.9653822,7.4587406
4002023693,"Wankdorffeldstrasse 103, 3014 Bern",school,Migros Klubschule Bern Wankdorf,46.9654177,7.4586191
4002003227,"Seestrasse 136-142, 8707 Uetikon am See",parking,n/a,47.2591461,8.6757476
4002003227,"Seestrasse 136-142, 8707 Uetikon am See",atm,n/a,47.2590272,8.6791104
4002003227,"Seestrasse 136-142, 8707 Uetikon am See",bar,Sichtbar,47.2592491,8.6748191
4001991978,"Rue Charles-Giron 14, 1203 Genève",library,Bibliothèque de Saint-Jean,46.2057295,6.1270445
4001991978,"Rue Charles-Giron 14, 1203 Genève",restaurant,La Limite,46.2064678,6.1301205
4001991978,"Rue Charles-Giron 14, 1203 Genève",restaurant,Le Chanaan,46.2059677,6.1271143
4001991978,"Rue Charles-Giron 14, 1203 Genève",cafe,Entre Nous,46.2073067,6.1299849
4001991978,"Rue Charles-Giron 14, 1203 Genève",school,ortra santé social,46.2068311,6.1301644
4001991978,"Rue Charles-Giron 14, 1203 Genève",restaurant,Café de Charmilles,46.2076878,6.1276386
4001991978,"Rue Charles-Giron 14, 1203 Genève",restaurant,Le Picotin,46.205459,6.1276644
4001913747,"Rue Rousseau, 1201 Genève",parking,Grenus,46.2068252,6.1430821
4001913747,"Rue Rousseau, 1201 Genève",pharmacy,Amavita,46.2080788,6.143467
4001913747,"Rue Rousseau, 1201 Genève",pharmacy,Pharmacie du Progrès,46.2069618,6.1432079
4001913747,"Rue Rousseau, 1201 Genève",pub,Mulligans,46.2071296,6.1433642
4001913747,"Rue Rousseau, 1201 Genève",restaurant,Chez ma Cousine,46.2075229,6.1440576
4001913747,"Rue Rousseau, 1201 Genève",bar,La Bretelle,46.2066225,6.1440166
4001913747,"Rue Rousseau, 1201 Genève",restaurant,Mike Wong,46.2072862,6.144676
4001913747,"Rue Rousseau, 1201 Genève",restaurant,Le phare,46.2080154,6.1442005
4001913747,"Rue Rousseau, 1201 Genève",restaurant,Together,46.2065932,6.1434649
4001913747,"Rue Rousseau, 1201 Genève",cafe,Grenus,46.2065392,6.1435036
4001913747,"Rue Rousseau, 1201 Genève",bank,CEMBRA BANK,46.2075342,6.1438545
4001913747,"Rue Rousseau, 1201 Genève",cafe,willi's,46.2085104,6.1444511
4001913747,"Rue Rousseau, 1201 Genève",bar,Le Phare,46.2073825,6.1438914
4001913747,"Rue Rousseau, 1201 Genève",cafe,White Rabbit,46.2070222,6.1448081
4001913747,"Rue Rousseau, 1201 Genève",cafe,n/a,46.2070439,6.1447727
4001913747,"Rue Rousseau, 1201 Genève",cafe,Baristar,46.2066407,6.1435401
4001913747,"Rue Rousseau, 1201 Genève",cafe,Calico,46.2070616,6.1436286
4001913747,"Rue Rousseau, 1201 Genève",restaurant,Sam's Tacos Burger Kebab,46.2080235,6.1441102
4001913747,"Rue Rousseau, 1201 Genève",bar,Café de la Sarine,46.2073936,6.1435251
4001913747,"Rue Rousseau, 1201 Genève",cafe,Les 3 Palettes,46.2069926,6.143712
4001913747,"Rue Rousseau, 1201 Genève",atm,Bity Crypto ATM,46.2072187,6.1427544
4002077169,"Schulstrasse 31, 4132 Muttenz",fast_food,Cafe & More,47.5267647,7.6471139
4002077169,"Schulstrasse 31, 4132 Muttenz",restaurant,Coop Restaurant,47.5276346,7.6476003
4002077169,"Schulstrasse 31, 4132 Muttenz",atm,n/a,47.5267901,7.6477194
4002077169,"Schulstrasse 31, 4132 Muttenz",bank,Raiffeisenbank Arlesheim,47.5266295,7.6470612
4002077169,"Schulstrasse 31, 4132 Muttenz",pharmacy,Rössli Apotheke,47.5255047,7.6470676
4002077169,"Schulstrasse 31, 4132 Muttenz",fast_food,Dönerstop,47.5268261,7.6472043
4002077169,"Schulstrasse 31, 4132 Muttenz",restaurant,Vicino,47.5254538,7.6472169
4002077169,"Schulstrasse 31, 4132 Muttenz",bank,UBS,47.5262386,7.6474316
4002066308,"Poststrasse 31, 8957 Spreitenbach",parking,Dr. med. Maeder,47.4232369,8.3611114
4001978069,"Via Schlifras 85, 7130 Ilanz",parking,n/a,46.7695445,9.2039078
4001978064,"Via Schlifras 85, 7130 Ilanz",parking,n/a,46.7695445,9.2039078
4001978062,"Via Schlifras 85, 7130 Ilanz",parking,n/a,46.7695445,9.2039078
4001957352,"Poststrasse 31, 8957 Spreitenbach",parking,Dr. med. Maeder,47.4232369,8.3611114
4001939686,"Steinfeldstrasse 19b, 8153 Rümlang",pharmacy,Amavita Rümlang,47.4508792,8.5300081
4001939686,"Steinfeldstrasse 19b, 8153 Rümlang",restaurant,Romantica,47.4526469,8.5298506
4001939686,"Steinfeldstrasse 19b, 8153 Rümlang",bank,Bezirks-Sparkasse Dielsdorf,47.4508835,8.5292434
4001939686,"Steinfeldstrasse 19b, 8153 Rümlang",restaurant,Trizi's Dorfbeiz,47.4513302,8.5304761
4001939686,"Steinfeldstrasse 19b, 8153 Rümlang",restaurant,"Pizzeria Sorriso (Restaurant, Bowling + Bar)",47.4513447,8.5291028
4001939686,"Steinfeldstrasse 19b, 8153 Rümlang",atm,n/a,47.4530767,8.5294957
4001939686,"Steinfeldstrasse 19b, 8153 Rümlang",restaurant,n/a,47.4517983,8.5300184
4002039300,"Via Cantonale 56, 6987 Caslano",fast_food,Thai Take Away,45.979414,8.8770605
4002037523,"Blumenstrasse 1, 8192 Glattfelden",atm,n/a,47.5590777,8.501287
4002028753,"Fallenacker 4, 5504 Othmarsingen",restaurant,Doi Suthep,47.4051195,8.2201551
4001840033,"Brombacherstrasse 44, 4057 Basel",restaurant,Brombi,47.5705197,7.5962519
4001840033,"Brombacherstrasse 44, 4057 Basel",pub,Musical Bar,47.5690036,7.5973736
4001840033,"Brombacherstrasse 44, 4057 Basel",fast_food,Musical Grill,47.5687224,7.597405
4001840033,"Brombacherstrasse 44, 4057 Basel",restaurant,Rössli,47.5700863,7.596641
4001840033,"Brombacherstrasse 44, 4057 Basel",restaurant,Thai Café,47.5698504,7.5973694
4001840033,"Brombacherstrasse 44, 4057 Basel",bar,Nordbar,47.5704484,7.5955243
4001840033,"Brombacherstrasse 44, 4057 Basel",restaurant,Habesha,47.5701487,7.596197
4001840033,"Brombacherstrasse 44, 4057 Basel",restaurant,Casa Piccola Italia,47.570009,7.5974416
4001840033,"Brombacherstrasse 44, 4057 Basel",fast_food,Detto Pronto,47.5705037,7.5952502
4001644316,"Berneckerstrasse 15/17, 9434 Au SG",school,Schule Blattacker,47.414854,9.6269636
4001644316,"Berneckerstrasse 15/17, 9434 Au SG",bank,Alpha RHEINTAL Bank,47.4104518,9.6254145
4001644316,"Berneckerstrasse 15/17, 9434 Au SG",parking,Am Markt,47.4107891,9.6258965
4001644316,"Berneckerstrasse 15/17, 9434 Au SG",atm,St. Galler Kantonalbank,47.4115335,9.6269143
4001644316,"Berneckerstrasse 15/17, 9434 Au SG",fast_food,Rheintal Imbiss,47.4098579,9.6259556
4001644316,"Berneckerstrasse 15/17, 9434 Au SG",pharmacy,Zentral Apotheke,47.4104833,9.625504
4001644316,"Berneckerstrasse 15/17, 9434 Au SG",bank,St. Galler Kantonalbank,47.4114666,9.6269913
4001644316,"Berneckerstrasse 15/17, 9434 Au SG",restaurant,Coop Restaurant,47.4101698,9.6248553
4001644316,"Berneckerstrasse 15/17, 9434 Au SG",parking,n/a,47.4096421,9.6248397
4001644316,"Berneckerstrasse 15/17, 9434 Au SG",restaurant,Sternen Restaurant,47.4116904,9.6266706
4001644316,"Berneckerstrasse 15/17, 9434 Au SG",restaurant,Zariello's,47.4100142,9.6262328
4001644316,"Berneckerstrasse 15/17, 9434 Au SG",restaurant,The Wok am Markt,47.4105769,9.6262225
4001644316,"Berneckerstrasse 15/17, 9434 Au SG",parking,n/a,47.4126163,9.6260867
4002065395,"Baselstrasse 7b, 4144 Arlesheim",restaurant,Gasthaus zum Stärne,47.4949044,7.620001
4002065395,"Baselstrasse 7b, 4144 Arlesheim",restaurant,Restaurant Classico,47.4952761,7.6198948
4002065395,"Baselstrasse 7b, 4144 Arlesheim",pharmacy,Medbase Apotheke Arlesheim,47.4946516,7.6205719
4002065395,"Baselstrasse 7b, 4144 Arlesheim",restaurant,Restaurant Eremitage,47.4948122,7.6202482
4002053910,"Flawilerstrasse 48, 9242 Oberuzwil",restaurant,Gasthaus zum Rössli,47.429541,9.1232683
4002053910,"Flawilerstrasse 48, 9242 Oberuzwil",restaurant,Zum Bierhaus,47.4309934,9.1212115
4002053910,"Flawilerstrasse 48, 9242 Oberuzwil",bank,Raiffeisenbank Flawil-Degersheim-Mogelsberg-Oberuzwil,47.4302402,9.1232309
4002053910,"Flawilerstrasse 48, 9242 Oberuzwil",restaurant,La Casa del Gusto,47.4298872,9.1227503
4002053910,"Flawilerstrasse 48, 9242 Oberuzwil",restaurant,Bebek Oriental Food,47.4291965,9.1233818
4002004584,"Hiltiwaldweg 8, 5443 Niederrohrdorf",parking,n/a,47.4248499,8.3015524
4002003119,"Seestrasse 136-142, 8707 Uetikon am See",parking,n/a,47.2591461,8.6757476
4002003119,"Seestrasse 136-142, 8707 Uetikon am See",atm,n/a,47.2590272,8.6791104
4002003119,"Seestrasse 136-142, 8707 Uetikon am See",bar,Sichtbar,47.2592491,8.6748191
4001957250,1010 Lausanne,parking,n/a,46.5391366,6.6539272
4001820421,"Giessliweg 81, 4057 Basel",restaurant,Bistro Kleinhüningen,47.5784321,7.5900936
4001820421,"Giessliweg 81, 4057 Basel",pub,All' Angolo,47.5781695,7.5899427
4001820421,"Giessliweg 81, 4057 Basel",pub,Seven's Bar,47.5783113,7.5904524
4001820421,"Giessliweg 81, 4057 Basel",restaurant,Stern Kebab,47.5777086,7.5896646
4001820421,"Giessliweg 81, 4057 Basel",restaurant,Hüningen Grill,47.5782831,7.5899176
4001820421,"Giessliweg 81, 4057 Basel",fast_food,KaDo Pizza & Kebap Take Away,47.5812525,7.5923099
4001820421,"Giessliweg 81, 4057 Basel",restaurant,El Sazon,47.5789446,7.5903339
4001820421,"Giessliweg 81, 4057 Basel",fast_food,Jani's,47.5780989,7.5898522
4001797872,"Seestrasse 55, 8266 Steckborn",parking,n/a,47.6682152,8.9821636
4001797872,"Seestrasse 55, 8266 Steckborn",cafe,zur Schiffländi,47.6683105,8.9817924
4001797872,"Seestrasse 55, 8266 Steckborn",restaurant,Frohsinn,47.6690414,8.9852342
4001797872,"Seestrasse 55, 8266 Steckborn",restaurant,Anker,47.6672124,8.982557
4001370440,"Blumenstrasse 1, 8192 Glattfelden",atm,n/a,47.5590777,8.501287
4002064526,"Götzstrasse 21, 8006 Zürich",restaurant,Siam Chili,47.504091,8.7294585
4002064526,"Götzstrasse 21, 8006 Zürich",restaurant,Bistro Gate 27,47.5038264,8.7285402
4002064452,"Götzstrasse 21, 8006 Zürich",restaurant,Siam Chili,47.504091,8.7294585
4002064452,"Götzstrasse 21, 8006 Zürich",restaurant,Bistro Gate 27,47.5038264,8.7285402
4002064450,"Götzstrasse 19, 8006 Zürich",restaurant,Siam Chili,47.504091,8.7294585
4002064450,"Götzstrasse 19, 8006 Zürich",restaurant,Bistro Gate 27,47.5038264,8.7285402
4002009558,"Thurgauerstrasse 107, 8152 Opfikon",atm,Postomat,47.4213178,8.5577398
4002009558,"Thurgauerstrasse 107, 8152 Opfikon",restaurant,Luigia,47.4221331,8.5584644
4001936608,8640 Rapperswil,pharmacy,Pill Drogerie Albuville,47.2269875,8.8199732
4001936608,8640 Rapperswil,clinic,Rosenklinik,47.2264223,8.8222097
4001936608,8640 Rapperswil,fast_food,Gyros Mykonos,47.2271319,8.8205909
4001936608,8640 Rapperswil,parking,n/a,47.225967,8.8205205
4001871601,"Widenplatz 12, 5070 Frick",bank,Aargauische Kantonalbank,47.5073974,8.022846
4001871601,"Widenplatz 12, 5070 Frick",parking,n/a,47.5070222,8.0235204
4001871601,"Widenplatz 12, 5070 Frick",atm,n/a,47.5075258,8.0229342
4001764433,1285 Sézegnin,restaurant,Au Renfort,46.1442045,6.0090945
4001936613,8640 Rapperswil,pharmacy,Pill Drogerie Albuville,47.2269875,8.8199732
4001936613,8640 Rapperswil,clinic,Rosenklinik,47.2264223,8.8222097
4001936613,8640 Rapperswil,fast_food,Gyros Mykonos,47.2271319,8.8205909
4001936613,8640 Rapperswil,parking,n/a,47.225967,8.8205205
4002002619,"Langenthalstrasse 7, 4932 Lotzwil",restaurant,Kreuz,47.1916317,7.7908325
4002067551,"Vogelsang, 6287 Aesch LU",bank,Raiffeisen,47.2576968,8.2410733
4002066177,"Hubelstrasse 1B, 5524 Niederwil AG",atm,n/a,47.3773576,8.2949788
4002066177,"Hubelstrasse 1B, 5524 Niederwil AG",library,Schul- und Gemeindebibliothek Niederwil,47.3790653,8.2936463
4002066177,"Hubelstrasse 1B, 5524 Niederwil AG",restaurant,Kreuz,47.3779345,8.2946432
4002066177,"Hubelstrasse 1B, 5524 Niederwil AG",fast_food,Pizzeria Pronto,47.3782165,8.2946542
4002066177,"Hubelstrasse 1B, 5524 Niederwil AG",bank,Raiffeisen,47.3773678,8.2948977
4001067447,"Brückenmoosstrasse 21, 3942 Raron",atm,n/a,46.3091896,7.7997206
4001067447,"Brückenmoosstrasse 21, 3942 Raron",parking,n/a,46.3088465,7.7957998
4001978487,"Avenue de la Perrausaz 90, 1814 La Tour-de-Peilz",parking,n/a,46.4572254,6.8626787
4001353098,"Via Giovanni Serodine, 6612 Ascona",parking,n/a,46.1494457,8.7805563
4002039919,8907 Wettswil,restaurant,Nirwana,47.3373064,8.4747981
4002039919,8907 Wettswil,bank,Clientis Sparcassa 1816,47.3379651,8.4743625
4002003378,1010 Lausanne,parking,n/a,46.5391366,6.6539272
4002053901,"Viale Stazione 21, 6500 Bellinzona",parking,n/a,46.1934191,9.0236111
4002053901,"Viale Stazione 21, 6500 Bellinzona",bar,Bar della Posta,46.1939826,9.0258849
4002053901,"Viale Stazione 21, 6500 Bellinzona",atm,n/a,46.1935816,9.0259494
4002053901,"Viale Stazione 21, 6500 Bellinzona",fast_food,Lo Stuzzico,46.1931678,9.0245684
4002053901,"Viale Stazione 21, 6500 Bellinzona",bank,UBS,46.1933865,9.0250599
4002053901,"Viale Stazione 21, 6500 Bellinzona",atm,n/a,46.1933251,9.0251962
4002053901,"Viale Stazione 21, 6500 Bellinzona",pharmacy,Benu,46.1928285,9.0241488
4002053901,"Viale Stazione 21, 6500 Bellinzona",bar,Bar 700,46.1929079,9.0236325
4002053901,"Viale Stazione 21, 6500 Bellinzona",bar,Bar Samba,46.1941956,9.0243594
4002053901,"Viale Stazione 21, 6500 Bellinzona",restaurant,Manora Fresh To Go,46.1923176,9.0240618
4001668356,"Doktorsträssli 5a, 4704 Niederbipp",bank,Clientis Bank Oberaargau,47.2711768,7.6903672
4001668356,"Doktorsträssli 5a, 4704 Niederbipp",cafe,Bieri,47.2718553,7.6913228
4001668356,"Doktorsträssli 5a, 4704 Niederbipp",restaurant,Gasthof Brauerei,47.2716834,7.6910695
4001668356,"Doktorsträssli 5a, 4704 Niederbipp",cafe,Drei Brunnen,47.2705875,7.6896037
4001668356,"Doktorsträssli 5a, 4704 Niederbipp",fast_food,Sawaldi Kah,47.270275,7.6887132
4001668356,"Doktorsträssli 5a, 4704 Niederbipp",fast_food,Il Leone,47.27203,7.6910969
4001980329,"Bartholoméplatz 3, 7310 Bad Ragaz",school,Schulhaus Sarganserstrasse,47.0046312,9.5005351
4001980329,"Bartholoméplatz 3, 7310 Bad Ragaz",parking,Parkhaus Zentrum,47.003106,9.5007301
4001980329,"Bartholoméplatz 3, 7310 Bad Ragaz",cafe,Café Confiserie Fässler,47.0037015,9.5005702
4001980329,"Bartholoméplatz 3, 7310 Bad Ragaz",pub,Thömsn's National Pub,47.0035425,9.5010851
4001980329,"Bartholoméplatz 3, 7310 Bad Ragaz",parking,n/a,47.001502,9.5039574
4001980329,"Bartholoméplatz 3, 7310 Bad Ragaz",cafe,Huber,47.0029882,9.5009837
4001980329,"Bartholoméplatz 3, 7310 Bad Ragaz",atm,n/a,47.0032551,9.5008963
4001980329,"Bartholoméplatz 3, 7310 Bad Ragaz",cafe,n/a,47.003282,9.5018457
4001980329,"Bartholoméplatz 3, 7310 Bad Ragaz",bar,Thömsn's Club,47.0035698,9.5011378
4001980329,"Bartholoméplatz 3, 7310 Bad Ragaz",atm,Postfinance,47.0027319,9.5004935
4001980329,"Bartholoméplatz 3, 7310 Bad Ragaz",bank,UBS AG,47.0020265,9.5001847
4001980329,"Bartholoméplatz 3, 7310 Bad Ragaz",parking,Gemeinde,47.0025208,9.5004803
4001980329,"Bartholoméplatz 3, 7310 Bad Ragaz",cafe,Café-Konditorei Keller,47.0037813,9.5012683
4001980329,"Bartholoméplatz 3, 7310 Bad Ragaz",fast_food,Ragaz Kebab-Haus,47.0041504,9.500342
4001980329,"Bartholoméplatz 3, 7310 Bad Ragaz",restaurant,Grotto Bar da Toni Montano,47.0014416,9.5006262
4001980329,"Bartholoméplatz 3, 7310 Bad Ragaz",pharmacy,n/a,47.0016139,9.5008686
4001980329,"Bartholoméplatz 3, 7310 Bad Ragaz",restaurant,Gasthof Löwen,47.0016189,9.5014465
4001980329,"Bartholoméplatz 3, 7310 Bad Ragaz",fast_food,Fresh Imbiss,47.0047951,9.5018856
4001980329,"Bartholoméplatz 3, 7310 Bad Ragaz",restaurant,Central,47.0022417,9.5001409
4001980329,"Bartholoméplatz 3, 7310 Bad Ragaz",restaurant,AlpenHirt + KUH,47.0030516,9.5014859
4001980329,"Bartholoméplatz 3, 7310 Bad Ragaz",bank,Raiffeisenbank Sarganserland,47.0027248,9.5020044
4001980329,"Bartholoméplatz 3, 7310 Bad Ragaz",atm,n/a,47.0027661,9.502028
4001980329,"Bartholoméplatz 3, 7310 Bad Ragaz",parking,n/a,47.0065223,9.4998798
4001980329,"Bartholoméplatz 3, 7310 Bad Ragaz",parking,n/a,47.0067111,9.4996273
4001669765,"Gerbergasse 70, 4001 Basel",restaurant,Mister Wong,47.5551319,7.5886898
4001669765,"Gerbergasse 70, 4001 Basel",bar,Rio Bar,47.5545416,7.5887436
4001669765,"Gerbergasse 70, 4001 Basel",restaurant,Bodega Zum Strauss,47.5547081,7.5887536
4001669765,"Gerbergasse 70, 4001 Basel",restaurant,Brötlibar,47.5549114,7.5887661
4001669765,"Gerbergasse 70, 4001 Basel",fast_food,Döner Stop,47.5550335,7.5887241
4001669765,"Gerbergasse 70, 4001 Basel",cafe,Confiserie Bachmann,47.5558292,7.5887504
4001669765,"Gerbergasse 70, 4001 Basel",restaurant,Walliser Kanne,47.555844,7.5885699
4001669765,"Gerbergasse 70, 4001 Basel",cafe,Ca'puccino,47.5559267,7.5889171
4001669765,"Gerbergasse 70, 4001 Basel",fast_food,La Sofra,47.555619,7.5886384
4001669765,"Gerbergasse 70, 4001 Basel",pub,Schluggstube,47.5558997,7.5882425
4001669765,"Gerbergasse 70, 4001 Basel",restaurant,Anatolia,47.5552593,7.5885365
4001669765,"Gerbergasse 70, 4001 Basel",restaurant,Cardamon,47.5547778,7.5887743
4001669765,"Gerbergasse 70, 4001 Basel",pharmacy,Benu,47.5545975,7.5887506
4001669765,"Gerbergasse 70, 4001 Basel",restaurant,Bel Etage,47.5559036,7.5864429
4001669765,"Gerbergasse 70, 4001 Basel",restaurant,Restaurant Atelier,47.5560421,7.5865331
4001669765,"Gerbergasse 70, 4001 Basel",fast_food,Piadina Bar,47.555071,7.588721
4001669765,"Gerbergasse 70, 4001 Basel",restaurant,Burgermeister,47.556414,7.5884475
4001669765,"Gerbergasse 70, 4001 Basel",restaurant,Stadthof,47.5549284,7.5887299
4001669765,"Gerbergasse 70, 4001 Basel",fast_food,Dunkin',47.5548384,7.5887592
4001669765,"Gerbergasse 70, 4001 Basel",bar,L‘Uniqe,47.5561399,7.5882135
4001669765,"Gerbergasse 70, 4001 Basel",library,n/a,47.5558028,7.5876945
4001669765,"Gerbergasse 70, 4001 Basel",school,Sekundarschule Leonhard,47.5545012,7.5866194
4002051404,"Oltenstrasse 5, 4536 Attiswil",restaurant,Restaurant Löwen,47.2469241,7.6124219
4002051404,"Oltenstrasse 5, 4536 Attiswil",school,Kindergarten,47.2479388,7.6095888
4002051404,"Oltenstrasse 5, 4536 Attiswil",cafe,Margot's Lädeli,47.2468007,7.6118796
4002051404,"Oltenstrasse 5, 4536 Attiswil",restaurant,n/a,47.2470274,7.6139453
4002051404,"Oltenstrasse 5, 4536 Attiswil",parking,n/a,47.2453802,7.6146473
4002051404,"Oltenstrasse 5, 4536 Attiswil",parking,n/a,47.2482574,7.6152437
4001668950,"Via Lischedo 3, 6802 Rivera",restaurant,Alpino,46.1238226,8.9247005
4001668950,"Via Lischedo 3, 6802 Rivera",fast_food,Regno della pizza,46.1249659,8.9239534
4001668950,"Via Lischedo 3, 6802 Rivera",restaurant,Bar Lagacci,46.1248303,8.9240201
4002053895,"Via Lischedo 3, 6802 Rivera",restaurant,Alpino,46.1238226,8.9247005
4002053895,"Via Lischedo 3, 6802 Rivera",fast_food,Regno della pizza,46.1249659,8.9239534
4002053895,"Via Lischedo 3, 6802 Rivera",restaurant,Bar Lagacci,46.1248303,8.9240201
4002038666,"Via San Gottardo 58a, 6500 Bellinzona",fast_food,Istanbul Kebab,46.2010532,9.0328505
4002038666,"Via San Gottardo 58a, 6500 Bellinzona",pharmacy,Farmacia San Gottardo,46.2021968,9.033804
4002038666,"Via San Gottardo 58a, 6500 Bellinzona",restaurant,Osteria Rex,46.2014434,9.0329182
4002038659,"Frank-Buchserstrasse 3, 4532 Feldbrunnen",restaurant,Buchser – Bar und Chuchi,47.2201894,7.5552292
4002002549,"Leutschenbachstrasse 50/50a, 8050 Zürich",atm,Postfinance,47.4178137,8.558754
4002002549,"Leutschenbachstrasse 50/50a, 8050 Zürich",restaurant,Thai Erawan,47.4165977,8.5558212
4002002549,"Leutschenbachstrasse 50/50a, 8050 Zürich",fast_food,Werkbar,47.4161818,8.5540772
4002002549,"Leutschenbachstrasse 50/50a, 8050 Zürich",bar,n/a,47.4178386,8.5584998
4001980280,"Viale Stazione 21, 6500 Bellinzona",parking,n/a,46.1934191,9.0236111
4001980280,"Viale Stazione 21, 6500 Bellinzona",bar,Bar della Posta,46.1939826,9.0258849
4001980280,"Viale Stazione 21, 6500 Bellinzona",atm,n/a,46.1935816,9.0259494
4001980280,"Viale Stazione 21, 6500 Bellinzona",fast_food,Lo Stuzzico,46.1931678,9.0245684
4001980280,"Viale Stazione 21, 6500 Bellinzona",bank,UBS,46.1933865,9.0250599
4001980280,"Viale Stazione 21, 6500 Bellinzona",atm,n/a,46.1933251,9.0251962
4001980280,"Viale Stazione 21, 6500 Bellinzona",pharmacy,Benu,46.1928285,9.0241488
4001980280,"Viale Stazione 21, 6500 Bellinzona",bar,Bar 700,46.1929079,9.0236325
4001980280,"Viale Stazione 21, 6500 Bellinzona",bar,Bar Samba,46.1941956,9.0243594
4001980280,"Viale Stazione 21, 6500 Bellinzona",restaurant,Manora Fresh To Go,46.1923176,9.0240618
4001912267,"St. Jakobstrasse 46, 4147 Aesch BL",fast_food,Werni's Grillimbiss,47.4783727,7.5949291
4001904514,"Via Sasso Corbaro 19, 6593 Cadenazzo",pharmacy,Pharmacia Centrale,46.1517314,8.9461626
4001904514,"Via Sasso Corbaro 19, 6593 Cadenazzo",bar,Osteria Centrale,46.1506825,8.9485094
4001904514,"Via Sasso Corbaro 19, 6593 Cadenazzo",bank,Raiffeisen,46.1518588,8.9452132
4001904514,"Via Sasso Corbaro 19, 6593 Cadenazzo",pub,Leilo Bar,46.1516511,8.9458343
4001904514,"Via Sasso Corbaro 19, 6593 Cadenazzo",library,Biblioteca della Scuola Media di Cadenazzo,46.1510167,8.9418564
4001904514,"Via Sasso Corbaro 19, 6593 Cadenazzo",restaurant,Pizzeria Bar CLUB,46.1507227,8.9431726
4001836955,"Niederfeldstrasse 8, 8932 Mettmenstetten",library,Bibliothek Mettmenstetten,47.2458916,8.4659348
4001797428,"Schwaderloch 7, 8253 Diessenhofen",cafe,Altstadt,47.6895102,8.7505996
4001714200,"Via Monte Carmen 13, 6900 Lugano",restaurant,Wong Ho,46.0118126,8.9544167
4001714200,"Via Monte Carmen 13, 6900 Lugano",pharmacy,Farmacia Contrada dei Patrizi,46.0125702,8.9547338
4001714200,"Via Monte Carmen 13, 6900 Lugano",cafe,Café Tra,46.0130112,8.9540684
4001714200,"Via Monte Carmen 13, 6900 Lugano",library,"Biblioteca interculturale per la prima infanzia ""Ricciogiramondo""",46.0131905,8.9546483
4001714200,"Via Monte Carmen 13, 6900 Lugano",bar,Bar Pinard,46.0120723,8.9547722
4001668528,"Via Sasso Corbaro 17, 6593 Cadenazzo",pharmacy,Pharmacia Centrale,46.1517314,8.9461626
4001668528,"Via Sasso Corbaro 17, 6593 Cadenazzo",bar,Osteria Centrale,46.1506825,8.9485094
4001668528,"Via Sasso Corbaro 17, 6593 Cadenazzo",bank,Raiffeisen,46.1518588,8.9452132
4001668528,"Via Sasso Corbaro 17, 6593 Cadenazzo",pub,Leilo Bar,46.1516511,8.9458343
4001668528,"Via Sasso Corbaro 17, 6593 Cadenazzo",library,Biblioteca della Scuola Media di Cadenazzo,46.1510167,8.9418564
4001668528,"Via Sasso Corbaro 17, 6593 Cadenazzo",restaurant,Pizzeria Bar CLUB,46.1507227,8.9431726
4001668412,"Via Monte Carmen 13, 6900 Lugano",restaurant,Wong Ho,46.0118126,8.9544167
4001668412,"Via Monte Carmen 13, 6900 Lugano",pharmacy,Farmacia Contrada dei Patrizi,46.0125702,8.9547338
4001668412,"Via Monte Carmen 13, 6900 Lugano",cafe,Café Tra,46.0130112,8.9540684
4001668412,"Via Monte Carmen 13, 6900 Lugano",library,"Biblioteca interculturale per la prima infanzia ""Ricciogiramondo""",46.0131905,8.9546483
4001668412,"Via Monte Carmen 13, 6900 Lugano",bar,Bar Pinard,46.0120723,8.9547722
4002062172,"Oelebachweg 19, 3427 Utzenstorf",restaurant,Wirtschaft zum Schloss Landshut,47.1339853,7.5518641
4002062172,"Oelebachweg 19, 3427 Utzenstorf",parking,n/a,47.1324543,7.5445169
4002060863,"Tittertenstrasse 9, 4418 Reigoldswil",atm,Basel-Landschaftliche Kantonalbank,47.3975052,7.6921375
4002060863,"Tittertenstrasse 9, 4418 Reigoldswil",restaurant,Bistro am Dorfplatz,47.3973206,7.6920315
4002060863,"Tittertenstrasse 9, 4418 Reigoldswil",restaurant,Rebstock,47.3970291,7.6914205
4002050661,"Hauptstrasse 119, 4102 Binningen",school,Musikschule Binningen-Bottmingen,47.5395199,7.5739703
4002050661,"Hauptstrasse 119, 4102 Binningen",parking,n/a,47.5396871,7.5744347
4002050661,"Hauptstrasse 119, 4102 Binningen",pharmacy,Kronen-Apotheke,47.5374436,7.5714245
4002050661,"Hauptstrasse 119, 4102 Binningen",cafe,cent-treize,47.5384687,7.5719622
4002050661,"Hauptstrasse 119, 4102 Binningen",restaurant,Jagerstübli,47.5390237,7.572172
4002050661,"Hauptstrasse 119, 4102 Binningen",bank,UBS,47.5374691,7.5713196
4002050661,"Hauptstrasse 119, 4102 Binningen",restaurant,Krone,47.5379517,7.5715103
4002047844,"Spyristrasse 20, 8044 Zürich",fast_food,Dieci Pizzakurier,47.3827555,8.5505487
4002047844,"Spyristrasse 20, 8044 Zürich",cafe,Café Bar Meierei,47.3822549,8.550719
4002039926,"Avenue Beauregard 2, 1700 Fribourg",restaurant,Marathon,46.8013912,7.1485822
4002039926,"Avenue Beauregard 2, 1700 Fribourg",parking,n/a,46.8018908,7.1473095
4002039926,"Avenue Beauregard 2, 1700 Fribourg",library,"Bibliothèque interculturelle ""LivrEchange"" de Fribourg",46.8017738,7.1486777
4002039926,"Avenue Beauregard 2, 1700 Fribourg",university,Beauregard 01,46.8025294,7.1490731
4002039926,"Avenue Beauregard 2, 1700 Fribourg",restaurant,Host India,46.802075,7.148784
4002038664,"Via Ghiringhelli 27 a, 6500 Bellinzona",pharmacy,pharmacieplus,46.1872087,9.0148651
4002038664,"Via Ghiringhelli 27 a, 6500 Bellinzona",restaurant,Ristorante Chiarafonte,46.1878415,9.0142228
4002038664,"Via Ghiringhelli 27 a, 6500 Bellinzona",restaurant,Ristorante Achilea,46.1874976,9.0165724
4002038664,"Via Ghiringhelli 27 a, 6500 Bellinzona",restaurant,Ristorante Pizzeria Varano,46.1869244,9.0146246
4002038664,"Via Ghiringhelli 27 a, 6500 Bellinzona",bar,Bar Ambra,46.1878924,9.0153099
4002031463,"Via Franco Zorzi 25A, 6500 Bellinzona",bank,Banca Raiffeisen Bellinzonese e Visagno,46.1902994,9.0201019
4002031463,"Via Franco Zorzi 25A, 6500 Bellinzona",restaurant,Locanda Orico,46.1921383,9.0190511
4002031463,"Via Franco Zorzi 25A, 6500 Bellinzona",restaurant,Osteria Mistral,46.1917441,9.0195068
4002031463,"Via Franco Zorzi 25A, 6500 Bellinzona",cafe,L’arte del caffè,46.1924239,9.0184252
4002031463,"Via Franco Zorzi 25A, 6500 Bellinzona",bar,Birreria Haas,46.1929735,9.0181613
4002009638,"Stengelmattstrasse 24, 6252 Dagmersellen",school,Kindergarten,47.2129016,7.9833003
4002009638,"Stengelmattstrasse 24, 6252 Dagmersellen",parking,n/a,47.2137821,7.9840973
4002009504,"Küchengasse 16, 4051 Basel",clinic,Physiozentrum,47.548492,7.5884045
4001996813,"Wartenweilerweg 3, 9214 Kradolf-Schönenberg",parking,n/a,47.5268143,9.2025787
4001996813,"Wartenweilerweg 3, 9214 Kradolf-Schönenberg",restaurant,Restaurant Bahnhöfli,47.5249645,9.2017758
4001852119,"Eugen-Huber-Str. 113, 8048 Zürich",cafe,Loogarten,47.388417,8.4726311
4001794440,"Paracelsusstrasse 63, 4058 Basel",parking,n/a,47.5657978,7.6128342
4001793291,"Haltingerstr. 78, 4057 Basel",restaurant,Restaurant Zum Wilde Maa,47.5679494,7.595093
4001793291,"Haltingerstr. 78, 4057 Basel",cafe,Acero,47.5659948,7.5941398
4001793291,"Haltingerstr. 78, 4057 Basel",fast_food,Isbilir,47.5671452,7.5952952
4001793291,"Haltingerstr. 78, 4057 Basel",fast_food,Royal Grill,47.5668682,7.5953324
4001793291,"Haltingerstr. 78, 4057 Basel",restaurant,Efringerhof,47.5673371,7.5963892
4001793291,"Haltingerstr. 78, 4057 Basel",restaurant,Urban Greek,47.5658332,7.5956113
4001793291,"Haltingerstr. 78, 4057 Basel",cafe,SMUK Café Bar,47.567226,7.5958963
4001793291,"Haltingerstr. 78, 4057 Basel",restaurant,Avant-Gouz,47.5677168,7.5948728
4001793291,"Haltingerstr. 78, 4057 Basel",pharmacy,Hammer Apotheke,47.567587,7.5952345
4001793291,"Haltingerstr. 78, 4057 Basel",bar,pusat cafe bar,47.5678995,7.5948047
4001793291,"Haltingerstr. 78, 4057 Basel",fast_food,Hoffmann's Bagel,47.5671995,7.596898
4001793291,"Haltingerstr. 78, 4057 Basel",pub,Fass Bar,47.5657565,7.5956208
4001749938,"Rosenstrasse 1, 4410 Liestal",parking,Parkhaus Bücheli,47.4836955,7.7370005
4001749938,"Rosenstrasse 1, 4410 Liestal",restaurant,Aleppo Take Away,47.4860231,7.7355076
4001749938,"Rosenstrasse 1, 4410 Liestal",restaurant,Tapéo Ziegelhof,47.485487,7.7353843
4001749938,"Rosenstrasse 1, 4410 Liestal",pharmacy,Amavita,47.4836208,7.7368361
4001749938,"Rosenstrasse 1, 4410 Liestal",cafe,Rocket Ciclista E Barista,47.4866317,7.7338577
4001749938,"Rosenstrasse 1, 4410 Liestal",atm,n/a,47.4836472,7.7367077
4001749938,"Rosenstrasse 1, 4410 Liestal",restaurant,Paradies To Go,47.4862849,7.7357036
4002073453,"Wylerstrasse 115, 3014 Bern",restaurant,Chez SBB,46.9614225,7.4464629
4002073453,"Wylerstrasse 115, 3014 Bern",parking,n/a,46.9616658,7.4466625
4002071006,"Burgdorfstrasse 13, 3422 Alchenflüh",bank,BEKB,47.0832822,7.5817747
4002071006,"Burgdorfstrasse 13, 3422 Alchenflüh",restaurant,Bären,47.0821495,7.5813167
4002071006,"Burgdorfstrasse 13, 3422 Alchenflüh",restaurant,Eisenbahn,47.0832504,7.581395
4002071006,"Burgdorfstrasse 13, 3422 Alchenflüh",bank,Raiffeisenbank,47.0835454,7.5818288
4002071006,"Burgdorfstrasse 13, 3422 Alchenflüh",atm,n/a,47.0835189,7.5817983
4002071006,"Burgdorfstrasse 13, 3422 Alchenflüh",restaurant,Oy Thai Take Away,47.0834447,7.5816716
4002071006,"Burgdorfstrasse 13, 3422 Alchenflüh",restaurant,zum Bahnhof,47.0827851,7.5815486
4002071006,"Burgdorfstrasse 13, 3422 Alchenflüh",parking,n/a,47.0829027,7.5812209
4002051393,"Via del Tiglio 5, 6592 S. Antonino",restaurant,La Bolla,46.1583417,8.983931
4002047930,"Redingstrasse 24, 4052 Basel",pharmacy,TopPharm Lehenmatt Apotheke,47.5476516,7.6213023
4002047930,"Redingstrasse 24, 4052 Basel",cafe,Sutter Begg,47.547233,7.6208693
4002039930,"Rue de Romont 1, 1700 Fribourg",restaurant,Restaurant Pizzeria La Nonna,46.8046986,7.1532854
4002039930,"Rue de Romont 1, 1700 Fribourg",parking,n/a,46.8041361,7.1551495
4002039930,"Rue de Romont 1, 1700 Fribourg",bank,Postfinance,46.8037823,7.1546116
4002039930,"Rue de Romont 1, 1700 Fribourg",bank,Banque Cantonale de Fribourg,46.8042601,7.1542433
4002039930,"Rue de Romont 1, 1700 Fribourg",cafe,Le Chantilly,46.8048989,7.154845
4002039930,"Rue de Romont 1, 1700 Fribourg",bar,TM,46.8045969,7.1543375
4002039930,"Rue de Romont 1, 1700 Fribourg",restaurant,Le Midi,46.8046791,7.1545091
4002039930,"Rue de Romont 1, 1700 Fribourg",bar,Cuba bar,46.8051079,7.1552916
4002039930,"Rue de Romont 1, 1700 Fribourg",cafe,Starbucks,46.8049899,7.1551521
4002039930,"Rue de Romont 1, 1700 Fribourg",fast_food,McDonald's,46.8048327,7.1548029
4002039930,"Rue de Romont 1, 1700 Fribourg",bank,Banque Cler,46.8042899,7.1537867
4002039930,"Rue de Romont 1, 1700 Fribourg",pharmacy,Benu,46.8048249,7.1552435
4002039930,"Rue de Romont 1, 1700 Fribourg",bank,Valiant,46.8047597,7.1551182
4002039930,"Rue de Romont 1, 1700 Fribourg",bank,UBS,46.8036479,7.1541931
4002039930,"Rue de Romont 1, 1700 Fribourg",fast_food,n/a,46.8048833,7.1539648
4002039930,"Rue de Romont 1, 1700 Fribourg",restaurant,Le Galopin,46.8049503,7.1538871
4002039930,"Rue de Romont 1, 1700 Fribourg",bank,Cashflex Multicrédit,46.8039357,7.1548178
4002039930,"Rue de Romont 1, 1700 Fribourg",atm,UBS,46.803887,7.1545011
4002039930,"Rue de Romont 1, 1700 Fribourg",restaurant,Sakura,46.8050312,7.1545662
4002039930,"Rue de Romont 1, 1700 Fribourg",atm,Postfinance,46.8047043,7.1530228
4002039930,"Rue de Romont 1, 1700 Fribourg",restaurant,Restaurant FIVE,46.8049611,7.1550967
4002039930,"Rue de Romont 1, 1700 Fribourg",cafe,Brut Café,46.8034883,7.153474
4002039930,"Rue de Romont 1, 1700 Fribourg",fast_food,Fryburger,46.8047261,7.1532114
4002039930,"Rue de Romont 1, 1700 Fribourg",bar,Piccadilly,46.8046153,7.1533312
4002039930,"Rue de Romont 1, 1700 Fribourg",restaurant,La Cène,46.804933,7.1536627
4002039930,"Rue de Romont 1, 1700 Fribourg",restaurant,BekaaHouse,46.8043311,7.155017
4002039930,"Rue de Romont 1, 1700 Fribourg",pharmacy,Sun Store,46.8041962,7.1541451
4002039930,"Rue de Romont 1, 1700 Fribourg",cafe,Mahalo coffee shop,46.804803,7.1533131
4002039925,"Rue Jacques-Vogt 2, 1700 Fribourg",restaurant,De Pérolles,46.8002706,7.1525963
4002039925,"Rue Jacques-Vogt 2, 1700 Fribourg",restaurant,Brasserie 39,46.7974328,7.1538929
4002039925,"Rue Jacques-Vogt 2, 1700 Fribourg",atm,n/a,46.7999452,7.1514494
4002039925,"Rue Jacques-Vogt 2, 1700 Fribourg",atm,n/a,46.7998443,7.1523713
4002039925,"Rue Jacques-Vogt 2, 1700 Fribourg",parking,n/a,46.7977183,7.1508166
4002039925,"Rue Jacques-Vogt 2, 1700 Fribourg",cafe,Le Provencal,46.7998359,7.1522121
4002039925,"Rue Jacques-Vogt 2, 1700 Fribourg",pharmacy,pharmacieplus,46.798714,7.1532741
4002039925,"Rue Jacques-Vogt 2, 1700 Fribourg",cafe,Café de la Presse,46.7971908,7.154096
4002039925,"Rue Jacques-Vogt 2, 1700 Fribourg",pharmacy,Benu,46.7997007,7.1524027
4002039925,"Rue Jacques-Vogt 2, 1700 Fribourg",bar,Korso - Kino Bar Bier,46.8004131,7.1520836
4002039925,"Rue Jacques-Vogt 2, 1700 Fribourg",restaurant,San Marco,46.8010124,7.1522881
4002039925,"Rue Jacques-Vogt 2, 1700 Fribourg",parking,n/a,46.7987801,7.1514062
4002039925,"Rue Jacques-Vogt 2, 1700 Fribourg",fast_food,Pizzaphone,46.7990691,7.1502721
4002039925,"Rue Jacques-Vogt 2, 1700 Fribourg",parking,n/a,46.7987898,7.1500011
4002039925,"Rue Jacques-Vogt 2, 1700 Fribourg",parking,n/a,46.7983934,7.1512513
4002039925,"Rue Jacques-Vogt 2, 1700 Fribourg",restaurant,Migros Restaurant,46.7997188,7.1519305
4002039925,"Rue Jacques-Vogt 2, 1700 Fribourg",fast_food,Mena Me,46.7967784,7.1546254
4002039925,"Rue Jacques-Vogt 2, 1700 Fribourg",parking,n/a,46.7992432,7.1541091
4002039925,"Rue Jacques-Vogt 2, 1700 Fribourg",fast_food,Comptoir libanais,46.7968093,7.1545885
4002039925,"Rue Jacques-Vogt 2, 1700 Fribourg",fast_food,Star Pizza Kebab,46.8006982,7.1519523
4002039925,"Rue Jacques-Vogt 2, 1700 Fribourg",restaurant,Chengdu (成 都),46.7991272,7.1530682
4002039925,"Rue Jacques-Vogt 2, 1700 Fribourg",restaurant,Au pied de cochon,46.7990835,7.1530894
4001995971,"Via Franco Zorzi 25A, 6500 Bellinzona",bank,Banca Raiffeisen Bellinzonese e Visagno,46.1902994,9.0201019
4001995971,"Via Franco Zorzi 25A, 6500 Bellinzona",restaurant,Locanda Orico,46.1921383,9.0190511
4001995971,"Via Franco Zorzi 25A, 6500 Bellinzona",restaurant,Osteria Mistral,46.1917441,9.0195068
4001995971,"Via Franco Zorzi 25A, 6500 Bellinzona",cafe,L’arte del caffè,46.1924239,9.0184252
4001995971,"Via Franco Zorzi 25A, 6500 Bellinzona",bar,Birreria Haas,46.1929735,9.0181613
4001989296,"Paul-Kleestrasse 107, 3053 Münchenbuchsee",restaurant,Ein Topf und mehr,47.019791,7.4369997
4001979003,"Via Franco Zorzi 25A, 6500 Bellinzona",bank,Banca Raiffeisen Bellinzonese e Visagno,46.1902994,9.0201019
4001979003,"Via Franco Zorzi 25A, 6500 Bellinzona",restaurant,Locanda Orico,46.1921383,9.0190511
4001979003,"Via Franco Zorzi 25A, 6500 Bellinzona",restaurant,Osteria Mistral,46.1917441,9.0195068
4001979003,"Via Franco Zorzi 25A, 6500 Bellinzona",cafe,L’arte del caffè,46.1924239,9.0184252
4001979003,"Via Franco Zorzi 25A, 6500 Bellinzona",bar,Birreria Haas,46.1929735,9.0181613
4001867848,"Chemin des Grands-Pins 2, 2000 Neuchâtel",restaurant,Eateco Natural Food,46.9976198,6.9360365
4001847621,"Rue Adrien-Pichard 2, 1003 Lausanne",fast_food,Holy Cow,46.5226883,6.6282137
4001847621,"Rue Adrien-Pichard 2, 1003 Lausanne",fast_food,Burger King,46.5216317,6.6303121
4001847621,"Rue Adrien-Pichard 2, 1003 Lausanne",pharmacy,Sunstore,46.5218545,6.6300254
4001847621,"Rue Adrien-Pichard 2, 1003 Lausanne",restaurant,Nihao,46.5228252,6.6294072
4001847621,"Rue Adrien-Pichard 2, 1003 Lausanne",cafe,Downtown Lausanne,46.5215056,6.6300601
4001847621,"Rue Adrien-Pichard 2, 1003 Lausanne",restaurant,Les Saveurs du Monde,46.5219989,6.6299497
4001847621,"Rue Adrien-Pichard 2, 1003 Lausanne",fast_food,Le 7ème Délice,46.5219354,6.6299603
4001847621,"Rue Adrien-Pichard 2, 1003 Lausanne",fast_food,Easyfood,46.5219433,6.6299498
4001847621,"Rue Adrien-Pichard 2, 1003 Lausanne",cafe,Café Barath,46.5220506,6.630516
4001847621,"Rue Adrien-Pichard 2, 1003 Lausanne",cafe,GreenGorilla,46.5217086,6.6302409
4001847621,"Rue Adrien-Pichard 2, 1003 Lausanne",cafe,Bel-Air Coffee,46.5228103,6.6285098
4001847621,"Rue Adrien-Pichard 2, 1003 Lausanne",fast_food,Fresco,46.521137,6.631085
4001847621,"Rue Adrien-Pichard 2, 1003 Lausanne",fast_food,My sandwiches,46.5211167,6.6311226
4001847621,"Rue Adrien-Pichard 2, 1003 Lausanne",fast_food,Giga Tacos,46.5226765,6.6293002
4001847621,"Rue Adrien-Pichard 2, 1003 Lausanne",restaurant,Sushi Express,46.5225878,6.6285252
4001847621,"Rue Adrien-Pichard 2, 1003 Lausanne",fast_food,The Pancakes Mafia,46.5226132,6.62847
4001809020,"Feldeggstrasse 73, 3322 Urtenen-Schönbühl",parking,n/a,47.0184483,7.5072681
4001765042,"Heidenerstrasse 6, 9400 Rorschach",restaurant,Siri`s Restaurant im Angehrn,47.4765488,9.4957297
4002081184,"Truttikerstrasse 19, 8475 Ossingen",restaurant,Thalacker,47.6143412,8.7257403
4002081184,"Truttikerstrasse 19, 8475 Ossingen",atm,n/a,47.612635,8.7261502
4002081184,"Truttikerstrasse 19, 8475 Ossingen",cafe,Kafi Liesowski,47.6145774,8.7241338
4002078663,"Wilfriedstrasse 7, 8032 Zürich",restaurant,Afghan Anar,47.3697919,8.5529812
4002078663,"Wilfriedstrasse 7, 8032 Zürich",cafe,Café Berner,47.3695588,8.5540543
4002075419,"Husächerstr. 5, 8907 Wettswil",restaurant,Restaurant Pizzeria Grazie,47.3403525,8.4728269
4002073382,"Wylerstrasse 115, 3014 Bern",restaurant,Chez SBB,46.9614225,7.4464629
4002073382,"Wylerstrasse 115, 3014 Bern",parking,n/a,46.9616658,7.4466625
4002073335,"Hammerstrasse 92, 4057 Basel",restaurant,Zum Goldenen Fass,47.5656669,7.5956372
4002073335,"Hammerstrasse 92, 4057 Basel",fast_food,Isbilir,47.5671452,7.5952952
4002073335,"Hammerstrasse 92, 4057 Basel",fast_food,Royal Grill,47.5668682,7.5953324
4002073335,"Hammerstrasse 92, 4057 Basel",restaurant,Urban Greek,47.5658332,7.5956113
4002073335,"Hammerstrasse 92, 4057 Basel",restaurant,Pizzeria La Perla,47.5653483,7.595655
4002073335,"Hammerstrasse 92, 4057 Basel",pub,Fass Bar,47.5657565,7.5956208
4002070191,"Rue Daubin 4, 1203 Genève",restaurant,Pizzeria les Tilleuls,46.2058099,6.1311533
4002070191,"Rue Daubin 4, 1203 Genève",restaurant,La Limite,46.2064678,6.1301205
4002070191,"Rue Daubin 4, 1203 Genève",restaurant,Le Chanaan,46.2059677,6.1271143
4002070191,"Rue Daubin 4, 1203 Genève",school,ortra santé social,46.2068311,6.1301644
4002061897,"Langgasse 58, 8400 Winterthur",restaurant,Incontro,47.4912931,8.7340645
4002060913,"Rathausstrasse 30, 8570 Weinfelden",bank,Thurgauer Kantonalbank,47.5657038,9.1091486
4002060913,"Rathausstrasse 30, 8570 Weinfelden",restaurant,Eisenbahn,47.5658415,9.1079733
4002060913,"Rathausstrasse 30, 8570 Weinfelden",bank,Raiffeisenbank Mittelthurgau,47.566659,9.1066201
4002060913,"Rathausstrasse 30, 8570 Weinfelden",pub,Jack's Café,47.5667351,9.1061358
4002060913,"Rathausstrasse 30, 8570 Weinfelden",restaurant,Grüner Baum,47.5641058,9.1082947
4002060913,"Rathausstrasse 30, 8570 Weinfelden",restaurant,Pulcinella,47.5647012,9.1079874
4002060913,"Rathausstrasse 30, 8570 Weinfelden",cafe,Mohn,47.5649405,9.1084125
4002060913,"Rathausstrasse 30, 8570 Weinfelden",bar,BarCode,47.5654591,9.1085793
4002060913,"Rathausstrasse 30, 8570 Weinfelden",pub,Blue Box,47.5640958,9.1080324
4002060913,"Rathausstrasse 30, 8570 Weinfelden",restaurant,Pizzamania,47.5652819,9.1073063
4002060913,"Rathausstrasse 30, 8570 Weinfelden",fast_food,Easy Food & Drink,47.5651139,9.1084266
4002060913,"Rathausstrasse 30, 8570 Weinfelden",cafe,La Stazione,47.5671174,9.1065267
4002060913,"Rathausstrasse 30, 8570 Weinfelden",restaurant,Gleis 1,47.5668659,9.1062149
4002060913,"Rathausstrasse 30, 8570 Weinfelden",pharmacy,Apotheke Dr. Hörmann,47.5665435,9.106732
4002060913,"Rathausstrasse 30, 8570 Weinfelden",atm,n/a,47.5658032,9.1089006
4002060913,"Rathausstrasse 30, 8570 Weinfelden",cafe,Mohn Bäckerei Café Konditorei Confiserie,47.5669439,9.1104133
4002060913,"Rathausstrasse 30, 8570 Weinfelden",bar,Lauer Bar,47.5670284,9.1103371
4002060913,"Rathausstrasse 30, 8570 Weinfelden",school,Pestalozzi- Schulhaus,47.5671229,9.1082093
4002060913,"Rathausstrasse 30, 8570 Weinfelden",atm,n/a,47.5663531,9.1070336
4002060913,"Rathausstrasse 30, 8570 Weinfelden",bar,Kostbar,47.5671268,9.1088528
4002060913,"Rathausstrasse 30, 8570 Weinfelden",fast_food,Bistro Paprika,47.5667934,9.1085106
4002060913,"Rathausstrasse 30, 8570 Weinfelden",atm,n/a,47.5668191,9.1065419
4002059937,"Seeburgstrasse 49B, 6006 Luzern",restaurant,Richemont Gastronomie & Hotel,47.0478181,8.3434633
4002059937,"Seeburgstrasse 49B, 6006 Luzern",parking,Richemont Parking,47.0476568,8.3435516
4002059937,"Seeburgstrasse 49B, 6006 Luzern",parking,Lido/Brüel,47.0494595,8.341173
4002055429,"Am Stausee 25, 4127 Birsfelden",restaurant,Restaurant Sternenfeld,47.556635,7.6300489
4002054439,"Kurvenstrasse 15, 8600 Dübendorf",restaurant,Pizzeria Il Faro,47.3968938,8.6138054
4002051403,"Bernstrasse 147, 3400 Burgdorf",parking,n/a,47.0520953,7.6110924
4002051403,"Bernstrasse 147, 3400 Burgdorf",parking,n/a,47.0530519,7.6119283
4002051403,"Bernstrasse 147, 3400 Burgdorf",parking,n/a,47.0530322,7.61328
4002051338,"Via Monte Carmen 13, 6900 Lugano",restaurant,Wong Ho,46.0118126,8.9544167
4002051338,"Via Monte Carmen 13, 6900 Lugano",pharmacy,Farmacia Contrada dei Patrizi,46.0125702,8.9547338
4002051338,"Via Monte Carmen 13, 6900 Lugano",cafe,Café Tra,46.0130112,8.9540684
4002051338,"Via Monte Carmen 13, 6900 Lugano",library,"Biblioteca interculturale per la prima infanzia ""Ricciogiramondo""",46.0131905,8.9546483
4002051338,"Via Monte Carmen 13, 6900 Lugano",bar,Bar Pinard,46.0120723,8.9547722
4002050823,"Hammerstrasse 33, 8008 Zürich",restaurant,Misoga,47.3614068,8.5608856
4002050823,"Hammerstrasse 33, 8008 Zürich",pharmacy,Minerva Apotheke,47.3614842,8.5610538
4002050783,"Via ai Saleggi 26, 6600 Locarno",library,Biblioteca della Scuola Media di Locarno,46.1637066,8.7949245
4002050667,"Wyde 7, 5242 Birr",restaurant,Wydehof,47.4375134,8.2109849
4002048119,"Dorfstrasse 31, 8310 Grafstal",restaurant,Frieden,47.444753,8.699068
4002048119,"Dorfstrasse 31, 8310 Grafstal",restaurant,Wirtschaft zur Tanne,47.4449031,8.7002374
4002048119,"Dorfstrasse 31, 8310 Grafstal",parking,n/a,47.4451648,8.699974
4002044164,"Am Stausee 25, 4127 Birsfelden",restaurant,Restaurant Sternenfeld,47.556635,7.6300489
4002042526,"Rue de l'Aubépine 3, 1205 Genève",restaurant,Le Rouge & Le Blanc,46.1918206,6.1437245
4002042526,"Rue de l'Aubépine 3, 1205 Genève",restaurant,Le VG (Les Vieux-Grenadiers),46.1911813,6.1433741
4002042526,"Rue de l'Aubépine 3, 1205 Genève",cafe,Com'Chez Vous,46.1918905,6.1437699
4002042526,"Rue de l'Aubépine 3, 1205 Genève",fast_food,Planète Sandwichs,46.1907665,6.1438368
4002042526,"Rue de l'Aubépine 3, 1205 Genève",pharmacy,Pharmacie Vipha,46.1918341,6.1440851
4002042526,"Rue de l'Aubépine 3, 1205 Genève",cafe,Le Far,46.1915032,6.1440548
4002042526,"Rue de l'Aubépine 3, 1205 Genève",cafe,Leger's,46.1911678,6.1439634
4002042526,"Rue de l'Aubépine 3, 1205 Genève",restaurant,Le Maison Thai,46.1907307,6.1438242
4002039327,"Mattengasse 11, 8005 Zürich",restaurant,Dar,47.3835914,8.5283234
4002039327,"Mattengasse 11, 8005 Zürich",restaurant,LILY'S,47.3825398,8.5296036
4002039327,"Mattengasse 11, 8005 Zürich",pub,Matahari Bar,47.3840524,8.5309307
4002039327,"Mattengasse 11, 8005 Zürich",restaurant,Eisenhof,47.3836276,8.5287302
4002039327,"Mattengasse 11, 8005 Zürich",bar,Kasheme,47.3827935,8.5295411
4002039327,"Mattengasse 11, 8005 Zürich",cafe,Café Noir,47.3819687,8.53053
4002039327,"Mattengasse 11, 8005 Zürich",restaurant,Yume Ramen,47.3823657,8.5303266
4002039327,"Mattengasse 11, 8005 Zürich",restaurant,Soul Köfte,47.3818623,8.5296911
4002039327,"Mattengasse 11, 8005 Zürich",restaurant,Babo's Restaurant,47.3819642,8.5294299
4002039327,"Mattengasse 11, 8005 Zürich",restaurant,Don’t Worry Eat Curry,47.3828582,8.5307697
4002039327,"Mattengasse 11, 8005 Zürich",restaurant,Casa da Picanha,47.382094,8.5300961
4002039327,"Mattengasse 11, 8005 Zürich",restaurant,Restaurant Neugasshof,47.3820132,8.5303576
4002039327,"Mattengasse 11, 8005 Zürich",restaurant,Co Chin Chin,47.3837599,8.5284695
4002039327,"Mattengasse 11, 8005 Zürich",restaurant,Zekis World,47.3839003,8.5307988
4002039327,"Mattengasse 11, 8005 Zürich",restaurant,Cucina,47.384162,8.5304006
4002039327,"Mattengasse 11, 8005 Zürich",restaurant,Cinque,47.383294,8.5301807
4002039327,"Mattengasse 11, 8005 Zürich",restaurant,Molino,47.3840714,8.5291751
4002039327,"Mattengasse 11, 8005 Zürich",cafe,Lycka,47.3837629,8.5298256
4002039327,"Mattengasse 11, 8005 Zürich",restaurant,Josef,47.3838905,8.5289598
4002039327,"Mattengasse 11, 8005 Zürich",restaurant,Chimy's,47.3832801,8.528361
4002039327,"Mattengasse 11, 8005 Zürich",bar,The International Beer Bar,47.3828872,8.5287112
4002039327,"Mattengasse 11, 8005 Zürich",restaurant,MeiXin,47.3834555,8.5303841
4002039327,"Mattengasse 11, 8005 Zürich",restaurant,Santa Lucia,47.3838555,8.5295871
4002039327,"Mattengasse 11, 8005 Zürich",cafe,Diwan Shisha,47.3827024,8.5300338
4002039327,"Mattengasse 11, 8005 Zürich",bar,Chicago Bar,47.3825931,8.5299484
4002039327,"Mattengasse 11, 8005 Zürich",bar,Vineria Centrale,47.3825403,8.5300127
4002039327,"Mattengasse 11, 8005 Zürich",fast_food,McDonald's,47.3829117,8.529958
4002039327,"Mattengasse 11, 8005 Zürich",fast_food,Big Burger,47.383026,8.5300509
4002039327,"Mattengasse 11, 8005 Zürich",fast_food,Best,47.3827549,8.5300757
4002039327,"Mattengasse 11, 8005 Zürich",cafe,XYLO,47.3828676,8.5293614
4002039327,"Mattengasse 11, 8005 Zürich",fast_food,Baba Food Station,47.38229,8.5294034
4002039327,"Mattengasse 11, 8005 Zürich",cafe,flavour coffee & plants,47.3824213,8.5297861
4002039327,"Mattengasse 11, 8005 Zürich",restaurant,Thali House,47.3831028,8.5301347
4002039327,"Mattengasse 11, 8005 Zürich",fast_food,Vegitat,47.3822487,8.5296459
4002039327,"Mattengasse 11, 8005 Zürich",restaurant,Osso,47.3816304,8.529384
4002039327,"Mattengasse 11, 8005 Zürich",bar,Gleis,47.381465,8.5296408
4002039327,"Mattengasse 11, 8005 Zürich",cafe,McCafé,47.3829101,8.5299568
4002039327,"Mattengasse 11, 8005 Zürich",cafe,ViCafe,47.3816092,8.5298325
4002039327,"Mattengasse 11, 8005 Zürich",fast_food,Napulé,47.382953,8.5307653
4002039327,"Mattengasse 11, 8005 Zürich",restaurant,Riviera,47.3830089,8.5303012
4002039327,"Mattengasse 11, 8005 Zürich",restaurant,Casa Aurelio,47.3831405,8.5297441
4002039327,"Mattengasse 11, 8005 Zürich",restaurant,JIAOZI,47.3823411,8.5300095
4002039327,"Mattengasse 11, 8005 Zürich",atm,n/a,47.382825,8.5301239
4002039327,"Mattengasse 11, 8005 Zürich",fast_food,3 Sushi Momo,47.3839455,8.5307226
4002038160,"Rainstrasse 1, 5415 Nussbaumen AG",restaurant,Lenzo Palace,47.4884817,8.2939809
4002032033,"Bahnweg 1, 8700 Küsnacht",bar,SeeBar,47.3133596,8.5818343
4002028305,"Bernapark 28, 3066 Stettlen",restaurant,FUD LäB,46.9613214,7.5132986
4002015998,"Schiltstrasse 49, 8750 Glarus",restaurant,Schützenhaus,47.0382288,9.0650331
4002009502,"Birsfelderstrasse 95, 4132 Muttenz",parking,n/a,47.5398873,7.6262758
4002005842,"Rothausstrasse 15, 4132 Muttenz",parking,n/a,47.5256298,7.6558362
4002001854,"Zürcherstrasse 24B, 8852 Altendorf",restaurant,Landgasthof Mühlebach,47.1932466,8.8213774
4002001854,"Zürcherstrasse 24B, 8852 Altendorf",cafe,Café Seepark,47.1929842,8.827564
4002001854,"Zürcherstrasse 24B, 8852 Altendorf",bank,Schwyzer Kantonalbank,47.193194,8.820028
4002001854,"Zürcherstrasse 24B, 8852 Altendorf",restaurant,D.O.C. Ristorante Pizzeria,47.1939675,8.8223333
4002000627,"Schärenfeld 30, 8052 Seebach",restaurant,Rebstock,47.4198706,8.5480159
4002000627,"Schärenfeld 30, 8052 Seebach",pharmacy,Medbase Apotheke Seebach,47.4205226,8.5487362
4002000627,"Schärenfeld 30, 8052 Seebach",restaurant,Dông Quê,47.4202502,8.5484299
4002000627,"Schärenfeld 30, 8052 Seebach",pub,Machiavelli,47.4207708,8.5495305
4002000627,"Schärenfeld 30, 8052 Seebach",pharmacy,Gesundhaus Falken Apotheke,47.4196446,8.548453
4002000627,"Schärenfeld 30, 8052 Seebach",atm,Bancomat ZKB,47.4206988,8.5489682
4002000627,"Schärenfeld 30, 8052 Seebach",parking,Migros Seebach,47.4193173,8.5485411
4002000627,"Schärenfeld 30, 8052 Seebach",fast_food,Awania,47.4200742,8.5482532
4002000627,"Schärenfeld 30, 8052 Seebach",fast_food,Seebacher Treff,47.421224,8.550043
4002000627,"Schärenfeld 30, 8052 Seebach",restaurant,Ozzi Bistro,47.420397,8.5486267
4002000627,"Schärenfeld 30, 8052 Seebach",fast_food,Domino's,47.4200243,8.5478942
4001987266,"Delsbergerallee 68, 4053 Basel",cafe,Bohemia,47.5406293,7.597733
4001987266,"Delsbergerallee 68, 4053 Basel",cafe,Da Graziella,47.5401968,7.5993514
4001983791,"Schwärzere 19, 3425 Koppigen",parking,n/a,47.1327058,7.6065377
4001982696,"Trogmattweg 9, 3506 Grosshöchstetten",cafe,Caffè Pavillon,46.9050637,7.635413
4001982696,"Trogmattweg 9, 3506 Grosshöchstetten",atm,n/a,46.9043562,7.6348555
4001970464,"Elsastrasse 16, 8004 Zürich",fast_food,Pizza Casa,47.376424,8.5141895
4001970464,"Elsastrasse 16, 8004 Zürich",restaurant,Pho 50,47.3773106,8.5130089
4001970464,"Elsastrasse 16, 8004 Zürich",pub,Légère,47.3763377,8.5143811
4001970464,"Elsastrasse 16, 8004 Zürich",restaurant,Taverne da Angelo,47.3761581,8.5147672
4001970464,"Elsastrasse 16, 8004 Zürich",restaurant,Derby,47.3761196,8.5163348
4001970464,"Elsastrasse 16, 8004 Zürich",pub,Play Bar,47.3762277,8.5146317
4001970464,"Elsastrasse 16, 8004 Zürich",restaurant,Hardhof,47.3781646,8.5109337
4001970464,"Elsastrasse 16, 8004 Zürich",pharmacy,Pilgerbrunnen Apotheke,47.3782798,8.5108558
4001970464,"Elsastrasse 16, 8004 Zürich",atm,Bancomat ZKB,47.3780805,8.5110339
4001970464,"Elsastrasse 16, 8004 Zürich",bar,La Ola Bar,47.3761962,8.5162805
4001970464,"Elsastrasse 16, 8004 Zürich",restaurant,Sentosa,47.377487,8.5125757
4001970464,"Elsastrasse 16, 8004 Zürich",restaurant,Tenz,47.3761214,8.5155216
4001970464,"Elsastrasse 16, 8004 Zürich",restaurant,Granò,47.3771838,8.5132636
4001970464,"Elsastrasse 16, 8004 Zürich",restaurant,Delicias latinas Zurich,47.376186,8.5153905
4001970464,"Elsastrasse 16, 8004 Zürich",restaurant,Endi,47.3774336,8.5127223
4001970464,"Elsastrasse 16, 8004 Zürich",pub,Billiard Center Zypresse,47.3774616,8.5138646
4001970464,"Elsastrasse 16, 8004 Zürich",fast_food,Delhi-Bistro,47.3773927,8.513108
4001970464,"Elsastrasse 16, 8004 Zürich",fast_food,Centro Pizza,47.3765089,8.5146024
4001970464,"Elsastrasse 16, 8004 Zürich",fast_food,Delhi House,47.3774466,8.5131703
4001966990,"Mühlemattstrasse 11, 6374 Buochs",restaurant,Zum Hirschen,46.9729312,8.4204634
4001966990,"Mühlemattstrasse 11, 6374 Buochs",bank,Raiffeisenbank Nidwalden,46.974012,8.4200295
4001966990,"Mühlemattstrasse 11, 6374 Buochs",cafe,Piccadilly,46.9749968,8.4199547
4001966990,"Mühlemattstrasse 11, 6374 Buochs",restaurant,Bamboos,46.976004,8.4184912
4001966990,"Mühlemattstrasse 11, 6374 Buochs",restaurant,La Piazzetta,46.9735351,8.4211023
4001966134,"Birsfelderstrasse 34, 4132 Muttenz",clinic,Rennbahnklinik,47.5354867,7.633952
4001966134,"Birsfelderstrasse 34, 4132 Muttenz",restaurant,Alessia,47.5355604,7.6341281
4001966134,"Birsfelderstrasse 34, 4132 Muttenz",school,FOS Muttenz,47.5337971,7.634791
4001960538,"Bergstrasse 14, 8953 Dietikon",fast_food,El Pablo,47.4054721,8.3987591
4001960538,"Bergstrasse 14, 8953 Dietikon",pharmacy,Amavita Dietikon,47.405637,8.3982172
4001960538,"Bergstrasse 14, 8953 Dietikon",parking,n/a,47.4048831,8.4005551
4001960538,"Bergstrasse 14, 8953 Dietikon",fast_food,Spice Flavour,47.4056661,8.3989168
4001960538,"Bergstrasse 14, 8953 Dietikon",restaurant,Pad-Thai,47.4052611,8.3996154
4001960538,"Bergstrasse 14, 8953 Dietikon",fast_food,Pizza Pasta,47.4055522,8.3991171
4001960538,"Bergstrasse 14, 8953 Dietikon",fast_food,Burek King,47.4047982,8.4005664
4001960538,"Bergstrasse 14, 8953 Dietikon",fast_food,Royal Önder,47.4056015,8.3990154
4001953394,"Kempttalstrasse 78, 8308 Illnau-Effretikon",restaurant,Steak House,47.4080005,8.7246055
4001953394,"Kempttalstrasse 78, 8308 Illnau-Effretikon",atm,Clientis Zürcher Regionalbank,47.4077696,8.7247534
4001953394,"Kempttalstrasse 78, 8308 Illnau-Effretikon",library,Bibliothek Illnau,47.4080853,8.7265095
4001953394,"Kempttalstrasse 78, 8308 Illnau-Effretikon",restaurant,Rössli,47.4082423,8.7263699
4001953394,"Kempttalstrasse 78, 8308 Illnau-Effretikon",bar,Frieden Bar,47.4081375,8.724541
4001953394,"Kempttalstrasse 78, 8308 Illnau-Effretikon",atm,n/a,47.4077775,8.7247484
4001937866,"Schipferstrasse 5, 8800 Thalwil",parking,n/a,47.2818898,8.5758866
4001906397,"Baselstrasse 95, 4153 Reinach",parking,n/a,47.5070521,7.6017291
4001906397,"Baselstrasse 95, 4153 Reinach",atm,n/a,47.5064906,7.6007159
4001906397,"Baselstrasse 95, 4153 Reinach",parking,n/a,47.5059864,7.6002105
4001893301,"Haldenstrasse 8, 8045 Zürich",restaurant,Ploy-Thai,47.3639501,8.5201156
4001893301,"Haldenstrasse 8, 8045 Zürich",fast_food,Dieci Pizzakurier,47.3635821,8.5202242
4001893301,"Haldenstrasse 8, 8045 Zürich",cafe,Walter Buchmann,47.3623912,8.5189172
4001893301,"Haldenstrasse 8, 8045 Zürich",restaurant,AnaMiRa,47.3641859,8.5204226
4001893301,"Haldenstrasse 8, 8045 Zürich",restaurant,Utoburg,47.3616035,8.5180157
4001893301,"Haldenstrasse 8, 8045 Zürich",fast_food,Payamlino Take Away,47.3615076,8.517904
4001893301,"Haldenstrasse 8, 8045 Zürich",clinic,Kanghua TCM&Lingua,47.3642808,8.5205204
4001893301,"Haldenstrasse 8, 8045 Zürich",fast_food,Kaisin,47.3633742,8.5174676
4001893301,"Haldenstrasse 8, 8045 Zürich",restaurant,Binz Pasta e Pizza House,47.3611277,8.5174484
4001892969,"Hauptstrasse 7, 4132 Muttenz",bar,Bajazzo,47.5244599,7.6464438
4001892969,"Hauptstrasse 7, 4132 Muttenz",pharmacy,Rössli Apotheke,47.5255047,7.6470676
4001892969,"Hauptstrasse 7, 4132 Muttenz",restaurant,Wirtschaft zur Waage,47.5239672,7.6461572
4001892969,"Hauptstrasse 7, 4132 Muttenz",restaurant,Trattoria Il Nuraghe,47.5238541,7.6455429
4001892969,"Hauptstrasse 7, 4132 Muttenz",restaurant,Vicino,47.5254538,7.6472169
4001892969,"Hauptstrasse 7, 4132 Muttenz",restaurant,dr Egge - das restaurant,47.5227137,7.6448957
4001884400,"Via Monte Carmen 13, 6900 Lugano",restaurant,Wong Ho,46.0118126,8.9544167
4001884400,"Via Monte Carmen 13, 6900 Lugano",pharmacy,Farmacia Contrada dei Patrizi,46.0125702,8.9547338
4001884400,"Via Monte Carmen 13, 6900 Lugano",cafe,Café Tra,46.0130112,8.9540684
4001884400,"Via Monte Carmen 13, 6900 Lugano",library,"Biblioteca interculturale per la prima infanzia ""Ricciogiramondo""",46.0131905,8.9546483
4001884400,"Via Monte Carmen 13, 6900 Lugano",bar,Bar Pinard,46.0120723,8.9547722
4001883675,"Sonnhaldenstrasse 1, 8113 Boppelsen",restaurant,Lägernstübli,47.4702125,8.4035794
4001871860,"Lungolago Giuseppe Motta 78, 6815 Melide",restaurant,Hotel Lac,45.9514215,8.9434927
4001867855,"Oberburgstrasse 90, 3400 Burgdorf",parking,n/a,47.0466178,7.6228758
4001852928,"Bernstrasse 149, 3400 Burgdorf",parking,n/a,47.0520953,7.6110924
4001852928,"Bernstrasse 149, 3400 Burgdorf",parking,n/a,47.0530519,7.6119283
4001852928,"Bernstrasse 149, 3400 Burgdorf",parking,n/a,47.0530322,7.61328
4001793303,"Via Mario Jaeggli 10, 6500 Bellinzona",parking,n/a,46.2065828,9.0278623
4001793303,"Via Mario Jaeggli 10, 6500 Bellinzona",parking,n/a,46.2066414,9.0278124
4001793303,"Via Mario Jaeggli 10, 6500 Bellinzona",parking,n/a,46.2064127,9.028125
4001793303,"Via Mario Jaeggli 10, 6500 Bellinzona",parking,n/a,46.2063373,9.0282763
4001793303,"Via Mario Jaeggli 10, 6500 Bellinzona",restaurant,Osteria della Bett,46.2044653,9.0245823
4001790468,"Länggenstrasse 3, 8184 Bachenbülach",parking,n/a,47.5032722,8.5448438
4001790468,"Länggenstrasse 3, 8184 Bachenbülach",fast_food,Burger King,47.5051927,8.5415404
4001790468,"Länggenstrasse 3, 8184 Bachenbülach",parking,n/a,47.504516,8.5424054
4001668313,"Via Crocetta 25, 6962 Lugano",restaurant,Ristorante La Gasparina,46.0150502,8.9651781
4001668313,"Via Crocetta 25, 6962 Lugano",restaurant,Food KF,46.015136,8.96516
4001510353,"Frohburgerstrasse 9, 4132 Muttenz",parking,n/a,47.5265592,7.6556922
4001510353,"Frohburgerstrasse 9, 4132 Muttenz",parking,n/a,47.5275499,7.6510429
4001447177,"Kronengasse 1, 5000 Aarau",pharmacy,TopPharm,47.3923834,8.0443151
4001447177,"Kronengasse 1, 5000 Aarau",restaurant,La Crêperie,47.3924339,8.0447397
4001447177,"Kronengasse 1, 5000 Aarau",restaurant,Ninni,47.3923196,8.0444516
4001447177,"Kronengasse 1, 5000 Aarau",restaurant,Speck,47.3936959,8.0434811
4001447177,"Kronengasse 1, 5000 Aarau",restaurant,Laterne,47.392778,8.043911
4001447177,"Kronengasse 1, 5000 Aarau",atm,n/a,47.3935972,8.0456401
4001447177,"Kronengasse 1, 5000 Aarau",restaurant,El Camino,47.3925202,8.0448385
4001447177,"Kronengasse 1, 5000 Aarau",bar,Platzhirsch,47.3930164,8.0436629
4001447177,"Kronengasse 1, 5000 Aarau",cafe,Tuchlaube,47.3937141,8.0437976
4001447177,"Kronengasse 1, 5000 Aarau",restaurant,Waldmeier,47.3918051,8.0449938
4001447177,"Kronengasse 1, 5000 Aarau",restaurant,Mulia,47.3926564,8.0437531
4001447177,"Kronengasse 1, 5000 Aarau",restaurant,Altstadt,47.3926099,8.0438007
4001447177,"Kronengasse 1, 5000 Aarau",bar,Scalo,47.3929773,8.0439972
4001447177,"Kronengasse 1, 5000 Aarau",restaurant,Max & Moriz,47.3930422,8.0441487
4001447177,"Kronengasse 1, 5000 Aarau",restaurant,Spagi,47.3935858,8.0440611
4001447177,"Kronengasse 1, 5000 Aarau",fast_food,GoodFood Falken,47.3925624,8.0446669
4001447177,"Kronengasse 1, 5000 Aarau",restaurant,Hung Fat,47.392026,8.0447147
4001447177,"Kronengasse 1, 5000 Aarau",pub,Mr. Pick Wick Pub,47.3929881,8.045533
4001447177,"Kronengasse 1, 5000 Aarau",restaurant,Oliv,47.3929503,8.0443534
4001447177,"Kronengasse 1, 5000 Aarau",restaurant,PANINI Cultura Caffè,47.3932395,8.0453016
4001447177,"Kronengasse 1, 5000 Aarau",bar,Jojo,47.3932926,8.0443161
4001447177,"Kronengasse 1, 5000 Aarau",restaurant,Waage,47.3932295,8.0440799
4001447177,"Kronengasse 1, 5000 Aarau",restaurant,Ticino,47.3922637,8.0441443
4001447177,"Kronengasse 1, 5000 Aarau",restaurant,Sevilla,47.3926864,8.0433238
4001447177,"Kronengasse 1, 5000 Aarau",cafe,Giusi,47.3916731,8.0438924
4001447177,"Kronengasse 1, 5000 Aarau",bank,Valiant Bank,47.3936257,8.0457285
4001447177,"Kronengasse 1, 5000 Aarau",restaurant,Comitato Cittadino CCA,47.3939496,8.043522
4001447177,"Kronengasse 1, 5000 Aarau",atm,PostFinance,47.393232,8.044681
4001447177,"Kronengasse 1, 5000 Aarau",bar,OscarOne,47.393489,8.0453051
4001447177,"Kronengasse 1, 5000 Aarau",fast_food,Pim's Thai Doodles 2 go,47.393691,8.0439693
4001447177,"Kronengasse 1, 5000 Aarau",fast_food,Empanaderia Aarau,47.3936539,8.043997
4001447177,"Kronengasse 1, 5000 Aarau",pub,No6 Butcher Street,47.3934518,8.0441859
4001447177,"Kronengasse 1, 5000 Aarau",fast_food,Bistro Brotkorb,47.3936379,8.0436113
4001447177,"Kronengasse 1, 5000 Aarau",restaurant,Thai Time,47.3926487,8.0445802
4001447177,"Kronengasse 1, 5000 Aarau",restaurant,La Caverna,47.3926205,8.0456946
4001447177,"Kronengasse 1, 5000 Aarau",bar,Billard Bar,47.393491,8.0452121
4001447177,"Kronengasse 1, 5000 Aarau",bar,Theo Getränkewerkstatt,47.3923696,8.0445726
4001447177,"Kronengasse 1, 5000 Aarau",fast_food,Ahram,47.3923124,8.044674
4001447177,"Kronengasse 1, 5000 Aarau",bar,Zum Bierstübli,47.3924138,8.0446521
4001447177,"Kronengasse 1, 5000 Aarau",cafe,Lockentopf,47.3921842,8.0442509
4001447177,"Kronengasse 1, 5000 Aarau",bar,Näscht,47.3932,8.04414
4001447177,"Kronengasse 1, 5000 Aarau",restaurant,Peppino,47.3934011,8.0436047
4001447177,"Kronengasse 1, 5000 Aarau",restaurant,Little Sem,47.3930999,8.0432302
4001447177,"Kronengasse 1, 5000 Aarau",cafe,Honey,47.3924479,8.0442461
4001447177,"Kronengasse 1, 5000 Aarau",restaurant,Krone,47.3930124,8.0440709
4001447177,"Kronengasse 1, 5000 Aarau",fast_food,Steingrill,47.3929063,8.0437828
4001447177,"Kronengasse 1, 5000 Aarau",bar,Boiler Club,47.3925594,8.043857
4001447177,"Kronengasse 1, 5000 Aarau",fast_food,Wakara Karaage,47.392275,8.045616
4001447177,"Kronengasse 1, 5000 Aarau",bar,HOBO,47.3923685,8.0440275
4001447177,"Kronengasse 1, 5000 Aarau",fast_food,Cirqu 9,47.3931324,8.0447949
4001447177,"Kronengasse 1, 5000 Aarau",cafe,Byro,47.392913,8.0433957
4002076836,"Zürcherstrasse 42, 8142 Uitikon Waldegg",restaurant,Restaurant Dörfli,47.3703657,8.4536068
4002076836,"Zürcherstrasse 42, 8142 Uitikon Waldegg",restaurant,Restaurant Frohsinn,47.370248,8.4522594
4002076836,"Zürcherstrasse 42, 8142 Uitikon Waldegg",atm,n/a,47.3703505,8.4542154
4002076759,"Bächtelenweg 3, 3084 Wabern",restaurant,Yam Yam Thai Food,46.926315,7.4552233
4002076367,"Parkweg 2, 4852 Rothrist",pharmacy,Apotheke Rothrist,47.3046181,7.8961596
4002076367,"Parkweg 2, 4852 Rothrist",parking,n/a,47.3051384,7.8937689
4002076367,"Parkweg 2, 4852 Rothrist",parking,n/a,47.3050411,7.8935734
4002076367,"Parkweg 2, 4852 Rothrist",parking,n/a,47.3043438,7.8957948
4002076367,"Parkweg 2, 4852 Rothrist",parking,n/a,47.3046932,7.8961409
4002076367,"Parkweg 2, 4852 Rothrist",parking,n/a,47.3046312,7.8959125
4002076355,"Parkweg 2, 4852 Rothrist",pharmacy,Apotheke Rothrist,47.3046181,7.8961596
4002076355,"Parkweg 2, 4852 Rothrist",parking,n/a,47.3051384,7.8937689
4002076355,"Parkweg 2, 4852 Rothrist",parking,n/a,47.3050411,7.8935734
4002076355,"Parkweg 2, 4852 Rothrist",parking,n/a,47.3043438,7.8957948
4002076355,"Parkweg 2, 4852 Rothrist",parking,n/a,47.3046932,7.8961409
4002076355,"Parkweg 2, 4852 Rothrist",parking,n/a,47.3046312,7.8959125
4002073300,"Hammerstrasse 92, 4057 Basel",restaurant,Zum Goldenen Fass,47.5656669,7.5956372
4002073300,"Hammerstrasse 92, 4057 Basel",fast_food,Isbilir,47.5671452,7.5952952
4002073300,"Hammerstrasse 92, 4057 Basel",fast_food,Royal Grill,47.5668682,7.5953324
4002073300,"Hammerstrasse 92, 4057 Basel",restaurant,Urban Greek,47.5658332,7.5956113
4002073300,"Hammerstrasse 92, 4057 Basel",restaurant,Pizzeria La Perla,47.5653483,7.595655
4002073300,"Hammerstrasse 92, 4057 Basel",pub,Fass Bar,47.5657565,7.5956208
4002072457,"Parkweg 2, 4852 Rothrist",pharmacy,Apotheke Rothrist,47.3046181,7.8961596
4002072457,"Parkweg 2, 4852 Rothrist",parking,n/a,47.3051384,7.8937689
4002072457,"Parkweg 2, 4852 Rothrist",parking,n/a,47.3050411,7.8935734
4002072457,"Parkweg 2, 4852 Rothrist",parking,n/a,47.3043438,7.8957948
4002072457,"Parkweg 2, 4852 Rothrist",parking,n/a,47.3046932,7.8961409
4002072457,"Parkweg 2, 4852 Rothrist",parking,n/a,47.3046312,7.8959125
4002063359,"Dietenrainweg 8, 8610 Uster",parking,n/a,47.3373803,8.7165413
4002063359,"Dietenrainweg 8, 8610 Uster",parking,n/a,47.3386692,8.7170091
4002063238,"Zürcherstrasse 35, 9500 Wil SG",restaurant,Yildiz Kebab,47.4647179,9.040875
4002063238,"Zürcherstrasse 35, 9500 Wil SG",bar,West Side Bar,47.4631473,9.0401266
4002063238,"Zürcherstrasse 35, 9500 Wil SG",restaurant,Restaurant Psychiatrie St. Gallen,47.4664758,9.0372207
4002062320,"Im Kirchbrunnen 7, 8153 Rümlang",fast_food,Tuono,47.4533118,8.5330521
4002061078,"Mühlestrasse 9, 6022 Grosswangen",restaurant,Restaurant Pinte,47.1334191,8.0483531
4002061078,"Mühlestrasse 9, 6022 Grosswangen",cafe,Krummenacher,47.1340637,8.0474612
4002061078,"Mühlestrasse 9, 6022 Grosswangen",restaurant,Gasthaus zum Ochsen,47.1347846,8.0477613
4002061078,"Mühlestrasse 9, 6022 Grosswangen",restaurant,Restaurant Bad,47.1341221,8.0444759
4002061078,"Mühlestrasse 9, 6022 Grosswangen",fast_food,My Imbiss,47.1338493,8.0474211
4002056374,"Teufenerstrasse 4, 9000 St. Gallen",bar,Baracca Bar and Music,47.4209232,9.371314
4002056374,"Teufenerstrasse 4, 9000 St. Gallen",fast_food,Kim Ngoc,47.4208377,9.3708446
4002056374,"Teufenerstrasse 4, 9000 St. Gallen",parking,Raiffeisen,47.4209431,9.372538
4002056374,"Teufenerstrasse 4, 9000 St. Gallen",library,"BIZ Berufs-, Studien- und Laufbahnberatung St.Gallen",47.42115,9.3719619
4002056374,"Teufenerstrasse 4, 9000 St. Gallen",restaurant,Soleil d'Or,47.4204026,9.372755
4002056374,"Teufenerstrasse 4, 9000 St. Gallen",clinic,Psychiatrie St. Gallen Nord,47.4194847,9.3697656
4002055437,"Freihofstrasse 5A, 8280 Kreuzlingen",restaurant,Pailin,47.653428,9.1676192
4002055437,"Freihofstrasse 5A, 8280 Kreuzlingen",fast_food,Asia Wok Gourmet,47.6562948,9.1698739
4002055437,"Freihofstrasse 5A, 8280 Kreuzlingen",bar,Sendibad,47.6557492,9.1693199
4002055437,"Freihofstrasse 5A, 8280 Kreuzlingen",restaurant,Mr. Wrap,47.6554918,9.1686887
4002055437,"Freihofstrasse 5A, 8280 Kreuzlingen",fast_food,Kebap Pizza House,47.6563246,9.1699049
4002055437,"Freihofstrasse 5A, 8280 Kreuzlingen",fast_food,Sultans,47.6563535,9.1699332
4002055437,"Freihofstrasse 5A, 8280 Kreuzlingen",atm,Thurgauer Kantonalbank,47.6552054,9.1688787
4002055437,"Freihofstrasse 5A, 8280 Kreuzlingen",atm,Thurgauer Kantonalbank,47.6552254,9.1688932
4002054436,"Via Pazzalino 9, 6962 Viganello",restaurant,La Bettola,46.0150711,8.9702957
4002054436,"Via Pazzalino 9, 6962 Viganello",cafe,Caffè Gioconda da San Sir,46.0158587,8.9716365
4002054436,"Via Pazzalino 9, 6962 Viganello",school,Nuovo Centro Scolastico Viganello (NCS),46.0145314,8.9682808
4002054436,"Via Pazzalino 9, 6962 Viganello",school,Scuola Elementare di Viganello,46.0128702,8.9671053
4002054436,"Via Pazzalino 9, 6962 Viganello",bar,Snack Bar L'Angolo,46.0127886,8.9660116
4002054436,"Via Pazzalino 9, 6962 Viganello",library,Biblioteca dei ragazzi - Viganello,46.0145529,8.9681501
4002054436,"Via Pazzalino 9, 6962 Viganello",pharmacy,Farmacia Contrada dei Patrizi,46.0152804,8.9706312
4002054436,"Via Pazzalino 9, 6962 Viganello",restaurant,Kyoto Sushi,46.0151056,8.970237
4002051398,"Via Tesserete 33, 6900 Massagno",restaurant,Pizzeria Centro,46.0123147,8.9463548
4002051398,"Via Tesserete 33, 6900 Massagno",restaurant,Parco Maraini,46.0098937,8.9468866
4002051398,"Via Tesserete 33, 6900 Massagno",restaurant,ABC,46.010637,8.947241
4002051398,"Via Tesserete 33, 6900 Massagno",restaurant,Villa Sassa,46.011964,8.9506724
4002051398,"Via Tesserete 33, 6900 Massagno",cafe,bar Cocco,46.0126106,8.9471764
4002051398,"Via Tesserete 33, 6900 Massagno",cafe,bar Luna,46.0118893,8.9469447
4002051398,"Via Tesserete 33, 6900 Massagno",pharmacy,Farmacia Federale,46.0126881,8.9469704
4002051398,"Via Tesserete 33, 6900 Massagno",cafe,bar Punta,46.0093584,8.9469049
4002051398,"Via Tesserete 33, 6900 Massagno",parking,n/a,46.0107494,8.9465365
4002051398,"Via Tesserete 33, 6900 Massagno",bank,n/a,46.0106337,8.9462079
4002051398,"Via Tesserete 33, 6900 Massagno",restaurant,Villa Selva,46.014372,8.950323
4002051398,"Via Tesserete 33, 6900 Massagno",school,Commercio di Massagno,46.0089879,8.9492757
4002051398,"Via Tesserete 33, 6900 Massagno",parking,n/a,46.0104531,8.9464196
4002050988,"Langenmattstrasse 68, 8617 Mönchaltorf",parking,n/a,47.314069,8.7179389
4002050670,"Bellariastrasse 81, 8038 Zürich",restaurant,Allegro,47.3468443,8.5287676
4002050666,"Brotkorbstrasse 30 B, 4332 Stein AG",cafe,Café Konditorei Kunz,47.5466991,7.9526497
4002050666,"Brotkorbstrasse 30 B, 4332 Stein AG",pharmacy,Rhein Apotheke,47.5462093,7.9518264
4002050660,"Leimenstrasse 49, 4051 Basel",library,Karger-Bibliothek,47.5545263,7.5828336
4002050660,"Leimenstrasse 49, 4051 Basel",restaurant,Tuk Tuk,47.5535627,7.5822564
4002050660,"Leimenstrasse 49, 4051 Basel",restaurant,Cantina E9,47.5543298,7.5819493
4002046815,"Rennweg 43, 8001 Zürich",restaurant,Brasserie Lipp,47.3743748,8.5394674
4002046815,"Rennweg 43, 8001 Zürich",pub,The Lion,47.3740381,8.5393693
4002046815,"Rennweg 43, 8001 Zürich",cafe,Starbucks,47.3736638,8.5392193
4002046815,"Rennweg 43, 8001 Zürich",cafe,Confiserie Honold,47.3736029,8.538956
4002046815,"Rennweg 43, 8001 Zürich",atm,UBS Bancomat,47.3743746,8.5388516
4002046815,"Rennweg 43, 8001 Zürich",atm,CS Bancomat,47.3746224,8.5394592
4002046815,"Rennweg 43, 8001 Zürich",pharmacy,Victoria Apotheke,47.3742811,8.5383036
4002046815,"Rennweg 43, 8001 Zürich",cafe,Pret A Manger,47.3737322,8.5391398
4002046815,"Rennweg 43, 8001 Zürich",restaurant,Rooftop,47.3746638,8.5391076
4002046815,"Rennweg 43, 8001 Zürich",bank,UBS,47.3744013,8.5389001
4002046815,"Rennweg 43, 8001 Zürich",bar,Jules Verne Panoramabar,47.3742607,8.539349
4002046815,"Rennweg 43, 8001 Zürich",bank,Credit Suisse,47.374689,8.5394436
4002046815,"Rennweg 43, 8001 Zürich",restaurant,Ojo de Agua,47.3739113,8.5394258
4002046815,"Rennweg 43, 8001 Zürich",fast_food,Marronistand,47.3740768,8.5386367
4002046815,"Rennweg 43, 8001 Zürich",fast_food,Sesam Falafel,47.3743276,8.5379761
4002046472,"Südstrasse 36, 2504 Biel/Bienne",restaurant,Bistro Mett Biel,47.142811,7.271863
4002046472,"Südstrasse 36, 2504 Biel/Bienne",restaurant,Restaurant Café Mett,47.1434898,7.272718
4002046472,"Südstrasse 36, 2504 Biel/Bienne",parking,Coop,47.1434124,7.2729328
4002046472,"Südstrasse 36, 2504 Biel/Bienne",atm,CLER,47.1434197,7.2726975
4002046472,"Südstrasse 36, 2504 Biel/Bienne",pharmacy,Battenberg,47.1429739,7.2729271
4002046472,"Südstrasse 36, 2504 Biel/Bienne",parking,n/a,47.1430756,7.27407
4002046471,"Südstrasse 33, 2504 Biel/Bienne",restaurant,Bistro Mett Biel,47.142811,7.271863
4002046471,"Südstrasse 33, 2504 Biel/Bienne",restaurant,Sloga,47.1428041,7.2698649
4002046471,"Südstrasse 33, 2504 Biel/Bienne",fast_food,n/a,47.1423161,7.2704515
4002046471,"Südstrasse 33, 2504 Biel/Bienne",restaurant,Restaurant Café Mett,47.1434898,7.272718
4002046471,"Südstrasse 33, 2504 Biel/Bienne",parking,Coop,47.1434124,7.2729328
4002046471,"Südstrasse 33, 2504 Biel/Bienne",atm,CLER,47.1434197,7.2726975
4002046471,"Südstrasse 33, 2504 Biel/Bienne",pharmacy,Battenberg,47.1429739,7.2729271
4002046471,"Südstrasse 33, 2504 Biel/Bienne",parking,n/a,47.1430756,7.27407
4002046470,"Schollstrasse 3-13, 2504 Biel/Bienne",restaurant,Bistro Mett Biel,47.142811,7.271863
4002046470,"Schollstrasse 3-13, 2504 Biel/Bienne",restaurant,Restaurant Café Mett,47.1434898,7.272718
4002046470,"Schollstrasse 3-13, 2504 Biel/Bienne",parking,Coop,47.1434124,7.2729328
4002046470,"Schollstrasse 3-13, 2504 Biel/Bienne",atm,CLER,47.1434197,7.2726975
4002046470,"Schollstrasse 3-13, 2504 Biel/Bienne",pharmacy,Battenberg,47.1429739,7.2729271
4002044165,"Lothringerstrasse 51, 4056 Basel",restaurant,LoLa,47.5684242,7.5771542
4002042483,"Baslerstrasse 71, 8048 Zürich",atm,UBS Bancomat,47.3852455,8.4961361
4002042477,"St. Alban-Anlage 59/61/63, 4052 Basel",bank,CA next bank,47.5524658,7.6037907
4002042476,"Freilager-Platz 4, 4142 Münchenstein",library,Bibliothek für Gestaltung Basel,47.5324679,7.6108704
4002042476,"Freilager-Platz 4, 4142 Münchenstein",library,Plakatsammlung der Schule für Gestaltung Basel,47.5321258,7.6097947
4002042472,"Route de la Feuillère 21, 1010 Lausanne",parking,Feuillère,46.5360575,6.6508244
4002039922,"Stauffacherstrasse 1, 6020 Emmenbrücke",pharmacy,Emmencenter Apotheke,47.0742507,8.2876627
4002039922,"Stauffacherstrasse 1, 6020 Emmenbrücke",restaurant,Jasmin's Asien-Restaurant,47.073843,8.2872453
4002039922,"Stauffacherstrasse 1, 6020 Emmenbrücke",restaurant,Manora,47.0737317,8.2872962
4002039922,"Stauffacherstrasse 1, 6020 Emmenbrücke",atm,UBS Automatenbank,47.0743225,8.2873816
4002039922,"Stauffacherstrasse 1, 6020 Emmenbrücke",cafe,Xpresso Cafe,47.0739873,8.2873768
4002039922,"Stauffacherstrasse 1, 6020 Emmenbrücke",cafe,AB&C Coffe Shop,47.0740603,8.2874331
4002038669,"Via Beltramina 10, 6900 Lugano",cafe,Al Piccolo Bar,46.0163554,8.9577704
4002038669,"Via Beltramina 10, 6900 Lugano",cafe,Bar al 74,46.018148,8.9570188
4002038669,"Via Beltramina 10, 6900 Lugano",bar,n/a,46.0169857,8.9557817
4002038669,"Via Beltramina 10, 6900 Lugano",pharmacy,Farmacia Stella,46.0191428,8.9574995
4002038669,"Via Beltramina 10, 6900 Lugano",fast_food,Speedy pizza,46.0166978,8.9569552
4002038669,"Via Beltramina 10, 6900 Lugano",fast_food,Maistà food,46.0168022,8.9569575
4002038669,"Via Beltramina 10, 6900 Lugano",library,Biblioteca della Croce Rossa Svizzera,46.0155782,8.9571888
4002038669,"Via Beltramina 10, 6900 Lugano",restaurant,Billy Food,46.01803,8.9576649
4002032173,"Grendelbachstrasse 45, 8307 Effretikon",parking,n/a,47.4208953,8.6921641
4002032173,"Grendelbachstrasse 45, 8307 Effretikon",parking,n/a,47.4201986,8.6926509
4002031440,"Schlossstr. 5c, 4133 Pratteln",parking,Vierfeld,47.5224349,7.6948552
4002031439,"Schlossstr. 5e, 4133 Pratteln",parking,Vierfeld,47.5224349,7.6948552
4002031439,"Schlossstr. 5e, 4133 Pratteln",cafe,Cafe Auszeit,47.5222964,7.6948386
4002031439,"Schlossstr. 5e, 4133 Pratteln",pharmacy,Amavita Pratteln Bahnhof,47.521971,7.6932648
4002030767,"Voltastrasse 2, 6005 Luzern",restaurant,Habibi's Cafe & Restaurant,47.0398264,8.3045718
4002030767,"Voltastrasse 2, 6005 Luzern",restaurant,Vegitat,47.0422682,8.3064155
4002030767,"Voltastrasse 2, 6005 Luzern",restaurant,Tavolino,47.0422482,8.3061022
4002030767,"Voltastrasse 2, 6005 Luzern",restaurant,BAYTS,47.0417709,8.305903
4002030767,"Voltastrasse 2, 6005 Luzern",restaurant,Neubad Bistro,47.0412775,8.3070569
4002030767,"Voltastrasse 2, 6005 Luzern",bar,Gardist,47.0419264,8.3053938
4002030767,"Voltastrasse 2, 6005 Luzern",restaurant,Kostgeberei,47.0418295,8.3048778
4002030767,"Voltastrasse 2, 6005 Luzern",fast_food,Erwins Imbiss Stube,47.0403235,8.3096012
4002030767,"Voltastrasse 2, 6005 Luzern",fast_food,meinRad,47.0400625,8.3042059
4002030767,"Voltastrasse 2, 6005 Luzern",parking,n/a,47.041142,8.3097369
4002030767,"Voltastrasse 2, 6005 Luzern",parking,n/a,47.040681,8.3099858
4002030767,"Voltastrasse 2, 6005 Luzern",parking,n/a,47.0421685,8.3068721
4002018331,"Hammerstrasse 61, 8032 Zürich",restaurant,Marcellino Pane e Vino,47.3602234,8.5655522
4002018331,"Hammerstrasse 61, 8032 Zürich",fast_food,Spizzati,47.360488,8.5648892
4002009503,"Zur Stahlgiesserei 3, 8200 Schaffhausen",restaurant,Khawa,47.7037097,8.6304461
4002009503,"Zur Stahlgiesserei 3, 8200 Schaffhausen",fast_food,Al Beek,47.7012695,8.6300671
4002009503,"Zur Stahlgiesserei 3, 8200 Schaffhausen",restaurant,Centraal,47.7010957,8.6301816
4002009503,"Zur Stahlgiesserei 3, 8200 Schaffhausen",bar,Nachbar,47.7037001,8.6300309
4002009498,"Bruggstrasse 7, 4153 Reinach BL",restaurant,Zur Waage,47.4909027,7.5891607
4002009498,"Bruggstrasse 7, 4153 Reinach BL",restaurant,Arcade Restaurant,47.4917834,7.5888125
4002009498,"Bruggstrasse 7, 4153 Reinach BL",restaurant,Grill Corner Imbiss,47.491386,7.58918
4002009498,"Bruggstrasse 7, 4153 Reinach BL",parking,n/a,47.4915645,7.5896845
4002009498,"Bruggstrasse 7, 4153 Reinach BL",restaurant,Café Schopf,47.4918994,7.5896171
4002006071,"Marktstrasse 3, 2540 Grenchen",restaurant,Bambi,47.1936253,7.3977055
4002006071,"Marktstrasse 3, 2540 Grenchen",restaurant,Restaurant Antonio Gonzales,47.1935146,7.3963731
4002002556,"Pfirsichstrasse 9, 8006 Zürich",restaurant,Mama's Beck,47.3885695,8.539287
4002002556,"Pfirsichstrasse 9, 8006 Zürich",restaurant,Edi,47.3886532,8.5392721
4002002543,"Schaffhauserstrasse 230 A, 8057 Zürich",library,HfH-Bibliothek,47.402815,8.5463957
4002000431,"Poststrasse 98, 7050 Arosa",restaurant,Le Bistro,46.7794473,9.6778042
4001995448,"Büelstrasse 3, 8863 Buttikon SZ",restaurant,Traube,47.173428,8.9576699
4001995448,"Büelstrasse 3, 8863 Buttikon SZ",atm,n/a,47.17458,8.951664
4001995448,"Büelstrasse 3, 8863 Buttikon SZ",restaurant,Bistro 94,47.1735904,8.9553196
4001995448,"Büelstrasse 3, 8863 Buttikon SZ",restaurant,Alti Glasi 1936,47.1744387,8.9531497
4001994870,"Hubelweg 5, 3504 Niederhünigen",restaurant,Esswerk6,46.8762255,7.6393899
4001987280,"Gutenbergstr. 37, 3011 Bern",restaurant,Piccola Napoli,46.9432488,7.4361178
4001987280,"Gutenbergstr. 37, 3011 Bern",restaurant,musigbistrot,46.9425205,7.4334896
4001987280,"Gutenbergstr. 37, 3011 Bern",pub,Nelson,46.9428383,7.4361217
4001987280,"Gutenbergstr. 37, 3011 Bern",restaurant,Namaste India,46.9440749,7.4357829
4001987280,"Gutenbergstr. 37, 3011 Bern",fast_food,Cèdre du Liban,46.9444823,7.4354816
4001987280,"Gutenbergstr. 37, 3011 Bern",clinic,Augen Zentrum Gutenberg,46.9445614,7.4348287
4001987280,"Gutenbergstr. 37, 3011 Bern",clinic,Augen Zentrum Prof. Fankhauser,46.9444648,7.4347504
4001987280,"Gutenbergstr. 37, 3011 Bern",restaurant,Fabrique28,46.9439157,7.4356642
4001987280,"Gutenbergstr. 37, 3011 Bern",restaurant,City Pizzeria,46.9440145,7.4357364
4001987280,"Gutenbergstr. 37, 3011 Bern",cafe,CAFÉ TRAVOIS,46.9425529,7.4360529
4001978464,"Theaterstrasse 13, 6003 Luzern",bank,Luzerner Kantonalbank,47.0494894,8.306714
4001978464,"Theaterstrasse 13, 6003 Luzern",atm,n/a,47.0507915,8.307197
4001978464,"Theaterstrasse 13, 6003 Luzern",restaurant,Bistro du Théâtre,47.0501819,8.306705
4001978464,"Theaterstrasse 13, 6003 Luzern",restaurant,La Baracca,47.0500866,8.3067964
4001978464,"Theaterstrasse 13, 6003 Luzern",restaurant,Wirtschaft zur Ente,47.0503868,8.3062934
4001978464,"Theaterstrasse 13, 6003 Luzern",restaurant,Mövenpick Restaurant,47.0494411,8.3064254
4001978464,"Theaterstrasse 13, 6003 Luzern",restaurant,Rossini,47.0507233,8.3070246
4001978464,"Theaterstrasse 13, 6003 Luzern",atm,n/a,47.0494189,8.3068078
4001978464,"Theaterstrasse 13, 6003 Luzern",atm,n/a,47.0494775,8.306515
4001978464,"Theaterstrasse 13, 6003 Luzern",clinic,Röntgeninstitut Medical Imaging Luzern,47.0506304,8.3069199
4001978464,"Theaterstrasse 13, 6003 Luzern",restaurant,Wild Bowls,47.0494118,8.3066396
4001978464,"Theaterstrasse 13, 6003 Luzern",restaurant,Abi's Luzern Kebab,47.0498138,8.307015
4001978464,"Theaterstrasse 13, 6003 Luzern",bar,just a little brewpub,47.0497286,8.3066015
4001976822,"Marktplatz 14, 9000 St. Gallen",fast_food,McDonald's,47.4265531,9.3768575
4001976822,"Marktplatz 14, 9000 St. Gallen",restaurant,Seeger,47.4257369,9.3737137
4001976822,"Marktplatz 14, 9000 St. Gallen",restaurant,Marktplatz,47.4256989,9.3754467
4001976822,"Marktplatz 14, 9000 St. Gallen",restaurant,Hörnli,47.4255885,9.3753555
4001976822,"Marktplatz 14, 9000 St. Gallen",pharmacy,Löwen,47.4262283,9.3752022
4001976822,"Marktplatz 14, 9000 St. Gallen",restaurant,Tres Amigos,47.4268566,9.3766374
4001976822,"Marktplatz 14, 9000 St. Gallen",fast_food,Gabriel,47.4261299,9.3758544
4001976822,"Marktplatz 14, 9000 St. Gallen",restaurant,Al Capone,47.4265343,9.3764816
4001976822,"Marktplatz 14, 9000 St. Gallen",restaurant,90 Grad,47.4261655,9.3763484
4001976822,"Marktplatz 14, 9000 St. Gallen",bar,News Café Musikbar,47.4252559,9.374099
4001976822,"Marktplatz 14, 9000 St. Gallen",cafe,Eiscafé Gekko,47.4268922,9.3744683
4001976822,"Marktplatz 14, 9000 St. Gallen",restaurant,Sushi Bar Wasabi,47.4267666,9.3744883
4001976822,"Marktplatz 14, 9000 St. Gallen",restaurant,Sauceria,47.4266685,9.3745146
4001976822,"Marktplatz 14, 9000 St. Gallen",bank,WIR,47.427097,9.3734871
4001976822,"Marktplatz 14, 9000 St. Gallen",bank,Migros Bank,47.4259494,9.3735777
4001976822,"Marktplatz 14, 9000 St. Gallen",fast_food,Gazi,47.4256395,9.372625
4001976822,"Marktplatz 14, 9000 St. Gallen",restaurant,il Kolosseum,47.4254047,9.3727981
4001976822,"Marktplatz 14, 9000 St. Gallen",restaurant,US-Mex,47.4261322,9.3764861
4001976822,"Marktplatz 14, 9000 St. Gallen",restaurant,New White Swan,47.4271011,9.3751415
4001976822,"Marktplatz 14, 9000 St. Gallen",restaurant,Focacceria,47.427074,9.3752399
4001976822,"Marktplatz 14, 9000 St. Gallen",restaurant,Big Elephant,47.4270031,9.3753068
4001976822,"Marktplatz 14, 9000 St. Gallen",bar,Palma,47.4265647,9.3756343
4001976822,"Marktplatz 14, 9000 St. Gallen",restaurant,Zum Goldenen Schäfli,47.4266102,9.3755659
4001976822,"Marktplatz 14, 9000 St. Gallen",restaurant,Schwarzer Adler,47.4262959,9.3752955
4001976822,"Marktplatz 14, 9000 St. Gallen",library,Freihandbibliothek,47.4269731,9.3770864
4001976822,"Marktplatz 14, 9000 St. Gallen",fast_food,Orange,47.4268801,9.376277
4001976822,"Marktplatz 14, 9000 St. Gallen",cafe,Gschwend,47.4268477,9.3760612
4001976822,"Marktplatz 14, 9000 St. Gallen",pub,Metzgertor,47.4271928,9.3746816
4001976822,"Marktplatz 14, 9000 St. Gallen",fast_food,chez Fritz,47.4257047,9.3750501
4001976822,"Marktplatz 14, 9000 St. Gallen",atm,n/a,47.4265668,9.3769431
4001976822,"Marktplatz 14, 9000 St. Gallen",bar,Paparazzo Bar,47.4266664,9.3738565
4001976822,"Marktplatz 14, 9000 St. Gallen",restaurant,Blumenberg,47.4266928,9.37389
4001976822,"Marktplatz 14, 9000 St. Gallen",cafe,Barista St. Gallen,47.4261611,9.3736514
4001976822,"Marktplatz 14, 9000 St. Gallen",bar,August Bar,47.4272899,9.3745692
4001976822,"Marktplatz 14, 9000 St. Gallen",bar,Bartolomé Drinx & Talx,47.4272004,9.3749954
4001976822,"Marktplatz 14, 9000 St. Gallen",restaurant,Schwarzer Engel,47.4269336,9.3745668
4001976822,"Marktplatz 14, 9000 St. Gallen",restaurant,schiffchuchi,47.4258771,9.3763556
4001976822,"Marktplatz 14, 9000 St. Gallen",bar,Analog,47.4263814,9.3747725
4001976822,"Marktplatz 14, 9000 St. Gallen",restaurant,Alt St.Gallen,47.4270548,9.3743632
4001976822,"Marktplatz 14, 9000 St. Gallen",restaurant,Banh Mi Bros,47.4268237,9.3752962
4001976822,"Marktplatz 14, 9000 St. Gallen",bar,Picante,47.427085,9.3743958
4001976822,"Marktplatz 14, 9000 St. Gallen",bar,chillout bar Lunaris,47.4271656,9.374476
4001976822,"Marktplatz 14, 9000 St. Gallen",restaurant,krug,47.427274,9.374873
4001976822,"Marktplatz 14, 9000 St. Gallen",restaurant,samosa,47.4268712,9.3745737
4001976822,"Marktplatz 14, 9000 St. Gallen",bank,Julius Bär,47.4254969,9.3730836
4001976822,"Marktplatz 14, 9000 St. Gallen",bank,Migrosbank,47.4259607,9.3734114
4001976822,"Marktplatz 14, 9000 St. Gallen",cafe,Café Zentrum,47.4256884,9.3751957
4001976822,"Marktplatz 14, 9000 St. Gallen",fast_food,Alpen Dedi,47.4255176,9.3750295
4001976822,"Marktplatz 14, 9000 St. Gallen",bar,Blumenmarkt,47.4258801,9.3745247
4001976822,"Marktplatz 14, 9000 St. Gallen",bank,Cembra,47.4255576,9.3745719
4001976822,"Marktplatz 14, 9000 St. Gallen",cafe,Zentrum,47.4256475,9.3751453
4001976822,"Marktplatz 14, 9000 St. Gallen",cafe,südbar,47.4254246,9.3746878
4001976822,"Marktplatz 14, 9000 St. Gallen",restaurant,Senso Kitchen,47.4261967,9.3740371
4001976822,"Marktplatz 14, 9000 St. Gallen",restaurant,Restaurant Kränzlin,47.4260992,9.3744132
4001976822,"Marktplatz 14, 9000 St. Gallen",restaurant,Thach,47.4269061,9.3761238
4001976822,"Marktplatz 14, 9000 St. Gallen",bar,Goliath Stübli,47.4274952,9.3767961
4001976822,"Marktplatz 14, 9000 St. Gallen",restaurant,Japan House Edo,47.4264873,9.3746017
4001976822,"Marktplatz 14, 9000 St. Gallen",bar,Time Out,47.4272628,9.3762853
4001976822,"Marktplatz 14, 9000 St. Gallen",atm,Acrevis,47.4259177,9.3759124
4001976822,"Marktplatz 14, 9000 St. Gallen",atm,Acrevis,47.4258491,9.3759124
4001976822,"Marktplatz 14, 9000 St. Gallen",bar,kult,47.426586,9.3770645
4001976822,"Marktplatz 14, 9000 St. Gallen",bank,Bank Jungholz,47.4250404,9.3734953
4001976822,"Marktplatz 14, 9000 St. Gallen",fast_food,Nil Imbiss,47.4260978,9.3759613
4001976822,"Marktplatz 14, 9000 St. Gallen",fast_food,Risotteria,47.4261505,9.3759845
4001976822,"Marktplatz 14, 9000 St. Gallen",atm,Raiffeisen,47.4260454,9.3762708
4001976822,"Marktplatz 14, 9000 St. Gallen",cafe,Bagutta Bistro Bar,47.4265692,9.374567
4001976822,"Marktplatz 14, 9000 St. Gallen",restaurant,Mila Sol,47.4274969,9.3759548
4001976822,"Marktplatz 14, 9000 St. Gallen",bar,Shisha Bar,47.4274088,9.3766169
4001976822,"Marktplatz 14, 9000 St. Gallen",bar,Maverick's Cocktail Bar,47.4268371,9.3742725
4001976822,"Marktplatz 14, 9000 St. Gallen",pub,Gallus Pub,47.4267956,9.3753296
4001976822,"Marktplatz 14, 9000 St. Gallen",pub,oink oink,47.4271417,9.3750971
4001976822,"Marktplatz 14, 9000 St. Gallen",restaurant,Al Mouchtar,47.4273875,9.3768876
4001976822,"Marktplatz 14, 9000 St. Gallen",cafe,Café am Ring,47.4265342,9.3739767
4001976822,"Marktplatz 14, 9000 St. Gallen",cafe,DeeOne,47.4264939,9.3743182
4001976822,"Marktplatz 14, 9000 St. Gallen",parking,n/a,47.427491,9.3743667
4001976822,"Marktplatz 14, 9000 St. Gallen",bar,MeetingPoint,47.4272569,9.3736703
4001976822,"Marktplatz 14, 9000 St. Gallen",bar,Escape Bar,47.4263422,9.3740276
4001976822,"Marktplatz 14, 9000 St. Gallen",restaurant,Gschwend,47.4268537,9.3760333
4001976822,"Marktplatz 14, 9000 St. Gallen",restaurant,Fratelli - Pasta Takeaway,47.4257962,9.3755332
4001976822,"Marktplatz 14, 9000 St. Gallen",restaurant,Esswerk,47.4254799,9.3745804
4001976822,"Marktplatz 14, 9000 St. Gallen",bar,Rock Story,47.42707,9.3745118
4001976822,"Marktplatz 14, 9000 St. Gallen",restaurant,Zur Werkstatt St.Gallen AG,47.4255301,9.3749759
4001976822,"Marktplatz 14, 9000 St. Gallen",cafe,Starbucks,47.4252955,9.3724222
4001976822,"Marktplatz 14, 9000 St. Gallen",atm,Värdex Crypto ATM,47.4261461,9.3764418
4001970764,"Murtenstrasse 143 D, 3008 Bern",restaurant,Kesar,46.949,7.41113
4001970764,"Murtenstrasse 143 D, 3008 Bern",restaurant,Noa,46.9491001,7.4096693
4001958798,"Erikastrasse 1, 4057 Basel",restaurant,Pizzeria Da Pia,47.5709099,7.5920312
4001958714,"Hinterdorfstrasse 27, 8157 Dielsdorf",restaurant,Löwen,47.4837534,8.4551445
4001958714,"Hinterdorfstrasse 27, 8157 Dielsdorf",cafe,Café mit Herz,47.4841193,8.4555635
4001953666,"Avenue De France 22, 1004 Lausanne",library,Bibliothèque Touche-à-Tout,46.525704,6.6221239
4001943629,"Baselmattweg 87, 4123 Allschwil",parking,n/a,47.5542959,7.5466593
4001933501,"Felsenaustrasse 13, 8704 Herrliberg",bar,Ocean Drive Bar,47.2871625,8.606812
4001928257,"Überlandstrasse 198, 8600 Dübendorf",fast_food,Contadino,47.3937176,8.6408638
4001889310,"Via Borenco 22, 6648 Minusio",parking,n/a,46.1738923,8.8109844
4001889310,"Via Borenco 22, 6648 Minusio",restaurant,Ristorante Pizzeria Centrale,46.1756785,8.8120092
4001867863,"Am Schmittenbach 10 A, 5236 Remigen",atm,Raiffeisen,47.5164065,8.1889434
4001867863,"Am Schmittenbach 10 A, 5236 Remigen",school,Primarschule Remigen,47.5156385,8.1916547
4001867863,"Am Schmittenbach 10 A, 5236 Remigen",parking,Gemeindehaus Parkplatz,47.5152585,8.1910314
4001867863,"Am Schmittenbach 10 A, 5236 Remigen",restaurant,Gasthof Bären AG,47.5161436,8.1894027
4001866303,"Eichholzstrasse 35, 8620 Wetzikon ZH",school,Schule der Kinder,47.3330575,8.8170981
4001866303,"Eichholzstrasse 35, 8620 Wetzikon ZH",parking,n/a,47.3341256,8.8166707
4001866303,"Eichholzstrasse 35, 8620 Wetzikon ZH",parking,n/a,47.3339802,8.8168877
4001866303,"Eichholzstrasse 35, 8620 Wetzikon ZH",parking,n/a,47.3339127,8.8171946
4001866303,"Eichholzstrasse 35, 8620 Wetzikon ZH",parking,n/a,47.3343105,8.8182823
4001862435,"Via Mulino Rosso 8, 6517 Arbedo",cafe,Osteria degli Sportivi,46.2109992,9.0394526
4001862435,"Via Mulino Rosso 8, 6517 Arbedo",parking,n/a,46.2127642,9.0425325
4001862435,"Via Mulino Rosso 8, 6517 Arbedo",cafe,CC bar,46.2128973,9.0429516
4001862435,"Via Mulino Rosso 8, 6517 Arbedo",fast_food,Pizzarella,46.2110572,9.0412256
4001862435,"Via Mulino Rosso 8, 6517 Arbedo",atm,n/a,46.2125285,9.0395416
4001858736,"Zwickystrasse 30, 8304 Wallisellen",restaurant,Accogliente,47.4044575,8.6030482
4001858736,"Zwickystrasse 30, 8304 Wallisellen",restaurant,Movie Sushi,47.4050285,8.6041946
4001856667,"Dorfstrasse 68, 8630 Rüti ZH",restaurant,Al Seda,47.2602363,8.8499769
4001856667,"Dorfstrasse 68, 8630 Rüti ZH",restaurant,Freihof,47.2606077,8.8512817
4001856667,"Dorfstrasse 68, 8630 Rüti ZH",cafe,Café Voland,47.2589937,8.8503832
4001856667,"Dorfstrasse 68, 8630 Rüti ZH",restaurant,Foodoo - Asian Kitchen,47.2599583,8.8518278
4001856667,"Dorfstrasse 68, 8630 Rüti ZH",restaurant,Löwen,47.2595753,8.8512636
4001856667,"Dorfstrasse 68, 8630 Rüti ZH",restaurant,Klosterhof,47.2595514,8.8493536
4001856667,"Dorfstrasse 68, 8630 Rüti ZH",restaurant,Sonne,47.2567983,8.8539976
4001856667,"Dorfstrasse 68, 8630 Rüti ZH",pharmacy,APODRO Apotheke,47.2585757,8.848725
4001856667,"Dorfstrasse 68, 8630 Rüti ZH",atm,ZKB,47.258933,8.8496866
4001856667,"Dorfstrasse 68, 8630 Rüti ZH",parking,n/a,47.2584965,8.8498157
4001856667,"Dorfstrasse 68, 8630 Rüti ZH",parking,n/a,47.25899,8.8507008
4001856667,"Dorfstrasse 68, 8630 Rüti ZH",restaurant,Shizuka,47.2580604,8.8527523
4001856667,"Dorfstrasse 68, 8630 Rüti ZH",restaurant,Buon Appetito Pizzakurier,47.2581749,8.8514037
4001856667,"Dorfstrasse 68, 8630 Rüti ZH",restaurant,Amici miei,47.2584114,8.8509346
4001856667,"Dorfstrasse 68, 8630 Rüti ZH",restaurant,Seoul Kitchen & BBQ,47.258703,8.84887
4001856667,"Dorfstrasse 68, 8630 Rüti ZH",fast_food,Akgül,47.2585366,8.8498811
4001856667,"Dorfstrasse 68, 8630 Rüti ZH",parking,n/a,47.2574578,8.8508299
4001856667,"Dorfstrasse 68, 8630 Rüti ZH",cafe,XOKÓ,47.2588463,8.8498571
4001856667,"Dorfstrasse 68, 8630 Rüti ZH",fast_food,Sandwich Factory GmbH,47.2615424,8.8513829
4001856667,"Dorfstrasse 68, 8630 Rüti ZH",bank,Bank Avera,47.258797,8.851074
4001856667,"Dorfstrasse 68, 8630 Rüti ZH",restaurant,Ochsen,47.2574681,8.8529959
4001856667,"Dorfstrasse 68, 8630 Rüti ZH",fast_food,Foodoo,47.2601885,8.8517689
4001856667,"Dorfstrasse 68, 8630 Rüti ZH",cafe,Vivazzo,47.2601184,8.8534674
4001856667,"Dorfstrasse 68, 8630 Rüti ZH",clinic,Praxis am Bahnhof,47.2601863,8.8531577
4001856667,"Dorfstrasse 68, 8630 Rüti ZH",restaurant,Märtegge,47.2586305,8.8491639
4001856667,"Dorfstrasse 68, 8630 Rüti ZH",fast_food,BBQ Sushi Momo,47.2587631,8.8477967
4001856667,"Dorfstrasse 68, 8630 Rüti ZH",fast_food,Blue,47.2587814,8.8478678
4001856667,"Dorfstrasse 68, 8630 Rüti ZH",fast_food,Al Massimo,47.2588493,8.8480518
4001856667,"Dorfstrasse 68, 8630 Rüti ZH",cafe,Café Rüti,47.2600844,8.8521308
4001856666,"Dorfstrasse 66a, 8630 Rüti ZH",restaurant,Al Seda,47.2602363,8.8499769
4001856666,"Dorfstrasse 66a, 8630 Rüti ZH",restaurant,Freihof,47.2606077,8.8512817
4001856666,"Dorfstrasse 66a, 8630 Rüti ZH",cafe,Café Voland,47.2589937,8.8503832
4001856666,"Dorfstrasse 66a, 8630 Rüti ZH",restaurant,Foodoo - Asian Kitchen,47.2599583,8.8518278
4001856666,"Dorfstrasse 66a, 8630 Rüti ZH",restaurant,Löwen,47.2595753,8.8512636
4001856666,"Dorfstrasse 66a, 8630 Rüti ZH",restaurant,Klosterhof,47.2595514,8.8493536
4001856666,"Dorfstrasse 66a, 8630 Rüti ZH",restaurant,Sonne,47.2567983,8.8539976
4001856666,"Dorfstrasse 66a, 8630 Rüti ZH",pharmacy,APODRO Apotheke,47.2585757,8.848725
4001856666,"Dorfstrasse 66a, 8630 Rüti ZH",atm,ZKB,47.258933,8.8496866
4001856666,"Dorfstrasse 66a, 8630 Rüti ZH",parking,n/a,47.2584965,8.8498157
4001856666,"Dorfstrasse 66a, 8630 Rüti ZH",parking,n/a,47.25899,8.8507008
4001856666,"Dorfstrasse 66a, 8630 Rüti ZH",restaurant,Shizuka,47.2580604,8.8527523
4001856666,"Dorfstrasse 66a, 8630 Rüti ZH",restaurant,Buon Appetito Pizzakurier,47.2581749,8.8514037
4001856666,"Dorfstrasse 66a, 8630 Rüti ZH",restaurant,Amici miei,47.2584114,8.8509346
4001856666,"Dorfstrasse 66a, 8630 Rüti ZH",restaurant,Seoul Kitchen & BBQ,47.258703,8.84887
4001856666,"Dorfstrasse 66a, 8630 Rüti ZH",fast_food,Akgül,47.2585366,8.8498811
4001856666,"Dorfstrasse 66a, 8630 Rüti ZH",parking,n/a,47.2574578,8.8508299
4001856666,"Dorfstrasse 66a, 8630 Rüti ZH",cafe,XOKÓ,47.2588463,8.8498571
4001856666,"Dorfstrasse 66a, 8630 Rüti ZH",fast_food,Sandwich Factory GmbH,47.2615424,8.8513829
4001856666,"Dorfstrasse 66a, 8630 Rüti ZH",bank,Bank Avera,47.258797,8.851074
4001856666,"Dorfstrasse 66a, 8630 Rüti ZH",restaurant,Ochsen,47.2574681,8.8529959
4001856666,"Dorfstrasse 66a, 8630 Rüti ZH",fast_food,Foodoo,47.2601885,8.8517689
4001856666,"Dorfstrasse 66a, 8630 Rüti ZH",cafe,Vivazzo,47.2601184,8.8534674
4001856666,"Dorfstrasse 66a, 8630 Rüti ZH",clinic,Praxis am Bahnhof,47.2601863,8.8531577
4001856666,"Dorfstrasse 66a, 8630 Rüti ZH",restaurant,Märtegge,47.2586305,8.8491639
4001856666,"Dorfstrasse 66a, 8630 Rüti ZH",fast_food,BBQ Sushi Momo,47.2587631,8.8477967
4001856666,"Dorfstrasse 66a, 8630 Rüti ZH",fast_food,Blue,47.2587814,8.8478678
4001856666,"Dorfstrasse 66a, 8630 Rüti ZH",fast_food,Al Massimo,47.2588493,8.8480518
4001856666,"Dorfstrasse 66a, 8630 Rüti ZH",cafe,Café Rüti,47.2600844,8.8521308
4001841517,"Route de Sion 81, 3960 Sierre",parking,n/a,46.2842403,7.5161854
4001841517,"Route de Sion 81, 3960 Sierre",restaurant,A Table,46.2877311,7.5208975
4001841517,"Route de Sion 81, 3960 Sierre",parking,n/a,46.2876817,7.5204554
4001838215,"Bernstrasse 141, 3400 Burgdorf",parking,n/a,47.0520953,7.6110924
4001838215,"Bernstrasse 141, 3400 Burgdorf",parking,n/a,47.0530519,7.6119283
4001838215,"Bernstrasse 141, 3400 Burgdorf",parking,n/a,47.0530322,7.61328
4001837441,"Via Lugano 17, 6500 Bellinzona",bank,Banca Raiffeisen Bellinzonese e Visagno,46.1902994,9.0201019
4001837441,"Via Lugano 17, 6500 Bellinzona",bar,Bar Indipendenza,46.1901775,9.0226625
4001837441,"Via Lugano 17, 6500 Bellinzona",cafe,Tea Room Gazzaniga,46.1902286,9.022361
4001837441,"Via Lugano 17, 6500 Bellinzona",cafe,Glitter Caffè,46.189843,9.0222774
4001837441,"Via Lugano 17, 6500 Bellinzona",pharmacy,pharamcieplus malè,46.1897623,9.02292
4001837441,"Via Lugano 17, 6500 Bellinzona",restaurant,Osteria Zanzibar,46.1883166,9.0210074
4001835702,"Am Oeschbrig 5, 8053 Zürich",cafe,Cafeteria,47.3560249,8.6009276
4001810866,"Gellertstrasse 2a, 4052 Basel",restaurant,n/a,47.5511342,7.6029046
4001803665,"Iselisberg, 8524 Uesslingen-Buch",restaurant,Aussicht,47.5863561,8.8270048
4001681223,"Rue de la Fiaz 38, 2300 La Chaux-de-Fonds",parking,n/a,47.0874374,6.8099263
4001662189,"Rue des Musées 58, 2300 La Chaux-de-Fonds",cafe,La Belle Affaire,47.1004694,6.8269329
4001662189,"Rue des Musées 58, 2300 La Chaux-de-Fonds",cafe,Le Métro,47.1002381,6.8275657
4001662189,"Rue des Musées 58, 2300 La Chaux-de-Fonds",bar,Buddy'z Lounge,47.0995691,6.8263895
4001662189,"Rue des Musées 58, 2300 La Chaux-de-Fonds",clinic,Clinique de La Tour,47.0996235,6.8264647
4001662189,"Rue des Musées 58, 2300 La Chaux-de-Fonds",cafe,Bessa,47.1007408,6.8273632
4001662189,"Rue des Musées 58, 2300 La Chaux-de-Fonds",cafe,Société de Consommation,47.1010393,6.8292745
4001662189,"Rue des Musées 58, 2300 La Chaux-de-Fonds",pharmacy,Sun Store,47.100348,6.8272758
4001662189,"Rue des Musées 58, 2300 La Chaux-de-Fonds",restaurant,Dolce Vita,47.0994648,6.8262118
4001662189,"Rue des Musées 58, 2300 La Chaux-de-Fonds",cafe,Crême Renversante Café,47.1009254,6.8281518
4001662189,"Rue des Musées 58, 2300 La Chaux-de-Fonds",cafe,Café des Arcades,47.1002756,6.8265865
4001642199,"Rue du Nord 54, 2300 La Chaux-de-Fonds",restaurant,La Différence,47.1070124,6.8296598
4001642199,"Rue du Nord 54, 2300 La Chaux-de-Fonds",pub,Centro Español,47.1069401,6.8290049
4001442139,"Via Montalbano 1, 6925 Gentilino",parking,n/a,45.9912007,8.9327967
4001255523,"Hauptstrasse 41, 4437 Waldenburg",restaurant,Leue,47.3818644,7.7473403
4001255523,"Hauptstrasse 41, 4437 Waldenburg",restaurant,Bella Sicilia,47.3856586,7.7495342
4001255523,"Hauptstrasse 41, 4437 Waldenburg",atm,Basellandschaftliche Kantonalbank,47.3862564,7.7489594
4001255523,"Hauptstrasse 41, 4437 Waldenburg",cafe,Alte Wacht,47.3830155,7.7483743
4000976400,"Amerbachstrasse 64, 4057 Basel",restaurant,Firenze,47.5692427,7.5944428
4000976400,"Amerbachstrasse 64, 4057 Basel",pub,Kiki Bar,47.5692456,7.5941997
4000976400,"Amerbachstrasse 64, 4057 Basel",cafe,Senat Maki's,47.5692456,7.5938822
4000976400,"Amerbachstrasse 64, 4057 Basel",pub,Sport Pub Milan,47.5689609,7.5948146
4000976400,"Amerbachstrasse 64, 4057 Basel",bar,Nordbar,47.5704484,7.5955243
4000976400,"Amerbachstrasse 64, 4057 Basel",restaurant,Che que lomo,47.5705566,7.594893
4000976400,"Amerbachstrasse 64, 4057 Basel",fast_food,Detto Pronto,47.5705037,7.5952502
4000744811,"Rue de la Fiaz 38, 2300 La Chaux-de-Fonds",parking,n/a,47.0874374,6.8099263
4000744717,"Rue de la Fiaz 38, 2300 La Chaux-de-Fonds",parking,n/a,47.0874374,6.8099263
3003296264,"Bahnhofstrasse 172, 6423 Seewen SZ",restaurant,öffentliches Personalrestaurant,47.027521,8.6326752
3003296264,"Bahnhofstrasse 172, 6423 Seewen SZ",restaurant,Divan Bistro,47.029345,8.6296856
3003296264,"Bahnhofstrasse 172, 6423 Seewen SZ",cafe,Blend & Brew,47.0266715,8.6321597
3003296216,"Bahnhofstrasse 172, 6423 Seewen SZ",restaurant,öffentliches Personalrestaurant,47.027521,8.6326752
3003296216,"Bahnhofstrasse 172, 6423 Seewen SZ",restaurant,Divan Bistro,47.029345,8.6296856
3003296216,"Bahnhofstrasse 172, 6423 Seewen SZ",cafe,Blend & Brew,47.0266715,8.6321597
4002078671,"Landstrasse 49, 5415 Nussbaumen",bar,Blue Bird Bar,47.4861844,8.2974375
4002078671,"Landstrasse 49, 5415 Nussbaumen",restaurant,Entehuus China Restaurant,47.4861206,8.2976178
4002078671,"Landstrasse 49, 5415 Nussbaumen",parking,n/a,47.4869477,8.296833
4002078671,"Landstrasse 49, 5415 Nussbaumen",parking,n/a,47.4876945,8.2947811
4002078671,"Landstrasse 49, 5415 Nussbaumen",library,Dorfbibliothek Obersiggenthal,47.4868318,8.2938724
4002078671,"Landstrasse 49, 5415 Nussbaumen",bar,3Sternen Bar,47.4866505,8.2927605
4002078590,"Murgenthalstrasse 4C, 4900 Langenthal",parking,n/a,47.2165441,7.7863946
4002078590,"Murgenthalstrasse 4C, 4900 Langenthal",restaurant,L’AUBERGE,47.2166466,7.7879525
4002078590,"Murgenthalstrasse 4C, 4900 Langenthal",pub,BeBeTo - Bar&Billard,47.2154754,7.7880022
4002078153,"Ziegelhofstrasse 1, 8730 Uznach",bank,St.Galler Kantonalbank,47.2242781,8.9826133
4002078153,"Ziegelhofstrasse 1, 8730 Uznach",atm,n/a,47.2241909,8.982494
4002078153,"Ziegelhofstrasse 1, 8730 Uznach",clinic,Psychiatrie-Zentrum Linthgebiet,47.2243785,8.9837341
4002075344,"Culmannstrasse 20, 8006 Zürich",restaurant,Ristorante Culmann,47.3794422,8.5470198
4002075344,"Culmannstrasse 20, 8006 Zürich",restaurant,La Fontana,47.3797201,8.5469255
4002075344,"Culmannstrasse 20, 8006 Zürich",restaurant,Restaurant Haldenbach,47.3799672,8.5469246
4002075344,"Culmannstrasse 20, 8006 Zürich",fast_food,Züri Bistro,47.38053,8.5479785
4002075344,"Culmannstrasse 20, 8006 Zürich",restaurant,Bamboo Inn,47.3804786,8.5472423
4002075344,"Culmannstrasse 20, 8006 Zürich",cafe,Natural Bites,47.3803426,8.5478344
4002075315,"Sandgrubenstrasse 18, 8330 Pfäffikon ZH",atm,n/a,47.3679644,8.7818315
4002075315,"Sandgrubenstrasse 18, 8330 Pfäffikon ZH",pharmacy,Medbase,47.3678988,8.781923
4002075315,"Sandgrubenstrasse 18, 8330 Pfäffikon ZH",pharmacy,Drogerie Teufer,47.3682623,8.7808047
4002075315,"Sandgrubenstrasse 18, 8330 Pfäffikon ZH",atm,n/a,47.3711464,8.7762164
4002075315,"Sandgrubenstrasse 18, 8330 Pfäffikon ZH",bank,Zürcher Kantonalbank,47.368019,8.7816734
4002075315,"Sandgrubenstrasse 18, 8330 Pfäffikon ZH",bank,PostFinance,47.3681264,8.7804481
4002075315,"Sandgrubenstrasse 18, 8330 Pfäffikon ZH",restaurant,Cucina Piccante,47.3674838,8.7817782
4002075315,"Sandgrubenstrasse 18, 8330 Pfäffikon ZH",bar,The Sunshine Lounge,47.3681279,8.7803568
4002073576,"Akazienweg 22, 8500 Frauenfeld",clinic,Clienia,47.556486,8.8897486
4002060883,"Schulweg 3, 5453 Remetschwil",parking,n/a,47.4072679,8.3282943
4002060883,"Schulweg 3, 5453 Remetschwil",parking,n/a,47.4080098,8.3285772
4002060883,"Schulweg 3, 5453 Remetschwil",restaurant,Restaurant zur Post,47.4082559,8.3268615
4002059591,"Chapfstrasse 13, 8625 Gossau",restaurant,Rosengarten,47.3063621,8.7582492
4002059591,"Chapfstrasse 13, 8625 Gossau",restaurant,Pizzeria Laufenbach,47.3055261,8.7589912
4002059591,"Chapfstrasse 13, 8625 Gossau",atm,n/a,47.3050095,8.7580214
4002055443,"Auf den Fiechten 4, 4147 Aesch BL",fast_food,Werni's Grillimbiss,47.4783727,7.5949291
4002051424,"Altstetterstrasse 247 + 249, 8048 Zürich",school,Schule für Sehbehinderte,47.3850777,8.4861808
4002051268,"Erlenmattweg 7, 4058 Basel",bar,Qbarana Lounge Bar,47.5687669,7.6018111
4002051268,"Erlenmattweg 7, 4058 Basel",bar,Carambolage,47.5683278,7.6004231
4002051268,"Erlenmattweg 7, 4058 Basel",library,feministische bibliothek @spit,47.5684445,7.6009464
4002051268,"Erlenmattweg 7, 4058 Basel",pharmacy,Coop Vitality,47.5697544,7.6036227
4002051268,"Erlenmattweg 7, 4058 Basel",restaurant,Matt & Elly Brewery & Kitchen,47.56969,7.6034296
4002050974,"Altstetterstrasse 247 + 249, 8048 Zürich",school,Schule für Sehbehinderte,47.3850777,8.4861808
4002050973,"Altstetterstrasse 247 + 249, 8048 Zürich",school,Schule für Sehbehinderte,47.3850777,8.4861808
4002050972,"Altstetterstrasse 247 + 249, 8048 Zürich",school,Schule für Sehbehinderte,47.3850777,8.4861808
4002047849,"Buckhauserstrasse 49, 8048 Zürich",restaurant,UBS Restaurant Flur,47.382807,8.4929412
4002047849,"Buckhauserstrasse 49, 8048 Zürich",atm,UBS Bancomat,47.3828726,8.4929615
4002047849,"Buckhauserstrasse 49, 8048 Zürich",restaurant,UBS Restaurant Snackeria Flurhof,47.3825966,8.4926584
4002047849,"Buckhauserstrasse 49, 8048 Zürich",restaurant,Thai Style,47.3838416,8.4947954
4002047849,"Buckhauserstrasse 49, 8048 Zürich",restaurant,Restaurant Buckhuser,47.3837393,8.4925808
4002047849,"Buckhauserstrasse 49, 8048 Zürich",restaurant,Lunchmarket,47.3850743,8.4924041
4002047849,"Buckhauserstrasse 49, 8048 Zürich",bank,Valiant,47.3841976,8.4942783
4002047849,"Buckhauserstrasse 49, 8048 Zürich",restaurant,Intermezzo,47.3837329,8.4925606
4002047849,"Buckhauserstrasse 49, 8048 Zürich",school,kinder campus,47.3844657,8.4945248
4002047849,"Buckhauserstrasse 49, 8048 Zürich",parking,Medienpark,47.3844014,8.4950445
4002042468,"Gartenstrasse 6, 8002 Zürich",pharmacy,Apotheke zur Bleiche,47.3678875,8.5348942
4002042468,"Gartenstrasse 6, 8002 Zürich",restaurant,Korner,47.3686567,8.5339963
4002042468,"Gartenstrasse 6, 8002 Zürich",bank,Migros Bank,47.3674788,8.5345119
4002042468,"Gartenstrasse 6, 8002 Zürich",restaurant,Moudi,47.3697863,8.5343368
4002042468,"Gartenstrasse 6, 8002 Zürich",bar,Balboa Bar & Gym,47.3686781,8.5356419
4002042468,"Gartenstrasse 6, 8002 Zürich",restaurant,Vemezza,47.3687901,8.533995
4002042468,"Gartenstrasse 6, 8002 Zürich",fast_food,Happy Chef,47.3679354,8.5350652
4002042468,"Gartenstrasse 6, 8002 Zürich",bar,Fleming's,47.3696334,8.5334346
4002042468,"Gartenstrasse 6, 8002 Zürich",restaurant,Stamped,47.3697712,8.5341158
4002042468,"Gartenstrasse 6, 8002 Zürich",bank,Vontobel,47.3676857,8.5353314
4002042468,"Gartenstrasse 6, 8002 Zürich",restaurant,roots,47.368752,8.535695
4002042468,"Gartenstrasse 6, 8002 Zürich",cafe,RPOS Coffehouse,47.3678817,8.534686
4002042468,"Gartenstrasse 6, 8002 Zürich",restaurant,Wild Bowls,47.3678059,8.5343157
4002042468,"Gartenstrasse 6, 8002 Zürich",bar,La Lup,47.3695695,8.5333627
4002039938,"Rue Louis-D'Affry 6, 1700 Fribourg",parking,Parking de la Gare,46.8041248,7.1512473
4002039938,"Rue Louis-D'Affry 6, 1700 Fribourg",restaurant,Alconi Restaurant - Cantine,46.8040456,7.1510044
4002039938,"Rue Louis-D'Affry 6, 1700 Fribourg",university,Beauregard 01,46.8025294,7.1490731
4002039720,"Erlenmattstrasse 18, 4058 Basel",bar,Carambolage,47.5683278,7.6004231
4002039720,"Erlenmattstrasse 18, 4058 Basel",library,feministische bibliothek @spit,47.5684445,7.6009464
4002039720,"Erlenmattstrasse 18, 4058 Basel",school,Primarschulhaus Erlenmatt,47.5689989,7.6004078
4002038670,"Via Quinta 59, 6710 Biasca",restaurant,Nazionale,46.3519741,8.9736943
4002038670,"Via Quinta 59, 6710 Biasca",restaurant,Stazione Grill,46.3512214,8.9738891
4002038670,"Via Quinta 59, 6710 Biasca",restaurant,Lucomagno,46.3525022,8.9734966
4002038668,"Via Beltramina 8, 6900 Lugano",fast_food,Mondo Pizza,46.0192886,8.9572029
4002038668,"Via Beltramina 8, 6900 Lugano",cafe,n/a,46.0182606,8.9588315
4002038668,"Via Beltramina 8, 6900 Lugano",cafe,Bar al 74,46.018148,8.9570188
4002038668,"Via Beltramina 8, 6900 Lugano",pharmacy,Daniela Sartori,46.0157886,8.955199
4002038668,"Via Beltramina 8, 6900 Lugano",bar,n/a,46.0169857,8.9557817
4002038668,"Via Beltramina 8, 6900 Lugano",pharmacy,Farmacia Stella,46.0191428,8.9574995
4002038668,"Via Beltramina 8, 6900 Lugano",fast_food,n/a,46.0163455,8.9551676
4002038668,"Via Beltramina 8, 6900 Lugano",fast_food,Speedy pizza,46.0166978,8.9569552
4002038668,"Via Beltramina 8, 6900 Lugano",fast_food,Maistà food,46.0168022,8.9569575
4002038668,"Via Beltramina 8, 6900 Lugano",fast_food,Kebab Arbil,46.0193531,8.9572419
4002038668,"Via Beltramina 8, 6900 Lugano",restaurant,Ristorante La Veranda,46.0194909,8.9573375
4002038668,"Via Beltramina 8, 6900 Lugano",restaurant,Billy Food,46.01803,8.9576649
4002038663,"Bahnhofstrasse 7, 4415 Lausen",restaurant,Restaurant Bernerhof,47.4713325,7.7598939
4002038663,"Bahnhofstrasse 7, 4415 Lausen",fast_food,Lausener,47.4712785,7.761635
4002038663,"Bahnhofstrasse 7, 4415 Lausen",restaurant,Bären,47.4713406,7.7613016
4002038663,"Bahnhofstrasse 7, 4415 Lausen",restaurant,Ben Fatto,47.4705263,7.7602413
4002038663,"Bahnhofstrasse 7, 4415 Lausen",parking,n/a,47.4706474,7.7599998
4002037350,"Berntorgasse 16, 3600 Thun",atm,n/a,46.7605565,7.6278634
4002037350,"Berntorgasse 16, 3600 Thun",parking,n/a,46.7605911,7.6282485
4002037350,"Berntorgasse 16, 3600 Thun",restaurant,Trattoria Rimini,46.7607851,7.6287416
4002037350,"Berntorgasse 16, 3600 Thun",restaurant,Casa Iberica,46.7604709,7.628235
4002037350,"Berntorgasse 16, 3600 Thun",restaurant,Karussell,46.7609362,7.6278866
4002037350,"Berntorgasse 16, 3600 Thun",pub,McArthurs Pub,46.7605645,7.627705
4002037350,"Berntorgasse 16, 3600 Thun",restaurant,Red Ox,46.7602019,7.6285237
4002037350,"Berntorgasse 16, 3600 Thun",restaurant,La Bodega,46.7602478,7.6285192
4002037350,"Berntorgasse 16, 3600 Thun",cafe,Cortina Lounge,46.7603369,7.6287248
4002037350,"Berntorgasse 16, 3600 Thun",restaurant,Rama Thai Restaurant und Take Away,46.7611367,7.6288034
4002037350,"Berntorgasse 16, 3600 Thun",restaurant,Tran,46.7606896,7.6285063
4002037350,"Berntorgasse 16, 3600 Thun",restaurant,Waaghaus,46.7599794,7.6274584
4002037350,"Berntorgasse 16, 3600 Thun",bar,Thurm,46.7607858,7.6269711
4002037350,"Berntorgasse 16, 3600 Thun",bar,Anthra,46.7615664,7.6285741
4002037350,"Berntorgasse 16, 3600 Thun",fast_food,Coop Take away,46.7602765,7.6271777
4002037350,"Berntorgasse 16, 3600 Thun",parking,n/a,46.7609387,7.6277653
4002037350,"Berntorgasse 16, 3600 Thun",fast_food,Munzur,46.760807,7.6285679
4002037350,"Berntorgasse 16, 3600 Thun",restaurant,Pronto,46.7607254,7.6287421
4002037350,"Berntorgasse 16, 3600 Thun",fast_food,Cira,46.7609095,7.6285634
4002029971,"Bois de la Chapelle 63, 1213 Onex",restaurant,Asmara,46.1903604,6.1037018
4002017369,"Avenue du Temple 1-3, 1020 Renens VD",pharmacy,Pharmacie Rose Rouge,46.5361536,6.5877377
4002009966,"Oberer Rheinweg 35, 4058 Basel",restaurant,Brauerei Fischerstube,47.5592957,7.5932323
4002009966,"Oberer Rheinweg 35, 4058 Basel",restaurant,Restaurant zur Linde,47.5593624,7.5931568
4002009966,"Oberer Rheinweg 35, 4058 Basel",pub,8Bar,47.5603488,7.5916665
4002009966,"Oberer Rheinweg 35, 4058 Basel",restaurant,Brauerzunft,47.5604591,7.5917922
4002009966,"Oberer Rheinweg 35, 4058 Basel",bar,Consum,47.5602389,7.5920448
4002009966,"Oberer Rheinweg 35, 4058 Basel",cafe,Pulpo,47.5585241,7.5941531
4002009966,"Oberer Rheinweg 35, 4058 Basel",restaurant,zem alte Schluuch,47.5608684,7.5915059
4002009966,"Oberer Rheinweg 35, 4058 Basel",restaurant,Zum Schmale Wurf,47.5602748,7.5916791
4002009966,"Oberer Rheinweg 35, 4058 Basel",restaurant,RhyWyera,47.561092,7.5905972
4002009966,"Oberer Rheinweg 35, 4058 Basel",restaurant,Ufer7,47.5610452,7.5906378
4002009966,"Oberer Rheinweg 35, 4058 Basel",restaurant,Du Pont,47.560565,7.5910314
4002009966,"Oberer Rheinweg 35, 4058 Basel",bar,Blaupause,47.5602047,7.5929324
4002009966,"Oberer Rheinweg 35, 4058 Basel",restaurant,Gabri's Pasta,47.5592231,7.5932539
4002009966,"Oberer Rheinweg 35, 4058 Basel",bar,Schall und Rauch Bar,47.5599894,7.5922865
4002009966,"Oberer Rheinweg 35, 4058 Basel",restaurant,Sonne,47.5600427,7.5922305
4001980238,"Im Römerquartier 4A, 4800 Zofingen",bar,Havanna,47.2872256,7.9470513
4001980238,"Im Römerquartier 4A, 4800 Zofingen",restaurant,Stadtkeller,47.2873911,7.947331
4001980238,"Im Römerquartier 4A, 4800 Zofingen",restaurant,Pizzeria & Bar Letzi,47.2870287,7.9464995
4001980238,"Im Römerquartier 4A, 4800 Zofingen",restaurant,Le Cheval Blanc,47.2872195,7.946152
4001980238,"Im Römerquartier 4A, 4800 Zofingen",fast_food,City Pizza,47.2870881,7.9464368
4001980238,"Im Römerquartier 4A, 4800 Zofingen",restaurant,Café Damascus,47.2869612,7.9463905
4001980238,"Im Römerquartier 4A, 4800 Zofingen",restaurant,Chuchi Station,47.2846873,7.9459932
4001980238,"Im Römerquartier 4A, 4800 Zofingen",restaurant,Frohsinn,47.2848545,7.9458774
4001976792,"Centralweg 16, 3013 Bern",fast_food,gio,46.9556624,7.4453265
4001976792,"Centralweg 16, 3013 Bern",restaurant,Brasserie Lorraine,46.9579807,7.445612
4001976792,"Centralweg 16, 3013 Bern",restaurant,La Carbonara,46.9580433,7.4465318
4001976792,"Centralweg 16, 3013 Bern",restaurant,Hof-Bistro,46.957451,7.4467117
4001976792,"Centralweg 16, 3013 Bern",restaurant,Okra,46.9561265,7.4448525
4001976792,"Centralweg 16, 3013 Bern",school,denk:mal,46.9567601,7.4454367
4001976792,"Centralweg 16, 3013 Bern",restaurant,mensa Five,46.9558918,7.4447901
4001976792,"Centralweg 16, 3013 Bern",cafe,Lorraine 22,46.9564727,7.4451463
4001976792,"Centralweg 16, 3013 Bern",parking,n/a,46.9568974,7.4451816
4001976792,"Centralweg 16, 3013 Bern",restaurant,Namsan,46.9569927,7.4449947
4001976792,"Centralweg 16, 3013 Bern",restaurant,Glückskeks,46.9569712,7.4450707
4001976792,"Centralweg 16, 3013 Bern",bar,Wartsaal,46.9566332,7.4447528
4001976792,"Centralweg 16, 3013 Bern",cafe,Bistro zytlos,46.9571784,7.4467912
4001976792,"Centralweg 16, 3013 Bern",restaurant,WerkStadt Lorraine,46.9563625,7.4451577
4001976792,"Centralweg 16, 3013 Bern",restaurant,Indian Kitchen,46.9576217,7.4445968
4001964147,"Hegenheimerstrasse 47, 4055 Basel",restaurant,Pho Asia Vietnamese Food,47.5614009,7.5743702
4001964147,"Hegenheimerstrasse 47, 4055 Basel",restaurant,Domino's Pizza,47.5615711,7.574275
4001964147,"Hegenheimerstrasse 47, 4055 Basel",restaurant,Milchhüsli,47.561151,7.574944
4001964147,"Hegenheimerstrasse 47, 4055 Basel",university,"Faculty of Psychology, University of Basel",47.5612651,7.5752961
4001964147,"Hegenheimerstrasse 47, 4055 Basel",cafe,Kaffeekanne,47.5603846,7.5715119
4001964147,"Hegenheimerstrasse 47, 4055 Basel",pharmacy,Sonnen-Apotheke,47.5605396,7.5721886
4001964147,"Hegenheimerstrasse 47, 4055 Basel",restaurant,Best Pizza,47.5614046,7.5750079
4001964147,"Hegenheimerstrasse 47, 4055 Basel",cafe,Kaphi,47.5593174,7.5735831
4001963761,"Radarstrasse 7, 3013 Bern",restaurant,Roseto,46.9537549,7.4578977
4001962645,"Lörracherstrasse 146, 4125 Riehen",parking,n/a,47.5929037,7.655188
4001961205,"Bachlettenstrasse 47, 4054 Basel",restaurant,Sukhothai,47.5496409,7.5802149
4001961205,"Bachlettenstrasse 47, 4054 Basel",pub,Templum,47.5504714,7.5808569
4001961205,"Bachlettenstrasse 47, 4054 Basel",restaurant,Ristorante La Vela,47.5505454,7.5807065
4001961205,"Bachlettenstrasse 47, 4054 Basel",restaurant,roots,47.550335,7.5811371
4001955020,"Lessingstrasse 9, 8002 Zürich",restaurant,Kai Sushi,47.3598916,8.5239764
4001955020,"Lessingstrasse 9, 8002 Zürich",restaurant,Leafs Restaurant,47.3595759,8.5247174
4001879398,"Bahnhofstrasse 29, 6162 Entlebuch",school,Primarschule Pfrundmatt,46.9917328,8.0638217
4001879398,"Bahnhofstrasse 29, 6162 Entlebuch",bank,Clientis EB Entlebucher Bank,46.9915175,8.0641135
4001879398,"Bahnhofstrasse 29, 6162 Entlebuch",parking,Hotel Drei Königen,46.9935998,8.0649697
4001879398,"Bahnhofstrasse 29, 6162 Entlebuch",restaurant,Meienrisli,46.9929681,8.0649105
4001879398,"Bahnhofstrasse 29, 6162 Entlebuch",restaurant,Bahnhöfli,46.9929875,8.0625944
4001879398,"Bahnhofstrasse 29, 6162 Entlebuch",pharmacy,Entlebucher Drogerie,46.9928962,8.0651532
4001858474,"Dorfstrasse 68, 8630 Rüti ZH",restaurant,Al Seda,47.2602363,8.8499769
4001858474,"Dorfstrasse 68, 8630 Rüti ZH",restaurant,Freihof,47.2606077,8.8512817
4001858474,"Dorfstrasse 68, 8630 Rüti ZH",cafe,Café Voland,47.2589937,8.8503832
4001858474,"Dorfstrasse 68, 8630 Rüti ZH",restaurant,Foodoo - Asian Kitchen,47.2599583,8.8518278
4001858474,"Dorfstrasse 68, 8630 Rüti ZH",restaurant,Löwen,47.2595753,8.8512636
4001858474,"Dorfstrasse 68, 8630 Rüti ZH",restaurant,Klosterhof,47.2595514,8.8493536
4001858474,"Dorfstrasse 68, 8630 Rüti ZH",restaurant,Sonne,47.2567983,8.8539976
4001858474,"Dorfstrasse 68, 8630 Rüti ZH",pharmacy,APODRO Apotheke,47.2585757,8.848725
4001858474,"Dorfstrasse 68, 8630 Rüti ZH",atm,ZKB,47.258933,8.8496866
4001858474,"Dorfstrasse 68, 8630 Rüti ZH",parking,n/a,47.2584965,8.8498157
4001858474,"Dorfstrasse 68, 8630 Rüti ZH",parking,n/a,47.25899,8.8507008
4001858474,"Dorfstrasse 68, 8630 Rüti ZH",restaurant,Shizuka,47.2580604,8.8527523
4001858474,"Dorfstrasse 68, 8630 Rüti ZH",restaurant,Buon Appetito Pizzakurier,47.2581749,8.8514037
4001858474,"Dorfstrasse 68, 8630 Rüti ZH",restaurant,Amici miei,47.2584114,8.8509346
4001858474,"Dorfstrasse 68, 8630 Rüti ZH",restaurant,Seoul Kitchen & BBQ,47.258703,8.84887
4001858474,"Dorfstrasse 68, 8630 Rüti ZH",fast_food,Akgül,47.2585366,8.8498811
4001858474,"Dorfstrasse 68, 8630 Rüti ZH",parking,n/a,47.2574578,8.8508299
4001858474,"Dorfstrasse 68, 8630 Rüti ZH",cafe,XOKÓ,47.2588463,8.8498571
4001858474,"Dorfstrasse 68, 8630 Rüti ZH",fast_food,Sandwich Factory GmbH,47.2615424,8.8513829
4001858474,"Dorfstrasse 68, 8630 Rüti ZH",bank,Bank Avera,47.258797,8.851074
4001858474,"Dorfstrasse 68, 8630 Rüti ZH",restaurant,Ochsen,47.2574681,8.8529959
4001858474,"Dorfstrasse 68, 8630 Rüti ZH",fast_food,Foodoo,47.2601885,8.8517689
4001858474,"Dorfstrasse 68, 8630 Rüti ZH",cafe,Vivazzo,47.2601184,8.8534674
4001858474,"Dorfstrasse 68, 8630 Rüti ZH",clinic,Praxis am Bahnhof,47.2601863,8.8531577
4001858474,"Dorfstrasse 68, 8630 Rüti ZH",restaurant,Märtegge,47.2586305,8.8491639
4001858474,"Dorfstrasse 68, 8630 Rüti ZH",fast_food,BBQ Sushi Momo,47.2587631,8.8477967
4001858474,"Dorfstrasse 68, 8630 Rüti ZH",fast_food,Blue,47.2587814,8.8478678
4001858474,"Dorfstrasse 68, 8630 Rüti ZH",fast_food,Al Massimo,47.2588493,8.8480518
4001858474,"Dorfstrasse 68, 8630 Rüti ZH",cafe,Café Rüti,47.2600844,8.8521308
4001858368,"Neuhardstrasse 11, 4600 Olten",restaurant,C.R.E. Las Palmeras,47.3484945,7.9096633
4001858368,"Neuhardstrasse 11, 4600 Olten",fast_food,Tütüs Pizza Express,47.3484888,7.9098487
4001858314,"Dorfstrasse 66, 8630 Rüti ZH",bus_station,"Rüti, Bahnhof",47.2601519,8.8548585
4001858314,"Dorfstrasse 66, 8630 Rüti ZH",bank,Zürcher Kantonalbank,47.2593135,8.855339
4001858314,"Dorfstrasse 66, 8630 Rüti ZH",fast_food,Big Daddy,47.2602337,8.8540598
4001858314,"Dorfstrasse 66, 8630 Rüti ZH",fast_food,3Men's Kebab,47.2603892,8.8536298
4001858314,"Dorfstrasse 66, 8630 Rüti ZH",atm,n/a,47.2593411,8.8552679
4001858314,"Dorfstrasse 66, 8630 Rüti ZH",parking,n/a,47.259354,8.8547552
4001858314,"Dorfstrasse 66, 8630 Rüti ZH",fast_food,Maroni,47.2602517,8.8546358
4001858314,"Dorfstrasse 66, 8630 Rüti ZH",parking,n/a,47.2603371,8.8557751
4001858314,"Dorfstrasse 66, 8630 Rüti ZH",parking,n/a,47.2606221,8.8580306
4001858314,"Dorfstrasse 66, 8630 Rüti ZH",restaurant,Grill Bistro Bar,47.2603215,8.8538043
4001858314,"Dorfstrasse 66, 8630 Rüti ZH",parking,n/a,47.2600784,8.8600672
4001858314,"Dorfstrasse 66, 8630 Rüti ZH",parking,n/a,47.2591832,8.8575401
4001858314,"Dorfstrasse 66, 8630 Rüti ZH",parking,n/a,47.2600613,8.8542439
4001858314,"Dorfstrasse 66, 8630 Rüti ZH",atm,Postfinance,47.2604541,8.854048
4001858314,"Dorfstrasse 66, 8630 Rüti ZH",fast_food,Foodoo,47.2601885,8.8517689
4001858314,"Dorfstrasse 66, 8630 Rüti ZH",cafe,Vivazzo,47.2601184,8.8534674
4001858314,"Dorfstrasse 66, 8630 Rüti ZH",clinic,Praxis am Bahnhof,47.2601863,8.8531577
4001858314,"Dorfstrasse 66, 8630 Rüti ZH",atm,UBS,47.2606287,8.8532141
4001858314,"Dorfstrasse 66, 8630 Rüti ZH",cafe,Café Rüti,47.2600844,8.8521308
4001856669,"Dorfstrasse 68, 8630 Rüti ZH",bus_station,"Rüti, Bahnhof",47.2601519,8.8548585
4001856669,"Dorfstrasse 68, 8630 Rüti ZH",bank,Zürcher Kantonalbank,47.2593135,8.855339
4001856669,"Dorfstrasse 68, 8630 Rüti ZH",fast_food,Big Daddy,47.2602337,8.8540598
4001856669,"Dorfstrasse 68, 8630 Rüti ZH",fast_food,3Men's Kebab,47.2603892,8.8536298
4001856669,"Dorfstrasse 68, 8630 Rüti ZH",atm,n/a,47.2593411,8.8552679
4001856669,"Dorfstrasse 68, 8630 Rüti ZH",parking,n/a,47.259354,8.8547552
4001856669,"Dorfstrasse 68, 8630 Rüti ZH",fast_food,Maroni,47.2602517,8.8546358
4001856669,"Dorfstrasse 68, 8630 Rüti ZH",parking,n/a,47.2603371,8.8557751
4001856669,"Dorfstrasse 68, 8630 Rüti ZH",parking,n/a,47.2606221,8.8580306
4001856669,"Dorfstrasse 68, 8630 Rüti ZH",restaurant,Grill Bistro Bar,47.2603215,8.8538043
4001856669,"Dorfstrasse 68, 8630 Rüti ZH",parking,n/a,47.2600784,8.8600672
4001856669,"Dorfstrasse 68, 8630 Rüti ZH",parking,n/a,47.2591832,8.8575401
4001856669,"Dorfstrasse 68, 8630 Rüti ZH",parking,n/a,47.2600613,8.8542439
4001856669,"Dorfstrasse 68, 8630 Rüti ZH",atm,Postfinance,47.2604541,8.854048
4001856669,"Dorfstrasse 68, 8630 Rüti ZH",fast_food,Foodoo,47.2601885,8.8517689
4001856669,"Dorfstrasse 68, 8630 Rüti ZH",cafe,Vivazzo,47.2601184,8.8534674
4001856669,"Dorfstrasse 68, 8630 Rüti ZH",clinic,Praxis am Bahnhof,47.2601863,8.8531577
4001856669,"Dorfstrasse 68, 8630 Rüti ZH",atm,UBS,47.2606287,8.8532141
4001856669,"Dorfstrasse 68, 8630 Rüti ZH",cafe,Café Rüti,47.2600844,8.8521308
4001852654,"Klingentalgraben 37, 4057 Basel",restaurant,Parterre One,47.5637639,7.591176
4001852654,"Klingentalgraben 37, 4057 Basel",pharmacy,Klybeck Apotheke,47.5656841,7.591063
4001852654,"Klingentalgraben 37, 4057 Basel",cafe,Saint Tropez,47.5651584,7.5940531
4001852654,"Klingentalgraben 37, 4057 Basel",cafe,Clara,47.5644905,7.592551
4001852654,"Klingentalgraben 37, 4057 Basel",restaurant,Klybeck Casino,47.5644661,7.5916896
4001852654,"Klingentalgraben 37, 4057 Basel",restaurant,Taste of Mykonos,47.5660236,7.5909437
4001852654,"Klingentalgraben 37, 4057 Basel",bar,Alpenblick,47.5659372,7.5909695
4001852654,"Klingentalgraben 37, 4057 Basel",bar,KABAR,47.5636143,7.5908456
4001852654,"Klingentalgraben 37, 4057 Basel",fast_food,Vegitat,47.5656938,7.5913352
4001852654,"Klingentalgraben 37, 4057 Basel",restaurant,Valentino's Place,47.5658489,7.590881
4001852654,"Klingentalgraben 37, 4057 Basel",bar,Flore,47.5648065,7.5912772
4001852654,"Klingentalgraben 37, 4057 Basel",cafe,Internetcafé Planet13,47.56559,7.5913444
4001852654,"Klingentalgraben 37, 4057 Basel",atm,n/a,47.5661075,7.5909485
4001852654,"Klingentalgraben 37, 4057 Basel",cafe,Whisky Bar,47.5647535,7.592706
4001852654,"Klingentalgraben 37, 4057 Basel",cafe,Finkmüller,47.5658557,7.5912746
4001852654,"Klingentalgraben 37, 4057 Basel",fast_food,The Siam Delicious,47.5662091,7.5912098
4001852654,"Klingentalgraben 37, 4057 Basel",restaurant,walther bistrobar,47.5629813,7.5890317
4001836989,"Niederdorfstrasse 37, 8001 Zürich",pub,Gräbli-Bar,47.3755965,8.5441089
4001836989,"Niederdorfstrasse 37, 8001 Zürich",restaurant,Rheinfelder Bierhalle,47.3759081,8.5441559
4001836989,"Niederdorfstrasse 37, 8001 Zürich",restaurant,Johanniter,47.3757513,8.5441431
4001836989,"Niederdorfstrasse 37, 8001 Zürich",restaurant,Bierhalle Wolf,47.3758264,8.543866
4001836989,"Niederdorfstrasse 37, 8001 Zürich",restaurant,Weinstube 1923,47.3764199,8.5441261
4001836989,"Niederdorfstrasse 37, 8001 Zürich",cafe,Schurter,47.3763302,8.5440373
4001836989,"Niederdorfstrasse 37, 8001 Zürich",restaurant,La Pasta,47.3760133,8.5441095
4001836989,"Niederdorfstrasse 37, 8001 Zürich",fast_food,Chopstick express,47.3760644,8.5440933
4001836989,"Niederdorfstrasse 37, 8001 Zürich",fast_food,Central Geylan Kebap Haus,47.3759873,8.5439456
4001836989,"Niederdorfstrasse 37, 8001 Zürich",restaurant,Pizzeria Da Raffaele,47.375826,8.5441268
4001836989,"Niederdorfstrasse 37, 8001 Zürich",restaurant,N-68,47.3756656,8.5441177
4001836989,"Niederdorfstrasse 37, 8001 Zürich",pub,5. Akt,47.3754942,8.544079
4001836989,"Niederdorfstrasse 37, 8001 Zürich",restaurant,Rank,47.3754161,8.5440085
4001836989,"Niederdorfstrasse 37, 8001 Zürich",restaurant,Rank,47.3753537,8.5439974
4001836989,"Niederdorfstrasse 37, 8001 Zürich",fast_food,1001 Take Away,47.3753239,8.5438222
4001836989,"Niederdorfstrasse 37, 8001 Zürich",pub,Big Ben Pub,47.3751577,8.5439328
4001836989,"Niederdorfstrasse 37, 8001 Zürich",restaurant,Tasca Romero,47.3748977,8.5437335
4001836989,"Niederdorfstrasse 37, 8001 Zürich",restaurant,Osteria Borgo,47.3746589,8.5437374
4001836989,"Niederdorfstrasse 37, 8001 Zürich",cafe,Marea,47.3745643,8.5432628
4001836989,"Niederdorfstrasse 37, 8001 Zürich",atm,Zürcher Kantonalbank,47.3752342,8.5434539
4001836989,"Niederdorfstrasse 37, 8001 Zürich",cafe,Grande,47.3753724,8.543539
4001836989,"Niederdorfstrasse 37, 8001 Zürich",bar,Grande Cafe & Bar,47.3754177,8.543598
4001836989,"Niederdorfstrasse 37, 8001 Zürich",pub,Cha Cha Cha,47.3746906,8.5434991
4001836989,"Niederdorfstrasse 37, 8001 Zürich",restaurant,toscano,47.374778,8.543543
4001836989,"Niederdorfstrasse 37, 8001 Zürich",cafe,By Ey's,47.3746904,8.5433961
4001836989,"Niederdorfstrasse 37, 8001 Zürich",bar,Fumoir,47.3755152,8.5441638
4001836989,"Niederdorfstrasse 37, 8001 Zürich",restaurant,Suan Long,47.3752069,8.5437776
4001836989,"Niederdorfstrasse 37, 8001 Zürich",cafe,franzos,47.3761481,8.5438868
4001836989,"Niederdorfstrasse 37, 8001 Zürich",bank,Zürcher Kantonalbank,47.3752501,8.5435096
4001836989,"Niederdorfstrasse 37, 8001 Zürich",fast_food,Zürich Fried Chicken,47.375049,8.543749
4001836989,"Niederdorfstrasse 37, 8001 Zürich",atm,Bankomat,47.3753926,8.5438615
4001836989,"Niederdorfstrasse 37, 8001 Zürich",restaurant,MyVi's,47.3746758,8.5435796
4001836989,"Niederdorfstrasse 37, 8001 Zürich",restaurant,Chopstick,47.3760514,8.5438763
4001836989,"Niederdorfstrasse 37, 8001 Zürich",fast_food,Swing Kitchen,47.3757559,8.543855
4001809267,"Madretschstrasse 72, 2503 Bienne",cafe,Delta Bar,47.1363248,7.2569862
4001809267,"Madretschstrasse 72, 2503 Bienne",fast_food,Bravo Pizza,47.1343076,7.255173
4001809267,"Madretschstrasse 72, 2503 Bienne",parking,n/a,47.1329241,7.2567841
4001809267,"Madretschstrasse 72, 2503 Bienne",parking,n/a,47.1337612,7.2568258
4001809267,"Madretschstrasse 72, 2503 Bienne",parking,n/a,47.1337863,7.2559719
4001809267,"Madretschstrasse 72, 2503 Bienne",parking,n/a,47.133918,7.2541349
4001809267,"Madretschstrasse 72, 2503 Bienne",school,École primaire Madretsch - Primarschule Madretsch,47.1352806,7.2560845
4001809267,"Madretschstrasse 72, 2503 Bienne",restaurant,Ristorante Pizzeria da Piano,47.1349092,7.2560281
4001809267,"Madretschstrasse 72, 2503 Bienne",restaurant,Sonne,47.1363899,7.2574994
4001809267,"Madretschstrasse 72, 2503 Bienne",parking,n/a,47.1359628,7.2582681
4001809267,"Madretschstrasse 72, 2503 Bienne",parking,n/a,47.1357189,7.2595067
4001809267,"Madretschstrasse 72, 2503 Bienne",restaurant,Cheminée,47.1365979,7.2558212
4001809267,"Madretschstrasse 72, 2503 Bienne",restaurant,Bistro Mama Fefe,47.1326218,7.2525312
4001786521,"Missionsstrasse 21D, 4055 Basel",library,Archiv der Basler Mission/mission 21,47.5590725,7.5780005
4001786521,"Missionsstrasse 21D, 4055 Basel",restaurant,Ayledo,47.5591356,7.5780844
4001786521,"Missionsstrasse 21D, 4055 Basel",restaurant,Ayledo,47.5586462,7.5774232
4001761552,"Amerbachstrasse 66, 4057 Basel",restaurant,Firenze,47.5692427,7.5944428
4001761552,"Amerbachstrasse 66, 4057 Basel",pub,Kiki Bar,47.5692456,7.5941997
4001761552,"Amerbachstrasse 66, 4057 Basel",cafe,Senat Maki's,47.5692456,7.5938822
4001761552,"Amerbachstrasse 66, 4057 Basel",pub,Sport Pub Milan,47.5689609,7.5948146
4001761552,"Amerbachstrasse 66, 4057 Basel",bar,Nordbar,47.5704484,7.5955243
4001761552,"Amerbachstrasse 66, 4057 Basel",restaurant,Habesha,47.5701487,7.596197
4001761552,"Amerbachstrasse 66, 4057 Basel",fast_food,Detto Pronto,47.5705037,7.5952502
4001668529,"Via Sasso Corbaro 19, 6593 Cadenazzo",pharmacy,Pharmacia Centrale,46.1517314,8.9461626
4001668529,"Via Sasso Corbaro 19, 6593 Cadenazzo",bank,Raiffeisen,46.1518588,8.9452132
4001668529,"Via Sasso Corbaro 19, 6593 Cadenazzo",pub,Leilo Bar,46.1516511,8.9458343
4001668529,"Via Sasso Corbaro 19, 6593 Cadenazzo",library,Biblioteca della Scuola Media di Cadenazzo,46.1510167,8.9418564
4001668529,"Via Sasso Corbaro 19, 6593 Cadenazzo",restaurant,Pizzeria Bar CLUB,46.1507227,8.9431726
4001495431,"Mattenstrasse 81, 2503 Biel",cafe,Delta Bar,47.1363248,7.2569862
4001495431,"Mattenstrasse 81, 2503 Biel",school,École primaire Madretsch - Primarschule Madretsch,47.1352806,7.2560845
4001495431,"Mattenstrasse 81, 2503 Biel",restaurant,Ristorante Pizzeria da Piano,47.1349092,7.2560281
4001495431,"Mattenstrasse 81, 2503 Biel",restaurant,Sonne,47.1363899,7.2574994
4001495431,"Mattenstrasse 81, 2503 Biel",school,n/a,47.1359236,7.2538884
4001495431,"Mattenstrasse 81, 2503 Biel",parking,n/a,47.1359628,7.2582681
4001495431,"Mattenstrasse 81, 2503 Biel",library,Bibliothèque interculturelle LibriMondo,47.1363395,7.2520459
4001495431,"Mattenstrasse 81, 2503 Biel",restaurant,Cheminée,47.1365979,7.2558212
4001495422,"Alleestrasse 7, 2503 Biel",restaurant,Stadtgarten,47.1341869,7.249561
4001495422,"Alleestrasse 7, 2503 Biel",cafe,Sultan,47.1339181,7.249858
4001495422,"Alleestrasse 7, 2503 Biel",school,n/a,47.1359236,7.2538884
4001495422,"Alleestrasse 7, 2503 Biel",library,Bibliothèque interculturelle LibriMondo,47.1363395,7.2520459
4001495422,"Alleestrasse 7, 2503 Biel",restaurant,Cheminée,47.1365979,7.2558212
4001464139,"Rue de la Fiaz 38, 2300 La Chaux-de-Fonds",parking,n/a,47.0874374,6.8099263
4001044152,"Hauptstrasse 10, 4147 Aesch BL",parking,n/a,47.4635568,7.6039398
4001044152,"Hauptstrasse 10, 4147 Aesch BL",restaurant,Restaurant Jura,47.4674892,7.6002346
4002081715,"Zürcherstrasse 15, 8852 Altendorf",restaurant,Landgasthof Rose,47.1925307,8.8303375
4002081715,"Zürcherstrasse 15, 8852 Altendorf",cafe,Bäckerei Knobel,47.1924103,8.8309053
4002081715,"Zürcherstrasse 15, 8852 Altendorf",cafe,Café Seepark,47.1929842,8.827564
4002081715,"Zürcherstrasse 15, 8852 Altendorf",restaurant,Gasthof Schwanen,47.1921715,8.8301893
4002081715,"Zürcherstrasse 15, 8852 Altendorf",restaurant,Kreuz Bar,47.1926361,8.8298969
4002081715,"Zürcherstrasse 15, 8852 Altendorf",library,Bibliothek Altendorf,47.1914911,8.8300972
4002081715,"Zürcherstrasse 15, 8852 Altendorf",bank,Bank Linth,47.1926716,8.8297208
4002081715,"Zürcherstrasse 15, 8852 Altendorf",restaurant,D.O.C. Ristorante Pizzeria,47.1939675,8.8223333
4002079584,"Rebacker 13, 8905 Arni",school,Primarschule Arni,47.3193073,8.4189424
4002079584,"Rebacker 13, 8905 Arni",atm,n/a,47.3182848,8.4195982
4002079584,"Rebacker 13, 8905 Arni",library,Bibliothek Arni,47.3191609,8.4184838
4002078048,"Turnerstrasse 18, 8006 Zürich",cafe,Sorell Rex,47.3847859,8.5431484
4002077719,"Engerainhalde 10, 3613 Steffisburg",restaurant,Pizzeria da Mamma,46.779065,7.6118807
4002074918,"Promenada 35b, 7018 Flims",fast_food,Anatolia Kebab,46.8279058,9.2882545
4002074918,"Promenada 35b, 7018 Flims",restaurant,cappuccino,46.826994,9.2887343
4002074918,"Promenada 35b, 7018 Flims",parking,n/a,46.828933,9.2872599
4002074918,"Promenada 35b, 7018 Flims",cafe,Bistro Kaufmannfrauen,46.8284206,9.2885681
4002074918,"Promenada 35b, 7018 Flims",cafe,DeliCious,46.8255573,9.2890267
4002074918,"Promenada 35b, 7018 Flims",restaurant,Pomodoro,46.8281277,9.287759
4002074918,"Promenada 35b, 7018 Flims",bar,Tankstelle,46.8258862,9.2883176
4002074918,"Promenada 35b, 7018 Flims",restaurant,il forno,46.826256,9.2884755
4002074918,"Promenada 35b, 7018 Flims",restaurant,Suay Thai,46.825835,9.2884128
4002074918,"Promenada 35b, 7018 Flims",restaurant,Vivaldi,46.8260564,9.2883522
4002074918,"Promenada 35b, 7018 Flims",bar,Segens,46.8282694,9.2877646
4002074913,"Laubisrütistrasse 53, 8712 Stäfa",parking,n/a,47.2384282,8.7455883
4002074913,"Laubisrütistrasse 53, 8712 Stäfa",parking,n/a,47.2376159,8.7500567
4002074913,"Laubisrütistrasse 53, 8712 Stäfa",cafe,Maison Truffe,47.2380375,8.74799
4002074480,"Oberwilerstrasse 27, 4106 Therwil",restaurant,Trattoria Antichi Sapori,47.4995355,7.5545861
4002074480,"Oberwilerstrasse 27, 4106 Therwil",parking,n/a,47.4989468,7.5545262
4002074480,"Oberwilerstrasse 27, 4106 Therwil",pharmacy,Dorf Drogerie,47.4994697,7.5551167
4002074480,"Oberwilerstrasse 27, 4106 Therwil",atm,n/a,47.4994485,7.555641
4002074480,"Oberwilerstrasse 27, 4106 Therwil",pub,Wunder Bar,47.4993501,7.5530192
4002074480,"Oberwilerstrasse 27, 4106 Therwil",cafe,KAFFI-BAR Träumli,47.4994975,7.5547914
4002073985,"Herbstweg 77, 8050 Zürich",parking,n/a,47.4064312,8.5603832
4002073985,"Herbstweg 77, 8050 Zürich",parking,n/a,47.4068525,8.5606713
4002073696,"Kirchweg 3, 5622 Waltenschwil",parking,n/a,47.3332731,8.3012122
4002073696,"Kirchweg 3, 5622 Waltenschwil",bank,Raiffeisen,47.3341726,8.300905
4002073696,"Kirchweg 3, 5622 Waltenschwil",restaurant,Volare,47.3350844,8.3034041
4002073696,"Kirchweg 3, 5622 Waltenschwil",atm,Raiffeisen,47.3342326,8.3008324
4002073617,"Dorfstrasse 51, 8192 Glattfelden",restaurant,Kafi Judith,47.5589277,8.4993908
4002073617,"Dorfstrasse 51, 8192 Glattfelden",atm,n/a,47.5590777,8.501287
4002073307,4202 Duggingen,restaurant,zum Sternen,47.4529368,7.6050954
4002072656,"Chastli 40, 8718 Schänis",parking,n/a,47.1635172,9.0543551
4002072569,"Kruft 6, 9425 Thal",parking,n/a,47.4657739,9.5734581
4002072569,"Kruft 6, 9425 Thal",restaurant,Löwen,47.4663406,9.5730317
4002072569,"Kruft 6, 9425 Thal",school,Schulhaus Bild,47.4649688,9.5704508
4002072569,"Kruft 6, 9425 Thal",pub,Wurzel Pub,47.4643289,9.5694443
4002072569,"Kruft 6, 9425 Thal",restaurant,Schäfli,47.4647096,9.5685351
4002072569,"Kruft 6, 9425 Thal",parking,n/a,47.4652013,9.5721586
4002072547,"Dorfstrasse 1, 8934 Knonau",library,Bibliothek Knonau,47.2241879,8.4622272
4002072378,"Neubadstrasse 149, 4054 Basel",bank,UBS,47.5466512,7.5645224
4002072378,"Neubadstrasse 149, 4054 Basel",bank,Basler Kantonalbank,47.5471251,7.5651173
4002072378,"Neubadstrasse 149, 4054 Basel",cafe,Café Bar Mélange,47.5467954,7.565239
4002072378,"Neubadstrasse 149, 4054 Basel",pharmacy,Neubad-Apotheke,47.5471864,7.5647596
4002072378,"Neubadstrasse 149, 4054 Basel",cafe,Sutter Begg,47.547317,7.56516
4002072378,"Neubadstrasse 149, 4054 Basel",atm,n/a,47.5461951,7.564392
4002072378,"Neubadstrasse 149, 4054 Basel",cafe,Smilla,47.546341,7.5626751
4002072378,"Neubadstrasse 149, 4054 Basel",restaurant,pico,47.546335,7.5644729
4002071726,"Lombardeiweg 12, 3904 Naters",restaurant,Belalp,46.3256101,7.9895552
4002071726,"Lombardeiweg 12, 3904 Naters",restaurant,Cafe Naters,46.3253473,7.9891382
4002071726,"Lombardeiweg 12, 3904 Naters",restaurant,Cafe zur Post,46.3253362,7.9889842
4002071726,"Lombardeiweg 12, 3904 Naters",restaurant,Ornavasso,46.3252126,7.9882098
4002071726,"Lombardeiweg 12, 3904 Naters",school,Primarschule Naters,46.3266274,7.9869167
4002071702,"Dorfstrasse 45, 5436 Würenlos",school,n/a,47.442674,8.3666918
4002071702,"Dorfstrasse 45, 5436 Würenlos",restaurant,Pizzeria Blume,47.4437746,8.3643562
4002071702,"Dorfstrasse 45, 5436 Würenlos",restaurant,Alpenrösli,47.4429303,8.3656875
4002071702,"Dorfstrasse 45, 5436 Würenlos",cafe,n/a,47.4420816,8.3646725
4002071526,"Bättwilerstrasse 37, 4108 Witterswil",bank,Raiffeisenbank Leimental,47.4854708,7.5224182
4002071526,"Bättwilerstrasse 37, 4108 Witterswil",atm,n/a,47.4854292,7.5224952
4002071305,"Lindhaldenstrasse 120, 3076 Worb",cafe,wäbui Bistro,46.928127,7.5773253
4002070235,8008 Zürich,cafe,Kornsilo,47.3517143,8.560923
4002070235,8008 Zürich,bar,Blaue Ente,47.3517875,8.5611622
4002070235,8008 Zürich,restaurant,Blaue Ente,47.3519503,8.5611316
4002069898,"Tobelhofstrasse 344, 8044 Gockhausen",school,Sprachheilschule Zürich,47.3855785,8.5995688
4002069772,"Kurvenstrasse 13, 8006 Zürich",school,Dayschool Beckenhof,47.3834916,8.5413134
4002068897,"Stückelbergstrasse 4, 9000 St. Gallen",parking,n/a,47.4160182,9.3553586
4002068567,"Pfäffikonerstrasse 16, 8834 Schindellegi",restaurant,Restaurant zum Hirschen,47.1745996,8.7117871
4002068567,"Pfäffikonerstrasse 16, 8834 Schindellegi",restaurant,Etzel Kebab Pi̇zzeri̇a,47.1746058,8.712526
4002066394,"Fischerhäuserstrasse 7, 8200 Schaffhausen",restaurant,Güterhof,47.6955227,8.6412581
4002066394,"Fischerhäuserstrasse 7, 8200 Schaffhausen",restaurant,Sommerlust,47.6946173,8.6473018
4002066394,"Fischerhäuserstrasse 7, 8200 Schaffhausen",restaurant,Little Italy,47.6958151,8.6405621
4002066394,"Fischerhäuserstrasse 7, 8200 Schaffhausen",restaurant,Casanova,47.6956995,8.6397655
4002066394,"Fischerhäuserstrasse 7, 8200 Schaffhausen",restaurant,Romana,47.6958656,8.6395698
4002066394,"Fischerhäuserstrasse 7, 8200 Schaffhausen",restaurant,Schäfli,47.6957247,8.6392532
4002066394,"Fischerhäuserstrasse 7, 8200 Schaffhausen",pharmacy,Unterstadt-Apotheke & Post,47.6957809,8.6403009
4002066394,"Fischerhäuserstrasse 7, 8200 Schaffhausen",cafe,Gelateria El Bertin,47.695748,8.6396928
4002066394,"Fischerhäuserstrasse 7, 8200 Schaffhausen",bus_station,Rhyfallexpress zum Rheinfall,47.6955651,8.6408977
4002066394,"Fischerhäuserstrasse 7, 8200 Schaffhausen",cafe,n/a,47.6953794,8.6445429
4002066394,"Fischerhäuserstrasse 7, 8200 Schaffhausen",parking,n/a,47.6945138,8.6467512
4002066394,"Fischerhäuserstrasse 7, 8200 Schaffhausen",atm,Postfinance,47.6955032,8.6403454
4002066394,"Fischerhäuserstrasse 7, 8200 Schaffhausen",bar,Meier's Pool,47.6954432,8.6398764
4002066394,"Fischerhäuserstrasse 7, 8200 Schaffhausen",fast_food,Sababa Food,47.6955864,8.6398566
4002066394,"Fischerhäuserstrasse 7, 8200 Schaffhausen",cafe,station16,47.6958349,8.6396749
4002066394,"Fischerhäuserstrasse 7, 8200 Schaffhausen",cafe,Café am Rheinquai,47.6953761,8.6423408
4002066349,"Bergstrasse 10, 8735 St. Gallenkappel",restaurant,Restaurant Waldegg,47.2432362,8.9596027
4002066349,"Bergstrasse 10, 8735 St. Gallenkappel",parking,n/a,47.2438373,8.9600836
4002064906,"Bahnhofplatz 1, 8802 Kilchberg",atm,Zürcher Kantonalbank,47.3242612,8.5480919
4002064906,"Bahnhofplatz 1, 8802 Kilchberg",pharmacy,Bahnhof-Apotheke,47.3241085,8.5484968
4002064906,"Bahnhofplatz 1, 8802 Kilchberg",cafe,Kafi Känzig,47.3235876,8.5486712
4002064906,"Bahnhofplatz 1, 8802 Kilchberg",clinic,Dr. med. Annemarie Koch-Holch & Dr. med. James Koch,47.3244424,8.5480809
4002064689,"Frohsinnweg 3, 6314 Unterägeri",restaurant,La Corona,47.1374908,8.5846995
4002064689,"Frohsinnweg 3, 6314 Unterägeri",restaurant,Lindenhof,47.1359193,8.5849028
4002064689,"Frohsinnweg 3, 6314 Unterägeri",library,Bibliothek Ägerital,47.1375098,8.5833274
4002064689,"Frohsinnweg 3, 6314 Unterägeri",cafe,Zumbach,47.1374223,8.5853139
4002064689,"Frohsinnweg 3, 6314 Unterägeri",restaurant,Ägerihof,47.1371525,8.5844143
4002064689,"Frohsinnweg 3, 6314 Unterägeri",cafe,Dorf Café,47.1371463,8.5842447
4002064689,"Frohsinnweg 3, 6314 Unterägeri",fast_food,Ägeri Kebap Haus,47.1370128,8.5838258
4002064689,"Frohsinnweg 3, 6314 Unterägeri",bar,Downtown Lorze Bar,47.1369384,8.5830603
4002064689,"Frohsinnweg 3, 6314 Unterägeri",pub,JugendPub,47.1369688,8.5846982
4002064689,"Frohsinnweg 3, 6314 Unterägeri",restaurant,Peking Ente,47.1371025,8.5840763
4002064689,"Frohsinnweg 3, 6314 Unterägeri",restaurant,Chilli House,47.1373527,8.5832241
4002064689,"Frohsinnweg 3, 6314 Unterägeri",restaurant,Pizzeria Ägeri Post,47.1374053,8.5826942
4002064689,"Frohsinnweg 3, 6314 Unterägeri",parking,n/a,47.1371888,8.5846487
4002064689,"Frohsinnweg 3, 6314 Unterägeri",cafe,Ägeri Eis,47.1372203,8.5839862
4002064402,"Baarerstrasse 125, 6300 Zug",restaurant,Lieblings Salat,47.1776904,8.5179287
4002064402,"Baarerstrasse 125, 6300 Zug",cafe,niente,47.1804722,8.5187853
4002064402,"Baarerstrasse 125, 6300 Zug",cafe,Hotz Rust,47.1778884,8.5183324
4002064402,"Baarerstrasse 125, 6300 Zug",restaurant,Lokal97,47.178342,8.5180983
4002064402,"Baarerstrasse 125, 6300 Zug",restaurant,Aki,47.1813528,8.5189609
4002064402,"Baarerstrasse 125, 6300 Zug",fast_food,Dailypizza,47.1781386,8.5180189
4002059469,"Via alle Vigne 8, 6963 Lugano",restaurant,La locanda di Emilio,46.0199938,8.9686227
4002059462,"Naphtastrasse 10, 8005 Zürich",school,Schule Pfingstweid,47.3875218,8.5157604
4002059462,"Naphtastrasse 10, 8005 Zürich",bar,Mäx Club,47.3867082,8.5171685
4002059462,"Naphtastrasse 10, 8005 Zürich",restaurant,roots,47.3873149,8.5171254
4002059462,"Naphtastrasse 10, 8005 Zürich",bar,k2,47.3865085,8.5164968
4002059462,"Naphtastrasse 10, 8005 Zürich",restaurant,Ooki Temporary,47.3863109,8.5169496
4002059045,"Dorfstrasse 22, 8906 Bonstetten",restaurant,Bäckerei-Café Betschart,47.3153841,8.4682427
4002059045,"Dorfstrasse 22, 8906 Bonstetten",restaurant,Restaurant Linde,47.3147558,8.4690237
4002058754,"Via Consiglio Mezzano 40, 6644 Orselina",parking,n/a,46.1770255,8.7959014
4002058754,"Via Consiglio Mezzano 40, 6644 Orselina",clinic,Clinica Fondazione Varini,46.1775397,8.799939
4002055053,"Im Schachenhof 21A, 8906 Bonstetten",atm,Zürcher Kantonalbank,47.3257507,8.4725945
4002054431,"Route de Sion 81, 3960 Sierre",parking,n/a,46.2842403,7.5161854
4002054431,"Route de Sion 81, 3960 Sierre",restaurant,A Table,46.2877311,7.5208975
4002054431,"Route de Sion 81, 3960 Sierre",parking,n/a,46.2876817,7.5204554
4002052099,"Via Ponte Vecchio 6, 6807 Taverne",parking,n/a,46.0646194,8.9333466
4002052099,"Via Ponte Vecchio 6, 6807 Taverne",restaurant,Motto del Gallo,46.0641059,8.9293976
4002051765,"Gartenstrasse 2a, 8910 Affoltern am Albis",pub,roots,47.2770365,8.4510941
4002051765,"Gartenstrasse 2a, 8910 Affoltern am Albis",parking,n/a,47.2767568,8.4513424
4002051765,"Gartenstrasse 2a, 8910 Affoltern am Albis",bank,Credit Suisse,47.2762189,8.4509401
4002051765,"Gartenstrasse 2a, 8910 Affoltern am Albis",parking,n/a,47.277444,8.4529562
4002051765,"Gartenstrasse 2a, 8910 Affoltern am Albis",cafe,Momenti di Dolcezza,47.2765251,8.451965
4002051765,"Gartenstrasse 2a, 8910 Affoltern am Albis",restaurant,Albis Treff,47.276728,8.4516379
4002051568,"Chemin Du Devin 47c, 1012 Lausanne",parking,n/a,46.5312086,6.6517861
4002051568,"Chemin Du Devin 47c, 1012 Lausanne",parking,n/a,46.531182,6.6518164
4002051568,"Chemin Du Devin 47c, 1012 Lausanne",parking,n/a,46.5311032,6.6519281
4002051568,"Chemin Du Devin 47c, 1012 Lausanne",parking,n/a,46.5314019,6.6524828
4002051568,"Chemin Du Devin 47c, 1012 Lausanne",parking,n/a,46.5316027,6.652361
4002051405,"Rue du Petit-St-Jean 5, 1003 Lausanne",bank,Banque Migros,46.5201679,6.6309046
4002051405,"Rue du Petit-St-Jean 5, 1003 Lausanne",cafe,Loxton,46.5210346,6.6333454
4002051405,"Rue du Petit-St-Jean 5, 1003 Lausanne",cafe,R Cha,46.5214858,6.6320717
4002051405,"Rue du Petit-St-Jean 5, 1003 Lausanne",pub,Mc Carthy's,46.5213697,6.6323014
4002051405,"Rue du Petit-St-Jean 5, 1003 Lausanne",cafe,Café du Pont,46.5211155,6.6329693
4002051405,"Rue du Petit-St-Jean 5, 1003 Lausanne",restaurant,Chinatown,46.5212252,6.6321118
4002051405,"Rue du Petit-St-Jean 5, 1003 Lausanne",bar,Ōmi,46.521208,6.6321479
4002051405,"Rue du Petit-St-Jean 5, 1003 Lausanne",fast_food,Prince d'Egypte,46.5210841,6.6346874
4002051405,"Rue du Petit-St-Jean 5, 1003 Lausanne",cafe,Café Louve,46.5212683,6.6323482
4002051405,"Rue du Petit-St-Jean 5, 1003 Lausanne",pub,Café des philosophes,46.5212754,6.6325327
4002051405,"Rue du Petit-St-Jean 5, 1003 Lausanne",bar,Loxton,46.5211838,6.63331
4002050199,"Quai du Seujet 14, 1201 Genève",parking,Parking du Seujet,46.2045325,6.1346785
4002050199,"Quai du Seujet 14, 1201 Genève",bank,L’EFG Bank,46.2048991,6.1349585
4002050199,"Quai du Seujet 14, 1201 Genève",restaurant,Rodeo Grill,46.2053648,6.1354272
4002050199,"Quai du Seujet 14, 1201 Genève",cafe,L'Quai,46.2054465,6.1356915
4002050199,"Quai du Seujet 14, 1201 Genève",restaurant,Mo Bar,46.2055758,6.1407286
4002050199,"Quai du Seujet 14, 1201 Genève",restaurant,L'Etna,46.2052587,6.1353911
4002049785,"Hofwiesenweg 5, 8405 Winterthur",bank,Zürcher Kantonalbank,47.4844208,8.7598959
4002049785,"Hofwiesenweg 5, 8405 Winterthur",parking,n/a,47.4852927,8.7562722
4002049785,"Hofwiesenweg 5, 8405 Winterthur",parking,n/a,47.4859684,8.7555791
4002049785,"Hofwiesenweg 5, 8405 Winterthur",restaurant,Restaurant Kafi Burehus,47.4866133,8.7594559
4002049785,"Hofwiesenweg 5, 8405 Winterthur",restaurant,Ginger Haus,47.4842096,8.7597043
4002049471,"Frankengasse 25, 8001 Zürich",restaurant,Bei Moudi am Kunsthaus,47.3707349,8.5479863
4002049471,"Frankengasse 25, 8001 Zürich",restaurant,zum Grünen Glas,47.3715334,8.5457722
4002049471,"Frankengasse 25, 8001 Zürich",parking,n/a,47.3706752,8.5484952
4002049471,"Frankengasse 25, 8001 Zürich",library,Kunsthaus Bibliothek,47.3698909,8.5482874
4002049471,"Frankengasse 25, 8001 Zürich",restaurant,Hirschli,47.3708839,8.5463951
4002048472,"Hauptstrasse 20, 8246 Langwiesen",school,Schule Langwiesen,47.6843961,8.661784
4002047744,"Rue de Lyon 61bis, 1203 Genève",pharmacy,Pharmacie de la Dôle,46.2074676,6.130493
4002047744,"Rue de Lyon 61bis, 1203 Genève",restaurant,Mr. Pal,46.208272,6.1286696
4002047744,"Rue de Lyon 61bis, 1203 Genève",pharmacy,Pharmacie Populaire Charmilles,46.2081577,6.1274194
4002047744,"Rue de Lyon 61bis, 1203 Genève",restaurant,Bella Vita,46.2086113,6.1317972
4002047744,"Rue de Lyon 61bis, 1203 Genève",restaurant,Fujiyama Restaurant,46.2087403,6.1336793
4002047744,"Rue de Lyon 61bis, 1203 Genève",bar,Poolmania Super Bock,46.2085491,6.133344
4002047744,"Rue de Lyon 61bis, 1203 Genève",restaurant,La Gazelle d'Or (Restaurant Erythréen),46.2086127,6.1330424
4002047744,"Rue de Lyon 61bis, 1203 Genève",pharmacy,Pharmacie de l'Île verte,46.2086008,6.1313716
4002047744,"Rue de Lyon 61bis, 1203 Genève",cafe,Entre Nous,46.2073067,6.1299849
4002047744,"Rue de Lyon 61bis, 1203 Genève",cafe,Mel's thai,46.2085849,6.1314479
4002047744,"Rue de Lyon 61bis, 1203 Genève",fast_food,Silver Kebab,46.2082421,6.1278904
4002046383,"Hochstrasse 307, 8200 Schaffhausen",restaurant,"Sandlöchli, TTM Gastro",47.716743,8.6481386
4002044163,"Feldeckstrasse 13, 2502 Biel/Bienne",fast_food,Borgia,47.1464835,7.2550439
4002044163,"Feldeckstrasse 13, 2502 Biel/Bienne",restaurant,Sotto Sopra,47.1466758,7.2547438
4002044163,"Feldeckstrasse 13, 2502 Biel/Bienne",cafe,Boulangerie & Konditorei Gurzelen,47.1445824,7.25765
4002044163,"Feldeckstrasse 13, 2502 Biel/Bienne",restaurant,Culinary Artists,47.1476732,7.2569878
4002044163,"Feldeckstrasse 13, 2502 Biel/Bienne",restaurant,SOSUSHI,47.1446845,7.2575071
4002039929,"Zur Stahlgiesserei 5, 8200 Schaffhausen",restaurant,Khawa,47.7037097,8.6304461
4002039929,"Zur Stahlgiesserei 5, 8200 Schaffhausen",bar,Nachbar,47.7037001,8.6300309
4002038373,"Flühstrasse 15, 4114 Hofstetten SO",bank,Raiffeisenbank Leimental,47.475674,7.5170393
4002036023,"Haldenweidstrasse 6, 8309 Nürensdorf",parking,n/a,47.458482,8.6341967
4002034708,"Zürichstrasse 10A, 8340 Hinwil",atm,Zürcher Kantonalbank,47.3016519,8.8432967
4002034708,"Zürichstrasse 10A, 8340 Hinwil",restaurant,Freihof,47.3020449,8.8433849
4002034708,"Zürichstrasse 10A, 8340 Hinwil",parking,ZKB,47.3014527,8.8433224
4002034708,"Zürichstrasse 10A, 8340 Hinwil",library,Mediothek,47.3003352,8.8423714
4002034708,"Zürichstrasse 10A, 8340 Hinwil",restaurant,Vecchia Posta,47.3024368,8.843914
4002034708,"Zürichstrasse 10A, 8340 Hinwil",restaurant,Pizzeria Zentrum,47.3008134,8.8427708
4002034708,"Zürichstrasse 10A, 8340 Hinwil",pharmacy,TopPharm,47.3032289,8.8408128
4002034708,"Zürichstrasse 10A, 8340 Hinwil",parking,n/a,47.302182,8.8418703
4002034708,"Zürichstrasse 10A, 8340 Hinwil",bank,Zürcher Kantonalbank,47.3015951,8.8432143
4002034708,"Zürichstrasse 10A, 8340 Hinwil",fast_food,Mek Döner,47.302854,8.8419795
4002034708,"Zürichstrasse 10A, 8340 Hinwil",pharmacy,APODRO Apotheke,47.3008387,8.8429643
4002034708,"Zürichstrasse 10A, 8340 Hinwil",cafe,Bistro Dolci Bottega,47.3006866,8.844416
4002034708,"Zürichstrasse 10A, 8340 Hinwil",bar,Wattä Chäller,47.3028873,8.8424465
4002034708,"Zürichstrasse 10A, 8340 Hinwil",parking,n/a,47.3021518,8.844524
4002034708,"Zürichstrasse 10A, 8340 Hinwil",parking,n/a,47.3029644,8.8399198
4002034708,"Zürichstrasse 10A, 8340 Hinwil",parking,n/a,47.3024909,8.8394699
4002034708,"Zürichstrasse 10A, 8340 Hinwil",parking,n/a,47.3011105,8.8430572
4002024874,"Im Feldacher 22, 8320 Fehraltorf",pub,Zeppelin Pub,47.3851651,8.7586502
4002024874,"Im Feldacher 22, 8320 Fehraltorf",restaurant,ZEPP Restaurant Bar Lounge,47.3851019,8.7587691
4002024738,"Viale 1814 11, 6512 Bellinzona",restaurant,"Ristorante Del ""Moro""",46.1722536,9.0095665
4002024738,"Viale 1814 11, 6512 Bellinzona",restaurant,Millefiori,46.173616,9.0060268
4002024738,"Viale 1814 11, 6512 Bellinzona",parking,Via San Giobbe,46.1728407,9.0085824
4002024738,"Viale 1814 11, 6512 Bellinzona",parking,Del Moro,46.1724901,9.0093427
4002024738,"Viale 1814 11, 6512 Bellinzona",cafe,Country Boy,46.1725454,9.0096622
4002024738,"Viale 1814 11, 6512 Bellinzona",pharmacy,Farmacia Pedrazzetti SA,46.1725716,9.0098743
4002024738,"Viale 1814 11, 6512 Bellinzona",restaurant,Ristorante & Pizzeria San Giobbe,46.1725308,9.0084598
4002024738,"Viale 1814 11, 6512 Bellinzona",cafe,Snack Bar Ideal,46.1743276,9.008976
4002024738,"Viale 1814 11, 6512 Bellinzona",restaurant,Camoghè,46.1736912,9.0039389
4002024738,"Viale 1814 11, 6512 Bellinzona",restaurant,Mr. Joe City,46.1737636,9.0040439
4002023569,"Im Chratz 2, 8158 Regensberg",restaurant,Gasthof Kurt,47.4823699,8.4366244
4002023569,"Im Chratz 2, 8158 Regensberg",restaurant,Krone,47.482692,8.4390169
4002023569,"Im Chratz 2, 8158 Regensberg",cafe,Inlinea,47.4823555,8.4371167
4002023036,"Schuetzenweg 24, 9470 Buchs SG",parking,n/a,47.1554891,9.4790012
4002023036,"Schuetzenweg 24, 9470 Buchs SG",parking,n/a,47.1555168,9.4797085
4002023036,"Schuetzenweg 24, 9470 Buchs SG",parking,n/a,47.1554924,9.4795786
4002023036,"Schuetzenweg 24, 9470 Buchs SG",parking,n/a,47.1557292,9.4791016
4002023036,"Schuetzenweg 24, 9470 Buchs SG",parking,n/a,47.1563568,9.4793105
4002023036,"Schuetzenweg 24, 9470 Buchs SG",parking,n/a,47.1563588,9.4782837
4002023036,"Schuetzenweg 24, 9470 Buchs SG",parking,n/a,47.155413,9.4766068
4002017920,"Amerikanerstrasse 36, 4102 Binningen",pharmacy,Kronen-Apotheke,47.5374436,7.5714245
4002017920,"Amerikanerstrasse 36, 4102 Binningen",bar,Highspeed Music Bar,47.5367883,7.5717556
4002017920,"Amerikanerstrasse 36, 4102 Binningen",bank,UBS,47.5374691,7.5713196
4002017920,"Amerikanerstrasse 36, 4102 Binningen",restaurant,n/a,47.5333551,7.5710137
4002017920,"Amerikanerstrasse 36, 4102 Binningen",restaurant,Krone,47.5379517,7.5715103
4002017613,"Bahnhofstrasse 47, 4900 Langenthal",atm,Postomat,47.2165829,7.7851636
4002017613,"Bahnhofstrasse 47, 4900 Langenthal",parking,n/a,47.2164543,7.7847291
4002016199,"Goldschlägistrasse 14, 8952 Schlieren",restaurant,Sabor,47.3972017,8.439591
4002015281,"Nordstrasse 34, 8200 Schaffhausen",atm,Schaffhauser Kantonalbank,47.6999951,8.626022
4002015281,"Nordstrasse 34, 8200 Schaffhausen",restaurant,Schützenhaus,47.6997923,8.6265911
4002015281,"Nordstrasse 34, 8200 Schaffhausen",restaurant,Spielvi,47.6999925,8.6256757
4002015001,"Gundeldingerstrasse 462, 4053 Basel",restaurant,Viertel-Kreis,47.5370825,7.6039023
4002003864,"Rathausgässli 7, 5600 Lenzburg",bar,Art Cigar,47.3875165,8.1798543
4002003864,"Rathausgässli 7, 5600 Lenzburg",cafe,Rathaus-Café,47.3871758,8.1807177
4002003864,"Rathausgässli 7, 5600 Lenzburg",restaurant,Duo,47.3874702,8.1801463
4002001659,"Rindermarkt 12, 8001 Zürich",restaurant,Kantorei,47.3724275,8.5455328
4002001659,"Rindermarkt 12, 8001 Zürich",restaurant,zum Grünen Glas,47.3715334,8.5457722
4002001659,"Rindermarkt 12, 8001 Zürich",restaurant,Bauern Schänke,47.3724243,8.5452101
4002001659,"Rindermarkt 12, 8001 Zürich",restaurant,Hôtel Bourbon,47.3716921,8.5446644
4002001659,"Rindermarkt 12, 8001 Zürich",restaurant,Öpfelchammer,47.3723465,8.5445758
4002001659,"Rindermarkt 12, 8001 Zürich",library,Baugeschichtliches Archiv,47.372393,8.5457593
4002001659,"Rindermarkt 12, 8001 Zürich",restaurant,Hirschli,47.3708839,8.5463951
4002001659,"Rindermarkt 12, 8001 Zürich",bar,Hôtel Bourbon at Turm,47.3717106,8.5447069
4002000737,"Rue Bourg-de-Four 23, 1170 Aubonne",library,Bibliothèque communale - section adulte,46.496072,6.391029
4002000737,"Rue Bourg-de-Four 23, 1170 Aubonne",library,Bibliothèque communale - section jeunesse,46.4960055,6.3902729
4002000737,"Rue Bourg-de-Four 23, 1170 Aubonne",restaurant,Njôrden Restaurant,46.4951939,6.3913812
4002000737,"Rue Bourg-de-Four 23, 1170 Aubonne",parking,n/a,46.4952357,6.3900642
4002000737,"Rue Bourg-de-Four 23, 1170 Aubonne",atm,n/a,46.4950241,6.3909218
4002000737,"Rue Bourg-de-Four 23, 1170 Aubonne",pharmacy,PharmaciePlus du Marché,46.4952476,6.3912291
4001999942,"Hauptstrasse 76, 4148 Pfeffingen",parking,n/a,47.458161,7.5913503
4001999448,"Hardstrasse 14, 4127 Birsfelden",bank,Basellandschaftliche Kantonalbank,47.55297,7.623018
4001999448,"Hardstrasse 14, 4127 Birsfelden",restaurant,BONANZA 2,47.5524699,7.6237986
4001999448,"Hardstrasse 14, 4127 Birsfelden",restaurant,Luxor,47.5525595,7.6240178
4001999448,"Hardstrasse 14, 4127 Birsfelden",bar,Roxy Bar,47.5516336,7.6236547
4001999448,"Hardstrasse 14, 4127 Birsfelden",cafe,Café Bar Santana,47.5511296,7.6241732
4001999448,"Hardstrasse 14, 4127 Birsfelden",restaurant,Rebstock,47.5506791,7.6243472
4001999182,"Hegenheimerstrasse 86, 4055 Basel",restaurant,Strassburgerhof,47.5616632,7.5687611
4001999182,"Hegenheimerstrasse 86, 4055 Basel",cafe,Cafe Helvetia,47.5600912,7.5678475
4001999182,"Hegenheimerstrasse 86, 4055 Basel",cafe,Kaffeekanne,47.5603846,7.5715119
4001999182,"Hegenheimerstrasse 86, 4055 Basel",pharmacy,Sonnen-Apotheke,47.5605396,7.5721886
4001993429,"Orbe 68, 1400 Yverdon-les-Bains",cafe,Kiosque chez Marcello,46.779649,6.6328428
4001993429,"Orbe 68, 1400 Yverdon-les-Bains",cafe,Café Romand,46.7788713,6.6318896
4001993005,"Hauptstrasse 59, 6313 Edlibach",restaurant,Restaurant Edlibacherhof,47.1826764,8.5702292
4001991999,"Kirchbodenstrasse 77, 8800 Thalwil",restaurant,Al Franco,47.2929131,8.5662617
4001991999,"Kirchbodenstrasse 77, 8800 Thalwil",restaurant,Höfli,47.2939363,8.5673718
4001991999,"Kirchbodenstrasse 77, 8800 Thalwil",parking,n/a,47.2919122,8.5693993
4001991999,"Kirchbodenstrasse 77, 8800 Thalwil",cafe,n/a,47.2933022,8.5659878
4001991999,"Kirchbodenstrasse 77, 8800 Thalwil",restaurant,Ming Asian Kitchen,47.2936836,8.5665354
4001990553,"Alte Bahnhofstrasse 6, 5610 Wohlen AG",fast_food,Subway,47.3504291,8.2713915
4001990553,"Alte Bahnhofstrasse 6, 5610 Wohlen AG",pharmacy,Benu,47.3502754,8.2717362
4001990553,"Alte Bahnhofstrasse 6, 5610 Wohlen AG",restaurant,Testarossa,47.3500564,8.2689405
4001990553,"Alte Bahnhofstrasse 6, 5610 Wohlen AG",parking,n/a,47.3504486,8.2709459
4001990553,"Alte Bahnhofstrasse 6, 5610 Wohlen AG",restaurant,Güpf,47.3511414,8.2714926
4001990553,"Alte Bahnhofstrasse 6, 5610 Wohlen AG",pharmacy,Coop Vitality,47.3502049,8.2703125
4001990553,"Alte Bahnhofstrasse 6, 5610 Wohlen AG",atm,n/a,47.3500093,8.2681481
4001990269,"Dorfplatz 2, 4142 Münchenstein",restaurant,Griechische Taverne,47.5121099,7.6210929
4001990269,"Dorfplatz 2, 4142 Münchenstein",restaurant,Restaurant Wintergarten,47.5104317,7.6210298
4001985374,"Winkelbüel 2, 6043 Adligenswil",parking,n/a,47.0718773,8.3784842
4001985374,"Winkelbüel 2, 6043 Adligenswil",parking,n/a,47.0727192,8.3796393
4001985374,"Winkelbüel 2, 6043 Adligenswil",parking,n/a,47.0727183,8.3794267
4001985374,"Winkelbüel 2, 6043 Adligenswil",parking,n/a,47.0724611,8.3788764
4001985374,"Winkelbüel 2, 6043 Adligenswil",parking,n/a,47.0724092,8.3785877
4001985374,"Winkelbüel 2, 6043 Adligenswil",parking,n/a,47.0722792,8.3786373
4001985374,"Winkelbüel 2, 6043 Adligenswil",parking,n/a,47.0720997,8.3783471
4001985374,"Winkelbüel 2, 6043 Adligenswil",parking,n/a,47.071922,8.3780989
4001985374,"Winkelbüel 2, 6043 Adligenswil",parking,n/a,47.072054,8.3780744
4001983891,"Landoltstrasse 64, 3007 Bern",fast_food,Schönau,46.9373695,7.4394939
4001983891,"Landoltstrasse 64, 3007 Bern",parking,n/a,46.9369799,7.4392433
4001980266,"Oetlingerstr. 8, 4057 Basel",bar,Oetlinger-Buvette,47.5670666,7.58652
4001980264,"Eigerstr. 60, 3007 Bern",restaurant,Tängi-Curry,46.9395675,7.4402537
4001979045,"Birsigstrasse 3, 4103 Bottmingen",library,Bibliothek Bottmingen,47.5243081,7.5708837
4001979045,"Birsigstrasse 3, 4103 Bottmingen",restaurant,Schloss Bottmingen,47.5236802,7.5701697
4001979045,"Birsigstrasse 3, 4103 Bottmingen",atm,n/a,47.5243283,7.5711854
4001976823,"Avenue de la Chablière 35bis, 1004 Lausanne",restaurant,Le Petit Ajaccio,46.528867,6.614853
4001976815,"Av. de Beaulieu 28, 1004 Lausanne",cafe,Café de Beaulieu,46.5268037,6.6272755
4001974951,"Pestalozzistrasse 38, 8032 Zürich",restaurant,Oberhof,47.3734628,8.553472
4001974951,"Pestalozzistrasse 38, 8032 Zürich",school,Rudolf Steiner Schule Zürich,47.3729648,8.5545976
4001974951,"Pestalozzistrasse 38, 8032 Zürich",library,"Bibliothek für Betriebswirtschaft, BfB",47.3741461,8.5527496
4001974951,"Pestalozzistrasse 38, 8032 Zürich",cafe,Apo THEKE,47.3734924,8.5528078
4001974951,"Pestalozzistrasse 38, 8032 Zürich",school,Atelierschule Zürich,47.3729757,8.5543678
4001974951,"Pestalozzistrasse 38, 8032 Zürich",restaurant,Sento,47.3735869,8.5530663
4001974951,"Pestalozzistrasse 38, 8032 Zürich",cafe,Cafeteria UZH Plattenstrasse,47.3740968,8.5526502
4001974933,"Mühlegasse 27, 8001 Zürich",restaurant,Café Zähringer,47.3735998,8.5447955
4001974933,"Mühlegasse 27, 8001 Zürich",bar,KWEER,47.3735537,8.5446241
4001974933,"Mühlegasse 27, 8001 Zürich",fast_food,Dieci Take-Away,47.3745243,8.5439506
4001974933,"Mühlegasse 27, 8001 Zürich",restaurant,Tasca Romero,47.3748977,8.5437335
4001974933,"Mühlegasse 27, 8001 Zürich",pub,Cana Bar,47.374669,8.5439064
4001974933,"Mühlegasse 27, 8001 Zürich",restaurant,Osteria Borgo,47.3746589,8.5437374
4001974933,"Mühlegasse 27, 8001 Zürich",restaurant,Corazón,47.3734574,8.5449046
4001974933,"Mühlegasse 27, 8001 Zürich",cafe,Marea,47.3745643,8.5432628
4001974933,"Mühlegasse 27, 8001 Zürich",pub,Cha Cha Cha,47.3746906,8.5434991
4001974933,"Mühlegasse 27, 8001 Zürich",restaurant,Zhong Hua,47.3752173,8.5447395
4001974933,"Mühlegasse 27, 8001 Zürich",restaurant,Wien Zeile,47.3740356,8.544474
4001974933,"Mühlegasse 27, 8001 Zürich",bar,Predigerhof,47.3742828,8.5444638
4001974933,"Mühlegasse 27, 8001 Zürich",restaurant,toscano,47.374778,8.543543
4001974933,"Mühlegasse 27, 8001 Zürich",cafe,By Ey's,47.3746904,8.5433961
4001974933,"Mühlegasse 27, 8001 Zürich",restaurant,friskfisk.ch,47.3745675,8.543731
4001974933,"Mühlegasse 27, 8001 Zürich",bar,Alexis Bar,47.3746263,8.5439159
4001974933,"Mühlegasse 27, 8001 Zürich",restaurant,Walliser Keller,47.3749804,8.5445108
4001974933,"Mühlegasse 27, 8001 Zürich",bar,Kame-Haus,47.3744425,8.544563
4001974933,"Mühlegasse 27, 8001 Zürich",restaurant,Dumpling Delights,47.3745297,8.5447817
4001974933,"Mühlegasse 27, 8001 Zürich",restaurant,Raclette Stube,47.3747617,8.5447832
4001974933,"Mühlegasse 27, 8001 Zürich",fast_food,Holy Cow!,47.3754711,8.5447223
4001974933,"Mühlegasse 27, 8001 Zürich",restaurant,Hirschberg,47.373525,8.5466575
4001974933,"Mühlegasse 27, 8001 Zürich",bar,Petra's Tip Top Bar,47.3735982,8.546581
4001974933,"Mühlegasse 27, 8001 Zürich",restaurant,Rechberg,47.3739693,8.546249
4001974933,"Mühlegasse 27, 8001 Zürich",restaurant,Timeout,47.3753582,8.5457947
4001974933,"Mühlegasse 27, 8001 Zürich",restaurant,New Bombay,47.3736181,8.5456942
4001974933,"Mühlegasse 27, 8001 Zürich",library,Pestalozzi-Bibliothek Altstadt,47.3747055,8.544504
4001974933,"Mühlegasse 27, 8001 Zürich",cafe,Bistro der Zentralbibliothek Zürich,47.3742804,8.5457372
4001974933,"Mühlegasse 27, 8001 Zürich",restaurant,d'Bar,47.3737064,8.5459212
4001974933,"Mühlegasse 27, 8001 Zürich",clinic,Zentrum für Reisemedizin,47.3758735,8.5454394
4001974933,"Mühlegasse 27, 8001 Zürich",fast_food,Zürich Fried Chicken,47.375049,8.543749
4001974933,"Mühlegasse 27, 8001 Zürich",library,Zentralbibliothek Zürich,47.3746199,8.5453866
4001974933,"Mühlegasse 27, 8001 Zürich",restaurant,MyVi's,47.3746758,8.5435796
4001974933,"Mühlegasse 27, 8001 Zürich",clinic,Poliklinik Lifeline,47.3756202,8.5451124
4001974933,"Mühlegasse 27, 8001 Zürich",cafe,Café Yucca,47.374934,8.5451911
4001974933,"Mühlegasse 27, 8001 Zürich",cafe,Al Paso,47.3735122,8.5445074
4001974313,"Via Mezzaro 2, 6648 Minusio",atm,n/a,46.1773697,8.8147502
4001974313,"Via Mezzaro 2, 6648 Minusio",atm,n/a,46.1770118,8.8151336
4001974313,"Via Mezzaro 2, 6648 Minusio",pharmacy,n/a,46.1754074,8.8181455
4001974313,"Via Mezzaro 2, 6648 Minusio",parking,n/a,46.1770498,8.8162382
4001974313,"Via Mezzaro 2, 6648 Minusio",parking,n/a,46.1750371,8.8152436
4001974313,"Via Mezzaro 2, 6648 Minusio",pharmacy,Farmacia Verbano,46.1772543,8.814511
4001974073,"Chasa Plavna, 7552 Vulpera",restaurant,Hotel Villa Post,46.7868907,10.2880209
4001971444,"Nordstrasse 34, 8200 Schaffhausen",atm,Schaffhauser Kantonalbank,47.6999951,8.626022
4001971444,"Nordstrasse 34, 8200 Schaffhausen",restaurant,Schützenhaus,47.6997923,8.6265911
4001971444,"Nordstrasse 34, 8200 Schaffhausen",restaurant,Spielvi,47.6999925,8.6256757
4001967223,"Place des Charmilles 3, 1203 Genève",restaurant,Mr. Pal,46.208272,6.1286696
4001967223,"Place des Charmilles 3, 1203 Genève",pharmacy,Pharmacie Populaire Charmilles,46.2081577,6.1274194
4001967223,"Place des Charmilles 3, 1203 Genève",restaurant,Café de Charmilles,46.2076878,6.1276386
4001967223,"Place des Charmilles 3, 1203 Genève",bar,My Cafe Bar,46.2091785,6.1267653
4001967223,"Place des Charmilles 3, 1203 Genève",fast_food,Silver Kebab,46.2082421,6.1278904
4001955510,"Jonentalstrasse 18, 8910 Affoltern am Albis",restaurant,Papaya,47.2775894,8.4544117
4001955510,"Jonentalstrasse 18, 8910 Affoltern am Albis",cafe,Bistro Frosch,47.2752567,8.4568795
4001945588,"Via Cantunètt 9, 6714 Serravalle",restaurant,Grotto Canvett,46.4018823,8.9723817
4001935112,"Pionierstrasse 10, 8400 Winterthur",pub,Plan B,47.4983429,8.7206239
4001935112,"Pionierstrasse 10, 8400 Winterthur",parking,n/a,47.4968398,8.7184621
4001935112,"Pionierstrasse 10, 8400 Winterthur",cafe,Cafeteria,47.4964388,8.7189114
4001935112,"Pionierstrasse 10, 8400 Winterthur",restaurant,Pionier,47.4972039,8.7192311
4001919474,"Bahnhofmatten 4, 5502 Hunzenschwil",parking,n/a,47.3863817,8.1245158
4001919474,"Bahnhofmatten 4, 5502 Hunzenschwil",fast_food,Restaurant De Molen,47.387101,8.1184858
4001917322,"Ringstrasse 16, 8306 Brüttisellen",parking,n/a,47.4167843,8.6265718
4001917322,"Ringstrasse 16, 8306 Brüttisellen",parking,n/a,47.4183739,8.6244198
4001909920,"Ringstrasse 4, 8737 Gommiswald",bank,Raiffeisenbank Benken,47.2314802,9.0227589
4001909920,"Ringstrasse 4, 8737 Gommiswald",atm,n/a,47.2315013,9.022767
4001889122,"Feldeggstrasse 80, 8008 Zürich",parking,Parkhaus Feldegg,47.3603851,8.5536988
4001889122,"Feldeggstrasse 80, 8008 Zürich",restaurant,Ländli,47.3627304,8.5545618
4001889122,"Feldeggstrasse 80, 8008 Zürich",restaurant,Escoffier,47.3605504,8.5524597
4001889122,"Feldeggstrasse 80, 8008 Zürich",restaurant,Giusi's,47.3637686,8.5545452
4001884815,"Hohbächli 10, 5079 Zeihen",restaurant,Frohsinn,47.4765082,8.0842523
4001884815,"Hohbächli 10, 5079 Zeihen",restaurant,Rössli,47.4761394,8.0838521
4001884815,"Hohbächli 10, 5079 Zeihen",restaurant,Auberge Passepartout,47.4766477,8.0846708
4001878385,"Halden 3, 9043 Trogen",restaurant,Rebstock,47.4061357,9.4599086
4001878385,"Halden 3, 9043 Trogen",atm,n/a,47.4075299,9.4612523
4001859888,"Wülflingerstrasse 118, 8408 Winterthur",restaurant,(Blumenau) Li-Beirut,47.507301,8.7108669
4001859888,"Wülflingerstrasse 118, 8408 Winterthur",restaurant,Bocciodromo Pizzeria,47.5076476,8.7084093
4001857308,"Kanzleistrasse 3, 8004 Zürich",cafe,St. Jakob Beck,47.3738054,8.5278402
4001857308,"Kanzleistrasse 3, 8004 Zürich",restaurant,Le Cèdre,47.3738833,8.5264947
4001857308,"Kanzleistrasse 3, 8004 Zürich",parking,n/a,47.3740752,8.5266543
4001857308,"Kanzleistrasse 3, 8004 Zürich",parking,n/a,47.3740024,8.5273911
4001857308,"Kanzleistrasse 3, 8004 Zürich",bar,Engracia,47.3735871,8.5273055
4001857308,"Kanzleistrasse 3, 8004 Zürich",fast_food,Ayaz,47.3738096,8.526028
4001857308,"Kanzleistrasse 3, 8004 Zürich",restaurant,Molino,47.3734849,8.5287165
4001857308,"Kanzleistrasse 3, 8004 Zürich",restaurant,Ichizen,47.3737975,8.5274539
4001857308,"Kanzleistrasse 3, 8004 Zürich",restaurant,Miss Miu,47.3739923,8.5254278
4001857308,"Kanzleistrasse 3, 8004 Zürich",cafe,Il Salotto,47.3736876,8.5263504
4001857308,"Kanzleistrasse 3, 8004 Zürich",restaurant,Mythos,47.3737799,8.5285146
4001857308,"Kanzleistrasse 3, 8004 Zürich",restaurant,LÈ Cuisine,47.3738604,8.5279624
4001850950,"Blauenstrasse 1, 4153 Reinach BL",cafe,Café Grellinger,47.4933407,7.5889212
4001850950,"Blauenstrasse 1, 4153 Reinach BL",cafe,Café Storch,47.4927869,7.5888236
4001850950,"Blauenstrasse 1, 4153 Reinach BL",bank,Credit Suisse,47.4928234,7.5888923
4001817493,"Hegenheimerstrasse 86, 4055 Basel",restaurant,Strassburgerhof,47.5616632,7.5687611
4001817493,"Hegenheimerstrasse 86, 4055 Basel",cafe,Cafe Helvetia,47.5600912,7.5678475
4001817493,"Hegenheimerstrasse 86, 4055 Basel",cafe,Kaffeekanne,47.5603846,7.5715119
4001817493,"Hegenheimerstrasse 86, 4055 Basel",pharmacy,Sonnen-Apotheke,47.5605396,7.5721886
4001814823,"Pfingstweidstrasse 98, 8005 Zürich",cafe,Bistro Chez Toni,47.3901929,8.511288
4001814823,"Pfingstweidstrasse 98, 8005 Zürich",restaurant,naanu,47.3908314,8.5090999
4001814823,"Pfingstweidstrasse 98, 8005 Zürich",atm,Bancomat ZKB,47.3905164,8.5111847
4001814823,"Pfingstweidstrasse 98, 8005 Zürich",cafe,Nuovo,47.3904612,8.5102561
4001814823,"Pfingstweidstrasse 98, 8005 Zürich",restaurant,Route Twenty-Six,47.3906264,8.5100441
4001814823,"Pfingstweidstrasse 98, 8005 Zürich",cafe,Café West,47.3915993,8.5065075
4001814823,"Pfingstweidstrasse 98, 8005 Zürich",fast_food,Con Gusto,47.3907695,8.5093071
4001814823,"Pfingstweidstrasse 98, 8005 Zürich",fast_food,Spoon,47.390961,8.508666
4001805845,"Spitzenrainweg 54, 4147 Aesch BL",school,Schützenmattschule,47.4740067,7.6007852
4001732294,"Neuweilerstrasse 4a, 4123 Allschwil",restaurant,Rössli,47.5507567,7.5361806
4001732294,"Neuweilerstrasse 4a, 4123 Allschwil",cafe,Café Bäckerei am Dorfplatz,47.5512889,7.5364914
4001732294,"Neuweilerstrasse 4a, 4123 Allschwil",pharmacy,Dorfplatz-Apotheke,47.5516438,7.5377819
4001732294,"Neuweilerstrasse 4a, 4123 Allschwil",fast_food,Pico Pizzeria,47.5503858,7.5369971
4001732294,"Neuweilerstrasse 4a, 4123 Allschwil",restaurant,Restaurant Eintracht,47.5504341,7.5369421
4001732294,"Neuweilerstrasse 4a, 4123 Allschwil",restaurant,Elsässerhof (Chnoche),47.5521086,7.5371646
4001732294,"Neuweilerstrasse 4a, 4123 Allschwil",restaurant,Jägerstube,47.5515399,7.5371579
4001732294,"Neuweilerstrasse 4a, 4123 Allschwil",cafe,RE,47.5503737,7.5360512
4001677606,"Curt Goetz-Strasse 27, 4102 Binningen",bank,Kantonalbank BL,47.5396184,7.5764766
4001677606,"Curt Goetz-Strasse 27, 4102 Binningen",school,Musikschule Binningen-Bottmingen,47.5395199,7.5739703
4001677606,"Curt Goetz-Strasse 27, 4102 Binningen",parking,n/a,47.5396871,7.5744347
4001677606,"Curt Goetz-Strasse 27, 4102 Binningen",restaurant,Jagerstübli,47.5390237,7.572172
4001677606,"Curt Goetz-Strasse 27, 4102 Binningen",pharmacy,St. Margarethen,47.5412006,7.5737705
4001677606,"Curt Goetz-Strasse 27, 4102 Binningen",restaurant,Schlüssel,47.5393467,7.5749371
4001677606,"Curt Goetz-Strasse 27, 4102 Binningen",bank,Raiffeisenbank Leimental,47.5411204,7.5736704
4001677606,"Curt Goetz-Strasse 27, 4102 Binningen",restaurant,Schiff,47.540103,7.5762887
4001609453,"Hälderstrasse 4, 8451 Kleinandelfingen",atm,n/a,47.602044,8.6888438
4001609453,"Hälderstrasse 4, 8451 Kleinandelfingen",restaurant,Zum Bären,47.5999141,8.6834821
4001609453,"Hälderstrasse 4, 8451 Kleinandelfingen",bank,Ersparniskasse Schaffhausen,47.5996252,8.6834723
4001580868,"47 Hauptstrasse, 4148 Pfeffingen",restaurant,Rebstock,47.4602994,7.5900039
4001580868,"47 Hauptstrasse, 4148 Pfeffingen",parking,n/a,47.458161,7.5913503
4001580868,"47 Hauptstrasse, 4148 Pfeffingen",parking,Parkplatz Mehrzweckhalle,47.46092,7.5907921
4001314241,"Centralstrasse 93, 2540 Grenchen",restaurant,Metzgerhalle,47.1942997,7.3950991
4001314241,"Centralstrasse 93, 2540 Grenchen",restaurant,Roy,47.1934259,7.3951969
4001314241,"Centralstrasse 93, 2540 Grenchen",restaurant,Moccaflor,47.1961879,7.3943219
4001314241,"Centralstrasse 93, 2540 Grenchen",pub,Britannia Pub,47.1939502,7.3955483
4001253427,"Hubstrasse 42, 9500 Wil SG",atm,n/a,47.4615015,9.0417552
4001253427,"Hubstrasse 42, 9500 Wil SG",restaurant,China Wok,47.4604256,9.0422363
4001253427,"Hubstrasse 42, 9500 Wil SG",fast_food,Vedo Bistro,47.461376,9.0407412
4001253427,"Hubstrasse 42, 9500 Wil SG",school,Rudolf Steiner Schule,47.4619265,9.0376909
4001253427,"Hubstrasse 42, 9500 Wil SG",restaurant,Restaurant Fass,47.4611199,9.0401861
4001253427,"Hubstrasse 42, 9500 Wil SG",fast_food,Dieci Pizzakurier,47.4615155,9.0349947
4001253427,"Hubstrasse 42, 9500 Wil SG",restaurant,SV Mensa Kantonsschule Wil,47.4601448,9.0330171
4001253427,"Hubstrasse 42, 9500 Wil SG",restaurant,Railside Kebab,47.4614121,9.041295
4001232560,"Via Boscioro 18, 6962 Viganello",cafe,Dama's Cafe,46.0146642,8.9638199
4001232560,"Via Boscioro 18, 6962 Viganello",school,Scuola Media di Viganello,46.0146245,8.9618134
4001232560,"Via Boscioro 18, 6962 Viganello",fast_food,La Lupa,46.0144762,8.9626969
4001232560,"Via Boscioro 18, 6962 Viganello",bar,Bar Murales,46.0147159,8.9622189
4001200920,"Bahnhofstrasse 8, 8902 Urdorf",restaurant,Bahnhöfli,47.3903913,8.4340076
4001200920,"Bahnhofstrasse 8, 8902 Urdorf",restaurant,Il Gabbino,47.3898727,8.4316443
4001011109,"Johann Brüderlin-Strasse 18, 4132 Muttenz",restaurant,Coop Restaurant,47.5276346,7.6476003
4001011109,"Johann Brüderlin-Strasse 18, 4132 Muttenz",atm,n/a,47.5267901,7.6477194
4002077790,"Clausiusstrasse 67, 8006 Zürich",restaurant,Mensa Institut Minerva,47.3819656,8.5455532
4002077790,"Clausiusstrasse 67, 8006 Zürich",cafe,Klara‘s Kitchen,47.3827596,8.5437443
4002077790,"Clausiusstrasse 67, 8006 Zürich",school,Schule Minerva Zürich,47.3818918,8.5455529
4002077790,"Clausiusstrasse 67, 8006 Zürich",restaurant,Mesa Madrid,47.3833749,8.5431961
4002077790,"Clausiusstrasse 67, 8006 Zürich",school,Lernstudio,47.3819111,8.5456909
4002075469,"Rorschacher Strasse 124, 9000 St. Gallen",parking,n/a,47.4311036,9.3955128
4002075469,"Rorschacher Strasse 124, 9000 St. Gallen",restaurant,Terronia Gusto & Musica,47.4309179,9.3946892
4002075469,"Rorschacher Strasse 124, 9000 St. Gallen",restaurant,Venezia,47.4309701,9.3932254
4002075469,"Rorschacher Strasse 124, 9000 St. Gallen",parking,n/a,47.431356,9.3968322
4002075469,"Rorschacher Strasse 124, 9000 St. Gallen",restaurant,la bocca,47.4311103,9.3960185
4002075469,"Rorschacher Strasse 124, 9000 St. Gallen",atm,n/a,47.4311459,9.3955624
4002075452,"Etzelstrasse 9, 8832 Wollerau",restaurant,Verenahof,47.1941964,8.7209987
4002075228,"Luegislandstrasse 68, 8051 Zürich",restaurant,3 Spitz,47.4080788,8.5656791
4002074947,"Wiesliacher 44, 8053 Zürich",parking,n/a,47.3541868,8.5997182
4002074947,"Wiesliacher 44, 8053 Zürich",restaurant,Wiesli 30,47.354368,8.598452
4002074782,"Schulstrasse 60, 8952 Schlieren",fast_food,Burger King,47.3982476,8.4598508
4002074782,"Schulstrasse 60, 8952 Schlieren",restaurant,Karun,47.3981483,8.4591813
4002073824,"Asylstrasse 9, 8810 Horgen",parking,n/a,47.2652725,8.5880155
4002073824,"Asylstrasse 9, 8810 Horgen",clinic,Policlinic,47.2627587,8.5887583
4002073824,"Asylstrasse 9, 8810 Horgen",pharmacy,n/a,47.263121,8.5892499
4002073808,"Kantonsstrasse 69, 8807 Freienbach",atm,n/a,47.2058563,8.7573978
4002073808,"Kantonsstrasse 69, 8807 Freienbach",cafe,Bäckerei Konditorei Café Schefer,47.206606,8.7569063
4002072918,"Runal 3, 7453 Tinizong",restaurant,la Scuntrada,46.5831034,9.617121
4002072688,"Brandschenkestrasse 54, 8002 Zurigo",restaurant,Old Inn,47.365841,8.5325611
4002072688,"Brandschenkestrasse 54, 8002 Zurigo",restaurant,Le Rendez-Vous,47.3654301,8.5321082
4002072494,"Himmeriweg 6, 8052 Seebach",cafe,Dolce Vita,47.4201213,8.5383051
4002072377,"Leimenstrasse 7, 4051 Basel",library,Vera Oeri-Bibliothek,47.5555578,7.5857048
4002072377,"Leimenstrasse 7, 4051 Basel",restaurant,Antalya,47.5565553,7.5838656
4002072377,"Leimenstrasse 7, 4051 Basel",restaurant,Aroma,47.5563689,7.5841585
4002072377,"Leimenstrasse 7, 4051 Basel",clinic,Poliklinik für Kinder und Jugendliche,47.5561249,7.5832808
4002072377,"Leimenstrasse 7, 4051 Basel",bar,Spale Bar,47.556691,7.5849188
4002071326,"Rue des Epinettes, 1227 Genève",cafe,Dieci pizzeria,46.1913101,6.1351224
4002071326,"Rue des Epinettes, 1227 Genève",restaurant,Chez Ana,46.1913727,6.1362054
4002071326,"Rue des Epinettes, 1227 Genève",restaurant,Le Bistrot Laz Nillo,46.1905606,6.1345372
4002071326,"Rue des Epinettes, 1227 Genève",restaurant,Le Marziano,46.1910838,6.1332864
4002071326,"Rue des Epinettes, 1227 Genève",cafe,Lusitana,46.1904113,6.1341759
4002071326,"Rue des Epinettes, 1227 Genève",restaurant,Dal Pazzo,46.1904727,6.1343091
4002069703,"La Voie-du-Coin, 1218 Le Grand-Saconnex",restaurant,Delice Ange'Vin,46.2359347,6.1274322
4002069703,"La Voie-du-Coin, 1218 Le Grand-Saconnex",pub,Agneau à trois patttes,46.2371648,6.1277016
4002069522,"Oberburgstrasse 11a, 3400 Burgdorf",parking,Parkhaus Oberstadt,47.0548239,7.6247628
4002069522,"Oberburgstrasse 11a, 3400 Burgdorf",library,Stadtbibliothek Burgdorf,47.0549595,7.624077
4002069522,"Oberburgstrasse 11a, 3400 Burgdorf",parking,n/a,47.0523132,7.626722
4002069522,"Oberburgstrasse 11a, 3400 Burgdorf",parking,n/a,47.0520629,7.6240336
4002069522,"Oberburgstrasse 11a, 3400 Burgdorf",parking,n/a,47.0525625,7.6242762
4002068939,"Erachfeldstrasse 6, 8180 Bülach",restaurant,Stiftung Alterszentrum Region Bülach,47.5157539,8.5392057
4002065689,"Chemin du Dézaley 5, 1026 Echandens",atm,n/a,46.5298241,6.5405183
4002065303,"Seestrasse 38B, 8806 Wollerau",atm,n/a,47.2011714,8.7275304
4002062532,"Grand-Rue, 1204 Genève",bar,Le Roi Ubu,46.2015773,6.1462164
4002059883,"Friesstrasse 25, 8050 Zürich",fast_food,New Point,47.4140306,8.5452509
4002059883,"Friesstrasse 25, 8050 Zürich",restaurant,Golden India,47.414823,8.5457621
4002059883,"Friesstrasse 25, 8050 Zürich",bar,Shisha Club Handedan,47.4148534,8.546411
4002059883,"Friesstrasse 25, 8050 Zürich",restaurant,Masal Dosa,47.4150211,8.5453199
4002059883,"Friesstrasse 25, 8050 Zürich",bar,New Point Shisha,47.4142024,8.5453131
4002059465,"Schaffhauserplatz 10, 8006 Zürich",cafe,Bakery Bakery,47.3920571,8.5391006
4002059465,"Schaffhauserplatz 10, 8006 Zürich",cafe,Café Unterstrass,47.3921165,8.5386272
4002059465,"Schaffhauserplatz 10, 8006 Zürich",fast_food,Libanes Take Away,47.3928661,8.5392848
4002059465,"Schaffhauserplatz 10, 8006 Zürich",fast_food,Con Gusto,47.3919608,8.5390827
4002059465,"Schaffhauserplatz 10, 8006 Zürich",fast_food,Blooming Juice,47.3914598,8.539107
4002059352,"Schaffhauserplatz 10, 8006 Zürich",cafe,Bakery Bakery,47.3920571,8.5391006
4002059352,"Schaffhauserplatz 10, 8006 Zürich",cafe,Café Unterstrass,47.3921165,8.5386272
4002059352,"Schaffhauserplatz 10, 8006 Zürich",fast_food,Libanes Take Away,47.3928661,8.5392848
4002059352,"Schaffhauserplatz 10, 8006 Zürich",fast_food,Con Gusto,47.3919608,8.5390827
4002059352,"Schaffhauserplatz 10, 8006 Zürich",fast_food,Blooming Juice,47.3914598,8.539107
4002059201,"Widenhubstrasse 8, 8552 Felben-Wellhausen",atm,n/a,47.5787701,8.9413902
4002059201,"Widenhubstrasse 8, 8552 Felben-Wellhausen",restaurant,Frohsinn,47.5781166,8.939776
4002055428,"Müllheimerstrasse 53, 4057 Basel",cafe,Didi Bar,47.5656436,7.5934442
4002055428,"Müllheimerstrasse 53, 4057 Basel",cafe,Saint Tropez,47.5651584,7.5940531
4002055428,"Müllheimerstrasse 53, 4057 Basel",restaurant,Concordia,47.5655363,7.5920557
4002055297,"Kurhausstrasse 80, 8032 Zürich",restaurant,Dolder Golfclub - Restaurant,47.3722886,8.5741221
4002054855,"Rue des Longs-Champs 49, 2854 Bassecourt",bank,Banque Cantonale du Jura,47.3391387,7.2426501
4002054855,"Rue des Longs-Champs 49, 2854 Bassecourt",atm,n/a,47.3391029,7.2426624
4002054446,"Dottikerstrasse 45, 5611 Anglikon",restaurant,Vergismeinnicht La Pepiera,47.3650355,8.2619584
4002054446,"Dottikerstrasse 45, 5611 Anglikon",parking,n/a,47.3635203,8.2641685
4002054083,"Aeussere Lange Heid 14, 4142 Münchenstein",restaurant,n/a,47.5247632,7.6045842
4002052713,"Wächlenstrasse 25, 8832 Wollerau",bank,Raiffeisen,47.1963364,8.7220248
4002052713,"Wächlenstrasse 25, 8832 Wollerau",pharmacy,Höfner Apotheke,47.1966302,8.7229069
4002052713,"Wächlenstrasse 25, 8832 Wollerau",restaurant,Restaurant Bahnhöfli,47.1952863,8.7242872
4002052713,"Wächlenstrasse 25, 8832 Wollerau",atm,n/a,47.19628,8.7220919
4002052713,"Wächlenstrasse 25, 8832 Wollerau",parking,n/a,47.1961498,8.7225836
4002049133,"Grenzstrasse 36, 5525 Fischbach-Göslikon",restaurant,Restaurant Reusstal,47.3735434,8.3046786
4002047956,"Nordstrasse 5, 8006 Zürich",fast_food,The Lemon Grass,47.3857427,8.539683
4002047956,"Nordstrasse 5, 8006 Zürich",fast_food,Fux und Haas,47.3857229,8.5395166
4002047956,"Nordstrasse 5, 8006 Zürich",library,Bibliothek des Schweizerischen Instituts für Kinder- und Jugendmedien SIKJM,47.3845291,8.5397558
4002046813,"Dottikerstrasse 45, 5611 Anglikon",restaurant,Vergismeinnicht La Pepiera,47.3650355,8.2619584
4002046813,"Dottikerstrasse 45, 5611 Anglikon",parking,n/a,47.3635203,8.2641685
4002045379,"Bornstrasse 21, 4612 Wangen bei Olten",restaurant,Gäuerstübli,47.3384083,7.8689433
4002045379,"Bornstrasse 21, 4612 Wangen bei Olten",restaurant,Kafi Dünnere,47.3405127,7.8711211
4002044550,"Teufenerstrasse 180, 9012 St. Gallen",atm,n/a,47.4089584,9.3676707
4002042218,"Erlenmattstrasse 10, 4058 Basel",bar,Qbarana Lounge Bar,47.5687669,7.6018111
4002042218,"Erlenmattstrasse 10, 4058 Basel",bar,Carambolage,47.5683278,7.6004231
4002042218,"Erlenmattstrasse 10, 4058 Basel",library,feministische bibliothek @spit,47.5684445,7.6009464
4002042218,"Erlenmattstrasse 10, 4058 Basel",school,Primarschulhaus Erlenmatt,47.5689989,7.6004078
4002042146,"Zürichstr. 50, 8184 Bachenbülach",parking,n/a,47.5031039,8.5452084
4002042146,"Zürichstr. 50, 8184 Bachenbülach",restaurant,San Marco,47.5037865,8.5464341
4002042146,"Zürichstr. 50, 8184 Bachenbülach",restaurant,Zum Freihof,47.5030653,8.5455342
4002042146,"Zürichstr. 50, 8184 Bachenbülach",parking,n/a,47.5035979,8.5468663
4002042146,"Zürichstr. 50, 8184 Bachenbülach",parking,n/a,47.5032722,8.5448438
4002039268,"Höschgasse 83, 8008 Zürich",restaurant,Gesundheitszentrum für das Alter Wildbach,47.3575819,8.5575836
4002039268,"Höschgasse 83, 8008 Zürich",restaurant,Neumünster,47.3596206,8.5585046
4002039268,"Höschgasse 83, 8008 Zürich",restaurant,blindekuh,47.3583286,8.5571633
4002039268,"Höschgasse 83, 8008 Zürich",pharmacy,TopPharm Apotheke Höschgasse,47.3577116,8.5547536
4002037810,"Badgasse 5, 9320 Arbon",bar,Jacks Bar,47.5179655,9.4360928
4002036004,"Hauptstrasse 40, 5070 Frick",bar,Frick's monti,47.5081689,8.0204184
4002036004,"Hauptstrasse 40, 5070 Frick",restaurant,Rebstock,47.5069407,8.0211811
4002036004,"Hauptstrasse 40, 5070 Frick",pub,Güggeli,47.5065315,8.0222108
4002036004,"Hauptstrasse 40, 5070 Frick",cafe,Kunz,47.5070441,8.0215883
4002036004,"Hauptstrasse 40, 5070 Frick",pharmacy,Löwen Apotheke,47.5083172,8.0194956
4002036004,"Hauptstrasse 40, 5070 Frick",bank,Neue Aargauer Bank,47.5072596,8.0213752
4002036004,"Hauptstrasse 40, 5070 Frick",bank,Migros Bank,47.5070768,8.0210358
4002036004,"Hauptstrasse 40, 5070 Frick",atm,Bankomat,47.5071554,8.0214052
4002036004,"Hauptstrasse 40, 5070 Frick",restaurant,Coop Restaurant,47.5086598,8.0189006
4002036004,"Hauptstrasse 40, 5070 Frick",fast_food,Melo Pizza & Kebab,47.506813,8.0218957
4002036004,"Hauptstrasse 40, 5070 Frick",pharmacy,Coop Vitality,47.5088989,8.0188264
4002036004,"Hauptstrasse 40, 5070 Frick",cafe,Piazza,47.5090777,8.0185201
4002036004,"Hauptstrasse 40, 5070 Frick",restaurant,Peppino,47.5075219,8.0209473
4002036004,"Hauptstrasse 40, 5070 Frick",bank,Basellandschaftliche Kantonalbank,47.5082383,8.0196782
4002030700,"Bahnhofstrasse 4, 8932 Mettmenstetten",restaurant,zum weissen Rössli,47.2437622,8.4631377
4002030700,"Bahnhofstrasse 4, 8932 Mettmenstetten",parking,n/a,47.2434739,8.4637306
4002030700,"Bahnhofstrasse 4, 8932 Mettmenstetten",restaurant,Mättmi,47.2432946,8.4613952
4002030700,"Bahnhofstrasse 4, 8932 Mettmenstetten",bank,Clientis Sparcassa 1816,47.2440043,8.464205
4002030700,"Bahnhofstrasse 4, 8932 Mettmenstetten",bank,Raiffeisen,47.2432311,8.4609136
4002029958,"Buhofstrasse 64a, 9424 Rheineck",restaurant,Buhof,47.4701199,9.5754279
4002024688,"Chapfstrasse 1, 8625 Gossau",restaurant,Frohsinn,47.3073899,8.7586899
4002024688,"Chapfstrasse 1, 8625 Gossau",restaurant,Rosengarten,47.3063621,8.7582492
4002024688,"Chapfstrasse 1, 8625 Gossau",restaurant,Pizzeria Laufenbach,47.3055261,8.7589912
4002024688,"Chapfstrasse 1, 8625 Gossau",fast_food,Zéro Deux,47.3073975,8.758108
4002024688,"Chapfstrasse 1, 8625 Gossau",pharmacy,Drogerie Büelgass,47.3058571,8.7571388
4002024688,"Chapfstrasse 1, 8625 Gossau",restaurant,Pizza For You,47.3051137,8.7577138
4002024688,"Chapfstrasse 1, 8625 Gossau",atm,n/a,47.3050095,8.7580214
4002023779,"Brünnenstrasse 108, 3018 Berna",restaurant,Coop Restaurant,46.9411104,7.3915363
4002023779,"Brünnenstrasse 108, 3018 Berna",restaurant,Sternen,46.9408357,7.3906067
4002023779,"Brünnenstrasse 108, 3018 Berna",bank,Berner Kantonalbank bekb,46.9420542,7.390505
4002023779,"Brünnenstrasse 108, 3018 Berna",bar,Braubar,46.9412291,7.3929653
4002023779,"Brünnenstrasse 108, 3018 Berna",school,Schulhaus Dorf,46.943119,7.3903327
4002023779,"Brünnenstrasse 108, 3018 Berna",restaurant,Restaurant Tramway,46.9415515,7.3904218
4002023779,"Brünnenstrasse 108, 3018 Berna",fast_food,Fontana,46.9418904,7.3912422
4002023779,"Brünnenstrasse 108, 3018 Berna",bar,3018 Bar,46.9419209,7.391112
4002023779,"Brünnenstrasse 108, 3018 Berna",restaurant,SangWang,46.9421342,7.3895179
4002023779,"Brünnenstrasse 108, 3018 Berna",pharmacy,Brünnen-Apotheke,46.9414674,7.3915967
4002023779,"Brünnenstrasse 108, 3018 Berna",clinic,Kinderarztpraxis Bienzgut,46.9410975,7.3928817
4002023779,"Brünnenstrasse 108, 3018 Berna",library,Bibliothek Bümpliz,46.9411829,7.3927953
4002022514,"Stationsstrasse 31, 9014 St. Gallen",bank,St. Galler Kantonalbank,47.4090231,9.3314341
4002022514,"Stationsstrasse 31, 9014 St. Gallen",pharmacy,Apotheke Bruggen,47.4090888,9.3316538
4002022514,"Stationsstrasse 31, 9014 St. Gallen",atm,n/a,47.4089743,9.3312574
4002020273,"Flurmatte 10, 6033 Buchrain",pharmacy,Dropa Ebikon,47.0940235,8.3596035
4002020273,"Flurmatte 10, 6033 Buchrain",parking,n/a,47.1012876,8.3542503
4002020273,"Flurmatte 10, 6033 Buchrain",parking,n/a,47.1010297,8.3538339
4002017368,"Buckhauserstrasse 45, 8048 Zürich",restaurant,UBS Restaurant Flur,47.382807,8.4929412
4002017368,"Buckhauserstrasse 45, 8048 Zürich",atm,UBS Bancomat,47.3828726,8.4929615
4002017368,"Buckhauserstrasse 45, 8048 Zürich",restaurant,Thai Style,47.3838416,8.4947954
4002017368,"Buckhauserstrasse 45, 8048 Zürich",restaurant,Restaurant Buckhuser,47.3837393,8.4925808
4002017368,"Buckhauserstrasse 45, 8048 Zürich",restaurant,Lunchmarket,47.3850743,8.4924041
4002017368,"Buckhauserstrasse 45, 8048 Zürich",bank,Valiant,47.3841976,8.4942783
4002017368,"Buckhauserstrasse 45, 8048 Zürich",restaurant,Intermezzo,47.3837329,8.4925606
4002017368,"Buckhauserstrasse 45, 8048 Zürich",school,kinder campus,47.3844657,8.4945248
4002017368,"Buckhauserstrasse 45, 8048 Zürich",parking,Medienpark,47.3844014,8.4950445
4002010471,"Zürcherstrasse 7, 8730 Uznach",bank,Raiffeisenbank Benken,47.2247244,8.9818078
4002010471,"Zürcherstrasse 7, 8730 Uznach",bank,St.Galler Kantonalbank,47.2242781,8.9826133
4002010471,"Zürcherstrasse 7, 8730 Uznach",restaurant,Restaurant Linth,47.224309,8.9820506
4002010471,"Zürcherstrasse 7, 8730 Uznach",school,Schulhaus Letzi,47.2251092,8.9838657
4002010471,"Zürcherstrasse 7, 8730 Uznach",school,Jugendhaus Schlössli,47.2253282,8.9842253
4002010471,"Zürcherstrasse 7, 8730 Uznach",school,Schulhaus Büel,47.2262426,8.9847777
4002010471,"Zürcherstrasse 7, 8730 Uznach",bank,Bank Linth,47.2248261,8.9832277
4002010471,"Zürcherstrasse 7, 8730 Uznach",pharmacy,n/a,47.224771,8.984745
4002010471,"Zürcherstrasse 7, 8730 Uznach",pub,The Canadian,47.2245665,8.9846103
4002010471,"Zürcherstrasse 7, 8730 Uznach",parking,n/a,47.2250287,8.9817634
4002010471,"Zürcherstrasse 7, 8730 Uznach",library,n/a,47.2267297,8.9800594
4002010471,"Zürcherstrasse 7, 8730 Uznach",school,Oberstufenzentrum,47.226033,8.9837211
4002010471,"Zürcherstrasse 7, 8730 Uznach",school,Schulhaus Haslen,47.2262425,8.9842093
4002010471,"Zürcherstrasse 7, 8730 Uznach",school,Schulhaus Letzigraben,47.2253008,8.9836031
4002010471,"Zürcherstrasse 7, 8730 Uznach",atm,n/a,47.2241909,8.982494
4002010471,"Zürcherstrasse 7, 8730 Uznach",atm,n/a,47.2245022,8.9813483
4002010471,"Zürcherstrasse 7, 8730 Uznach",restaurant,Blume,47.2251395,8.9853585
4002010471,"Zürcherstrasse 7, 8730 Uznach",restaurant,Restaurant Schäfli,47.2252985,8.9868152
4002010471,"Zürcherstrasse 7, 8730 Uznach",cafe,Gabriel,47.2243228,8.980543
4002010471,"Zürcherstrasse 7, 8730 Uznach",pharmacy,Amavita Frohsinn,47.2264174,8.9811583
4002010471,"Zürcherstrasse 7, 8730 Uznach",restaurant,House of Grill,47.2252829,8.9826899
4002010471,"Zürcherstrasse 7, 8730 Uznach",restaurant,Smile Elephant Foodtruck,47.2247465,8.9803552
4002010471,"Zürcherstrasse 7, 8730 Uznach",clinic,Psychiatrie-Zentrum Linthgebiet,47.2243785,8.9837341
4002010471,"Zürcherstrasse 7, 8730 Uznach",cafe,Kafibar im Städtli,47.225144,8.9859968
4002010471,"Zürcherstrasse 7, 8730 Uznach",cafe,Ambiente Café,47.2252544,8.9864433
4002010471,"Zürcherstrasse 7, 8730 Uznach",fast_food,n/a,47.2243149,8.9839334
4002010471,"Zürcherstrasse 7, 8730 Uznach",restaurant,Öxli - Bistro und Take-Away,47.2244709,8.9837516
4002009342,"Socinstrasse, 4051 Basel",restaurant,Pizzeria zum Schützen,47.5558167,7.5804921
4002009342,"Socinstrasse, 4051 Basel",cafe,Trend Café,47.5582138,7.5792858
4002003069,"Rue de France 24, 2400 Le Locle",cafe,Lux,47.055618,6.7431871
4002003069,"Rue de France 24, 2400 Le Locle",parking,n/a,47.0551411,6.7437884
4002003069,"Rue de France 24, 2400 Le Locle",restaurant,Pizzeria du monde,47.0551252,6.742493
4002003069,"Rue de France 24, 2400 Le Locle",restaurant,La Vita e bella,47.0556983,6.744055
4002002339,"Seestrasse 72e, 9320 Arbon",parking,n/a,47.5217662,9.4178168
4002002339,"Seestrasse 72e, 9320 Arbon",parking,n/a,47.5222023,9.4177391
4001997388,"Via Santuario 8, 6644 Orselina",cafe,Cecchettin,46.1764473,8.7945632
4001997388,"Via Santuario 8, 6644 Orselina",parking,n/a,46.1770255,8.7959014
4001987253,"Dornacherstrasse 3, 6003 Luzern",restaurant,Kaiten,47.0467537,8.3061958
4001987253,"Dornacherstrasse 3, 6003 Luzern",parking,n/a,47.0471592,8.3054565
4001987253,"Dornacherstrasse 3, 6003 Luzern",parking,n/a,47.0472541,8.3056869
4001987253,"Dornacherstrasse 3, 6003 Luzern",parking,n/a,47.0472161,8.3057343
4001987253,"Dornacherstrasse 3, 6003 Luzern",parking,n/a,47.0466471,8.3051742
4001987253,"Dornacherstrasse 3, 6003 Luzern",parking,n/a,47.0464917,8.3053149
4001987253,"Dornacherstrasse 3, 6003 Luzern",parking,n/a,47.0474157,8.306077
4001983870,"Scheuermattweg 4, 3007 Bern",fast_food,Schönau,46.9373695,7.4394939
4001983870,"Scheuermattweg 4, 3007 Bern",pharmacy,Apotheke Rösli,46.939927,7.4365711
4001983870,"Scheuermattweg 4, 3007 Bern",parking,n/a,46.9369799,7.4392433
4001981304,"Lange Gasse 32, 4052 Basel",restaurant,UBS Coffee & Shop Il Giardino,47.5508086,7.597829
4001981304,"Lange Gasse 32, 4052 Basel",restaurant,Restaurant Murano,47.5521616,7.6007922
4001980204,"Rue Charles Monnard 6, 1003 Lausanne",restaurant,Oh! Liban,46.5167265,6.6358505
4001980204,"Rue Charles Monnard 6, 1003 Lausanne",restaurant,Restaurant Mirabeau,46.5167543,6.6355174
4001980204,"Rue Charles Monnard 6, 1003 Lausanne",restaurant,Shanti,46.5170787,6.6356229
4001980189,"Av. d'Echallens 8, 1004 Lausanne",restaurant,Bufalà,46.5260973,6.6213801
4001980189,"Av. d'Echallens 8, 1004 Lausanne",restaurant,Bạn,46.526068,6.6214397
4001978372,"General-Guisan-Quai, 8002 Zürich",fast_food,Hafen Enge Beiz,47.3612318,8.5356923
4001978372,"General-Guisan-Quai, 8002 Zürich",restaurant,La Mimosa,47.3635147,8.5339001
4001978372,"General-Guisan-Quai, 8002 Zürich",parking,n/a,47.363059,8.5339277
4001978372,"General-Guisan-Quai, 8002 Zürich",cafe,Quai Café,47.3617428,8.5347847
4001978372,"General-Guisan-Quai, 8002 Zürich",restaurant,Spoon Thai Kitchen,47.3632634,8.5333524
4001976800,"Gutenbergstr. 39, 3011 Bern",restaurant,Piccola Napoli,46.9432488,7.4361178
4001976800,"Gutenbergstr. 39, 3011 Bern",restaurant,musigbistrot,46.9425205,7.4334896
4001976800,"Gutenbergstr. 39, 3011 Bern",pub,Nelson,46.9428383,7.4361217
4001976800,"Gutenbergstr. 39, 3011 Bern",restaurant,Namaste India,46.9440749,7.4357829
4001976800,"Gutenbergstr. 39, 3011 Bern",clinic,Augen Zentrum Gutenberg,46.9445614,7.4348287
4001976800,"Gutenbergstr. 39, 3011 Bern",clinic,Augen Zentrum Prof. Fankhauser,46.9444648,7.4347504
4001976800,"Gutenbergstr. 39, 3011 Bern",restaurant,Fabrique28,46.9439157,7.4356642
4001976800,"Gutenbergstr. 39, 3011 Bern",restaurant,City Pizzeria,46.9440145,7.4357364
4001976800,"Gutenbergstr. 39, 3011 Bern",restaurant,Asia Höck,46.9437576,7.4362244
4001976800,"Gutenbergstr. 39, 3011 Bern",cafe,CAFÉ TRAVOIS,46.9425529,7.4360529
4001976798,"Eigerstr. 60, 3007 Bern",restaurant,Tängi-Curry,46.9395675,7.4402537
4001976165,"Waagtalstrasse 32, 8842 Unteriberg",restaurant,Schäfli,47.0589829,8.8020143
4001976165,"Waagtalstrasse 32, 8842 Unteriberg",restaurant,Felseneck,47.0562848,8.802128
4001976165,"Waagtalstrasse 32, 8842 Unteriberg",restaurant,Restaurant Alpenblick,47.0559512,8.8026369
4001976165,"Waagtalstrasse 32, 8842 Unteriberg",restaurant,Föx Bar Lounge,47.0588169,8.8015375
4001976165,"Waagtalstrasse 32, 8842 Unteriberg",bank,Schwyzer Kantonalbank,47.0572534,8.8015555
4001976165,"Waagtalstrasse 32, 8842 Unteriberg",bank,Raiffeisenbank Einsiedeln - Ybrig,47.0590935,8.8017404
4001973447,"Käpfnerweg 11, 8810 Horgen",fast_food,Dieci Pizzakurier,47.2547421,8.6149664
4001970767,"Ch. du Devin 57, 1012 Lausanne",parking,n/a,46.5312086,6.6517861
4001970767,"Ch. du Devin 57, 1012 Lausanne",parking,n/a,46.531182,6.6518164
4001970767,"Ch. du Devin 57, 1012 Lausanne",parking,n/a,46.5311032,6.6519281
4001970767,"Ch. du Devin 57, 1012 Lausanne",parking,n/a,46.5314019,6.6524828
4001970767,"Ch. du Devin 57, 1012 Lausanne",parking,n/a,46.5316027,6.652361
4001969461,"Sentiero Tazzino, 6605 Locarno",cafe,Cecchettin,46.1764473,8.7945632
4001969461,"Sentiero Tazzino, 6605 Locarno",library,Biblioteca del Santuario della Madonna del Sasso,46.1754229,8.7935609
4001969461,"Sentiero Tazzino, 6605 Locarno",parking,n/a,46.1698913,8.7904131
4001964148,"Hegenheimerstrasse 43, 4055 Basel",restaurant,Pho Asia Vietnamese Food,47.5614009,7.5743702
4001964148,"Hegenheimerstrasse 43, 4055 Basel",restaurant,Milchhüsli,47.561151,7.574944
4001964148,"Hegenheimerstrasse 43, 4055 Basel",cafe,Kaffeekanne,47.5603846,7.5715119
4001964148,"Hegenheimerstrasse 43, 4055 Basel",pharmacy,Sonnen-Apotheke,47.5605396,7.5721886
4001964148,"Hegenheimerstrasse 43, 4055 Basel",cafe,Kaphi,47.5593174,7.5735831
4001964127,"Route de la Veveyse 14, 1700 Fribourg",restaurant,Le Bistrot,46.7967009,7.1415532
4001964127,"Route de la Veveyse 14, 1700 Fribourg",pharmacy,Benu,46.7967123,7.1417728
4001964127,"Route de la Veveyse 14, 1700 Fribourg",cafe,n/a,46.7966456,7.140635
4001964127,"Route de la Veveyse 14, 1700 Fribourg",parking,n/a,46.7964006,7.1421972
4001956647,"Wiggisstrasse 14, 8752 Glarus Nord",parking,39 Tschachenstrasse,47.0918797,9.0659514
4001951399,"Rue du Lac 19, 1342 Le Pont",restaurant,Brasserie des Combières,46.6635611,6.3302135
4001940398,"Weinfelderstrasse 71, 8580 Amriswil",cafe,RössliBeck 8580,47.5460578,9.3003329
4001940398,"Weinfelderstrasse 71, 8580 Amriswil",restaurant,Olivers,47.545315,9.2984732
4001940398,"Weinfelderstrasse 71, 8580 Amriswil",atm,n/a,47.5461664,9.2985122
4001940398,"Weinfelderstrasse 71, 8580 Amriswil",restaurant,Migros Restaurant,47.546917,9.2984135
4001940398,"Weinfelderstrasse 71, 8580 Amriswil",bank,Thurgauer Kantonalbank,47.546103,9.2984628
4001940398,"Weinfelderstrasse 71, 8580 Amriswil",restaurant,La Palma,47.5459024,9.2980102
4001940398,"Weinfelderstrasse 71, 8580 Amriswil",pharmacy,n/a,47.5468881,9.2983957
4001939155,"Im Stoffel 31, 8887 Mels",restaurant,Kraftwerk Mels,47.0432795,9.4154074
4001935507,"Hofgasse 4, 4144 Arlesheim",bank,UBS,47.4939327,7.6203576
4001935507,"Hofgasse 4, 4144 Arlesheim",restaurant,Ristorante Pizzeria Rössli,47.4932402,7.6218914
4001935507,"Hofgasse 4, 4144 Arlesheim",restaurant,Gasthaus zum Stärne,47.4949044,7.620001
4001935507,"Hofgasse 4, 4144 Arlesheim",pharmacy,Medbase Apotheke Arlesheim,47.4946516,7.6205719
4001935507,"Hofgasse 4, 4144 Arlesheim",restaurant,Restaurant Eremitage,47.4948122,7.6202482
4001905695,"Bruchstrasse 4, 6003 Luzern",parking,Kasernenplatz,47.0508766,8.2994715
4001905695,"Bruchstrasse 4, 6003 Luzern",parking,Schützenmatte,47.0510797,8.2989238
4001905695,"Bruchstrasse 4, 6003 Luzern",bar,Madeleine,47.0517989,8.2983325
4001905695,"Bruchstrasse 4, 6003 Luzern",pub,Bruch Brothers,47.0515689,8.2994196
4001905695,"Bruchstrasse 4, 6003 Luzern",bar,Hubbly Bubbly Lounge,47.0518303,8.2980208
4001905695,"Bruchstrasse 4, 6003 Luzern",bar,Bruchbar,47.0516565,8.2991774
4001905695,"Bruchstrasse 4, 6003 Luzern",restaurant,cabanas,47.0507787,8.299628
4001905695,"Bruchstrasse 4, 6003 Luzern",pub,Hafenbar zur Metzgerhalle,47.0514568,8.2998603
4001905695,"Bruchstrasse 4, 6003 Luzern",cafe,ductus,47.0507554,8.2986771
4001905695,"Bruchstrasse 4, 6003 Luzern",restaurant,Kommod,47.0508255,8.2999768
4001892538,"Hofackerstrasse 15, 8032 Zürich",cafe,Marfa,47.3620459,8.5609414
4001875100,"Hinterkirchweg 7, 4106 Therwil",pharmacy,Leimen-Apotheke,47.4992093,7.556722
4001875100,"Hinterkirchweg 7, 4106 Therwil",restaurant,Bahnhöfli,47.4994769,7.5568583
4001875100,"Hinterkirchweg 7, 4106 Therwil",restaurant,Trattoria Antichi Sapori,47.4995355,7.5545861
4001875100,"Hinterkirchweg 7, 4106 Therwil",restaurant,Cantina Toscana,47.4991063,7.5558821
4001875100,"Hinterkirchweg 7, 4106 Therwil",atm,n/a,47.4989614,7.5566975
4001875100,"Hinterkirchweg 7, 4106 Therwil",parking,n/a,47.4989468,7.5545262
4001875100,"Hinterkirchweg 7, 4106 Therwil",pharmacy,Dorf Drogerie,47.4994697,7.5551167
4001875100,"Hinterkirchweg 7, 4106 Therwil",atm,n/a,47.4994485,7.555641
4001875100,"Hinterkirchweg 7, 4106 Therwil",bank,Basellandschaftliche Kantonalbank,47.499493,7.5557509
4001875100,"Hinterkirchweg 7, 4106 Therwil",pub,Wunder Bar,47.4993501,7.5530192
4001875100,"Hinterkirchweg 7, 4106 Therwil",cafe,KAFFI-BAR Träumli,47.4994975,7.5547914
4001864560,"Spinnereistrasse, 8640 Rapperswil-Jona",cafe,Bäckerei Wick,47.2292486,8.8286305
4001864560,"Spinnereistrasse, 8640 Rapperswil-Jona",fast_food,MEMO Pizza & Kebab,47.2285388,8.8304919
4001864560,"Spinnereistrasse, 8640 Rapperswil-Jona",restaurant,Nino Pizza,47.2290351,8.8309424
4001792610,"Schützenwisstr. 1, 8124 Maur",library,Gemeinde- und Schulbibliothek Maur,47.3401355,8.6693751
4001792610,"Schützenwisstr. 1, 8124 Maur",restaurant,Restaurant Sonne 8372,47.3404614,8.6691836
4001792610,"Schützenwisstr. 1, 8124 Maur",cafe,Schützenwies,47.3401095,8.6677246
4001792610,"Schützenwisstr. 1, 8124 Maur",parking,n/a,47.3403093,8.6694005
4001792610,"Schützenwisstr. 1, 8124 Maur",parking,n/a,47.3398071,8.6711645
4001792610,"Schützenwisstr. 1, 8124 Maur",parking,n/a,47.3396475,8.6681753
4001785989,"Schädrütihalde, 6006 Luzern",parking,n/a,47.0586887,8.3507549
