property_id,rental_address,amenity_type,amenity_name,lat,lon
4002039809,"Erlenmattstr. 75, 4058 Basel",pharmacy,Coop Vitality,47.5697544,7.6036227
4002039809,"Erlenmattstr. 75, 4058 Basel",restaurant,Matt & Elly Brewery & Kitchen,47.56969,7.6034296
4002058756,"Volkmarstrasse 15, 8006 Zürich",cafe,Sorell Rex,47.3847859,8.5431484
4002053936,"Niklaus Konrad-Strasse 4, 4500 Solothurn",restaurant,Akropolis,47.2048882,7.5389356
4002053936,"Niklaus Konrad-Strasse 4, 4500 Solothurn",pub,Steinbock,47.2046387,7.5379426
4002053936,"Niklaus Konrad-Strasse 4, 4500 Solothurn",restaurant,Fu-Lin,47.2037603,7.5390531
4002053936,"Niklaus Konrad-Strasse 4, 4500 Solothurn",parking,n/a,47.2037855,7.5398567
4002053936,"Niklaus Konrad-Strasse 4, 4500 Solothurn",school,Kaufmännische Berufsschule,47.2049253,7.5382655
4002053936,"Niklaus Konrad-Strasse 4, 4500 Solothurn",atm,n/a,47.2042566,7.5387939
4002053936,"Niklaus Konrad-Strasse 4, 4500 Solothurn",restaurant,Solo Fresh & fast Crispy Chicken,47.2041652,7.5388339
4001668530,"Via Sasso Corbaro 23, 6593 Cadenazzo",bank,Raiffeisen,46.1518588,8.9452132
4002053939,"Niklaus Konrad-Strasse 4, 4500 Solothurn",restaurant,Akropolis,47.2048882,7.5389356
4002053939,"Niklaus Konrad-Strasse 4, 4500 Solothurn",pub,Steinbock,47.2046387,7.5379426
4002053939,"Niklaus Konrad-Strasse 4, 4500 Solothurn",restaurant,Fu-Lin,47.2037603,7.5390531
4002053939,"Niklaus Konrad-Strasse 4, 4500 Solothurn",parking,n/a,47.2037855,7.5398567
4002053939,"Niklaus Konrad-Strasse 4, 4500 Solothurn",school,Kaufmännische Berufsschule,47.2049253,7.5382655
4002053939,"Niklaus Konrad-Strasse 4, 4500 Solothurn",atm,n/a,47.2042566,7.5387939
4002053939,"Niklaus Konrad-Strasse 4, 4500 Solothurn",restaurant,Solo Fresh & fast Crispy Chicken,47.2041652,7.5388339
4002033013,"Bellerivestrasse 49, 8008 Zürich",cafe,Maison 33,47.3572728,8.5526229
4001979018,"Via Sasso Corbaro 19, 6593 Cadenazzo",bank,Raiffeisen,46.1518588,8.9452132
4001923522,"Erlenmattstr. 67, 4058 Basel",pharmacy,Coop Vitality,47.5697544,7.6036227
4001923522,"Erlenmattstr. 67, 4058 Basel",restaurant,Matt & Elly Brewery & Kitchen,47.56969,7.6034296
4002053937,"Niklaus Konrad-Strasse 4, 4500 Solothurn",restaurant,Akropolis,47.2048882,7.5389356
4002053937,"Niklaus Konrad-Strasse 4, 4500 Solothurn",pub,Steinbock,47.2046387,7.5379426
4002053937,"Niklaus Konrad-Strasse 4, 4500 Solothurn",restaurant,Fu-Lin,47.2037603,7.5390531
4002053937,"Niklaus Konrad-Strasse 4, 4500 Solothurn",parking,n/a,47.2037855,7.5398567
4002053937,"Niklaus Konrad-Strasse 4, 4500 Solothurn",school,Kaufmännische Berufsschule,47.2049253,7.5382655
4002053937,"Niklaus Konrad-Strasse 4, 4500 Solothurn",atm,n/a,47.2042566,7.5387939
4002053937,"Niklaus Konrad-Strasse 4, 4500 Solothurn",restaurant,Solo Fresh & fast Crispy Chicken,47.2041652,7.5388339
4002037903,"Hermann-Lienhardstrasse, 2502 Biel, 2504 Biel",restaurant,n/a,47.1526499,7.2671404
4002037903,"Hermann-Lienhardstrasse, 2502 Biel, 2504 Biel",atm,n/a,47.1525492,7.2669467
4002037903,"Hermann-Lienhardstrasse, 2502 Biel, 2504 Biel",pharmacy,Dr. Hysek,47.1525027,7.2669534
4002037903,"Hermann-Lienhardstrasse, 2502 Biel, 2504 Biel",cafe,Café Timeout,47.1525745,7.2670361
4002070837,"11 rue neuve du Molard, 1204 Genève",bank,n/a,46.2030959,6.149838
4002070837,"11 rue neuve du Molard, 1204 Genève",restaurant,Sushi Train,46.203264,6.1498128
4002070837,"11 rue neuve du Molard, 1204 Genève",cafe,Starbucks,46.2028995,6.1497964
4002070837,"11 rue neuve du Molard, 1204 Genève",restaurant,Le Thermomètre,46.2031549,6.1496272
4002070837,"11 rue neuve du Molard, 1204 Genève",bar,Le Pilier,46.2031496,6.1479418
4002070837,"11 rue neuve du Molard, 1204 Genève",restaurant,Café du Centre,46.2035138,6.1481189
4002070837,"11 rue neuve du Molard, 1204 Genève",bar,Brasserie du Molard,46.2032374,6.1479971
4002070837,"11 rue neuve du Molard, 1204 Genève",restaurant,Molino Pizzeria Ristorante,46.2033515,6.1480286
4002070837,"11 rue neuve du Molard, 1204 Genève",restaurant,Thaï,46.203444,6.1484993
4002070837,"11 rue neuve du Molard, 1204 Genève",cafe,Le Comptoir Woodward,46.2034133,6.148715
4002065355,"Sonneggstr. 41, 8006 Zürich",restaurant,Restaurant Haldenbach,47.3799672,8.5469246
4002065355,"Sonneggstr. 41, 8006 Zürich",library,GESS-Bibliothek,47.3802178,8.5447287
4002038690,"Centralstrasse 25, 2540 Grenchen",restaurant,Metzgerhalle,47.1942997,7.3950991
4002038690,"Centralstrasse 25, 2540 Grenchen",restaurant,Roy,47.1934259,7.3951969
4002038690,"Centralstrasse 25, 2540 Grenchen",restaurant,Restaurant Antonio Gonzales,47.1935146,7.3963731
4002038690,"Centralstrasse 25, 2540 Grenchen",pub,Britannia Pub,47.1939502,7.3955483
4002021063,"Saumackerstrasse 28, 8048 Zürich",restaurant,QIRIN,47.38915,8.4881385
4002021063,"Saumackerstrasse 28, 8048 Zürich",parking,Altstetten Neumarkt,47.3891353,8.4874433
4002021063,"Saumackerstrasse 28, 8048 Zürich",pharmacy,Neumarkt Apotheke Drogerie,47.388597,8.4874205
4002021063,"Saumackerstrasse 28, 8048 Zürich",atm,Migros Bank Bancomat,47.3884817,8.4872408
4002021063,"Saumackerstrasse 28, 8048 Zürich",fast_food,Momomo,47.3888769,8.4887759
4002007176,"Seestrasse 623, 8706 Meilen",school,Tagesschule Fähre,47.268002,8.6436972
4001983883,"Sonneggstr. 41, 8006 Zürich",restaurant,Restaurant Haldenbach,47.3799672,8.5469246
4001983883,"Sonneggstr. 41, 8006 Zürich",library,GESS-Bibliothek,47.3802178,8.5447287
4001972093,"Hauptstrasse 24, 8114 Dänikon ZH",atm,n/a,47.4457406,8.4058228
4001964230,"Siewerdtstrasse 75, 8050 Zürich",parking,KEBO,47.4120809,8.5556159
4001964230,"Siewerdtstrasse 75, 8050 Zürich",restaurant,Restaurant Stadiönli,47.4120998,8.5550208
4001963201,"Passage Perdonnet 1, 1005 Lausanne",fast_food,Nihao,46.5212049,6.6399286
4001963201,"Passage Perdonnet 1, 1005 Lausanne",bar,Pin-Up Bar,46.5213528,6.6399007
4001963201,"Passage Perdonnet 1, 1005 Lausanne",fast_food,Mauro Traiteur,46.521073,6.6390236
4001963201,"Passage Perdonnet 1, 1005 Lausanne",restaurant,Lucha Libre,46.521409,6.6401097
4001963201,"Passage Perdonnet 1, 1005 Lausanne",restaurant,Aki,46.5213278,6.6396421
4001963201,"Passage Perdonnet 1, 1005 Lausanne",fast_food,Marterey 56 Cuisine Vapeur,46.5211787,6.6396952
4001963201,"Passage Perdonnet 1, 1005 Lausanne",fast_food,Babouchka,46.5213633,6.6399766
4001963201,"Passage Perdonnet 1, 1005 Lausanne",restaurant,Belga,46.5215345,6.6400779
4001963201,"Passage Perdonnet 1, 1005 Lausanne",restaurant,Cut Pizza,46.5205523,6.6400467
4001963201,"Passage Perdonnet 1, 1005 Lausanne",restaurant,Maza,46.5213557,6.6398106
4001961027,"Rotwandstrasse 66, 8004 Zürich",restaurant,Ristorante Italia,47.3763729,8.5292946
4001961027,"Rotwandstrasse 66, 8004 Zürich",restaurant,Trübli Bar,47.3765636,8.5290029
4001961027,"Rotwandstrasse 66, 8004 Zürich",restaurant,Convivio,47.3757244,8.5292515
4001961027,"Rotwandstrasse 66, 8004 Zürich",restaurant,Accademia del Gusto,47.375334,8.5286575
4001961027,"Rotwandstrasse 66, 8004 Zürich",bar,E.X. 4,47.3757372,8.5288666
4001961027,"Rotwandstrasse 66, 8004 Zürich",bar,Daniel H.,47.3754267,8.5293032
4001961027,"Rotwandstrasse 66, 8004 Zürich",restaurant,Osteria Santo Bevitore,47.3754803,8.5284806
4001961027,"Rotwandstrasse 66, 8004 Zürich",bar,Love Story,47.3764724,8.5284217
4001961027,"Rotwandstrasse 66, 8004 Zürich",restaurant,The Sacred,47.3760618,8.5288696
4001961027,"Rotwandstrasse 66, 8004 Zürich",bar,Don Miguel,47.3761788,8.5286665
4001961027,"Rotwandstrasse 66, 8004 Zürich",bar,The Mixt,47.3755383,8.529159
4001961027,"Rotwandstrasse 66, 8004 Zürich",restaurant,Pho Mai,47.3755405,8.528631
4001961027,"Rotwandstrasse 66, 8004 Zürich",bar,Glamour Bar,47.3758798,8.5294424
4001961027,"Rotwandstrasse 66, 8004 Zürich",restaurant,Ristorante Italia,47.3764793,8.5291319
4001869489,"Hinterbergstrasse 106, 8044 Zürich",parking,n/a,47.3843575,8.5599678
4001765417,"Spindelstrasse 9, 8041 Zürich",cafe,Olive,47.3389108,8.5193151
4001731198,"Kreuzstrasse 5, 3052 Zollikofen",parking,n/a,46.997448,7.4601873
4001731198,"Kreuzstrasse 5, 3052 Zollikofen",fast_food,Hady,46.9970204,7.4593924
4001731198,"Kreuzstrasse 5, 3052 Zollikofen",pharmacy,Kreuz Apotheke,46.9973059,7.4597159
4001731198,"Kreuzstrasse 5, 3052 Zollikofen",restaurant,La Rocca,46.9974833,7.4593784
4002080956,"Nauengasse 14, 8427 Rorbas",parking,n/a,47.5333055,8.5760019
4002076708,6353 Weggis,restaurant,Restaurant Oliv,47.0319747,8.4337372
4002076708,6353 Weggis,bar,Liquid Soul,47.0320102,8.432855
4002059679,"Rue des Epinettes, 1227 Carouge",bar,Bar à Thym,46.1882725,6.13706
4002059679,"Rue des Epinettes, 1227 Carouge",pharmacy,Pharmacie Populaire Epinettes,46.1888413,6.1367879
4002045481,"Grossfeldstrasse 7, 6010 Kriens",restaurant,Restaurant Hofmatt,47.0333679,8.2827101
4001983884,"Sonneggstr. 41, 8006 Zürich",restaurant,Restaurant Haldenbach,47.3799672,8.5469246
4001983884,"Sonneggstr. 41, 8006 Zürich",library,GESS-Bibliothek,47.3802178,8.5447287
4001979979,"Weiherweg 38, 4054 Basel",restaurant,Schützenhaus,47.5537008,7.5774585
4001979979,"Weiherweg 38, 4054 Basel",pharmacy,Schützenmatt Apotheke,47.554322,7.576056
4001979979,"Weiherweg 38, 4054 Basel",restaurant,Royal Palace,47.5541247,7.576166
4001979979,"Weiherweg 38, 4054 Basel",restaurant,Bayleaf Gourmet Indian Restaurant,47.5541429,7.5767109
4001979979,"Weiherweg 38, 4054 Basel",fast_food,Dieci Pizzakurier,47.5540677,7.5767785
4001979979,"Weiherweg 38, 4054 Basel",restaurant,L’étang,47.5537552,7.575558
4001950379,"Rotwandstrasse 66, 8004 Zürich",restaurant,Ristorante Italia,47.3763729,8.5292946
4001950379,"Rotwandstrasse 66, 8004 Zürich",restaurant,Trübli Bar,47.3765636,8.5290029
4001950379,"Rotwandstrasse 66, 8004 Zürich",restaurant,Convivio,47.3757244,8.5292515
4001950379,"Rotwandstrasse 66, 8004 Zürich",restaurant,Accademia del Gusto,47.375334,8.5286575
4001950379,"Rotwandstrasse 66, 8004 Zürich",bar,E.X. 4,47.3757372,8.5288666
4001950379,"Rotwandstrasse 66, 8004 Zürich",bar,Daniel H.,47.3754267,8.5293032
4001950379,"Rotwandstrasse 66, 8004 Zürich",restaurant,Osteria Santo Bevitore,47.3754803,8.5284806
4001950379,"Rotwandstrasse 66, 8004 Zürich",bar,Love Story,47.3764724,8.5284217
4001950379,"Rotwandstrasse 66, 8004 Zürich",restaurant,The Sacred,47.3760618,8.5288696
4001950379,"Rotwandstrasse 66, 8004 Zürich",bar,Don Miguel,47.3761788,8.5286665
4001950379,"Rotwandstrasse 66, 8004 Zürich",bar,The Mixt,47.3755383,8.529159
4001950379,"Rotwandstrasse 66, 8004 Zürich",restaurant,Pho Mai,47.3755405,8.528631
4001950379,"Rotwandstrasse 66, 8004 Zürich",bar,Glamour Bar,47.3758798,8.5294424
4001950379,"Rotwandstrasse 66, 8004 Zürich",restaurant,Ristorante Italia,47.3764793,8.5291319
4002078840,"Motorenstrasse, 8005 Zürich",restaurant,Dar,47.3835914,8.5283234
4002078840,"Motorenstrasse, 8005 Zürich",restaurant,Tibetasia,47.3844648,8.5278368
4002078840,"Motorenstrasse, 8005 Zürich",restaurant,Damas,47.384599,8.5275777
4002078840,"Motorenstrasse, 8005 Zürich",restaurant,Eisenhof,47.3836276,8.5287302
4002078840,"Motorenstrasse, 8005 Zürich",restaurant,Co Chin Chin,47.3837599,8.5284695
4002078840,"Motorenstrasse, 8005 Zürich",restaurant,Molino,47.3840714,8.5291751
4002078840,"Motorenstrasse, 8005 Zürich",restaurant,Manjaal,47.3843311,8.5286143
4002078840,"Motorenstrasse, 8005 Zürich",restaurant,Friends Corner,47.3847907,8.5277141
4002078840,"Motorenstrasse, 8005 Zürich",restaurant,Josef,47.3838905,8.5289598
4002078840,"Motorenstrasse, 8005 Zürich",restaurant,Maneez,47.3841944,8.5284377
4002064667,"Seefeldstrasse 104, 8008 Zürich",restaurant,NA081,47.3597536,8.5524861
4002064667,"Seefeldstrasse 104, 8008 Zürich",atm,CS Bancomat,47.3601542,8.5524501
4002064667,"Seefeldstrasse 104, 8008 Zürich",library,PBZ Bibliothek Riesbach,47.3592693,8.5539566
4002055225,"Dorfstrasse 31, 5244 Birrhard",restaurant,Zur Halde,47.4327579,8.245599
4002073081,"Rue de Contamines 16, 1206 Genève",bank,La Banque MERRILL LYNCH,46.1964258,6.1562573
4002073081,"Rue de Contamines 16, 1206 Genève",restaurant,n/a,46.1960586,6.1554375
4002057192,"Badenerstrasse 12, 8953 Dietikon",fast_food,El Pablo,47.4054721,8.3987591
4002057192,"Badenerstrasse 12, 8953 Dietikon",pharmacy,Amavita Dietikon,47.405637,8.3982172
4002057192,"Badenerstrasse 12, 8953 Dietikon",fast_food,Spice Flavour,47.4056661,8.3989168
4002057192,"Badenerstrasse 12, 8953 Dietikon",fast_food,Pizza Pasta,47.4055522,8.3991171
4002057192,"Badenerstrasse 12, 8953 Dietikon",fast_food,Royal Önder,47.4056015,8.3990154
4002057165,"Rue Mauborget 6, 1003 Lausanne",restaurant,La Pinte Besson,46.5232853,6.6296038
4002057165,"Rue Mauborget 6, 1003 Lausanne",restaurant,L'Orchidée,46.5232854,6.628513
4002057165,"Rue Mauborget 6, 1003 Lausanne",restaurant,Lotus Bleu Club,46.523276,6.6285481
4002057165,"Rue Mauborget 6, 1003 Lausanne",fast_food,Giga Tacos,46.5233068,6.6297126
4002057165,"Rue Mauborget 6, 1003 Lausanne",restaurant,Le National,46.5231056,6.6298388
4002057165,"Rue Mauborget 6, 1003 Lausanne",bar,The Spirit Bar,46.5235145,6.6296246
4002057165,"Rue Mauborget 6, 1003 Lausanne",restaurant,Red Sea,46.5235895,6.6288881
4002057165,"Rue Mauborget 6, 1003 Lausanne",fast_food,Holy Cow,46.5226883,6.6282137
4002057165,"Rue Mauborget 6, 1003 Lausanne",restaurant,La Croquignole,46.5232886,6.6291632
4002057165,"Rue Mauborget 6, 1003 Lausanne",bank,Cler,46.5226406,6.6301381
4002057165,"Rue Mauborget 6, 1003 Lausanne",restaurant,Nihao,46.5228252,6.6294072
4002057165,"Rue Mauborget 6, 1003 Lausanne",restaurant,Pizza Fratel,46.5236313,6.6293485
4002057165,"Rue Mauborget 6, 1003 Lausanne",pub,La Mise en Bière,46.5237337,6.6288049
4002057165,"Rue Mauborget 6, 1003 Lausanne",restaurant,Le Levant,46.5234443,6.6287181
4002057165,"Rue Mauborget 6, 1003 Lausanne",bar,Le Cylure,46.5235053,6.6296545
4002057165,"Rue Mauborget 6, 1003 Lausanne",cafe,Bel-Air Coffee,46.5228103,6.6285098
4002057165,"Rue Mauborget 6, 1003 Lausanne",fast_food,Planet Bowl,46.5230471,6.6298595
4002057165,"Rue Mauborget 6, 1003 Lausanne",fast_food,Giga Tacos,46.5226765,6.6293002
4002057165,"Rue Mauborget 6, 1003 Lausanne",restaurant,Ti Kréyol,46.523572,6.6295825
4002057165,"Rue Mauborget 6, 1003 Lausanne",restaurant,Sushi Express,46.5225878,6.6285252
4002057165,"Rue Mauborget 6, 1003 Lausanne",fast_food,The Pancakes Mafia,46.5226132,6.62847
4002057165,"Rue Mauborget 6, 1003 Lausanne",restaurant,La Caleta,46.5232707,6.6286622
4002057165,"Rue Mauborget 6, 1003 Lausanne",restaurant,Açai concept,46.5232658,6.6295335
4002039400,"Maurerweg 12, 2503 Biel",fast_food,Bravo Pizza,47.1343076,7.255173
4002039400,"Maurerweg 12, 2503 Biel",parking,n/a,47.1337612,7.2568258
4002039400,"Maurerweg 12, 2503 Biel",parking,n/a,47.1337863,7.2559719
4002024740,8272 Ermatingen,parking,n/a,47.6696835,9.0828749
4002017354,"Route du Chasseur 30 bis, 1008 Prilly",restaurant,iSushi,46.5375912,6.6067067
4001987343,3780 Gstaad,restaurant,MEGU,46.4762371,7.2886395
4001987343,3780 Gstaad,restaurant,Sommet by Martin Göschel,46.4762698,7.2884595
4001978241,"Dorfstrasse 14, 4206 Seewen SO",restaurant,Sonne,47.435175,7.657876
4001915132,"Rotwandstrasse 66, 8004 Zürich",restaurant,Ristorante Italia,47.3763729,8.5292946
4001915132,"Rotwandstrasse 66, 8004 Zürich",restaurant,Trübli Bar,47.3765636,8.5290029
4001915132,"Rotwandstrasse 66, 8004 Zürich",restaurant,Convivio,47.3757244,8.5292515
4001915132,"Rotwandstrasse 66, 8004 Zürich",restaurant,Accademia del Gusto,47.375334,8.5286575
4001915132,"Rotwandstrasse 66, 8004 Zürich",bar,E.X. 4,47.3757372,8.5288666
4001915132,"Rotwandstrasse 66, 8004 Zürich",bar,Daniel H.,47.3754267,8.5293032
4001915132,"Rotwandstrasse 66, 8004 Zürich",restaurant,Osteria Santo Bevitore,47.3754803,8.5284806
4001915132,"Rotwandstrasse 66, 8004 Zürich",bar,Love Story,47.3764724,8.5284217
4001915132,"Rotwandstrasse 66, 8004 Zürich",restaurant,The Sacred,47.3760618,8.5288696
4001915132,"Rotwandstrasse 66, 8004 Zürich",bar,Don Miguel,47.3761788,8.5286665
4001915132,"Rotwandstrasse 66, 8004 Zürich",bar,The Mixt,47.3755383,8.529159
4001915132,"Rotwandstrasse 66, 8004 Zürich",restaurant,Pho Mai,47.3755405,8.528631
4001915132,"Rotwandstrasse 66, 8004 Zürich",bar,Glamour Bar,47.3758798,8.5294424
4001915132,"Rotwandstrasse 66, 8004 Zürich",restaurant,Ristorante Italia,47.3764793,8.5291319
4001867060,"Dorfgasse 4, 8708 Männedorf",restaurant,Cortali,47.2557549,8.6895976
4001867060,"Dorfgasse 4, 8708 Männedorf",cafe,Krug,47.2560845,8.6891598
4002081565,"Hottingerstrasse 38, 8032 Zürich",restaurant,Afghan Anar,47.3697919,8.5529812
4002081565,"Hottingerstrasse 38, 8032 Zürich",cafe,Café Berner,47.3695588,8.5540543
4002071005,"Chemin du Devin 47B, 1012 Lausanne",parking,n/a,46.5312086,6.6517861
4002071005,"Chemin du Devin 47B, 1012 Lausanne",parking,n/a,46.531182,6.6518164
4002071005,"Chemin du Devin 47B, 1012 Lausanne",parking,n/a,46.5311032,6.6519281
4002071005,"Chemin du Devin 47B, 1012 Lausanne",parking,n/a,46.5314019,6.6524828
4002071005,"Chemin du Devin 47B, 1012 Lausanne",parking,n/a,46.5316027,6.652361
4002069592,"Rütistrasse 4, 8032 Zürich",cafe,Le Pain Quotidien,47.3683702,8.5605979
4002069592,"Rütistrasse 4, 8032 Zürich",restaurant,Restaurant Römerblick,47.3680769,8.5597987
4002069592,"Rütistrasse 4, 8032 Zürich",pharmacy,BENU Apotheke,47.3680176,8.5599727
4002069592,"Rütistrasse 4, 8032 Zürich",bank,UBS,47.3681554,8.5608008
4002069592,"Rütistrasse 4, 8032 Zürich",restaurant,Dal Sardo,47.3679132,8.5602255
4002038535,"Aentenschnabel, 8353 Elgg",fast_food,Kebab Bahnhof Elgg,47.4984291,8.8634063
4002038535,"Aentenschnabel, 8353 Elgg",restaurant,Da Mè,47.4981749,8.8642546
4002038105,"Maurerweg 12, 2503 Biel",fast_food,Bravo Pizza,47.1343076,7.255173
4002038105,"Maurerweg 12, 2503 Biel",parking,n/a,47.1337612,7.2568258
4002038105,"Maurerweg 12, 2503 Biel",parking,n/a,47.1337863,7.2559719
4002024967,"Seefeldstrasse 231, 8008 Zürich",parking,n/a,47.3511274,8.5617765
4002024967,"Seefeldstrasse 231, 8008 Zürich",cafe,Kornsilo,47.3517143,8.560923
4002024967,"Seefeldstrasse 231, 8008 Zürich",bar,Blaue Ente,47.3517875,8.5611622
4002024967,"Seefeldstrasse 231, 8008 Zürich",restaurant,Blaue Ente,47.3519503,8.5611316
4001978238,"Dorfstrasse 14, 4206 Seewen SO",restaurant,Sonne,47.435175,7.657876
4001977767,"Henri-Mussard, 1208 Genève",school,École de Roches,46.1980944,6.1614069
4001950380,"Rotwandstrasse 66, 8004 Zürich",restaurant,Ristorante Italia,47.3763729,8.5292946
4001950380,"Rotwandstrasse 66, 8004 Zürich",restaurant,Trübli Bar,47.3765636,8.5290029
4001950380,"Rotwandstrasse 66, 8004 Zürich",restaurant,Convivio,47.3757244,8.5292515
4001950380,"Rotwandstrasse 66, 8004 Zürich",restaurant,Accademia del Gusto,47.375334,8.5286575
4001950380,"Rotwandstrasse 66, 8004 Zürich",bar,E.X. 4,47.3757372,8.5288666
4001950380,"Rotwandstrasse 66, 8004 Zürich",bar,Daniel H.,47.3754267,8.5293032
4001950380,"Rotwandstrasse 66, 8004 Zürich",restaurant,Osteria Santo Bevitore,47.3754803,8.5284806
4001950380,"Rotwandstrasse 66, 8004 Zürich",bar,Love Story,47.3764724,8.5284217
4001950380,"Rotwandstrasse 66, 8004 Zürich",restaurant,The Sacred,47.3760618,8.5288696
4001950380,"Rotwandstrasse 66, 8004 Zürich",bar,Don Miguel,47.3761788,8.5286665
4001950380,"Rotwandstrasse 66, 8004 Zürich",bar,The Mixt,47.3755383,8.529159
4001950380,"Rotwandstrasse 66, 8004 Zürich",restaurant,Pho Mai,47.3755405,8.528631
4001950380,"Rotwandstrasse 66, 8004 Zürich",bar,Glamour Bar,47.3758798,8.5294424
4001950380,"Rotwandstrasse 66, 8004 Zürich",restaurant,Ristorante Italia,47.3764793,8.5291319
4001950370,"Rotwandstrasse 66, 8004 Zürich",restaurant,Ristorante Italia,47.3763729,8.5292946
4001950370,"Rotwandstrasse 66, 8004 Zürich",restaurant,Trübli Bar,47.3765636,8.5290029
4001950370,"Rotwandstrasse 66, 8004 Zürich",restaurant,Convivio,47.3757244,8.5292515
4001950370,"Rotwandstrasse 66, 8004 Zürich",restaurant,Accademia del Gusto,47.375334,8.5286575
4001950370,"Rotwandstrasse 66, 8004 Zürich",bar,E.X. 4,47.3757372,8.5288666
4001950370,"Rotwandstrasse 66, 8004 Zürich",bar,Daniel H.,47.3754267,8.5293032
4001950370,"Rotwandstrasse 66, 8004 Zürich",restaurant,Osteria Santo Bevitore,47.3754803,8.5284806
4001950370,"Rotwandstrasse 66, 8004 Zürich",bar,Love Story,47.3764724,8.5284217
4001950370,"Rotwandstrasse 66, 8004 Zürich",restaurant,The Sacred,47.3760618,8.5288696
4001950370,"Rotwandstrasse 66, 8004 Zürich",bar,Don Miguel,47.3761788,8.5286665
4001950370,"Rotwandstrasse 66, 8004 Zürich",bar,The Mixt,47.3755383,8.529159
4001950370,"Rotwandstrasse 66, 8004 Zürich",restaurant,Pho Mai,47.3755405,8.528631
4001950370,"Rotwandstrasse 66, 8004 Zürich",bar,Glamour Bar,47.3758798,8.5294424
4001950370,"Rotwandstrasse 66, 8004 Zürich",restaurant,Ristorante Italia,47.3764793,8.5291319
4001874968,"Poststrasse 19, 2504 Biel/Bienne",atm,BEKB BCBE,47.1461079,7.2723818
4002039406,"Maurerweg 12, 2503 Biel",fast_food,Bravo Pizza,47.1343076,7.255173
4002039406,"Maurerweg 12, 2503 Biel",parking,n/a,47.1337612,7.2568258
4002039406,"Maurerweg 12, 2503 Biel",parking,n/a,47.1337863,7.2559719
4001908556,"Rue du Jura 7, 1196 Gland",restaurant,Pacha,46.423971,6.2627066
4001899051,"Baselstrasse 47, 4500 Solothurn",restaurant,Restaurant Sternen,47.2121965,7.5449478
4001886453,"Militärstrasse 106, 8004 Zürich",pub,Total Bar,47.3787873,8.5288027
4001886453,"Militärstrasse 106, 8004 Zürich",pharmacy,Paracelsus-Apotheke,47.3793647,8.5276523
4001886453,"Militärstrasse 106, 8004 Zürich",bar,Sudaka,47.3794533,8.5282622
4001886453,"Militärstrasse 106, 8004 Zürich",bar,Strauss,47.379674,8.5278486
4001886453,"Militärstrasse 106, 8004 Zürich",bar,Ka3an,47.3787218,8.5298173
4001886453,"Militärstrasse 106, 8004 Zürich",restaurant,Pizzeria Milano,47.3791536,8.5283971
4001886453,"Militärstrasse 106, 8004 Zürich",fast_food,Italia Bistro To-Go da Lisa,47.3794249,8.5280229
4001886453,"Militärstrasse 106, 8004 Zürich",fast_food,Rosita's,47.3793553,8.5297102
4001886453,"Militärstrasse 106, 8004 Zürich",bar,Bar OTRO,47.3784483,8.5287399
4001886453,"Militärstrasse 106, 8004 Zürich",bar,Olé Olé Bar,47.3800296,8.5280643
4001886453,"Militärstrasse 106, 8004 Zürich",atm,Bankomat,47.3795123,8.5277145
4001886453,"Militärstrasse 106, 8004 Zürich",fast_food,Zum goldenen Taschenbrot,47.3788366,8.5291393
4001886453,"Militärstrasse 106, 8004 Zürich",bar,Sanny Bar & Lounge,47.3792182,8.5275828
4001886453,"Militärstrasse 106, 8004 Zürich",cafe,Bar Butter,47.3789061,8.527821
4001886453,"Militärstrasse 106, 8004 Zürich",fast_food,Taste of Africa,47.379434,8.5279472
4001886453,"Militärstrasse 106, 8004 Zürich",bar,Zwllings Bar,47.3792121,8.5282699
4001886453,"Militärstrasse 106, 8004 Zürich",restaurant,Khouris,47.3800736,8.5289015
4001886453,"Militärstrasse 106, 8004 Zürich",restaurant,Charlatan Restodisco,47.3798514,8.5284862
4001886453,"Militärstrasse 106, 8004 Zürich",fast_food,La Isla Bonita,47.3797897,8.5286284
4001886453,"Militärstrasse 106, 8004 Zürich",atm,Bity Crypto ATM,47.3790902,8.5290966
4001886453,"Militärstrasse 106, 8004 Zürich",bar,J.B. LABAT,47.37872,8.5287053
4002063419,"Place du Bourg-de-Four, 1204 Genève",restaurant,Le Flore,46.2015715,6.1498006
4002063419,"Place du Bourg-de-Four, 1204 Genève",restaurant,Pâtisserie,46.2010675,6.149344
4002063419,"Place du Bourg-de-Four, 1204 Genève",cafe,La Clémence,46.2002116,6.1487995
4002063419,"Place du Bourg-de-Four, 1204 Genève",pharmacy,Pharmacie du Bourg-de-Four,46.2004672,6.1490445
4002063419,"Place du Bourg-de-Four, 1204 Genève",restaurant,Au Pied de Cochon,46.2008165,6.1492919
4002063419,"Place du Bourg-de-Four, 1204 Genève",restaurant,Spaghetti Factory,46.201446,6.1497645
4002063419,"Place du Bourg-de-Four, 1204 Genève",restaurant,Steak Street Food,46.2013863,6.1503538
4002063419,"Place du Bourg-de-Four, 1204 Genève",cafe,Le Bistrot des Arts,46.2003157,6.1488988
4002063419,"Place du Bourg-de-Four, 1204 Genève",restaurant,Le Radar de pOche,46.2001883,6.149596
4002063419,"Place du Bourg-de-Four, 1204 Genève",cafe,Vino Olio Caffè,46.2003002,6.1497446
4002063419,"Place du Bourg-de-Four, 1204 Genève",restaurant,A la Pomme d'Or,46.2002709,6.1488537
4002061790,"Chemin de Bonne-Espérance, 1006 Lausanne",restaurant,Trishul café restaurant indien,46.5139894,6.6475915
4002059774,"Route des Arsenaux, 1700 Fribourg",pharmacy,Pharmacie Dr A Marca,46.8027202,7.1515284
4002059774,"Route des Arsenaux, 1700 Fribourg",bar,Ancienne Gare,46.802203,7.1503768
4002059774,"Route des Arsenaux, 1700 Fribourg",atm,n/a,46.8018427,7.1514562
4002059774,"Route des Arsenaux, 1700 Fribourg",restaurant,Le Pérolles,46.8020268,7.1512463
4002059774,"Route des Arsenaux, 1700 Fribourg",pharmacy,Benu,46.8028847,7.1511161
4002059774,"Route des Arsenaux, 1700 Fribourg",cafe,Starbucks,46.8027925,7.1510442
4002059774,"Route des Arsenaux, 1700 Fribourg",fast_food,Au Bospore,46.8023919,7.1508991
4002059774,"Route des Arsenaux, 1700 Fribourg",bank,Banque CIC Suisse,46.8024442,7.1509096
4002059774,"Route des Arsenaux, 1700 Fribourg",cafe,Le Passenger,46.8026344,7.1507497
4002059774,"Route des Arsenaux, 1700 Fribourg",atm,Postfinance,46.8030884,7.1510433
4002059774,"Route des Arsenaux, 1700 Fribourg",pharmacy,Pharmacie Dr.Hagendorf,46.8019679,7.1517882
4002059774,"Route des Arsenaux, 1700 Fribourg",cafe,Coffee & Friends,46.8031788,7.1509556
4002059774,"Route des Arsenaux, 1700 Fribourg",parking,n/a,46.8015877,7.1510559
4002059774,"Route des Arsenaux, 1700 Fribourg",fast_food,Burger King,46.8031748,7.15121
4002059774,"Route des Arsenaux, 1700 Fribourg",atm,Int Bank,46.8031102,7.1510522
4002059774,"Route des Arsenaux, 1700 Fribourg",restaurant,China town,46.8028731,7.1517428
4002059774,"Route des Arsenaux, 1700 Fribourg",restaurant,L’unique tartare,46.803188,7.1511821
4002059774,"Route des Arsenaux, 1700 Fribourg",pub,Les Gosses du Québec,46.802119,7.1517355
4002059774,"Route des Arsenaux, 1700 Fribourg",fast_food,Dunkin',46.8027983,7.1516347
4002038113,"Maurerweg 12, 2503 Biel",fast_food,Bravo Pizza,47.1343076,7.255173
4002038113,"Maurerweg 12, 2503 Biel",parking,n/a,47.1337612,7.2568258
4002038113,"Maurerweg 12, 2503 Biel",parking,n/a,47.1337863,7.2559719
4002023693,"Wankdorffeldstrasse 103, 3014 Bern",restaurant,Nordring,46.9641631,7.4577302
4001913747,"Rue Rousseau, 1201 Genève",parking,Grenus,46.2068252,6.1430821
4001913747,"Rue Rousseau, 1201 Genève",pharmacy,Pharmacie du Progrès,46.2069618,6.1432079
4001913747,"Rue Rousseau, 1201 Genève",pub,Mulligans,46.2071296,6.1433642
4001913747,"Rue Rousseau, 1201 Genève",bar,Black Sheep,46.2063362,6.1435471
4001913747,"Rue Rousseau, 1201 Genève",bank,Cembra Banque,46.2073669,6.1449154
4001913747,"Rue Rousseau, 1201 Genève",restaurant,Chez ma Cousine,46.2075229,6.1440576
4001913747,"Rue Rousseau, 1201 Genève",restaurant,Zhong Tong,46.2068742,6.1447473
4001913747,"Rue Rousseau, 1201 Genève",restaurant,Mamma Corleone,46.2069866,6.1449561
4001913747,"Rue Rousseau, 1201 Genève",bar,La Bretelle,46.2066225,6.1440166
4001913747,"Rue Rousseau, 1201 Genève",restaurant,Mike Wong,46.2072862,6.144676
4001913747,"Rue Rousseau, 1201 Genève",fast_food,Subway,46.2067148,6.1444047
4001913747,"Rue Rousseau, 1201 Genève",restaurant,Together,46.2065932,6.1434649
4001913747,"Rue Rousseau, 1201 Genève",cafe,Grenus,46.2065392,6.1435036
4001913747,"Rue Rousseau, 1201 Genève",cafe,Manor Food,46.2073474,6.1426117
4001913747,"Rue Rousseau, 1201 Genève",bank,CEMBRA BANK,46.2075342,6.1438545
4001913747,"Rue Rousseau, 1201 Genève",bar,Le Phare,46.2073825,6.1438914
4001913747,"Rue Rousseau, 1201 Genève",cafe,White Rabbit,46.2070222,6.1448081
4001913747,"Rue Rousseau, 1201 Genève",cafe,n/a,46.2070439,6.1447727
4001913747,"Rue Rousseau, 1201 Genève",cafe,Baristar,46.2066407,6.1435401
4001913747,"Rue Rousseau, 1201 Genève",cafe,Calico,46.2070616,6.1436286
4001913747,"Rue Rousseau, 1201 Genève",cafe,Kony,46.2077305,6.142818
4001913747,"Rue Rousseau, 1201 Genève",bar,Café de la Sarine,46.2073936,6.1435251
4001913747,"Rue Rousseau, 1201 Genève",cafe,Les 3 Palettes,46.2069926,6.143712
4001913747,"Rue Rousseau, 1201 Genève",atm,Bity Crypto ATM,46.2072187,6.1427544
4002077169,"Schulstrasse 31, 4132 Muttenz",fast_food,Cafe & More,47.5267647,7.6471139
4002077169,"Schulstrasse 31, 4132 Muttenz",atm,n/a,47.5267901,7.6477194
4002077169,"Schulstrasse 31, 4132 Muttenz",fast_food,Dönerstop,47.5268261,7.6472043
4002077169,"Schulstrasse 31, 4132 Muttenz",bank,UBS,47.5262386,7.6474316
4001840033,"Brombacherstrasse 44, 4057 Basel",pub,Musical Bar,47.5690036,7.5973736
4001840033,"Brombacherstrasse 44, 4057 Basel",restaurant,Rössli,47.5700863,7.596641
4001840033,"Brombacherstrasse 44, 4057 Basel",restaurant,Thai Café,47.5698504,7.5973694
4001840033,"Brombacherstrasse 44, 4057 Basel",restaurant,Habesha,47.5701487,7.596197
4001840033,"Brombacherstrasse 44, 4057 Basel",restaurant,Casa Piccola Italia,47.570009,7.5974416
4001644316,"Berneckerstrasse 15/17, 9434 Au SG",parking,n/a,47.4126163,9.6260867
4002065395,"Baselstrasse 7b, 4144 Arlesheim",restaurant,Restaurant Classico,47.4952761,7.6198948
4002053910,"Flawilerstrasse 48, 9242 Oberuzwil",restaurant,Gasthaus zum Rössli,47.429541,9.1232683
4002053910,"Flawilerstrasse 48, 9242 Oberuzwil",bank,Raiffeisenbank Flawil-Degersheim-Mogelsberg-Oberuzwil,47.4302402,9.1232309
4002053910,"Flawilerstrasse 48, 9242 Oberuzwil",restaurant,La Casa del Gusto,47.4298872,9.1227503
4002053910,"Flawilerstrasse 48, 9242 Oberuzwil",restaurant,Bebek Oriental Food,47.4291965,9.1233818
4001797872,"Seestrasse 55, 8266 Steckborn",restaurant,Frohsinn,47.6690414,8.9852342
4002064450,"Götzstrasse 19, 8006 Zürich",restaurant,Siam Chili,47.504091,8.7294585
4002009558,"Thurgauerstrasse 107, 8152 Opfikon",restaurant,Luigia,47.4221331,8.5584644
4001936608,8640 Rapperswil,parking,Albuville,47.2274478,8.8211912
4001936608,8640 Rapperswil,clinic,Rosenklinik,47.2264223,8.8222097
4001871601,"Widenplatz 12, 5070 Frick",bank,Aargauische Kantonalbank,47.5073974,8.022846
4001871601,"Widenplatz 12, 5070 Frick",fast_food,Melo Pizza & Kebab,47.506813,8.0218957
4001871601,"Widenplatz 12, 5070 Frick",parking,n/a,47.5070222,8.0235204
4001871601,"Widenplatz 12, 5070 Frick",atm,n/a,47.5075258,8.0229342
4001936613,8640 Rapperswil,parking,Albuville,47.2274478,8.8211912
4001936613,8640 Rapperswil,clinic,Rosenklinik,47.2264223,8.8222097
4002002619,"Langenthalstrasse 7, 4932 Lotzwil",restaurant,Kreuz,47.1916317,7.7908325
4002066177,"Hubelstrasse 1B, 5524 Niederwil AG",library,Schul- und Gemeindebibliothek Niederwil,47.3790653,8.2936463
4001067447,"Brückenmoosstrasse 21, 3942 Raron",parking,n/a,46.3088465,7.7957998
4002053901,"Viale Stazione 21, 6500 Bellinzona",pub,Il Fermento,46.1925574,9.0236368
4002053901,"Viale Stazione 21, 6500 Bellinzona",fast_food,Lo Stuzzico,46.1931678,9.0245684
4002053901,"Viale Stazione 21, 6500 Bellinzona",bank,UBS,46.1933865,9.0250599
4002053901,"Viale Stazione 21, 6500 Bellinzona",atm,n/a,46.1933251,9.0251962
4002053901,"Viale Stazione 21, 6500 Bellinzona",pharmacy,Benu,46.1928285,9.0241488
4002053901,"Viale Stazione 21, 6500 Bellinzona",bar,Bar 700,46.1929079,9.0236325
4002053901,"Viale Stazione 21, 6500 Bellinzona",bar,Wine Bar Galleria,46.1924775,9.0234856
4002053901,"Viale Stazione 21, 6500 Bellinzona",restaurant,Manora Fresh To Go,46.1923176,9.0240618
4001668356,"Doktorsträssli 5a, 4704 Niederbipp",cafe,Bieri,47.2718553,7.6913228
4001668356,"Doktorsträssli 5a, 4704 Niederbipp",restaurant,Gasthof Brauerei,47.2716834,7.6910695
4001668356,"Doktorsträssli 5a, 4704 Niederbipp",fast_food,Il Leone,47.27203,7.6910969
4001980329,"Bartholoméplatz 3, 7310 Bad Ragaz",parking,Parkhaus Zentrum,47.003106,9.5007301
4001980329,"Bartholoméplatz 3, 7310 Bad Ragaz",cafe,Café Confiserie Fässler,47.0037015,9.5005702
4001980329,"Bartholoméplatz 3, 7310 Bad Ragaz",pub,Thömsn's National Pub,47.0035425,9.5010851
4001980329,"Bartholoméplatz 3, 7310 Bad Ragaz",cafe,Huber,47.0029882,9.5009837
4001980329,"Bartholoméplatz 3, 7310 Bad Ragaz",atm,n/a,47.0032551,9.5008963
4001980329,"Bartholoméplatz 3, 7310 Bad Ragaz",cafe,n/a,47.003282,9.5018457
4001980329,"Bartholoméplatz 3, 7310 Bad Ragaz",bar,Thömsn's Club,47.0035698,9.5011378
4001980329,"Bartholoméplatz 3, 7310 Bad Ragaz",atm,Postfinance,47.0027319,9.5004935
4001980329,"Bartholoméplatz 3, 7310 Bad Ragaz",parking,Gemeinde,47.0025208,9.5004803
4001980329,"Bartholoméplatz 3, 7310 Bad Ragaz",cafe,Café-Konditorei Keller,47.0037813,9.5012683
4001980329,"Bartholoméplatz 3, 7310 Bad Ragaz",restaurant,AlpenHirt + KUH,47.0030516,9.5014859
4001980329,"Bartholoméplatz 3, 7310 Bad Ragaz",bank,Raiffeisenbank Sarganserland,47.0027248,9.5020044
4001980329,"Bartholoméplatz 3, 7310 Bad Ragaz",atm,n/a,47.0027661,9.502028
4001669765,"Gerbergasse 70, 4001 Basel",restaurant,Mister Wong,47.5551319,7.5886898
4001669765,"Gerbergasse 70, 4001 Basel",bar,Rio Bar,47.5545416,7.5887436
4001669765,"Gerbergasse 70, 4001 Basel",restaurant,Bodega Zum Strauss,47.5547081,7.5887536
4001669765,"Gerbergasse 70, 4001 Basel",bank,BLKB,47.5551376,7.5896452
4001669765,"Gerbergasse 70, 4001 Basel",atm,Basler Kantonalbank,47.5548521,7.5891739
4001669765,"Gerbergasse 70, 4001 Basel",restaurant,Brötlibar,47.5549114,7.5887661
4001669765,"Gerbergasse 70, 4001 Basel",cafe,Grand Cafe Huguenin,47.5550409,7.5899719
4001669765,"Gerbergasse 70, 4001 Basel",restaurant,Pizzeria Centro am Barfi,47.5552409,7.5900301
4001669765,"Gerbergasse 70, 4001 Basel",fast_food,Döner Stop,47.5550335,7.5887241
4001669765,"Gerbergasse 70, 4001 Basel",restaurant,Latini,47.5555484,7.5893591
4001669765,"Gerbergasse 70, 4001 Basel",restaurant,Manger & Boire,47.5551973,7.589085
4001669765,"Gerbergasse 70, 4001 Basel",cafe,Confiserie Bachmann,47.5558292,7.5887504
4001669765,"Gerbergasse 70, 4001 Basel",restaurant,Walliser Kanne,47.555844,7.5885699
4001669765,"Gerbergasse 70, 4001 Basel",cafe,Ca'puccino,47.5559267,7.5889171
4001669765,"Gerbergasse 70, 4001 Basel",fast_food,La Sofra,47.555619,7.5886384
4001669765,"Gerbergasse 70, 4001 Basel",pub,Schluggstube,47.5558997,7.5882425
4001669765,"Gerbergasse 70, 4001 Basel",restaurant,Anatolia,47.5552593,7.5885365
4001669765,"Gerbergasse 70, 4001 Basel",restaurant,Cardamon,47.5547778,7.5887743
4001669765,"Gerbergasse 70, 4001 Basel",pharmacy,Benu,47.5545975,7.5887506
4001669765,"Gerbergasse 70, 4001 Basel",restaurant,Nooch Asian Kitchen,47.5553306,7.5889861
4001669765,"Gerbergasse 70, 4001 Basel",fast_food,Piadina Bar,47.555071,7.588721
4001669765,"Gerbergasse 70, 4001 Basel",restaurant,ZaZaa,47.5551019,7.5890491
4001669765,"Gerbergasse 70, 4001 Basel",cafe,XOXO Café Bar,47.5551791,7.5897443
4001669765,"Gerbergasse 70, 4001 Basel",bar,Stöckli,47.5551748,7.5892129
4001669765,"Gerbergasse 70, 4001 Basel",restaurant,Stadthof,47.5549284,7.5887299
4001669765,"Gerbergasse 70, 4001 Basel",fast_food,Dunkin',47.5548384,7.5887592
4001669765,"Gerbergasse 70, 4001 Basel",bar,L‘Uniqe,47.5561399,7.5882135
4001669765,"Gerbergasse 70, 4001 Basel",library,n/a,47.5558028,7.5876945
4002051404,"Oltenstrasse 5, 4536 Attiswil",restaurant,n/a,47.2470274,7.6139453
4002053900,"Via alla Bozzoreda 37, 6963 Pregassona",restaurant,Ristorante-Pizzeria del Sole,46.0197405,8.9736515
4002038666,"Via San Gottardo 58a, 6500 Bellinzona",fast_food,Istanbul Kebab,46.2010532,9.0328505
4002038666,"Via San Gottardo 58a, 6500 Bellinzona",restaurant,Osteria Rex,46.2014434,9.0329182
4002038659,"Frank-Buchserstrasse 3, 4532 Feldbrunnen",restaurant,Buchser – Bar und Chuchi,47.2201894,7.5552292
4002002549,"Leutschenbachstrasse 50/50a, 8050 Zürich",restaurant,Thai Erawan,47.4165977,8.5558212
4002002549,"Leutschenbachstrasse 50/50a, 8050 Zürich",restaurant,Vitabella,47.4175762,8.5551599
4001980280,"Viale Stazione 21, 6500 Bellinzona",pub,Il Fermento,46.1925574,9.0236368
4001980280,"Viale Stazione 21, 6500 Bellinzona",fast_food,Lo Stuzzico,46.1931678,9.0245684
4001980280,"Viale Stazione 21, 6500 Bellinzona",bank,UBS,46.1933865,9.0250599
4001980280,"Viale Stazione 21, 6500 Bellinzona",atm,n/a,46.1933251,9.0251962
4001980280,"Viale Stazione 21, 6500 Bellinzona",pharmacy,Benu,46.1928285,9.0241488
4001980280,"Viale Stazione 21, 6500 Bellinzona",bar,Bar 700,46.1929079,9.0236325
4001980280,"Viale Stazione 21, 6500 Bellinzona",bar,Wine Bar Galleria,46.1924775,9.0234856
4001980280,"Viale Stazione 21, 6500 Bellinzona",restaurant,Manora Fresh To Go,46.1923176,9.0240618
4001904514,"Via Sasso Corbaro 19, 6593 Cadenazzo",bank,Raiffeisen,46.1518588,8.9452132
4001836955,"Niederfeldstrasse 8, 8932 Mettmenstetten",library,Bibliothek Mettmenstetten,47.2458916,8.4659348
4001797428,"Schwaderloch 7, 8253 Diessenhofen",bar,Joes Bar,47.6896463,8.7523256
4001669464,"Langenhagweg 7, 4123 Allschwil",pharmacy,Amavita Paradies,47.5474625,7.5540621
4001668528,"Via Sasso Corbaro 17, 6593 Cadenazzo",bank,Raiffeisen,46.1518588,8.9452132
4002050661,"Hauptstrasse 119, 4102 Binningen",cafe,cent-treize,47.5384687,7.5719622
4002050661,"Hauptstrasse 119, 4102 Binningen",restaurant,Jagerstübli,47.5390237,7.572172
4002050661,"Hauptstrasse 119, 4102 Binningen",restaurant,Krone,47.5379517,7.5715103
4002039926,"Avenue Beauregard 2, 1700 Fribourg",restaurant,Marathon,46.8013912,7.1485822
4002039926,"Avenue Beauregard 2, 1700 Fribourg",library,"Bibliothèque interculturelle ""LivrEchange"" de Fribourg",46.8017738,7.1486777
4002039926,"Avenue Beauregard 2, 1700 Fribourg",university,Beauregard 01,46.8025294,7.1490731
4002039926,"Avenue Beauregard 2, 1700 Fribourg",restaurant,Host India,46.802075,7.148784
4002038664,"Via Ghiringhelli 27 a, 6500 Bellinzona",restaurant,Ristorante Achilea,46.1874976,9.0165724
4002009638,"Stengelmattstrasse 24, 6252 Dagmersellen",school,Kindergarten,47.2129016,7.9833003
4002009638,"Stengelmattstrasse 24, 6252 Dagmersellen",parking,n/a,47.2137821,7.9840973
4002009504,"Küchengasse 16, 4051 Basel",cafe,ViCafe,47.5482134,7.589679
4002009504,"Küchengasse 16, 4051 Basel",cafe,Starbucks Centralbahnplatz,47.5487806,7.5900613
4002009504,"Küchengasse 16, 4051 Basel",fast_food,Burger King,47.5482689,7.5897171
4002009504,"Küchengasse 16, 4051 Basel",pharmacy,Amavita Central Basel,47.5485029,7.5899229
4002009504,"Küchengasse 16, 4051 Basel",cafe,dean & david,47.5481764,7.5895002
4002009504,"Küchengasse 16, 4051 Basel",fast_food,McDonalds,47.5483775,7.5886877
4002009504,"Küchengasse 16, 4051 Basel",cafe,McCafé,47.5484267,7.5885486
4002009504,"Küchengasse 16, 4051 Basel",fast_food,Subway,47.5481767,7.5891845
4002009504,"Küchengasse 16, 4051 Basel",restaurant,Lora,47.548098,7.5881919
4002009504,"Küchengasse 16, 4051 Basel",clinic,Physiozentrum,47.548492,7.5884045
4001996813,"Wartenweilerweg 3, 9214 Kradolf-Schönenberg",restaurant,Restaurant Bahnhöfli,47.5249645,9.2017758
4001980272,"Via alla Bozzoreda 37, 6963 Pregassona",restaurant,Ristorante-Pizzeria del Sole,46.0197405,8.9736515
4001794440,"Paracelsusstrasse 63, 4058 Basel",parking,n/a,47.5657978,7.6128342
4001793291,"Haltingerstr. 78, 4057 Basel",restaurant,Zum Goldenen Fass,47.5656669,7.5956372
4001793291,"Haltingerstr. 78, 4057 Basel",fast_food,Royal Grill,47.5668682,7.5953324
4001793291,"Haltingerstr. 78, 4057 Basel",restaurant,Urban Greek,47.5658332,7.5956113
4001793291,"Haltingerstr. 78, 4057 Basel",restaurant,Pizzeria La Perla,47.5653483,7.595655
4001793291,"Haltingerstr. 78, 4057 Basel",pub,Fass Bar,47.5657565,7.5956208
4002073453,"Wylerstrasse 115, 3014 Bern",restaurant,Chez SBB,46.9614225,7.4464629
4002073453,"Wylerstrasse 115, 3014 Bern",parking,n/a,46.9616658,7.4466625
4002071006,"Burgdorfstrasse 13, 3422 Alchenflüh",restaurant,Bären,47.0821495,7.5813167
4002047930,"Redingstrasse 24, 4052 Basel",cafe,Sutter Begg,47.547233,7.6208693
4002039930,"Rue de Romont 1, 1700 Fribourg",restaurant,Molino,46.8053388,7.156299
4002039930,"Rue de Romont 1, 1700 Fribourg",parking,n/a,46.805216,7.1544899
4002039930,"Rue de Romont 1, 1700 Fribourg",parking,n/a,46.8041361,7.1551495
4002039930,"Rue de Romont 1, 1700 Fribourg",cafe,Le Chantilly,46.8048989,7.154845
4002039930,"Rue de Romont 1, 1700 Fribourg",bar,TM,46.8045969,7.1543375
4002039930,"Rue de Romont 1, 1700 Fribourg",restaurant,Le Midi,46.8046791,7.1545091
4002039930,"Rue de Romont 1, 1700 Fribourg",bar,Cuba bar,46.8051079,7.1552916
4002039930,"Rue de Romont 1, 1700 Fribourg",cafe,Starbucks,46.8049899,7.1551521
4002039930,"Rue de Romont 1, 1700 Fribourg",fast_food,McDonald's,46.8048327,7.1548029
4002039930,"Rue de Romont 1, 1700 Fribourg",pharmacy,Benu,46.8048249,7.1552435
4002039930,"Rue de Romont 1, 1700 Fribourg",bank,Valiant,46.8047597,7.1551182
4002039930,"Rue de Romont 1, 1700 Fribourg",fast_food,n/a,46.8048833,7.1539648
4002039930,"Rue de Romont 1, 1700 Fribourg",restaurant,Sakura,46.8050312,7.1545662
4002039930,"Rue de Romont 1, 1700 Fribourg",restaurant,Restaurant FIVE,46.8049611,7.1550967
4002039930,"Rue de Romont 1, 1700 Fribourg",library,MEMO,46.8055026,7.1547455
4002039930,"Rue de Romont 1, 1700 Fribourg",bar,Habana Bar,46.8050909,7.1553346
4002039930,"Rue de Romont 1, 1700 Fribourg",restaurant,BekaaHouse,46.8043311,7.155017
4002039930,"Rue de Romont 1, 1700 Fribourg",restaurant,Holy Cow!,46.8044177,7.1556686
4002039925,"Rue Jacques-Vogt 2, 1700 Fribourg",pharmacy,pharmacieplus,46.798714,7.1532741
4002039925,"Rue Jacques-Vogt 2, 1700 Fribourg",pharmacy,Benu,46.7997007,7.1524027
4002039925,"Rue Jacques-Vogt 2, 1700 Fribourg",parking,n/a,46.7992432,7.1541091
4002039925,"Rue Jacques-Vogt 2, 1700 Fribourg",restaurant,Chengdu (成 都),46.7991272,7.1530682
4002039925,"Rue Jacques-Vogt 2, 1700 Fribourg",restaurant,Au pied de cochon,46.7990835,7.1530894
4001867848,"Chemin des Grands-Pins 2, 2000 Neuchâtel",restaurant,Les Belgeries,46.9968891,6.9340322
4001847621,"Rue Adrien-Pichard 2, 1003 Lausanne",fast_food,McDonald's,46.5224653,6.6306119
4001847621,"Rue Adrien-Pichard 2, 1003 Lausanne",cafe,Starbucks,46.5225223,6.6302652
4001847621,"Rue Adrien-Pichard 2, 1003 Lausanne",pharmacy,Pharmacie Amavita Saint-Laurent,46.5224093,6.6303349
4001847621,"Rue Adrien-Pichard 2, 1003 Lausanne",fast_food,Manora,46.5221223,6.6312833
4001847621,"Rue Adrien-Pichard 2, 1003 Lausanne",restaurant,La Coccinelle,46.5216295,6.6307171
4001847621,"Rue Adrien-Pichard 2, 1003 Lausanne",fast_food,Burger King,46.5216317,6.6303121
4001847621,"Rue Adrien-Pichard 2, 1003 Lausanne",restaurant,Aux Trois Tonneaux,46.5215882,6.6311846
4001847621,"Rue Adrien-Pichard 2, 1003 Lausanne",fast_food,COOP to go,46.5225787,6.6304686
4001847621,"Rue Adrien-Pichard 2, 1003 Lausanne",bank,Cler,46.5226406,6.6301381
4001847621,"Rue Adrien-Pichard 2, 1003 Lausanne",pharmacy,Sunstore,46.5218545,6.6300254
4001847621,"Rue Adrien-Pichard 2, 1003 Lausanne",restaurant,Brasserie Saint-Laurent,46.522396,6.6312908
4001847621,"Rue Adrien-Pichard 2, 1003 Lausanne",fast_food,Inglewood,46.5223824,6.6314721
4001847621,"Rue Adrien-Pichard 2, 1003 Lausanne",fast_food,Le Charlot,46.5220563,6.630536
4001847621,"Rue Adrien-Pichard 2, 1003 Lausanne",cafe,Downtown Lausanne,46.5215056,6.6300601
4001847621,"Rue Adrien-Pichard 2, 1003 Lausanne",restaurant,Les Saveurs du Monde,46.5219989,6.6299497
4001847621,"Rue Adrien-Pichard 2, 1003 Lausanne",fast_food,Le 7ème Délice,46.5219354,6.6299603
4001847621,"Rue Adrien-Pichard 2, 1003 Lausanne",fast_food,Easyfood,46.5219433,6.6299498
4001847621,"Rue Adrien-Pichard 2, 1003 Lausanne",restaurant,CrazyWolf,46.5225537,6.6313244
4001847621,"Rue Adrien-Pichard 2, 1003 Lausanne",restaurant,Mizūmiy - Japan super food,46.5214227,6.6306248
4001847621,"Rue Adrien-Pichard 2, 1003 Lausanne",fast_food,Bamee Bistro,46.5228048,6.6309482
4001847621,"Rue Adrien-Pichard 2, 1003 Lausanne",cafe,Café Barath,46.5220506,6.630516
4001847621,"Rue Adrien-Pichard 2, 1003 Lausanne",pharmacy,Amavita,46.5218395,6.630654
4001847621,"Rue Adrien-Pichard 2, 1003 Lausanne",fast_food,Krispy Kreme,46.5217838,6.6307023
4001847621,"Rue Adrien-Pichard 2, 1003 Lausanne",cafe,GreenGorilla,46.5217086,6.6302409
4001847621,"Rue Adrien-Pichard 2, 1003 Lausanne",restaurant,La Siesta,46.5216734,6.6310251
4001847621,"Rue Adrien-Pichard 2, 1003 Lausanne",fast_food,Giga Tacos,46.5226765,6.6293002
4001847621,"Rue Adrien-Pichard 2, 1003 Lausanne",fast_food,Bibibowl,46.5218195,6.6313348
4001847621,"Rue Adrien-Pichard 2, 1003 Lausanne",bar,Lily,46.5229137,6.6310481
4001847621,"Rue Adrien-Pichard 2, 1003 Lausanne",bar,Lily,46.5229055,6.6310524
4002081184,"Truttikerstrasse 19, 8475 Ossingen",restaurant,Thalacker,47.6143412,8.7257403
4002078663,"Wilfriedstrasse 7, 8032 Zürich",pharmacy,Dropa Hottingen,47.3697086,8.5557788
4002078663,"Wilfriedstrasse 7, 8032 Zürich",cafe,Café Berner,47.3695588,8.5540543
4002078663,"Wilfriedstrasse 7, 8032 Zürich",cafe,Vier Linden Imbiss-Café,47.3696191,8.5554987
4002075419,"Husächerstr. 5, 8907 Wettswil",restaurant,Restaurant Pizzeria Grazie,47.3403525,8.4728269
4002073382,"Wylerstrasse 115, 3014 Bern",restaurant,Chez SBB,46.9614225,7.4464629
4002073382,"Wylerstrasse 115, 3014 Bern",parking,n/a,46.9616658,7.4466625
4002073335,"Hammerstrasse 92, 4057 Basel",restaurant,Pizzeria La Perla,47.5653483,7.595655
4002070191,"Rue Daubin 4, 1203 Genève",restaurant,La Limite,46.2064678,6.1301205
4002060913,"Rathausstrasse 30, 8570 Weinfelden",restaurant,Eisenbahn,47.5658415,9.1079733
4002060913,"Rathausstrasse 30, 8570 Weinfelden",restaurant,Gambrinus,47.5671735,9.1088659
4002060913,"Rathausstrasse 30, 8570 Weinfelden",school,Pestalozzi- Schulhaus,47.5671229,9.1082093
4002060913,"Rathausstrasse 30, 8570 Weinfelden",bar,Kostbar,47.5671268,9.1088528
4002060913,"Rathausstrasse 30, 8570 Weinfelden",fast_food,n/a,47.567201,9.1091262
4002060913,"Rathausstrasse 30, 8570 Weinfelden",fast_food,Bistro Paprika,47.5667934,9.1085106
4002059937,"Seeburgstrasse 49B, 6006 Luzern",restaurant,Richemont Gastronomie & Hotel,47.0478181,8.3434633
4002059937,"Seeburgstrasse 49B, 6006 Luzern",parking,Richemont Parking,47.0476568,8.3435516
4002054439,"Kurvenstrasse 15, 8600 Dübendorf",restaurant,Pizzeria Il Faro,47.3968938,8.6138054
4002054439,"Kurvenstrasse 15, 8600 Dübendorf",cafe,Topolino Plaza,47.3965547,8.6138893
4002050783,"Via ai Saleggi 26, 6600 Locarno",library,Biblioteca della Scuola Media di Locarno,46.1637066,8.7949245
4002042526,"Rue de l'Aubépine 3, 1205 Genève",restaurant,Zaitouna,46.1908049,6.1445272
4002042526,"Rue de l'Aubépine 3, 1205 Genève",restaurant,Capa Negra,46.1900983,6.1436243
4002042526,"Rue de l'Aubépine 3, 1205 Genève",restaurant,Café des Augustins,46.1911125,6.1446088
4002042526,"Rue de l'Aubépine 3, 1205 Genève",fast_food,Planète Sandwichs,46.1907665,6.1438368
4002042526,"Rue de l'Aubépine 3, 1205 Genève",cafe,Leger's,46.1911678,6.1439634
4002042526,"Rue de l'Aubépine 3, 1205 Genève",restaurant,Le Maison Thai,46.1907307,6.1438242
4002042526,"Rue de l'Aubépine 3, 1205 Genève",restaurant,Rajpoute,46.1899442,6.1435734
4002039327,"Mattengasse 11, 8005 Zürich",restaurant,LILY'S,47.3825398,8.5296036
4002039327,"Mattengasse 11, 8005 Zürich",restaurant,Spicy Box,47.382624,8.5312467
4002039327,"Mattengasse 11, 8005 Zürich",bar,Kasheme,47.3827935,8.5295411
4002039327,"Mattengasse 11, 8005 Zürich",cafe,Café Noir,47.3819687,8.53053
4002039327,"Mattengasse 11, 8005 Zürich",restaurant,Yume Ramen,47.3823657,8.5303266
4002039327,"Mattengasse 11, 8005 Zürich",restaurant,Soul Köfte,47.3818623,8.5296911
4002039327,"Mattengasse 11, 8005 Zürich",restaurant,Babo's Restaurant,47.3819642,8.5294299
4002039327,"Mattengasse 11, 8005 Zürich",restaurant,Don’t Worry Eat Curry,47.3828582,8.5307697
4002039327,"Mattengasse 11, 8005 Zürich",restaurant,Casa da Picanha,47.382094,8.5300961
4002039327,"Mattengasse 11, 8005 Zürich",restaurant,Restaurant Neugasshof,47.3820132,8.5303576
4002039327,"Mattengasse 11, 8005 Zürich",cafe,Diwan Shisha,47.3827024,8.5300338
4002039327,"Mattengasse 11, 8005 Zürich",bar,Chicago Bar,47.3825931,8.5299484
4002039327,"Mattengasse 11, 8005 Zürich",bar,Vineria Centrale,47.3825403,8.5300127
4002039327,"Mattengasse 11, 8005 Zürich",fast_food,McDonald's,47.3829117,8.529958
4002039327,"Mattengasse 11, 8005 Zürich",fast_food,Big Burger,47.383026,8.5300509
4002039327,"Mattengasse 11, 8005 Zürich",fast_food,Best,47.3827549,8.5300757
4002039327,"Mattengasse 11, 8005 Zürich",cafe,XYLO,47.3828676,8.5293614
4002039327,"Mattengasse 11, 8005 Zürich",fast_food,Baba Food Station,47.38229,8.5294034
4002039327,"Mattengasse 11, 8005 Zürich",cafe,flavour coffee & plants,47.3824213,8.5297861
4002039327,"Mattengasse 11, 8005 Zürich",restaurant,Thali House,47.3831028,8.5301347
4002039327,"Mattengasse 11, 8005 Zürich",fast_food,Vegitat,47.3822487,8.5296459
4002039327,"Mattengasse 11, 8005 Zürich",restaurant,Osso,47.3816304,8.529384
4002039327,"Mattengasse 11, 8005 Zürich",bar,Gleis,47.381465,8.5296408
4002039327,"Mattengasse 11, 8005 Zürich",cafe,McCafé,47.3829101,8.5299568
4002039327,"Mattengasse 11, 8005 Zürich",cafe,ViCafe,47.3816092,8.5298325
4002039327,"Mattengasse 11, 8005 Zürich",fast_food,Napulé,47.382953,8.5307653
4002039327,"Mattengasse 11, 8005 Zürich",restaurant,Riviera,47.3830089,8.5303012
4002039327,"Mattengasse 11, 8005 Zürich",restaurant,JIAOZI,47.3823411,8.5300095
4002039327,"Mattengasse 11, 8005 Zürich",atm,n/a,47.382825,8.5301239
4002038160,"Rainstrasse 1, 5415 Nussbaumen AG",atm,Raiffeisenbank,47.4884155,8.2954315
4002038160,"Rainstrasse 1, 5415 Nussbaumen AG",bank,Raiffeisenbank Siggenthal-Würenlingen,47.488369,8.2953327
4002028305,"Bernapark 28, 3066 Stettlen",restaurant,FUD LäB,46.9613214,7.5132986
4002005842,"Rothausstrasse 15, 4132 Muttenz",parking,n/a,47.5265592,7.6556922
4002005842,"Rothausstrasse 15, 4132 Muttenz",parking,n/a,47.5256298,7.6558362
4002005129,"Heinrich-Wolff-Strasse 10, 8046 Zürich",restaurant,Da Bella Italia,47.4232082,8.4994145
4002005129,"Heinrich-Wolff-Strasse 10, 8046 Zürich",restaurant,Serendipity Viet Food,47.4231318,8.499721
4002001854,"Zürcherstrasse 24B, 8852 Altendorf",cafe,Café Seepark,47.1929842,8.827564
4001987266,"Delsbergerallee 68, 4053 Basel",cafe,Da Graziella,47.5401968,7.5993514
4001987266,"Delsbergerallee 68, 4053 Basel",restaurant,Thai Square,47.5400268,7.5998728
4001987266,"Delsbergerallee 68, 4053 Basel",pharmacy,Stern,47.5402801,7.5982091
4001983791,"Schwärzere 19, 3425 Koppigen",bank,Raiffeisenbank,47.1319358,7.6070909
4001983791,"Schwärzere 19, 3425 Koppigen",parking,n/a,47.1320716,7.607104
4001983791,"Schwärzere 19, 3425 Koppigen",parking,n/a,47.1327058,7.6065377
4001983791,"Schwärzere 19, 3425 Koppigen",parking,n/a,47.1328386,7.6049819
4001982696,"Trogmattweg 9, 3506 Grosshöchstetten",cafe,Caffè Pavillon,46.9050637,7.635413
4001982696,"Trogmattweg 9, 3506 Grosshöchstetten",atm,n/a,46.9043562,7.6348555
4001970464,"Elsastrasse 16, 8004 Zürich",fast_food,Pizza Casa,47.376424,8.5141895
4001970464,"Elsastrasse 16, 8004 Zürich",pub,Légère,47.3763377,8.5143811
4001970464,"Elsastrasse 16, 8004 Zürich",restaurant,Granò,47.3771838,8.5132636
4001970464,"Elsastrasse 16, 8004 Zürich",cafe,Schmück ToGo / Black&Blaze Coffee,47.3765151,8.5140257
4001970464,"Elsastrasse 16, 8004 Zürich",pub,Billiard Center Zypresse,47.3774616,8.5138646
4001970464,"Elsastrasse 16, 8004 Zürich",fast_food,Delhi-Bistro,47.3773927,8.513108
4001970464,"Elsastrasse 16, 8004 Zürich",fast_food,Centro Pizza,47.3765089,8.5146024
4001970464,"Elsastrasse 16, 8004 Zürich",fast_food,Delhi House,47.3774466,8.5131703
4001966990,"Mühlemattstrasse 11, 6374 Buochs",bank,Raiffeisenbank Nidwalden,46.974012,8.4200295
4001966134,"Birsfelderstrasse 34, 4132 Muttenz",clinic,Rennbahnklinik,47.5354867,7.633952
4001966134,"Birsfelderstrasse 34, 4132 Muttenz",restaurant,Alessia,47.5355604,7.6341281
4001893301,"Haldenstrasse 8, 8045 Zürich",cafe,Walter Buchmann,47.3623912,8.5189172
4001893301,"Haldenstrasse 8, 8045 Zürich",fast_food,Kaisin,47.3633742,8.5174676
4001892969,"Hauptstrasse 7, 4132 Muttenz",restaurant,Trattoria Il Nuraghe,47.5238541,7.6455429
4001892969,"Hauptstrasse 7, 4132 Muttenz",restaurant,dr Egge - das restaurant,47.5227137,7.6448957
4001883675,"Sonnhaldenstrasse 1, 8113 Boppelsen",restaurant,Lägernstübli,47.4702125,8.4035794
4001668314,"Via Crocetta 27a, 6962 Lugano",restaurant,Ristorante La Gasparina,46.0150502,8.9651781
4001668314,"Via Crocetta 27a, 6962 Lugano",restaurant,Food KF,46.015136,8.96516
4001447177,"Kronengasse 1, 5000 Aarau",pharmacy,TopPharm,47.3923834,8.0443151
4001447177,"Kronengasse 1, 5000 Aarau",restaurant,La Crêperie,47.3924339,8.0447397
4001447177,"Kronengasse 1, 5000 Aarau",restaurant,Ninni,47.3923196,8.0444516
4001447177,"Kronengasse 1, 5000 Aarau",restaurant,Speck,47.3936959,8.0434811
4001447177,"Kronengasse 1, 5000 Aarau",restaurant,Laterne,47.392778,8.043911
4001447177,"Kronengasse 1, 5000 Aarau",bar,Garage,47.3926247,8.0431241
4001447177,"Kronengasse 1, 5000 Aarau",restaurant,El Camino,47.3925202,8.0448385
4001447177,"Kronengasse 1, 5000 Aarau",bar,Platzhirsch,47.3930164,8.0436629
4001447177,"Kronengasse 1, 5000 Aarau",cafe,Tuchlaube,47.3937141,8.0437976
4001447177,"Kronengasse 1, 5000 Aarau",restaurant,Mulia,47.3926564,8.0437531
4001447177,"Kronengasse 1, 5000 Aarau",restaurant,Altstadt,47.3926099,8.0438007
4001447177,"Kronengasse 1, 5000 Aarau",bar,Scalo,47.3929773,8.0439972
4001447177,"Kronengasse 1, 5000 Aarau",restaurant,Max & Moriz,47.3930422,8.0441487
4001447177,"Kronengasse 1, 5000 Aarau",restaurant,Spagi,47.3935858,8.0440611
4001447177,"Kronengasse 1, 5000 Aarau",fast_food,GoodFood Falken,47.3925624,8.0446669
4001447177,"Kronengasse 1, 5000 Aarau",restaurant,Oliv,47.3929503,8.0443534
4001447177,"Kronengasse 1, 5000 Aarau",bar,Jojo,47.3932926,8.0443161
4001447177,"Kronengasse 1, 5000 Aarau",restaurant,Waage,47.3932295,8.0440799
4001447177,"Kronengasse 1, 5000 Aarau",restaurant,Ticino,47.3922637,8.0441443
4001447177,"Kronengasse 1, 5000 Aarau",restaurant,Sevilla,47.3926864,8.0433238
4001447177,"Kronengasse 1, 5000 Aarau",bar,Mad Cat,47.3929364,8.0427678
4001447177,"Kronengasse 1, 5000 Aarau",atm,PostFinance,47.393232,8.044681
4001447177,"Kronengasse 1, 5000 Aarau",fast_food,Pim's Thai Doodles 2 go,47.393691,8.0439693
4001447177,"Kronengasse 1, 5000 Aarau",fast_food,Empanaderia Aarau,47.3936539,8.043997
4001447177,"Kronengasse 1, 5000 Aarau",pub,No6 Butcher Street,47.3934518,8.0441859
4001447177,"Kronengasse 1, 5000 Aarau",fast_food,Bistro Brotkorb,47.3936379,8.0436113
4001447177,"Kronengasse 1, 5000 Aarau",restaurant,Thai Time,47.3926487,8.0445802
4001447177,"Kronengasse 1, 5000 Aarau",bar,Theo Getränkewerkstatt,47.3923696,8.0445726
4001447177,"Kronengasse 1, 5000 Aarau",fast_food,Ahram,47.3923124,8.044674
4001447177,"Kronengasse 1, 5000 Aarau",bar,Zum Bierstübli,47.3924138,8.0446521
4001447177,"Kronengasse 1, 5000 Aarau",cafe,Lockentopf,47.3921842,8.0442509
4001447177,"Kronengasse 1, 5000 Aarau",bar,Näscht,47.3932,8.04414
4001447177,"Kronengasse 1, 5000 Aarau",restaurant,Peppino,47.3934011,8.0436047
4001447177,"Kronengasse 1, 5000 Aarau",restaurant,Little Sem,47.3930999,8.0432302
4001447177,"Kronengasse 1, 5000 Aarau",cafe,Honey,47.3924479,8.0442461
4001447177,"Kronengasse 1, 5000 Aarau",restaurant,Krone,47.3930124,8.0440709
4001447177,"Kronengasse 1, 5000 Aarau",fast_food,Steingrill,47.3929063,8.0437828
4001447177,"Kronengasse 1, 5000 Aarau",bar,Boiler Club,47.3925594,8.043857
4001447177,"Kronengasse 1, 5000 Aarau",bar,HOBO,47.3923685,8.0440275
4001447177,"Kronengasse 1, 5000 Aarau",fast_food,Cirqu 9,47.3931324,8.0447949
4001447177,"Kronengasse 1, 5000 Aarau",cafe,Byro,47.392913,8.0433957
4002073300,"Hammerstrasse 92, 4057 Basel",restaurant,Pizzeria La Perla,47.5653483,7.595655
4002063359,"Dietenrainweg 8, 8610 Uster",parking,n/a,47.3386692,8.7170091
4002061078,"Mühlestrasse 9, 6022 Grosswangen",restaurant,Gasthaus zum Ochsen,47.1347846,8.0477613
4002056374,"Teufenerstrasse 4, 9000 St. Gallen",bar,Baracca Bar and Music,47.4209232,9.371314
4002056374,"Teufenerstrasse 4, 9000 St. Gallen",restaurant,The Pinch,47.4207872,9.3701373
4002056374,"Teufenerstrasse 4, 9000 St. Gallen",fast_food,Kim Ngoc,47.4208377,9.3708446
4002056374,"Teufenerstrasse 4, 9000 St. Gallen",parking,Raiffeisen,47.4209431,9.372538
4002056374,"Teufenerstrasse 4, 9000 St. Gallen",restaurant,Migros Restaurant,47.4215563,9.3716691
4002056374,"Teufenerstrasse 4, 9000 St. Gallen",library,"BIZ Berufs-, Studien- und Laufbahnberatung St.Gallen",47.42115,9.3719619
4002055437,"Freihofstrasse 5A, 8280 Kreuzlingen",restaurant,Mr. Wrap,47.6554918,9.1686887
4002054436,"Via Pazzalino 9, 6962 Viganello",restaurant,La Bettola,46.0150711,8.9702957
4002054436,"Via Pazzalino 9, 6962 Viganello",pharmacy,Farmacia Contrada dei Patrizi,46.0152804,8.9706312
4002054436,"Via Pazzalino 9, 6962 Viganello",restaurant,Kyoto Sushi,46.0151056,8.970237
4002050988,"Langenmattstrasse 68, 8617 Mönchaltorf",parking,n/a,47.314069,8.7179389
4002050670,"Bellariastrasse 81, 8038 Zürich",restaurant,Allegro,47.3468443,8.5287676
4002050666,"Brotkorbstrasse 30 B, 4332 Stein AG",cafe,Café Konditorei Kunz,47.5466991,7.9526497
4002050666,"Brotkorbstrasse 30 B, 4332 Stein AG",pharmacy,Rhein Apotheke,47.5462093,7.9518264
4002050660,"Leimenstrasse 49, 4051 Basel",restaurant,"Borromäum (Kulturzentrum, Restaurant)",47.5525523,7.5827294
4002050660,"Leimenstrasse 49, 4051 Basel",restaurant,Tuk Tuk,47.5535627,7.5822564
4002050076,"Ramuzstrasse 17, 3027 Bern",restaurant,Nooch,46.9446702,7.3744319
4002046815,"Rennweg 43, 8001 Zürich",pub,The Lion,47.3740381,8.5393693
4002046815,"Rennweg 43, 8001 Zürich",cafe,Starbucks,47.3736638,8.5392193
4002046815,"Rennweg 43, 8001 Zürich",cafe,Confiserie Honold,47.3736029,8.538956
4002046815,"Rennweg 43, 8001 Zürich",restaurant,Aurora,47.3732035,8.5379816
4002046815,"Rennweg 43, 8001 Zürich",atm,UBS Bancomat,47.3743746,8.5388516
4002046815,"Rennweg 43, 8001 Zürich",pharmacy,Löwen Apotheke,47.373314,8.5384614
4002046815,"Rennweg 43, 8001 Zürich",bank,PostFinance,47.3732677,8.5392165
4002046815,"Rennweg 43, 8001 Zürich",cafe,Pret A Manger,47.3737322,8.5391398
4002046815,"Rennweg 43, 8001 Zürich",fast_food,Coop take it,47.3729932,8.538074
4002046815,"Rennweg 43, 8001 Zürich",fast_food,Marronistand,47.3731061,8.5380712
4002046815,"Rennweg 43, 8001 Zürich",bank,UBS,47.3744013,8.5389001
4002046815,"Rennweg 43, 8001 Zürich",bar,Jules Verne Panoramabar,47.3742607,8.539349
4002046815,"Rennweg 43, 8001 Zürich",restaurant,Ojo de Agua,47.3739113,8.5394258
4002046815,"Rennweg 43, 8001 Zürich",fast_food,Marronistand,47.3740768,8.5386367
4002046472,"Südstrasse 36, 2504 Biel/Bienne",parking,n/a,47.1430756,7.27407
4002046471,"Südstrasse 33, 2504 Biel/Bienne",restaurant,Bistro Mett Biel,47.142811,7.271863
4002046471,"Südstrasse 33, 2504 Biel/Bienne",restaurant,Restaurant Café Mett,47.1434898,7.272718
4002046471,"Südstrasse 33, 2504 Biel/Bienne",parking,Coop,47.1434124,7.2729328
4002046471,"Südstrasse 33, 2504 Biel/Bienne",atm,CLER,47.1434197,7.2726975
4002046471,"Südstrasse 33, 2504 Biel/Bienne",pharmacy,Battenberg,47.1429739,7.2729271
4002046470,"Schollstrasse 3-13, 2504 Biel/Bienne",pharmacy,Battenberg,47.1429739,7.2729271
4002044165,"Lothringerstrasse 51, 4056 Basel",restaurant,LoLa,47.5684242,7.5771542
4002042483,"Baslerstrasse 71, 8048 Zürich",atm,UBS Bancomat,47.3852455,8.4961361
4002042483,"Baslerstrasse 71, 8048 Zürich",restaurant,Cucina,47.3857931,8.4971961
4002042477,"St. Alban-Anlage 59/61/63, 4052 Basel",bank,CA next bank,47.5524658,7.6037907
4002042476,"Freilager-Platz 4, 4142 Münchenstein",library,Bibliothek für Gestaltung Basel,47.5324679,7.6108704
4002042476,"Freilager-Platz 4, 4142 Münchenstein",library,Stiftung Gartenbaubibliothek Basel,47.5326332,7.6110631
4002042476,"Freilager-Platz 4, 4142 Münchenstein",library,Plakatsammlung der Schule für Gestaltung Basel,47.5321258,7.6097947
4002039922,"Stauffacherstrasse 1, 6020 Emmenbrücke",parking,n/a,47.0742707,8.2859514
4002039922,"Stauffacherstrasse 1, 6020 Emmenbrücke",atm,n/a,47.074603,8.2875192
4002039922,"Stauffacherstrasse 1, 6020 Emmenbrücke",cafe,Bachmann,47.07472,8.2874151
4002039922,"Stauffacherstrasse 1, 6020 Emmenbrücke",pharmacy,Emmencenter Apotheke,47.0742507,8.2876627
4002039922,"Stauffacherstrasse 1, 6020 Emmenbrücke",restaurant,Jasmin's Asien-Restaurant,47.073843,8.2872453
4002039922,"Stauffacherstrasse 1, 6020 Emmenbrücke",fast_food,McDonald's,47.0742817,8.2863535
4002039922,"Stauffacherstrasse 1, 6020 Emmenbrücke",restaurant,Manora,47.0737317,8.2872962
4002039922,"Stauffacherstrasse 1, 6020 Emmenbrücke",restaurant,Manora Pizza & Pasta,47.07443,8.2868233
4002039922,"Stauffacherstrasse 1, 6020 Emmenbrücke",atm,UBS Automatenbank,47.0743225,8.2873816
4002039922,"Stauffacherstrasse 1, 6020 Emmenbrücke",cafe,Xpresso Cafe,47.0739873,8.2873768
4002039922,"Stauffacherstrasse 1, 6020 Emmenbrücke",bar,SUC,47.0744384,8.2875637
4002039922,"Stauffacherstrasse 1, 6020 Emmenbrücke",cafe,AB&C Coffe Shop,47.0740603,8.2874331
4002039922,"Stauffacherstrasse 1, 6020 Emmenbrücke",atm,n/a,47.0749933,8.2869265
4002038669,"Via Beltramina 10, 6900 Lugano",cafe,Al Piccolo Bar,46.0163554,8.9577704
4002038669,"Via Beltramina 10, 6900 Lugano",fast_food,Speedy pizza,46.0166978,8.9569552
4002038669,"Via Beltramina 10, 6900 Lugano",fast_food,Maistà food,46.0168022,8.9569575
4002030767,"Voltastrasse 2, 6005 Luzern",restaurant,Neubad Bistro,47.0412775,8.3070569
4002009503,"Zur Stahlgiesserei 3, 8200 Schaffhausen",restaurant,Khawa,47.7037097,8.6304461
4002009503,"Zur Stahlgiesserei 3, 8200 Schaffhausen",bar,Nachbar,47.7037001,8.6300309
4002006071,"Marktstrasse 3, 2540 Grenchen",restaurant,Bambi,47.1936253,7.3977055
4002006071,"Marktstrasse 3, 2540 Grenchen",restaurant,Restaurant Antonio Gonzales,47.1935146,7.3963731
4002006071,"Marktstrasse 3, 2540 Grenchen",cafe,Café Märet,47.1931314,7.3964998
4002002543,"Schaffhauserstrasse 230 A, 8057 Zürich",fast_food,Pho Saigon Take Away,47.4024817,8.547717
4002002543,"Schaffhauserstrasse 230 A, 8057 Zürich",library,HfH-Bibliothek,47.402815,8.5463957
4001994870,"Hubelweg 5, 3504 Niederhünigen",restaurant,Esswerk6,46.8762255,7.6393899
4001978464,"Theaterstrasse 13, 6003 Luzern",bank,Luzerner Kantonalbank,47.0494894,8.306714
4001978464,"Theaterstrasse 13, 6003 Luzern",restaurant,Bistro du Théâtre,47.0501819,8.306705
4001978464,"Theaterstrasse 13, 6003 Luzern",restaurant,La Baracca,47.0500866,8.3067964
4001978464,"Theaterstrasse 13, 6003 Luzern",restaurant,Wirtschaft zur Ente,47.0503868,8.3062934
4001978464,"Theaterstrasse 13, 6003 Luzern",parking,Parkhaus Flora,47.0502749,8.3076751
4001978464,"Theaterstrasse 13, 6003 Luzern",restaurant,BACiO della MAMMA,47.0498815,8.3080345
4001978464,"Theaterstrasse 13, 6003 Luzern",restaurant,Mövenpick Restaurant,47.0494411,8.3064254
4001978464,"Theaterstrasse 13, 6003 Luzern",restaurant,Rossini,47.0507233,8.3070246
4001978464,"Theaterstrasse 13, 6003 Luzern",restaurant,Baba oriental,47.049221,8.3078698
4001978464,"Theaterstrasse 13, 6003 Luzern",pharmacy,Cysat Apotheke,47.0492114,8.3061459
4001978464,"Theaterstrasse 13, 6003 Luzern",atm,n/a,47.0494189,8.3068078
4001978464,"Theaterstrasse 13, 6003 Luzern",atm,n/a,47.0494775,8.306515
4001978464,"Theaterstrasse 13, 6003 Luzern",clinic,Röntgeninstitut Medical Imaging Luzern,47.0506304,8.3069199
4001978464,"Theaterstrasse 13, 6003 Luzern",restaurant,Pacifico,47.0490347,8.3069359
4001978464,"Theaterstrasse 13, 6003 Luzern",fast_food,Holy Cow,47.0495893,8.3082366
4001978464,"Theaterstrasse 13, 6003 Luzern",restaurant,Wild Bowls,47.0494118,8.3066396
4001978464,"Theaterstrasse 13, 6003 Luzern",restaurant,Abi's Luzern Kebab,47.0498138,8.307015
4001978464,"Theaterstrasse 13, 6003 Luzern",bar,just a little brewpub,47.0497286,8.3066015
4001976822,"Marktplatz 14, 9000 St. Gallen",restaurant,Marktplatz,47.4256989,9.3754467
4001976822,"Marktplatz 14, 9000 St. Gallen",restaurant,Hörnli,47.4255885,9.3753555
4001976822,"Marktplatz 14, 9000 St. Gallen",pharmacy,Löwen,47.4262283,9.3752022
4001976822,"Marktplatz 14, 9000 St. Gallen",fast_food,Gabriel,47.4261299,9.3758544
4001976822,"Marktplatz 14, 9000 St. Gallen",restaurant,Al Capone,47.4265343,9.3764816
4001976822,"Marktplatz 14, 9000 St. Gallen",restaurant,90 Grad,47.4261655,9.3763484
4001976822,"Marktplatz 14, 9000 St. Gallen",cafe,Eiscafé Gekko,47.4268922,9.3744683
4001976822,"Marktplatz 14, 9000 St. Gallen",restaurant,Sushi Bar Wasabi,47.4267666,9.3744883
4001976822,"Marktplatz 14, 9000 St. Gallen",restaurant,Sauceria,47.4266685,9.3745146
4001976822,"Marktplatz 14, 9000 St. Gallen",restaurant,US-Mex,47.4261322,9.3764861
4001976822,"Marktplatz 14, 9000 St. Gallen",restaurant,New White Swan,47.4271011,9.3751415
4001976822,"Marktplatz 14, 9000 St. Gallen",restaurant,Focacceria,47.427074,9.3752399
4001976822,"Marktplatz 14, 9000 St. Gallen",restaurant,Big Elephant,47.4270031,9.3753068
4001976822,"Marktplatz 14, 9000 St. Gallen",bar,Palma,47.4265647,9.3756343
4001976822,"Marktplatz 14, 9000 St. Gallen",restaurant,Zum Goldenen Schäfli,47.4266102,9.3755659
4001976822,"Marktplatz 14, 9000 St. Gallen",restaurant,Schwarzer Adler,47.4262959,9.3752955
4001976822,"Marktplatz 14, 9000 St. Gallen",cafe,Gschwend,47.4268477,9.3760612
4001976822,"Marktplatz 14, 9000 St. Gallen",fast_food,chez Fritz,47.4257047,9.3750501
4001976822,"Marktplatz 14, 9000 St. Gallen",restaurant,Schwarzer Engel,47.4269336,9.3745668
4001976822,"Marktplatz 14, 9000 St. Gallen",restaurant,schiffchuchi,47.4258771,9.3763556
4001976822,"Marktplatz 14, 9000 St. Gallen",bar,Analog,47.4263814,9.3747725
4001976822,"Marktplatz 14, 9000 St. Gallen",restaurant,Banh Mi Bros,47.4268237,9.3752962
4001976822,"Marktplatz 14, 9000 St. Gallen",restaurant,samosa,47.4268712,9.3745737
4001976822,"Marktplatz 14, 9000 St. Gallen",cafe,Café Zentrum,47.4256884,9.3751957
4001976822,"Marktplatz 14, 9000 St. Gallen",fast_food,Alpen Dedi,47.4255176,9.3750295
4001976822,"Marktplatz 14, 9000 St. Gallen",bar,Blumenmarkt,47.4258801,9.3745247
4001976822,"Marktplatz 14, 9000 St. Gallen",bank,Cembra,47.4255576,9.3745719
4001976822,"Marktplatz 14, 9000 St. Gallen",cafe,Zentrum,47.4256475,9.3751453
4001976822,"Marktplatz 14, 9000 St. Gallen",restaurant,Senso Kitchen,47.4261967,9.3740371
4001976822,"Marktplatz 14, 9000 St. Gallen",restaurant,Restaurant Kränzlin,47.4260992,9.3744132
4001976822,"Marktplatz 14, 9000 St. Gallen",restaurant,Thach,47.4269061,9.3761238
4001976822,"Marktplatz 14, 9000 St. Gallen",restaurant,Japan House Edo,47.4264873,9.3746017
4001976822,"Marktplatz 14, 9000 St. Gallen",atm,Acrevis,47.4259177,9.3759124
4001976822,"Marktplatz 14, 9000 St. Gallen",atm,Acrevis,47.4258491,9.3759124
4001976822,"Marktplatz 14, 9000 St. Gallen",fast_food,Nil Imbiss,47.4260978,9.3759613
4001976822,"Marktplatz 14, 9000 St. Gallen",fast_food,Risotteria,47.4261505,9.3759845
4001976822,"Marktplatz 14, 9000 St. Gallen",atm,Raiffeisen,47.4260454,9.3762708
4001976822,"Marktplatz 14, 9000 St. Gallen",cafe,Bagutta Bistro Bar,47.4265692,9.374567
4001976822,"Marktplatz 14, 9000 St. Gallen",bar,Maverick's Cocktail Bar,47.4268371,9.3742725
4001976822,"Marktplatz 14, 9000 St. Gallen",pub,Gallus Pub,47.4267956,9.3753296
4001976822,"Marktplatz 14, 9000 St. Gallen",pub,oink oink,47.4271417,9.3750971
4001976822,"Marktplatz 14, 9000 St. Gallen",cafe,Café am Ring,47.4265342,9.3739767
4001976822,"Marktplatz 14, 9000 St. Gallen",cafe,DeeOne,47.4264939,9.3743182
4001976822,"Marktplatz 14, 9000 St. Gallen",bar,Escape Bar,47.4263422,9.3740276
4001976822,"Marktplatz 14, 9000 St. Gallen",restaurant,Gschwend,47.4268537,9.3760333
4001976822,"Marktplatz 14, 9000 St. Gallen",restaurant,Fratelli - Pasta Takeaway,47.4257962,9.3755332
4001976822,"Marktplatz 14, 9000 St. Gallen",restaurant,Zur Werkstatt St.Gallen AG,47.4255301,9.3749759
4001976822,"Marktplatz 14, 9000 St. Gallen",atm,Värdex Crypto ATM,47.4261461,9.3764418
4001970764,"Murtenstrasse 143 D, 3008 Bern",restaurant,Noa,46.9491001,7.4096693
4001958714,"Hinterdorfstrasse 27, 8157 Dielsdorf",cafe,Café mit Herz,47.4841193,8.4555635
4001953666,"Avenue De France 22, 1004 Lausanne",restaurant,Iris,46.5247497,6.6234641
4001889310,"Via Borenco 22, 6648 Minusio",parking,n/a,46.1738923,8.8109844
4001866303,"Eichholzstrasse 35, 8620 Wetzikon ZH",parking,n/a,47.3341256,8.8166707
4001862435,"Via Mulino Rosso 8, 6517 Arbedo",fast_food,Pizzarella,46.2110572,9.0412256
4001856667,"Dorfstrasse 68, 8630 Rüti ZH",cafe,Café Voland,47.2589937,8.8503832
4001856667,"Dorfstrasse 68, 8630 Rüti ZH",restaurant,A Casa di Gianluca (Löwen),47.2595753,8.8512636
4001856667,"Dorfstrasse 68, 8630 Rüti ZH",restaurant,Klosterhof,47.2595514,8.8493536
4001856667,"Dorfstrasse 68, 8630 Rüti ZH",atm,ZKB,47.258933,8.8496866
4001856667,"Dorfstrasse 68, 8630 Rüti ZH",parking,n/a,47.25899,8.8507008
4001856667,"Dorfstrasse 68, 8630 Rüti ZH",fast_food,Akgül,47.2585366,8.8498811
4001856667,"Dorfstrasse 68, 8630 Rüti ZH",cafe,XOKÓ,47.2588463,8.8498571
4001856667,"Dorfstrasse 68, 8630 Rüti ZH",bank,Bank Avera,47.258797,8.851074
4001856666,"Dorfstrasse 66a, 8630 Rüti ZH",cafe,Café Voland,47.2589937,8.8503832
4001856666,"Dorfstrasse 66a, 8630 Rüti ZH",restaurant,A Casa di Gianluca (Löwen),47.2595753,8.8512636
4001856666,"Dorfstrasse 66a, 8630 Rüti ZH",restaurant,Klosterhof,47.2595514,8.8493536
4001856666,"Dorfstrasse 66a, 8630 Rüti ZH",atm,ZKB,47.258933,8.8496866
4001856666,"Dorfstrasse 66a, 8630 Rüti ZH",parking,n/a,47.25899,8.8507008
4001856666,"Dorfstrasse 66a, 8630 Rüti ZH",fast_food,Akgül,47.2585366,8.8498811
4001856666,"Dorfstrasse 66a, 8630 Rüti ZH",cafe,XOKÓ,47.2588463,8.8498571
4001856666,"Dorfstrasse 66a, 8630 Rüti ZH",bank,Bank Avera,47.258797,8.851074
4001841517,"Route de Sion 81, 3960 Sierre",parking,n/a,46.2842403,7.5161854
4001838215,"Bernstrasse 141, 3400 Burgdorf",parking,n/a,47.0520953,7.6110924
4001837441,"Via Lugano 17, 6500 Bellinzona",restaurant,Osteria Zanzibar,46.1883166,9.0210074
4001803665,"Iselisberg, 8524 Uesslingen-Buch",restaurant,Aussicht,47.5863561,8.8270048
4001662189,"Rue des Musées 58, 2300 La Chaux-de-Fonds",restaurant,Brasserie de la Poste,47.0994367,6.8259679
4001662189,"Rue des Musées 58, 2300 La Chaux-de-Fonds",cafe,La Belle Affaire,47.1004694,6.8269329
4001662189,"Rue des Musées 58, 2300 La Chaux-de-Fonds",cafe,Terminus,47.0999343,6.8254645
4001662189,"Rue des Musées 58, 2300 La Chaux-de-Fonds",bar,Buddy'z Lounge,47.0995691,6.8263895
4001662189,"Rue des Musées 58, 2300 La Chaux-de-Fonds",clinic,Clinique de La Tour,47.0996235,6.8264647
4001662189,"Rue des Musées 58, 2300 La Chaux-de-Fonds",pharmacy,Sun Store,47.100348,6.8272758
4001662189,"Rue des Musées 58, 2300 La Chaux-de-Fonds",restaurant,Dolce Vita,47.0994648,6.8262118
4001662189,"Rue des Musées 58, 2300 La Chaux-de-Fonds",atm,Bitcoin ATM,47.0994593,6.8262066
4001662189,"Rue des Musées 58, 2300 La Chaux-de-Fonds",cafe,Café des Arcades,47.1002756,6.8265865
4001662189,"Rue des Musées 58, 2300 La Chaux-de-Fonds",restaurant,Chef Falafel,47.0997679,6.8254817
4001255523,"Hauptstrasse 41, 4437 Waldenburg",cafe,Alte Wacht,47.3830155,7.7483743
4000976400,"Amerbachstrasse 64, 4057 Basel",restaurant,Firenze,47.5692427,7.5944428
4000976400,"Amerbachstrasse 64, 4057 Basel",pub,Kiki Bar,47.5692456,7.5941997
4000976400,"Amerbachstrasse 64, 4057 Basel",cafe,Senat Maki's,47.5692456,7.5938822
4000976400,"Amerbachstrasse 64, 4057 Basel",pub,Sport Pub Milan,47.5689609,7.5948146
3003296264,"Bahnhofstrasse 172, 6423 Seewen SZ",restaurant,Divan Bistro,47.029345,8.6296856
3003296216,"Bahnhofstrasse 172, 6423 Seewen SZ",restaurant,Divan Bistro,47.029345,8.6296856
4002078671,"Landstrasse 49, 5415 Nussbaumen",bar,Blue Bird Bar,47.4861844,8.2974375
4002078671,"Landstrasse 49, 5415 Nussbaumen",restaurant,Entehuus China Restaurant,47.4861206,8.2976178
4002078590,"Murgenthalstrasse 4C, 4900 Langenthal",pub,BeBeTo - Bar&Billard,47.2154754,7.7880022
4002078590,"Murgenthalstrasse 4C, 4900 Langenthal",bank,Clientis Bank Oberaargau,47.2144988,7.78704
4002075578,"Bibersteinerstrasse 41A, 5022 Rombach",parking,n/a,47.404244,8.050087
4002075344,"Culmannstrasse 20, 8006 Zürich",restaurant,La Fontana,47.3797201,8.5469255
4002075344,"Culmannstrasse 20, 8006 Zürich",restaurant,Restaurant Haldenbach,47.3799672,8.5469246
4002075344,"Culmannstrasse 20, 8006 Zürich",fast_food,Züri Bistro,47.38053,8.5479785
4002075344,"Culmannstrasse 20, 8006 Zürich",restaurant,Ristorante Al Forno da Angelo,47.3805744,8.5483371
4002075344,"Culmannstrasse 20, 8006 Zürich",fast_food,Lemon Grass,47.3796283,8.5479597
4002075344,"Culmannstrasse 20, 8006 Zürich",restaurant,Bamboo Inn,47.3804786,8.5472423
4002075344,"Culmannstrasse 20, 8006 Zürich",cafe,Natural Bites,47.3803426,8.5478344
4002060883,"Schulweg 3, 5453 Remetschwil",parking,n/a,47.4080098,8.3285772
4002060883,"Schulweg 3, 5453 Remetschwil",restaurant,Restaurant zur Post,47.4082559,8.3268615
4002051268,"Erlenmattweg 7, 4058 Basel",bar,Qbarana Lounge Bar,47.5687669,7.6018111
4002047849,"Buckhauserstrasse 49, 8048 Zürich",restaurant,Thai Style,47.3838416,8.4947954
4002047849,"Buckhauserstrasse 49, 8048 Zürich",bank,Valiant,47.3841976,8.4942783
4002047849,"Buckhauserstrasse 49, 8048 Zürich",school,kinder campus,47.3844657,8.4945248
4002047849,"Buckhauserstrasse 49, 8048 Zürich",parking,Medienpark,47.3844014,8.4950445
4002042468,"Gartenstrasse 6, 8002 Zürich",restaurant,Korner,47.3686567,8.5339963
4002042468,"Gartenstrasse 6, 8002 Zürich",bar,Balboa Bar & Gym,47.3686781,8.5356419
4002042468,"Gartenstrasse 6, 8002 Zürich",restaurant,Vemezza,47.3687901,8.533995
4002042468,"Gartenstrasse 6, 8002 Zürich",restaurant,roots,47.368752,8.535695
4002039938,"Rue Louis-D'Affry 6, 1700 Fribourg",atm,Raiffeisen,46.803271,7.150951
4002039938,"Rue Louis-D'Affry 6, 1700 Fribourg",restaurant,Alconi Restaurant - Cantine,46.8040456,7.1510044
4002039938,"Rue Louis-D'Affry 6, 1700 Fribourg",atm,Postfinance,46.8030884,7.1510433
4002039938,"Rue Louis-D'Affry 6, 1700 Fribourg",cafe,Coffee & Friends,46.8031788,7.1509556
4002039938,"Rue Louis-D'Affry 6, 1700 Fribourg",fast_food,Brezelkönig,46.803376,7.150616
4002039938,"Rue Louis-D'Affry 6, 1700 Fribourg",atm,Int Bank,46.8031102,7.1510522
4002039938,"Rue Louis-D'Affry 6, 1700 Fribourg",restaurant,L’unique tartare,46.803188,7.1511821
4002039938,"Rue Louis-D'Affry 6, 1700 Fribourg",restaurant,Sushi Kai,46.8035054,7.1512967
4002039720,"Erlenmattstrasse 18, 4058 Basel",restaurant,Le S,47.5690986,7.5993385
4002039720,"Erlenmattstrasse 18, 4058 Basel",cafe,Magical Cafe,47.5699745,7.5993614
4002039720,"Erlenmattstrasse 18, 4058 Basel",school,Primarschulhaus Erlenmatt,47.5689989,7.6004078
4002038668,"Via Beltramina 8, 6900 Lugano",cafe,Bar al 74,46.018148,8.9570188
4002038668,"Via Beltramina 8, 6900 Lugano",bar,n/a,46.0169857,8.9557817
4002038668,"Via Beltramina 8, 6900 Lugano",fast_food,Speedy pizza,46.0166978,8.9569552
4002038668,"Via Beltramina 8, 6900 Lugano",fast_food,Maistà food,46.0168022,8.9569575
4002038663,"Bahnhofstrasse 7, 4415 Lausen",restaurant,Ben Fatto,47.4705263,7.7602413
4002038663,"Bahnhofstrasse 7, 4415 Lausen",parking,n/a,47.4706474,7.7599998
4002037350,"Berntorgasse 16, 3600 Thun",atm,n/a,46.7605565,7.6278634
4002037350,"Berntorgasse 16, 3600 Thun",parking,n/a,46.7605911,7.6282485
4002037350,"Berntorgasse 16, 3600 Thun",restaurant,Casa Iberica,46.7604709,7.628235
4002037350,"Berntorgasse 16, 3600 Thun",restaurant,Karussell,46.7609362,7.6278866
4002037350,"Berntorgasse 16, 3600 Thun",pub,McArthurs Pub,46.7605645,7.627705
4002037350,"Berntorgasse 16, 3600 Thun",restaurant,Eurasia,46.7614558,7.6265167
4002037350,"Berntorgasse 16, 3600 Thun",bar,Thurm,46.7607858,7.6269711
4002037350,"Berntorgasse 16, 3600 Thun",fast_food,Coop Take away,46.7602765,7.6271777
4002037350,"Berntorgasse 16, 3600 Thun",parking,n/a,46.7609387,7.6277653
4002017369,"Avenue du Temple 1-3, 1020 Renens VD",restaurant,La Rose Rouge,46.5360463,6.5875965
4002017369,"Avenue du Temple 1-3, 1020 Renens VD",pharmacy,Pharmacie Rose Rouge,46.5361536,6.5877377
4002009966,"Oberer Rheinweg 35, 4058 Basel",restaurant,Brauerei Fischerstube,47.5592957,7.5932323
4002009966,"Oberer Rheinweg 35, 4058 Basel",restaurant,Restaurant zur Linde,47.5593624,7.5931568
4002009966,"Oberer Rheinweg 35, 4058 Basel",pub,8Bar,47.5603488,7.5916665
4002009966,"Oberer Rheinweg 35, 4058 Basel",restaurant,Brauerzunft,47.5604591,7.5917922
4002009966,"Oberer Rheinweg 35, 4058 Basel",bar,Consum,47.5602389,7.5920448
4002009966,"Oberer Rheinweg 35, 4058 Basel",restaurant,Zum Schmale Wurf,47.5602748,7.5916791
4002009966,"Oberer Rheinweg 35, 4058 Basel",bar,Blaupause,47.5602047,7.5929324
4002009966,"Oberer Rheinweg 35, 4058 Basel",restaurant,Gabri's Pasta,47.5592231,7.5932539
4002009966,"Oberer Rheinweg 35, 4058 Basel",bar,Schall und Rauch Bar,47.5599894,7.5922865
4002009966,"Oberer Rheinweg 35, 4058 Basel",restaurant,Sonne,47.5600427,7.5922305
4001976792,"Centralweg 16, 3013 Bern",restaurant,Hof-Bistro,46.957451,7.4467117
4001976792,"Centralweg 16, 3013 Bern",school,denk:mal,46.9567601,7.4454367
4001976792,"Centralweg 16, 3013 Bern",cafe,Lorraine 22,46.9564727,7.4451463
4001976792,"Centralweg 16, 3013 Bern",parking,n/a,46.9568974,7.4451816
4001976792,"Centralweg 16, 3013 Bern",restaurant,Namsan,46.9569927,7.4449947
4001976792,"Centralweg 16, 3013 Bern",restaurant,Glückskeks,46.9569712,7.4450707
4001976792,"Centralweg 16, 3013 Bern",cafe,Bistro zytlos,46.9571784,7.4467912
4001976792,"Centralweg 16, 3013 Bern",restaurant,WerkStadt Lorraine,46.9563625,7.4451577
4001964147,"Hegenheimerstrasse 47, 4055 Basel",cafe,Kaffeekanne,47.5603846,7.5715119
4001964147,"Hegenheimerstrasse 47, 4055 Basel",pharmacy,Sonnen-Apotheke,47.5605396,7.5721886
4001963761,"Radarstrasse 7, 3013 Bern",restaurant,Roseto,46.9537549,7.4578977
4001955020,"Lessingstrasse 9, 8002 Zürich",atm,Credit Suisse,47.3586838,8.5231446
4001955020,"Lessingstrasse 9, 8002 Zürich",restaurant,Hong-Kong Food Paradise,47.3585224,8.5233652
4001955020,"Lessingstrasse 9, 8002 Zürich",cafe,Joe & The Juice,47.3588464,8.5231374
4001955020,"Lessingstrasse 9, 8002 Zürich",bar,Sissi Bar & Lounge,47.3590459,8.5230998
4001955020,"Lessingstrasse 9, 8002 Zürich",restaurant,Der Wilde Kaiser,47.3592867,8.5231352
4001955020,"Lessingstrasse 9, 8002 Zürich",restaurant,Leafs Restaurant,47.3595759,8.5247174
4001955020,"Lessingstrasse 9, 8002 Zürich",restaurant,Datto,47.3585135,8.5232322
4001955020,"Lessingstrasse 9, 8002 Zürich",cafe,Cake Friends,47.3586397,8.5231935
4001879398,"Bahnhofstrasse 29, 6162 Entlebuch",restaurant,Bahnhöfli,46.9929875,8.0625944
4001858474,"Dorfstrasse 68, 8630 Rüti ZH",cafe,Café Voland,47.2589937,8.8503832
4001858474,"Dorfstrasse 68, 8630 Rüti ZH",restaurant,A Casa di Gianluca (Löwen),47.2595753,8.8512636
4001858474,"Dorfstrasse 68, 8630 Rüti ZH",restaurant,Klosterhof,47.2595514,8.8493536
4001858474,"Dorfstrasse 68, 8630 Rüti ZH",atm,ZKB,47.258933,8.8496866
4001858474,"Dorfstrasse 68, 8630 Rüti ZH",parking,n/a,47.25899,8.8507008
4001858474,"Dorfstrasse 68, 8630 Rüti ZH",fast_food,Akgül,47.2585366,8.8498811
4001858474,"Dorfstrasse 68, 8630 Rüti ZH",cafe,XOKÓ,47.2588463,8.8498571
4001858474,"Dorfstrasse 68, 8630 Rüti ZH",bank,Bank Avera,47.258797,8.851074
4001858368,"Neuhardstrasse 11, 4600 Olten",cafe,Rodeo,47.3486712,7.910801
4001858368,"Neuhardstrasse 11, 4600 Olten",fast_food,n/a,47.348583,7.9088048
4001858368,"Neuhardstrasse 11, 4600 Olten",restaurant,C.R.E. Las Palmeras,47.3484945,7.9096633
4001858368,"Neuhardstrasse 11, 4600 Olten",restaurant,La Vita,47.3491718,7.9103379
4001858368,"Neuhardstrasse 11, 4600 Olten",restaurant,Shanghai,47.3495044,7.9100101
4001858368,"Neuhardstrasse 11, 4600 Olten",fast_food,Oltner Pizza-Haus/Kurier,47.3497286,7.9096934
4001858368,"Neuhardstrasse 11, 4600 Olten",bar,Galicia,47.349502,7.9088633
4001858368,"Neuhardstrasse 11, 4600 Olten",fast_food,Tütüs Pizza Express,47.3484888,7.9098487
4001858368,"Neuhardstrasse 11, 4600 Olten",fast_food,Subway,47.3486933,7.9106203
4001858368,"Neuhardstrasse 11, 4600 Olten",cafe,Le Figaro,47.3490541,7.9106885
4001858314,"Dorfstrasse 66, 8630 Rüti ZH",bank,Zürcher Kantonalbank,47.2593135,8.855339
4001858314,"Dorfstrasse 66, 8630 Rüti ZH",atm,n/a,47.2593411,8.8552679
4001856669,"Dorfstrasse 68, 8630 Rüti ZH",bank,Zürcher Kantonalbank,47.2593135,8.855339
4001856669,"Dorfstrasse 68, 8630 Rüti ZH",atm,n/a,47.2593411,8.8552679
4001852654,"Klingentalgraben 37, 4057 Basel",restaurant,Parterre One,47.5637639,7.591176
4001852654,"Klingentalgraben 37, 4057 Basel",restaurant,Klybeck Casino,47.5644661,7.5916896
4001852654,"Klingentalgraben 37, 4057 Basel",bar,EG Lounge,47.5636906,7.5910618
4001852654,"Klingentalgraben 37, 4057 Basel",bar,KABAR,47.5636143,7.5908456
4001852654,"Klingentalgraben 37, 4057 Basel",bar,Flore,47.5648065,7.5912772
4001836989,"Niederdorfstrasse 37, 8001 Zürich",pub,Gräbli-Bar,47.3755965,8.5441089
4001836989,"Niederdorfstrasse 37, 8001 Zürich",fast_food,Dieci Take-Away,47.3745243,8.5439506
4001836989,"Niederdorfstrasse 37, 8001 Zürich",fast_food,Burger King,47.3740829,8.5438491
4001836989,"Niederdorfstrasse 37, 8001 Zürich",restaurant,N-68,47.3756656,8.5441177
4001836989,"Niederdorfstrasse 37, 8001 Zürich",pub,5. Akt,47.3754942,8.544079
4001836989,"Niederdorfstrasse 37, 8001 Zürich",restaurant,Rank,47.3754161,8.5440085
4001836989,"Niederdorfstrasse 37, 8001 Zürich",restaurant,Rank,47.3753537,8.5439974
4001836989,"Niederdorfstrasse 37, 8001 Zürich",fast_food,1001 Take Away,47.3753239,8.5438222
4001836989,"Niederdorfstrasse 37, 8001 Zürich",pub,Big Ben Pub,47.3751577,8.5439328
4001836989,"Niederdorfstrasse 37, 8001 Zürich",restaurant,Tasca Romero,47.3748977,8.5437335
4001836989,"Niederdorfstrasse 37, 8001 Zürich",pub,Cana Bar,47.374669,8.5439064
4001836989,"Niederdorfstrasse 37, 8001 Zürich",restaurant,Osteria Borgo,47.3746589,8.5437374
4001836989,"Niederdorfstrasse 37, 8001 Zürich",cafe,Marea,47.3745643,8.5432628
4001836989,"Niederdorfstrasse 37, 8001 Zürich",atm,Zürcher Kantonalbank,47.3752342,8.5434539
4001836989,"Niederdorfstrasse 37, 8001 Zürich",cafe,Grande,47.3753724,8.543539
4001836989,"Niederdorfstrasse 37, 8001 Zürich",bar,Grande Cafe & Bar,47.3754177,8.543598
4001836989,"Niederdorfstrasse 37, 8001 Zürich",pub,Cha Cha Cha,47.3746906,8.5434991
4001836989,"Niederdorfstrasse 37, 8001 Zürich",restaurant,Zhong Hua,47.3752173,8.5447395
4001836989,"Niederdorfstrasse 37, 8001 Zürich",bar,Predigerhof,47.3742828,8.5444638
4001836989,"Niederdorfstrasse 37, 8001 Zürich",restaurant,toscano,47.374778,8.543543
4001836989,"Niederdorfstrasse 37, 8001 Zürich",cafe,By Ey's,47.3746904,8.5433961
4001836989,"Niederdorfstrasse 37, 8001 Zürich",restaurant,friskfisk.ch,47.3745675,8.543731
4001836989,"Niederdorfstrasse 37, 8001 Zürich",bar,Alexis Bar,47.3746263,8.5439159
4001836989,"Niederdorfstrasse 37, 8001 Zürich",restaurant,Walliser Keller,47.3749804,8.5445108
4001836989,"Niederdorfstrasse 37, 8001 Zürich",bar,Fumoir,47.3755152,8.5441638
4001836989,"Niederdorfstrasse 37, 8001 Zürich",bar,Safari Bar,47.3755066,8.5444788
4001836989,"Niederdorfstrasse 37, 8001 Zürich",bar,Kame-Haus,47.3744425,8.544563
4001836989,"Niederdorfstrasse 37, 8001 Zürich",restaurant,Dumpling Delights,47.3745297,8.5447817
4001836989,"Niederdorfstrasse 37, 8001 Zürich",restaurant,Raclette Stube,47.3747617,8.5447832
4001836989,"Niederdorfstrasse 37, 8001 Zürich",restaurant,Suan Long,47.3752069,8.5437776
4001836989,"Niederdorfstrasse 37, 8001 Zürich",cafe,Soul,47.3741289,8.5432109
4001836989,"Niederdorfstrasse 37, 8001 Zürich",library,Pestalozzi-Bibliothek Altstadt,47.3747055,8.544504
4001836989,"Niederdorfstrasse 37, 8001 Zürich",bank,Zürcher Kantonalbank,47.3752501,8.5435096
4001836989,"Niederdorfstrasse 37, 8001 Zürich",restaurant,Rising Sun,47.3741048,8.5441158
4001836989,"Niederdorfstrasse 37, 8001 Zürich",fast_food,Zürich Fried Chicken,47.375049,8.543749
4001836989,"Niederdorfstrasse 37, 8001 Zürich",atm,Bankomat,47.3753926,8.5438615
4001836989,"Niederdorfstrasse 37, 8001 Zürich",restaurant,MyVi's,47.3746758,8.5435796
4001836989,"Niederdorfstrasse 37, 8001 Zürich",fast_food,Swing Kitchen,47.3757559,8.543855
4001836989,"Niederdorfstrasse 37, 8001 Zürich",fast_food,Goodys,47.3743866,8.5434963
4001836989,"Niederdorfstrasse 37, 8001 Zürich",restaurant,The South Indian,47.3741439,8.5441292
4001809267,"Madretschstrasse 72, 2503 Bienne",fast_food,Bravo Pizza,47.1343076,7.255173
4001809267,"Madretschstrasse 72, 2503 Bienne",parking,n/a,47.1337863,7.2559719
4001809267,"Madretschstrasse 72, 2503 Bienne",school,École primaire Madretsch - Primarschule Madretsch,47.1352806,7.2560845
4001809267,"Madretschstrasse 72, 2503 Bienne",restaurant,Ristorante Pizzeria da Piano,47.1349092,7.2560281
4001786521,"Missionsstrasse 21D, 4055 Basel",restaurant,Ayledo,47.5586462,7.5774232
4001761552,"Amerbachstrasse 66, 4057 Basel",restaurant,Firenze,47.5692427,7.5944428
4001761552,"Amerbachstrasse 66, 4057 Basel",pub,Kiki Bar,47.5692456,7.5941997
4001761552,"Amerbachstrasse 66, 4057 Basel",cafe,Senat Maki's,47.5692456,7.5938822
4001761552,"Amerbachstrasse 66, 4057 Basel",pub,Sport Pub Milan,47.5689609,7.5948146
4001668529,"Via Sasso Corbaro 19, 6593 Cadenazzo",bank,Raiffeisen,46.1518588,8.9452132
4001495431,"Mattenstrasse 81, 2503 Biel",school,n/a,47.1359236,7.2538884
4001495431,"Mattenstrasse 81, 2503 Biel",restaurant,Cheminée,47.1365979,7.2558212
4001495422,"Alleestrasse 7, 2503 Biel",fast_food,Bravo Pizza,47.1343076,7.255173
4001495422,"Alleestrasse 7, 2503 Biel",parking,n/a,47.133918,7.2541349
4002081715,"Zürcherstrasse 15, 8852 Altendorf",cafe,Café Seepark,47.1929842,8.827564
4002079584,"Rebacker 13, 8905 Arni",library,Bibliothek Arni,47.3191609,8.4184838
4002078048,"Turnerstrasse 18, 8006 Zürich",cafe,Sorell Rex,47.3847859,8.5431484
4002074918,"Promenada 35b, 7018 Flims",fast_food,Anatolia Kebab,46.8279058,9.2882545
4002074918,"Promenada 35b, 7018 Flims",cafe,Bistro Kaufmannfrauen,46.8284206,9.2885681
4002074918,"Promenada 35b, 7018 Flims",restaurant,Pomodoro,46.8281277,9.287759
4002074918,"Promenada 35b, 7018 Flims",bar,Segens,46.8282694,9.2877646
4002074913,"Laubisrütistrasse 53, 8712 Stäfa",parking,n/a,47.2384282,8.7455883
4002073696,"Kirchweg 3, 5622 Waltenschwil",parking,n/a,47.3332731,8.3012122
4002073696,"Kirchweg 3, 5622 Waltenschwil",bank,Raiffeisen,47.3341726,8.300905
4002073696,"Kirchweg 3, 5622 Waltenschwil",atm,Raiffeisen,47.3342326,8.3008324
4002072656,"Chastli 40, 8718 Schänis",parking,n/a,47.1635172,9.0543551
4002072569,"Kruft 6, 9425 Thal",parking,n/a,47.4652013,9.5721586
4002072547,"Dorfstrasse 1, 8934 Knonau",library,Bibliothek Knonau,47.2241879,8.4622272
4002072378,"Neubadstrasse 149, 4054 Basel",bank,UBS,47.5466512,7.5645224
4002072378,"Neubadstrasse 149, 4054 Basel",bank,Basler Kantonalbank,47.5471251,7.5651173
4002072378,"Neubadstrasse 149, 4054 Basel",cafe,Café Bar Mélange,47.5467954,7.565239
4002072378,"Neubadstrasse 149, 4054 Basel",pharmacy,Neubad-Apotheke,47.5471864,7.5647596
4002072378,"Neubadstrasse 149, 4054 Basel",cafe,Sutter Begg,47.547317,7.56516
4002072378,"Neubadstrasse 149, 4054 Basel",restaurant,pico,47.546335,7.5644729
4002071702,"Dorfstrasse 45, 5436 Würenlos",restaurant,Pizzeria Blume,47.4437746,8.3643562
4002071702,"Dorfstrasse 45, 5436 Würenlos",restaurant,Alpenrösli,47.4429303,8.3656875
4002071697,"Oberdorfstrasse 43, 8874 Mühlehorn",restaurant,Mühle,47.1169388,9.17242
4002071305,"Lindhaldenstrasse 120, 3076 Worb",cafe,wäbui Bistro,46.928127,7.5773253
4002069772,"Kurvenstrasse 13, 8006 Zürich",cafe,Sorell Rex,47.3847859,8.5431484
4002068897,"Stückelbergstrasse 4, 9000 St. Gallen",parking,n/a,47.4160182,9.3553586
4002066394,"Fischerhäuserstrasse 7, 8200 Schaffhausen",cafe,Café am Rheinquai,47.6953761,8.6423408
4002066349,"Bergstrasse 10, 8735 St. Gallenkappel",parking,n/a,47.2438373,8.9600836
4002064906,"Bahnhofplatz 1, 8802 Kilchberg",atm,Zürcher Kantonalbank,47.3242612,8.5480919
4002064906,"Bahnhofplatz 1, 8802 Kilchberg",clinic,Dr. med. Annemarie Koch-Holch & Dr. med. James Koch,47.3244424,8.5480809
4002064689,"Frohsinnweg 3, 6314 Unterägeri",restaurant,La Corona,47.1374908,8.5846995
4002064689,"Frohsinnweg 3, 6314 Unterägeri",library,Bibliothek Ägerital,47.1375098,8.5833274
4002064689,"Frohsinnweg 3, 6314 Unterägeri",restaurant,Ägerihof,47.1371525,8.5844143
4002064689,"Frohsinnweg 3, 6314 Unterägeri",cafe,Dorf Café,47.1371463,8.5842447
4002064689,"Frohsinnweg 3, 6314 Unterägeri",fast_food,Ägeri Kebap Haus,47.1370128,8.5838258
4002064689,"Frohsinnweg 3, 6314 Unterägeri",bar,Downtown Lorze Bar,47.1369384,8.5830603
4002064689,"Frohsinnweg 3, 6314 Unterägeri",pub,JugendPub,47.1369688,8.5846982
4002064689,"Frohsinnweg 3, 6314 Unterägeri",restaurant,Peking Ente,47.1371025,8.5840763
4002064689,"Frohsinnweg 3, 6314 Unterägeri",restaurant,Chilli House,47.1373527,8.5832241
4002064689,"Frohsinnweg 3, 6314 Unterägeri",parking,n/a,47.1371888,8.5846487
4002064689,"Frohsinnweg 3, 6314 Unterägeri",cafe,Ägeri Eis,47.1372203,8.5839862
4002064402,"Baarerstrasse 125, 6300 Zug",cafe,niente,47.1804722,8.5187853
4002059462,"Naphtastrasse 10, 8005 Zürich",restaurant,EY Restaurant Platform,47.3859677,8.5161972
4002059462,"Naphtastrasse 10, 8005 Zürich",bar,k2,47.3865085,8.5164968
4002059462,"Naphtastrasse 10, 8005 Zürich",restaurant,Ooki Temporary,47.3863109,8.5169496
4002059045,"Dorfstrasse 22, 8906 Bonstetten",restaurant,Bäckerei-Café Betschart,47.3153841,8.4682427
4002059045,"Dorfstrasse 22, 8906 Bonstetten",restaurant,Restaurant Linde,47.3147558,8.4690237
4002058754,"Via Consiglio Mezzano 40, 6644 Orselina",clinic,Clinica Fondazione Varini,46.1775397,8.799939
4002054431,"Route de Sion 81, 3960 Sierre",parking,n/a,46.2842403,7.5161854
4002051568,"Chemin Du Devin 47c, 1012 Lausanne",parking,n/a,46.5312086,6.6517861
4002051568,"Chemin Du Devin 47c, 1012 Lausanne",parking,n/a,46.531182,6.6518164
4002051568,"Chemin Du Devin 47c, 1012 Lausanne",parking,n/a,46.5311032,6.6519281
4002051568,"Chemin Du Devin 47c, 1012 Lausanne",parking,n/a,46.5314019,6.6524828
4002051568,"Chemin Du Devin 47c, 1012 Lausanne",parking,n/a,46.5316027,6.652361
4002051405,"Rue du Petit-St-Jean 5, 1003 Lausanne",pub,Les Brasseurs,46.5205975,6.6325842
4002051405,"Rue du Petit-St-Jean 5, 1003 Lausanne",pub,Le Central,46.5207642,6.6320286
4002051405,"Rue du Petit-St-Jean 5, 1003 Lausanne",cafe,Loxton,46.5210346,6.6333454
4002051405,"Rue du Petit-St-Jean 5, 1003 Lausanne",atm,n/a,46.5209637,6.6326629
4002051405,"Rue du Petit-St-Jean 5, 1003 Lausanne",restaurant,Café du Grütli,46.5217909,6.6335811
4002051405,"Rue du Petit-St-Jean 5, 1003 Lausanne",restaurant,Le cinq,46.5209843,6.6329685
4002051405,"Rue du Petit-St-Jean 5, 1003 Lausanne",restaurant,Le P'tit Central,46.520896,6.6330015
4002051405,"Rue du Petit-St-Jean 5, 1003 Lausanne",restaurant,Le Raisin,46.5219557,6.6330517
4002051405,"Rue du Petit-St-Jean 5, 1003 Lausanne",fast_food,Bosphore,46.5218743,6.6320375
4002051405,"Rue du Petit-St-Jean 5, 1003 Lausanne",cafe,R Cha,46.5214858,6.6320717
4002051405,"Rue du Petit-St-Jean 5, 1003 Lausanne",pub,Mc Carthy's,46.5213697,6.6323014
4002051405,"Rue du Petit-St-Jean 5, 1003 Lausanne",cafe,Café du Pont,46.5211155,6.6329693
4002051405,"Rue du Petit-St-Jean 5, 1003 Lausanne",cafe,Chez Elle,46.520518,6.6335598
4002051405,"Rue du Petit-St-Jean 5, 1003 Lausanne",restaurant,Pz pizza,46.5212465,6.6318007
4002051405,"Rue du Petit-St-Jean 5, 1003 Lausanne",restaurant,Chinatown,46.5212252,6.6321118
4002051405,"Rue du Petit-St-Jean 5, 1003 Lausanne",bar,Ōmi,46.521208,6.6321479
4002051405,"Rue du Petit-St-Jean 5, 1003 Lausanne",cafe,Café Louve,46.5212683,6.6323482
4002051405,"Rue du Petit-St-Jean 5, 1003 Lausanne",pub,Café des philosophes,46.5212754,6.6325327
4002051405,"Rue du Petit-St-Jean 5, 1003 Lausanne",restaurant,Mexicana,46.5207131,6.6321157
4002051405,"Rue du Petit-St-Jean 5, 1003 Lausanne",pharmacy,Amavita,46.5217094,6.6333945
4002051405,"Rue du Petit-St-Jean 5, 1003 Lausanne",bar,Loxton,46.5211838,6.63331
4002050199,"Quai du Seujet 14, 1201 Genève",restaurant,Rodeo Grill,46.2053648,6.1354272
4002050199,"Quai du Seujet 14, 1201 Genève",cafe,L'Quai,46.2054465,6.1356915
4002050199,"Quai du Seujet 14, 1201 Genève",restaurant,L'Etna,46.2052587,6.1353911
4002049471,"Frankengasse 25, 8001 Zürich",restaurant,Hirschli,47.3708839,8.5463951
4002047744,"Rue de Lyon 61bis, 1203 Genève",pharmacy,Pharmacie de l'Île verte,46.2086008,6.1313716
4002047744,"Rue de Lyon 61bis, 1203 Genève",cafe,Mel's thai,46.2085849,6.1314479
4002039929,"Zur Stahlgiesserei 5, 8200 Schaffhausen",restaurant,Khawa,47.7037097,8.6304461
4002039929,"Zur Stahlgiesserei 5, 8200 Schaffhausen",bar,Nachbar,47.7037001,8.6300309
4002036023,"Haldenweidstrasse 6, 8309 Nürensdorf",parking,n/a,47.458482,8.6341967
4002034708,"Zürichstrasse 10A, 8340 Hinwil",restaurant,Freihof,47.3020449,8.8433849
4002034708,"Zürichstrasse 10A, 8340 Hinwil",restaurant,Vecchia Posta,47.3024368,8.843914
4002034708,"Zürichstrasse 10A, 8340 Hinwil",parking,n/a,47.302182,8.8418703
4002034708,"Zürichstrasse 10A, 8340 Hinwil",fast_food,Mek Döner,47.302854,8.8419795
4002034708,"Zürichstrasse 10A, 8340 Hinwil",bar,Wattä Chäller,47.3028873,8.8424465
4002023569,"Im Chratz 2, 8158 Regensberg",restaurant,Gasthof Kurt,47.4823699,8.4366244
4002023569,"Im Chratz 2, 8158 Regensberg",cafe,Inlinea,47.4823555,8.4371167
4002023036,"Schuetzenweg 24, 9470 Buchs SG",parking,n/a,47.1563588,9.4782837
4002017920,"Amerikanerstrasse 36, 4102 Binningen",bar,Highspeed Music Bar,47.5367883,7.5717556
4002017613,"Bahnhofstrasse 47, 4900 Langenthal",restaurant,Dogan’s Langenthal,47.2168301,7.7850914
4002017613,"Bahnhofstrasse 47, 4900 Langenthal",atm,Postomat,47.2165829,7.7851636
4002017613,"Bahnhofstrasse 47, 4900 Langenthal",parking,n/a,47.2164543,7.7847291
4002003864,"Rathausgässli 7, 5600 Lenzburg",pub,McArthur's Pub,47.3879427,8.1798932
4002003864,"Rathausgässli 7, 5600 Lenzburg",bar,Art Cigar,47.3875165,8.1798543
4002003864,"Rathausgässli 7, 5600 Lenzburg",pharmacy,TopPharm Löwen Apotheke,47.3871173,8.1810714
4002003864,"Rathausgässli 7, 5600 Lenzburg",library,Stadtbibliothek Lenzburg,47.387092,8.1793214
4002003864,"Rathausgässli 7, 5600 Lenzburg",cafe,Vicolo,47.3875636,8.1795214
4002003864,"Rathausgässli 7, 5600 Lenzburg",restaurant,s'Bärli,47.3873353,8.1808778
4002003864,"Rathausgässli 7, 5600 Lenzburg",bank,Aargauische Kantonalbank,47.3872645,8.1789312
4002003864,"Rathausgässli 7, 5600 Lenzburg",cafe,MaBelle Cafe-Bar,47.3876927,8.1790463
4002003864,"Rathausgässli 7, 5600 Lenzburg",restaurant,Restaurant Rosmarin,47.3874567,8.1808406
4002003864,"Rathausgässli 7, 5600 Lenzburg",fast_food,Thongschai,47.3874307,8.1796262
4002003864,"Rathausgässli 7, 5600 Lenzburg",cafe,Rathaus-Café,47.3871758,8.1807177
4002003864,"Rathausgässli 7, 5600 Lenzburg",restaurant,Duo,47.3874702,8.1801463
4002003864,"Rathausgässli 7, 5600 Lenzburg",restaurant,Baci Caldi,47.3881058,8.1800196
4002001659,"Rindermarkt 12, 8001 Zürich",fast_food,1001,47.3728579,8.5438241
4002001659,"Rindermarkt 12, 8001 Zürich",pub,Nachtflug,47.3725876,8.5434068
4002001659,"Rindermarkt 12, 8001 Zürich",restaurant,Santa Lucia,47.3722057,8.5437442
4002001659,"Rindermarkt 12, 8001 Zürich",bar,Neumarkt,47.3725811,8.5456297
4002001659,"Rindermarkt 12, 8001 Zürich",restaurant,Zunfthaus zur Schmiden,47.3721828,8.5439082
4002001659,"Rindermarkt 12, 8001 Zürich",restaurant,Kantorei,47.3724275,8.5455328
4002001659,"Rindermarkt 12, 8001 Zürich",bar,Wystube Isebähnli,47.3731637,8.5448384
4002001659,"Rindermarkt 12, 8001 Zürich",restaurant,Piadina Bar,47.37272,8.5438402
4002001659,"Rindermarkt 12, 8001 Zürich",restaurant,Brasserie Louis,47.3730001,8.5438598
4002001659,"Rindermarkt 12, 8001 Zürich",fast_food,Louis Take Away,47.372907,8.543858
4002001659,"Rindermarkt 12, 8001 Zürich",restaurant,Spaghetti Factory,47.3729061,8.5436598
4002001659,"Rindermarkt 12, 8001 Zürich",pub,Edi's Weinstube,47.3723302,8.5435067
4002001659,"Rindermarkt 12, 8001 Zürich",restaurant,Raclette Factory,47.3723807,8.5439299
4002001659,"Rindermarkt 12, 8001 Zürich",restaurant,Rheinfelder Bierhaus,47.3721304,8.5437352
4002001659,"Rindermarkt 12, 8001 Zürich",fast_food,saftlade.ch,47.3718184,8.5436362
4002001659,"Rindermarkt 12, 8001 Zürich",pub,BarMünster,47.3716752,8.5438869
4002001659,"Rindermarkt 12, 8001 Zürich",cafe,Café & Conditorei 1842,47.3714893,8.5443699
4002001659,"Rindermarkt 12, 8001 Zürich",cafe,Henrici,47.3726776,8.5436817
4002001659,"Rindermarkt 12, 8001 Zürich",restaurant,Madrid,47.3731853,8.5446831
4002001659,"Rindermarkt 12, 8001 Zürich",pub,Oliver Twist Pub,47.3722957,8.544277
4002001659,"Rindermarkt 12, 8001 Zürich",restaurant,Bauern Schänke,47.3724243,8.5452101
4002001659,"Rindermarkt 12, 8001 Zürich",restaurant,Hôtel Bourbon,47.3716921,8.5446644
4002001659,"Rindermarkt 12, 8001 Zürich",restaurant,Öpfelchammer,47.3723465,8.5445758
4002001659,"Rindermarkt 12, 8001 Zürich",bar,hundertwein,47.3726057,8.545722
4002001659,"Rindermarkt 12, 8001 Zürich",library,Baugeschichtliches Archiv,47.372393,8.5457593
4002001659,"Rindermarkt 12, 8001 Zürich",restaurant,IGNIV Zürich by Andreas Caminada,47.3719712,8.5436611
4002001659,"Rindermarkt 12, 8001 Zürich",bar,Tina Bar,47.3729812,8.5438547
4002001659,"Rindermarkt 12, 8001 Zürich",cafe,delish - la pinseria,47.3719241,8.54368
4002001659,"Rindermarkt 12, 8001 Zürich",bar,IGNIV Bar Zürich,47.3720209,8.5436551
4002001659,"Rindermarkt 12, 8001 Zürich",bar,Venofye,47.3718907,8.5435493
4002001659,"Rindermarkt 12, 8001 Zürich",bar,Hôtel Bourbon at Turm,47.3717106,8.5447069
4002001659,"Rindermarkt 12, 8001 Zürich",cafe,Só Tea,47.3729577,8.5450506
4001999448,"Hardstrasse 14, 4127 Birsfelden",restaurant,BONANZA 2,47.5524699,7.6237986
4001999448,"Hardstrasse 14, 4127 Birsfelden",restaurant,Luxor,47.5525595,7.6240178
4001999182,"Hegenheimerstrasse 86, 4055 Basel",restaurant,Strassburgerhof,47.5616632,7.5687611
4001991999,"Kirchbodenstrasse 77, 8800 Thalwil",parking,n/a,47.2911151,8.5670837
4001991999,"Kirchbodenstrasse 77, 8800 Thalwil",parking,n/a,47.2919122,8.5693993
4001990553,"Alte Bahnhofstrasse 6, 5610 Wohlen AG",parking,n/a,47.3504486,8.2709459
4001990553,"Alte Bahnhofstrasse 6, 5610 Wohlen AG",pharmacy,Coop Vitality,47.3502049,8.2703125
4001990269,"Dorfplatz 2, 4142 Münchenstein",restaurant,Griechische Taverne,47.5121099,7.6210929
4001985374,"Winkelbüel 2, 6043 Adligenswil",parking,n/a,47.0718773,8.3784842
4001985374,"Winkelbüel 2, 6043 Adligenswil",parking,n/a,47.0724611,8.3788764
4001985374,"Winkelbüel 2, 6043 Adligenswil",parking,n/a,47.0724092,8.3785877
4001985374,"Winkelbüel 2, 6043 Adligenswil",parking,n/a,47.0722792,8.3786373
4001985374,"Winkelbüel 2, 6043 Adligenswil",parking,n/a,47.0720997,8.3783471
4001985374,"Winkelbüel 2, 6043 Adligenswil",parking,n/a,47.071922,8.3780989
4001985374,"Winkelbüel 2, 6043 Adligenswil",parking,n/a,47.072054,8.3780744
4001983891,"Landoltstrasse 64, 3007 Bern",restaurant,Taishi,46.9342461,7.4398684
4001983891,"Landoltstrasse 64, 3007 Bern",restaurant,Le Pavillon,46.9342345,7.4400644
4001980266,"Oetlingerstr. 8, 4057 Basel",bar,Oetlinger-Buvette,47.5670666,7.58652
4001980264,"Eigerstr. 60, 3007 Bern",pharmacy,Apotheke Rösli,46.939927,7.4365711
4001979045,"Birsigstrasse 3, 4103 Bottmingen",library,Bibliothek Bottmingen,47.5243081,7.5708837
4001976816,"Via del Sole 5, 6987 Caslano",pharmacy,Farmacia di Caslano,45.976041,8.877599
4001976815,"Av. de Beaulieu 28, 1004 Lausanne",cafe,Café de Beaulieu,46.5268037,6.6272755
4001974951,"Pestalozzistrasse 38, 8032 Zürich",school,Rudolf Steiner Schule Zürich,47.3729648,8.5545976
4001974951,"Pestalozzistrasse 38, 8032 Zürich",school,Atelierschule Zürich,47.3729757,8.5543678
4001974933,"Mühlegasse 27, 8001 Zürich",restaurant,Zhong Hua,47.3752173,8.5447395
4001974933,"Mühlegasse 27, 8001 Zürich",restaurant,Wien Zeile,47.3740356,8.544474
4001974933,"Mühlegasse 27, 8001 Zürich",bar,Predigerhof,47.3742828,8.5444638
4001974933,"Mühlegasse 27, 8001 Zürich",restaurant,Walliser Keller,47.3749804,8.5445108
4001974933,"Mühlegasse 27, 8001 Zürich",bar,Kame-Haus,47.3744425,8.544563
4001974933,"Mühlegasse 27, 8001 Zürich",restaurant,Dumpling Delights,47.3745297,8.5447817
4001974933,"Mühlegasse 27, 8001 Zürich",restaurant,Raclette Stube,47.3747617,8.5447832
4001974933,"Mühlegasse 27, 8001 Zürich",restaurant,Rechberg,47.3739693,8.546249
4001974933,"Mühlegasse 27, 8001 Zürich",restaurant,Timeout,47.3753582,8.5457947
4001974933,"Mühlegasse 27, 8001 Zürich",library,Pestalozzi-Bibliothek Altstadt,47.3747055,8.544504
4001974933,"Mühlegasse 27, 8001 Zürich",cafe,Bistro der Zentralbibliothek Zürich,47.3742804,8.5457372
4001974933,"Mühlegasse 27, 8001 Zürich",library,Zentralbibliothek Zürich,47.3746199,8.5453866
4001974933,"Mühlegasse 27, 8001 Zürich",cafe,Café Yucca,47.374934,8.5451911
4001974313,"Via Mezzaro 2, 6648 Minusio",parking,n/a,46.1770498,8.8162382
4001974073,"Chasa Plavna, 7552 Vulpera",restaurant,Hotel Villa Post,46.7868907,10.2880209
4001967223,"Place des Charmilles 3, 1203 Genève",pharmacy,Pharmacie Populaire Charmilles,46.2081577,6.1274194
4001967223,"Place des Charmilles 3, 1203 Genève",restaurant,Morena Bar,46.2086095,6.1266677
4001967223,"Place des Charmilles 3, 1203 Genève",restaurant,Café de Charmilles,46.2076878,6.1276386
4001967223,"Place des Charmilles 3, 1203 Genève",restaurant,Calia,46.2081871,6.1262279
4001967223,"Place des Charmilles 3, 1203 Genève",fast_food,Silver Kebab,46.2082421,6.1278904
4001962452,"Rütihofstrasse 7, 6340 Baar",parking,n/a,47.1747466,8.5311009
4001935112,"Pionierstrasse 10, 8400 Winterthur",restaurant,Pionier,47.4972039,8.7192311
4001935112,"Pionierstrasse 10, 8400 Winterthur",atm,n/a,47.4968298,8.7197914
4001935112,"Pionierstrasse 10, 8400 Winterthur",bar,Lux,47.4971572,8.7214294
4001917322,"Ringstrasse 16, 8306 Brüttisellen",parking,n/a,47.4167843,8.6265718
4001878385,"Halden 3, 9043 Trogen",atm,n/a,47.4075299,9.4612523
4001859888,"Wülflingerstrasse 118, 8408 Winterthur",restaurant,Bocciodromo Pizzeria,47.5076476,8.7084093
4001857308,"Kanzleistrasse 3, 8004 Zürich",restaurant,Bubbles,47.372671,8.528216
4001857308,"Kanzleistrasse 3, 8004 Zürich",cafe,St. Jakob Beck,47.3738054,8.5278402
4001857308,"Kanzleistrasse 3, 8004 Zürich",fast_food,Addis Ababa,47.3728883,8.5280453
4001857308,"Kanzleistrasse 3, 8004 Zürich",fast_food,Charlie's Take Away,47.3726372,8.5277578
4001857308,"Kanzleistrasse 3, 8004 Zürich",parking,n/a,47.3740024,8.5273911
4001857308,"Kanzleistrasse 3, 8004 Zürich",pharmacy,Stauffacher Apotheke,47.372996,8.5278947
4001857308,"Kanzleistrasse 3, 8004 Zürich",bar,Engracia,47.3735871,8.5273055
4001857308,"Kanzleistrasse 3, 8004 Zürich",restaurant,Molino,47.3734849,8.5287165
4001857308,"Kanzleistrasse 3, 8004 Zürich",restaurant,Ichizen,47.3737975,8.5274539
4001857308,"Kanzleistrasse 3, 8004 Zürich",fast_food,Thai Take-Away,47.3726302,8.5276556
4001857308,"Kanzleistrasse 3, 8004 Zürich",restaurant,Mythos,47.3737799,8.5285146
4001857308,"Kanzleistrasse 3, 8004 Zürich",restaurant,Gaijin Izakaya,47.3729171,8.5277003
4001857308,"Kanzleistrasse 3, 8004 Zürich",restaurant,Emilio,47.3729175,8.5272115
4001857308,"Kanzleistrasse 3, 8004 Zürich",parking,n/a,47.37294,8.5286305
4001857308,"Kanzleistrasse 3, 8004 Zürich",cafe,Besteas Bar,47.3727911,8.5281812
4001857308,"Kanzleistrasse 3, 8004 Zürich",restaurant,LÈ Cuisine,47.3738604,8.5279624
4001850950,"Blauenstrasse 1, 4153 Reinach BL",cafe,Café Grellinger,47.4933407,7.5889212
4001817493,"Hegenheimerstrasse 86, 4055 Basel",restaurant,Strassburgerhof,47.5616632,7.5687611
4001814823,"Pfingstweidstrasse 98, 8005 Zürich",cafe,Bistro Chez Toni,47.3901929,8.511288
4001814823,"Pfingstweidstrasse 98, 8005 Zürich",restaurant,naanu,47.3908314,8.5090999
4001814823,"Pfingstweidstrasse 98, 8005 Zürich",atm,Bancomat ZKB,47.3905164,8.5111847
4001814823,"Pfingstweidstrasse 98, 8005 Zürich",cafe,Nuovo,47.3904612,8.5102561
4001814823,"Pfingstweidstrasse 98, 8005 Zürich",restaurant,Route Twenty-Six,47.3906264,8.5100441
4001814823,"Pfingstweidstrasse 98, 8005 Zürich",restaurant,Ribelli,47.3912171,8.5097545
4001814823,"Pfingstweidstrasse 98, 8005 Zürich",fast_food,Con Gusto,47.3907695,8.5093071
4001761938,"Rue Crespin 20, 1206 Genève",restaurant,Trois Bonheurs,46.1949705,6.1588142
4001732294,"Neuweilerstrasse 4a, 4123 Allschwil",restaurant,Rössli,47.5507567,7.5361806
4001732294,"Neuweilerstrasse 4a, 4123 Allschwil",atm,n/a,47.5509805,7.5359607
4001732294,"Neuweilerstrasse 4a, 4123 Allschwil",fast_food,Pico Pizzeria,47.5503858,7.5369971
4001732294,"Neuweilerstrasse 4a, 4123 Allschwil",restaurant,Restaurant Eintracht,47.5504341,7.5369421
4001732294,"Neuweilerstrasse 4a, 4123 Allschwil",cafe,RE,47.5503737,7.5360512
4001677606,"Curt Goetz-Strasse 27, 4102 Binningen",school,Musikschule Binningen-Bottmingen,47.5395199,7.5739703
4001677606,"Curt Goetz-Strasse 27, 4102 Binningen",parking,n/a,47.5396871,7.5744347
4001677606,"Curt Goetz-Strasse 27, 4102 Binningen",restaurant,Schlüssel,47.5393467,7.5749371
4001314241,"Centralstrasse 93, 2540 Grenchen",restaurant,Moccaflor,47.1961879,7.3943219
4001253427,"Hubstrasse 42, 9500 Wil SG",school,Rudolf Steiner Schule,47.4619265,9.0376909
4001232560,"Via Boscioro 18, 6962 Viganello",school,Scuola Media di Viganello,46.0146245,8.9618134
4001232560,"Via Boscioro 18, 6962 Viganello",fast_food,La Lupa,46.0144762,8.9626969
4001232560,"Via Boscioro 18, 6962 Viganello",bar,Bar Murales,46.0147159,8.9622189
4001232560,"Via Boscioro 18, 6962 Viganello",library,Biblioteca della Scuola Media di Viganello,46.0138052,8.9614052
4001200920,"Bahnhofstrasse 8, 8902 Urdorf",restaurant,Il Gabbino,47.3898727,8.4316443
4002077790,"Clausiusstrasse 67, 8006 Zürich",bank,Habib Bank,47.3817572,8.5435756
4002075469,"Rorschacher Strasse 124, 9000 St. Gallen",restaurant,Terronia Gusto & Musica,47.4309179,9.3946892
4002075469,"Rorschacher Strasse 124, 9000 St. Gallen",restaurant,Venezia,47.4309701,9.3932254
4002075452,"Etzelstrasse 9, 8832 Wollerau",restaurant,Restaurant Bahnhöfli,47.1952863,8.7242872
4002073824,"Asylstrasse 9, 8810 Horgen",pharmacy,n/a,47.263121,8.5892499
4002072377,"Leimenstrasse 7, 4051 Basel",library,Karger-Bibliothek,47.5545263,7.5828336
4002071326,"Rue des Epinettes, 1227 Genève",cafe,Dieci pizzeria,46.1913101,6.1351224
4002071326,"Rue des Epinettes, 1227 Genève",restaurant,Le Bistrot Laz Nillo,46.1905606,6.1345372
4002071326,"Rue des Epinettes, 1227 Genève",cafe,Lusitana,46.1904113,6.1341759
4002071326,"Rue des Epinettes, 1227 Genève",cafe,L'Echoppe d'Awen,46.1900197,6.135687
4002071326,"Rue des Epinettes, 1227 Genève",restaurant,Dal Pazzo,46.1904727,6.1343091
4002069522,"Oberburgstrasse 11a, 3400 Burgdorf",parking,n/a,47.0525625,7.6242762
4002065689,"Chemin du Dézaley 5, 1026 Echandens",atm,n/a,46.5298241,6.5405183
4002062532,"Grand-Rue, 1204 Genève",restaurant,La Crise,46.2019772,6.1453623
4002062532,"Grand-Rue, 1204 Genève",restaurant,Le Rozzel,46.2018293,6.1455911
4002062532,"Grand-Rue, 1204 Genève",restaurant,L'Hôtel de Ville,46.2012612,6.1468905
4002062532,"Grand-Rue, 1204 Genève",restaurant,Café Papon,46.2008035,6.1464792
4002062532,"Grand-Rue, 1204 Genève",fast_food,Bio Fred,46.2016827,6.1457378
4002062532,"Grand-Rue, 1204 Genève",pub,Spring Brothers Irish Pub,46.2018205,6.1452748
4002062532,"Grand-Rue, 1204 Genève",bar,Le Roi Ubu,46.2015773,6.1462164
4002062532,"Grand-Rue, 1204 Genève",bar,22 Grand Rue,46.2018155,6.1458144
4002062532,"Grand-Rue, 1204 Genève",restaurant,Restaurant des Antiquaires,46.2014392,6.1466721
4002062532,"Grand-Rue, 1204 Genève",cafe,Pages & Sips,46.20137,6.1467598
4002062532,"Grand-Rue, 1204 Genève",cafe,Maison Rousseau Littérature,46.2013526,6.1465972
4002059883,"Friesstrasse 25, 8050 Zürich",restaurant,Golden India,47.414823,8.5457621
4002059883,"Friesstrasse 25, 8050 Zürich",fast_food,Pizza Pirata Kurier,47.4146509,8.5468205
4002059883,"Friesstrasse 25, 8050 Zürich",bar,Laila,47.4144437,8.5468378
4002059883,"Friesstrasse 25, 8050 Zürich",restaurant,Goranac,47.4151692,8.5468187
4002059883,"Friesstrasse 25, 8050 Zürich",bar,Shisha Club Handedan,47.4148534,8.546411
4002059883,"Friesstrasse 25, 8050 Zürich",bar,Las Vegas City,47.41458,8.5464719
4002059883,"Friesstrasse 25, 8050 Zürich",restaurant,Masal Dosa,47.4150211,8.5453199
4002059883,"Friesstrasse 25, 8050 Zürich",bar,Kult,47.4145606,8.5468379
4002059883,"Friesstrasse 25, 8050 Zürich",bar,Balkan,47.4143542,8.5468294
4002059465,"Schaffhauserplatz 10, 8006 Zürich",atm,Postfinance,47.392108,8.5382165
4002059465,"Schaffhauserplatz 10, 8006 Zürich",cafe,Bakery Bakery,47.3920571,8.5391006
4002059465,"Schaffhauserplatz 10, 8006 Zürich",cafe,Café Unterstrass,47.3921165,8.5386272
4002059465,"Schaffhauserplatz 10, 8006 Zürich",pharmacy,Apotheke Schaffhauserplatz,47.3916892,8.5383642
4002059465,"Schaffhauserplatz 10, 8006 Zürich",fast_food,Con Gusto,47.3919608,8.5390827
4002059465,"Schaffhauserplatz 10, 8006 Zürich",fast_food,Blooming Juice,47.3914598,8.539107
4002059352,"Schaffhauserplatz 10, 8006 Zürich",atm,Postfinance,47.392108,8.5382165
4002059352,"Schaffhauserplatz 10, 8006 Zürich",cafe,Bakery Bakery,47.3920571,8.5391006
4002059352,"Schaffhauserplatz 10, 8006 Zürich",cafe,Café Unterstrass,47.3921165,8.5386272
4002059352,"Schaffhauserplatz 10, 8006 Zürich",pharmacy,Apotheke Schaffhauserplatz,47.3916892,8.5383642
4002059352,"Schaffhauserplatz 10, 8006 Zürich",fast_food,Con Gusto,47.3919608,8.5390827
4002059352,"Schaffhauserplatz 10, 8006 Zürich",fast_food,Blooming Juice,47.3914598,8.539107
4002057244,"Ernst-Schüler-Strasse 30, 2502 Biel",library,Stadtbibliothek - Bibliothèque de la Ville Biel/Bienne,47.1401046,7.2486672
4002057244,"Ernst-Schüler-Strasse 30, 2502 Biel",atm,Postfinance,47.1399601,7.2487567
4002057244,"Ernst-Schüler-Strasse 30, 2502 Biel",bar,Star,47.139392,7.2493812
4002057244,"Ernst-Schüler-Strasse 30, 2502 Biel",fast_food,Pizza King,47.1394724,7.2493
4002055428,"Müllheimerstrasse 53, 4057 Basel",cafe,Da Graziella,47.5664559,7.5928691
4002055428,"Müllheimerstrasse 53, 4057 Basel",cafe,Acero,47.5659948,7.5941398
4002055428,"Müllheimerstrasse 53, 4057 Basel",cafe,Didi Bar,47.5656436,7.5934442
4002055428,"Müllheimerstrasse 53, 4057 Basel",fast_food,Lu,47.5662885,7.5918563
4002055428,"Müllheimerstrasse 53, 4057 Basel",fast_food,Astro Fries,47.5664318,7.5925697
4002055428,"Müllheimerstrasse 53, 4057 Basel",restaurant,Concordia,47.5655363,7.5920557
4002055428,"Müllheimerstrasse 53, 4057 Basel",bar,Rouine,47.5666217,7.5924914
4002055428,"Müllheimerstrasse 53, 4057 Basel",fast_food,Lu,47.5663068,7.5918813
4002055428,"Müllheimerstrasse 53, 4057 Basel",restaurant,Reataurant Lu,47.5663965,7.5923787
4002052713,"Wächlenstrasse 25, 8832 Wollerau",restaurant,Restaurant Bahnhöfli,47.1952863,8.7242872
4002047956,"Nordstrasse 5, 8006 Zürich",restaurant,Chuchi am Wasser,47.3830272,8.5396636
4002047956,"Nordstrasse 5, 8006 Zürich",library,Bibliothek des Schweizerischen Instituts für Kinder- und Jugendmedien SIKJM,47.3845291,8.5397558
4002042218,"Erlenmattstrasse 10, 4058 Basel",bar,Qbarana Lounge Bar,47.5687669,7.6018111
4002042218,"Erlenmattstrasse 10, 4058 Basel",school,Primarschulhaus Erlenmatt,47.5689989,7.6004078
4002039268,"Höschgasse 83, 8008 Zürich",restaurant,blindekuh,47.3583286,8.5571633
4002037810,"Badgasse 5, 9320 Arbon",library,Stadtbibliothek Arbon,47.5165385,9.4360002
4002037810,"Badgasse 5, 9320 Arbon",bar,Jacks Bar,47.5179655,9.4360928
4002037810,"Badgasse 5, 9320 Arbon",restaurant,Pietro,47.5165867,9.4355503
4002037810,"Badgasse 5, 9320 Arbon",restaurant,Goodys Deli,47.5166422,9.4357987
4002037810,"Badgasse 5, 9320 Arbon",parking,Parkhaus ZIK Weitegasse,47.5167197,9.4362719
4002036004,"Hauptstrasse 40, 5070 Frick",pharmacy,Löwen Apotheke,47.5083172,8.0194956
4002036004,"Hauptstrasse 40, 5070 Frick",bank,Raiffeisenbank Regio Frick,47.5091295,8.0184312
4002036004,"Hauptstrasse 40, 5070 Frick",restaurant,Coop Restaurant,47.5086598,8.0189006
4002036004,"Hauptstrasse 40, 5070 Frick",pharmacy,Coop Vitality,47.5088989,8.0188264
4002036004,"Hauptstrasse 40, 5070 Frick",cafe,Piazza,47.5090777,8.0185201
4002036004,"Hauptstrasse 40, 5070 Frick",bank,Basellandschaftliche Kantonalbank,47.5082383,8.0196782
4002030700,"Bahnhofstrasse 4, 8932 Mettmenstetten",restaurant,zum weissen Rössli,47.2437622,8.4631377
4002029958,"Buhofstrasse 64a, 9424 Rheineck",restaurant,Buhof,47.4701199,9.5754279
4002024688,"Chapfstrasse 1, 8625 Gossau",restaurant,Pizzeria Laufenbach,47.3055261,8.7589912
4002024688,"Chapfstrasse 1, 8625 Gossau",restaurant,Pizza For You,47.3051137,8.7577138
4002024688,"Chapfstrasse 1, 8625 Gossau",atm,n/a,47.3050095,8.7580214
4002023779,"Brünnenstrasse 108, 3018 Berna",bank,Berner Kantonalbank bekb,46.9420542,7.390505
4002023779,"Brünnenstrasse 108, 3018 Berna",restaurant,Restaurant Tramway,46.9415515,7.3904218
4002023779,"Brünnenstrasse 108, 3018 Berna",fast_food,Fontana,46.9418904,7.3912422
4002023779,"Brünnenstrasse 108, 3018 Berna",bar,3018 Bar,46.9419209,7.391112
4002023779,"Brünnenstrasse 108, 3018 Berna",restaurant,SangWang,46.9421342,7.3895179
4002017368,"Buckhauserstrasse 45, 8048 Zürich",restaurant,Thai Style,47.3838416,8.4947954
4002017368,"Buckhauserstrasse 45, 8048 Zürich",bank,Valiant,47.3841976,8.4942783
4002017368,"Buckhauserstrasse 45, 8048 Zürich",school,kinder campus,47.3844657,8.4945248
4002017368,"Buckhauserstrasse 45, 8048 Zürich",parking,Medienpark,47.3844014,8.4950445
4002010471,"Zürcherstrasse 7, 8730 Uznach",bank,Raiffeisenbank Benken,47.2247244,8.9818078
4002010471,"Zürcherstrasse 7, 8730 Uznach",school,Schulhaus Letzi,47.2251092,8.9838657
4002010471,"Zürcherstrasse 7, 8730 Uznach",bank,Bank Linth,47.2248261,8.9832277
4002010471,"Zürcherstrasse 7, 8730 Uznach",parking,n/a,47.2250287,8.9817634
4002010471,"Zürcherstrasse 7, 8730 Uznach",school,Schulhaus Letzigraben,47.2253008,8.9836031
4002010471,"Zürcherstrasse 7, 8730 Uznach",restaurant,House of Grill,47.2252829,8.9826899
4002003069,"Rue de France 24, 2400 Le Locle",cafe,Lux,47.055618,6.7431871
4002003069,"Rue de France 24, 2400 Le Locle",parking,n/a,47.0551411,6.7437884
4002003069,"Rue de France 24, 2400 Le Locle",restaurant,Pizzeria du monde,47.0551252,6.742493
4002003069,"Rue de France 24, 2400 Le Locle",restaurant,La Vita e bella,47.0556983,6.744055
4002002339,"Seestrasse 72e, 9320 Arbon",parking,n/a,47.5217662,9.4178168
4002002339,"Seestrasse 72e, 9320 Arbon",parking,n/a,47.5216364,9.4183845
4002002339,"Seestrasse 72e, 9320 Arbon",parking,n/a,47.5220659,9.41811
4002002339,"Seestrasse 72e, 9320 Arbon",parking,n/a,47.5222023,9.4177391
4001997388,"Via Santuario 8, 6644 Orselina",cafe,Cecchettin,46.1764473,8.7945632
4001987253,"Dornacherstrasse 3, 6003 Luzern",pub,Haifischbar,47.0465099,8.3043846
4001987253,"Dornacherstrasse 3, 6003 Luzern",restaurant,Daniele Winebar,47.0466019,8.3063238
4001987253,"Dornacherstrasse 3, 6003 Luzern",restaurant,Kaiten,47.0467537,8.3061958
4001987253,"Dornacherstrasse 3, 6003 Luzern",restaurant,Restaurant Fass,47.0462823,8.3043652
4001987253,"Dornacherstrasse 3, 6003 Luzern",bar,Hinicht,47.0468825,8.3050851
4001987253,"Dornacherstrasse 3, 6003 Luzern",bar,kostbar,47.0466715,8.3047733
4001987253,"Dornacherstrasse 3, 6003 Luzern",fast_food,Made in Sud,47.0470738,8.3038339
4001987253,"Dornacherstrasse 3, 6003 Luzern",parking,n/a,47.0471592,8.3054565
4001987253,"Dornacherstrasse 3, 6003 Luzern",parking,n/a,47.0472541,8.3056869
4001987253,"Dornacherstrasse 3, 6003 Luzern",parking,n/a,47.0472161,8.3057343
4001987253,"Dornacherstrasse 3, 6003 Luzern",parking,n/a,47.0469948,8.3050399
4001987253,"Dornacherstrasse 3, 6003 Luzern",parking,n/a,47.0466471,8.3051742
4001987253,"Dornacherstrasse 3, 6003 Luzern",parking,n/a,47.0464917,8.3053149
4001987253,"Dornacherstrasse 3, 6003 Luzern",parking,n/a,47.0463908,8.305264
4001987253,"Dornacherstrasse 3, 6003 Luzern",parking,n/a,47.0460496,8.305142
4001987253,"Dornacherstrasse 3, 6003 Luzern",parking,n/a,47.0459749,8.3051544
4001987253,"Dornacherstrasse 3, 6003 Luzern",parking,n/a,47.0460469,8.3053398
4001987253,"Dornacherstrasse 3, 6003 Luzern",parking,n/a,47.0460072,8.3055963
4001987253,"Dornacherstrasse 3, 6003 Luzern",parking,n/a,47.0460415,8.3056885
4001987253,"Dornacherstrasse 3, 6003 Luzern",parking,n/a,47.0474157,8.306077
4001983870,"Scheuermattweg 4, 3007 Bern",pharmacy,Apotheke Rösli,46.939927,7.4365711
4001980204,"Rue Charles Monnard 6, 1003 Lausanne",restaurant,Oh! Liban,46.5167265,6.6358505
4001980204,"Rue Charles Monnard 6, 1003 Lausanne",restaurant,Le Lyrique,46.5175607,6.6376677
4001980204,"Rue Charles Monnard 6, 1003 Lausanne",restaurant,Au chat noir,46.5176298,6.6372396
4001980204,"Rue Charles Monnard 6, 1003 Lausanne",restaurant,Shanti,46.5170787,6.6356229
4001980204,"Rue Charles Monnard 6, 1003 Lausanne",pharmacy,Amavita,46.5176214,6.6377637
4001980189,"Av. d'Echallens 8, 1004 Lausanne",pub,Le P'tit Bouchon,46.5249755,6.6205623
4001980189,"Av. d'Echallens 8, 1004 Lausanne",restaurant,Bufalà,46.5260973,6.6213801
4001980189,"Av. d'Echallens 8, 1004 Lausanne",restaurant,Bạn,46.526068,6.6214397
4001980189,"Av. d'Echallens 8, 1004 Lausanne",cafe,Ponti,46.5246659,6.6213758
4001978372,"General-Guisan-Quai, 8002 Zürich",parking,n/a,47.363059,8.5339277
4001976800,"Gutenbergstr. 39, 3011 Bern",restaurant,musigbistrot,46.9425205,7.4334896
4001976798,"Eigerstr. 60, 3007 Bern",pharmacy,Apotheke Rösli,46.939927,7.4365711
4001976165,"Waagtalstrasse 32, 8842 Unteriberg",restaurant,Felseneck,47.0562848,8.802128
4001976165,"Waagtalstrasse 32, 8842 Unteriberg",restaurant,Restaurant Alpenblick,47.0559512,8.8026369
4001970767,"Ch. du Devin 57, 1012 Lausanne",parking,n/a,46.5314019,6.6524828
4001970767,"Ch. du Devin 57, 1012 Lausanne",parking,n/a,46.5316027,6.652361
4001964148,"Hegenheimerstrasse 43, 4055 Basel",cafe,Kaffeekanne,47.5603846,7.5715119
4001964148,"Hegenheimerstrasse 43, 4055 Basel",pharmacy,Sonnen-Apotheke,47.5605396,7.5721886
4001964127,"Route de la Veveyse 14, 1700 Fribourg",cafe,n/a,46.7966456,7.140635
4001940398,"Weinfelderstrasse 71, 8580 Amriswil",restaurant,Olivers,47.545315,9.2984732
4001940398,"Weinfelderstrasse 71, 8580 Amriswil",restaurant,La Palma,47.5459024,9.2980102
4001939155,"Im Stoffel 31, 8887 Mels",restaurant,Kraftwerk Mels,47.0432795,9.4154074
4001905695,"Bruchstrasse 4, 6003 Luzern",parking,Kasernenplatz,47.0508766,8.2994715
4001905695,"Bruchstrasse 4, 6003 Luzern",parking,Schützenmatte,47.0510797,8.2989238
4001905695,"Bruchstrasse 4, 6003 Luzern",bar,Madeleine,47.0517989,8.2983325
4001905695,"Bruchstrasse 4, 6003 Luzern",pub,Bruch Brothers,47.0515689,8.2994196
4001905695,"Bruchstrasse 4, 6003 Luzern",bar,Hubbly Bubbly Lounge,47.0518303,8.2980208
4001905695,"Bruchstrasse 4, 6003 Luzern",bar,Bruchbar,47.0516565,8.2991774
4001905695,"Bruchstrasse 4, 6003 Luzern",restaurant,cabanas,47.0507787,8.299628
4001905695,"Bruchstrasse 4, 6003 Luzern",pub,Hafenbar zur Metzgerhalle,47.0514568,8.2998603
4001905695,"Bruchstrasse 4, 6003 Luzern",cafe,ductus,47.0507554,8.2986771
4001887912,"Strada dra Vall, 6968 Sonvico",bank,Banca Raiffeisen,46.057695,8.9911938
4001887912,"Strada dra Vall, 6968 Sonvico",parking,Autosilo Comunale,46.0573084,8.9901065
4001875100,"Hinterkirchweg 7, 4106 Therwil",restaurant,Cantina Toscana,47.4991063,7.5558821
4001875100,"Hinterkirchweg 7, 4106 Therwil",parking,n/a,47.4989468,7.5545262
4001864560,"Spinnereistrasse, 8640 Rapperswil-Jona",cafe,Bäckerei Wick,47.2292486,8.8286305
4001792610,"Schützenwisstr. 1, 8124 Maur",library,Gemeinde- und Schulbibliothek Maur,47.3401355,8.6693751
4001792610,"Schützenwisstr. 1, 8124 Maur",restaurant,Restaurant Sonne 8372,47.3404614,8.6691836
4001792610,"Schützenwisstr. 1, 8124 Maur",cafe,Schützenwies,47.3401095,8.6677246
4001792610,"Schützenwisstr. 1, 8124 Maur",parking,n/a,47.3403093,8.6694005
4001792610,"Schützenwisstr. 1, 8124 Maur",parking,n/a,47.3396475,8.6681753
